{"type": "FeatureCollection", "name": "Lowes_rack_line", "crs": {"type": "name", "properties": {"name": "urn:ogc:def:crs:EPSG::4326"}}, "features": [{"type": "Feature", "properties": {"fill": null, "stroke-width": "0.5", "stroke": null}, "geometry": {"type": "MultiLineString", "coordinates": [[[-72.71525911780964, 41.81405397408098], [-72.71526556620964, 41.81405397408098], [-72.71526556620964, 41.81404970608098], [-72.71525911780964, 41.81404970608098], [-72.71525911780964, 41.81405397408098]], [[-72.71477180300964, 41.81436127008098], [-72.71476627580962, 41.81436127008098], [-72.71476627580962, 41.81435956288097], [-72.71477180300964, 41.81435956288097], [-72.71477180300964, 41.81436127008098]], [[-72.71431857260964, 41.81433651568098], [-72.71431212420963, 41.81433651568098], [-72.71431212420963, 41.81433310128097], [-72.71431857260964, 41.81433310128097], [-72.71431857260964, 41.81433651568098]], [[-72.71447701900964, 41.814313468480975], [-72.71447701900964, 41.81431859008098], [-72.71447886140965, 41.81431859008098], [-72.71447886140965, 41.814313468480975], [-72.71447701900964, 41.814313468480975]], [[-72.71497907300963, 41.814255423680976], [-72.71497262460963, 41.814255423680976], [-72.71497262460963, 41.81424859488098], [-72.71497907300963, 41.81424859488098], [-72.71497907300963, 41.814255423680976]], [[-72.71492932820965, 41.814326272480976], [-72.71492932820965, 41.81432115088098]], [[-72.71492932820965, 41.81432115088098], [-72.71492564340963, 41.81432115088098]], [[-72.71492564340963, 41.81432115088098], [-72.71492564340963, 41.814326272480976]], [[-72.71492564340963, 41.814326272480976], [-72.71492932820965, 41.814326272480976]], [[-72.71488879540964, 41.81393959168098], [-72.71488511060963, 41.81393959168098], [-72.71488511060963, 41.81393617728098], [-72.71488879540964, 41.81393617728098], [-72.71488879540964, 41.81393959168098]], [[-72.71489708620963, 41.814368952480976], [-72.71489708620963, 41.814368098880976]], [[-72.71489800740964, 41.81432029728098], [-72.71489800740964, 41.81432115088098]], [[-72.71489708620963, 41.81432115088098], [-72.71489708620963, 41.81432029728098]], [[-72.71489800740964, 41.81433736928098], [-72.71489800740964, 41.81433822288098]], [[-72.71489800740964, 41.814326272480976], [-72.71489800740964, 41.814327979680975]], [[-72.71489800740964, 41.81437919568098], [-72.71489800740964, 41.81437748848098]], [[-72.71489708620963, 41.81437748848098], [-72.71489616500963, 41.81437748848098]], [[-72.71489708620963, 41.81437919568098], [-72.71489616500963, 41.81437919568098]], [[-72.71489708620963, 41.81437834208098], [-72.71489800740964, 41.81437834208098]], [[-72.71489708620963, 41.81434761248097], [-72.71489800740964, 41.81434761248097]], [[-72.71489708620963, 41.81434846608098], [-72.71489800740964, 41.81434846608098]], [[-72.71489800740964, 41.81435785568098], [-72.71489800740964, 41.81435870928098]], [[-72.71489708620963, 41.81435785568098], [-72.71489616500963, 41.81435785568098]], [[-72.71489800740964, 41.814368098880976], [-72.71489800740964, 41.814368952480976]], [[-72.71489800740964, 41.81435870928098], [-72.71489800740964, 41.814368098880976]], [[-72.71489800740964, 41.81434846608098], [-72.71489800740964, 41.81435785568098]], [[-72.71489800740964, 41.81432029728098], [-72.71489800740964, 41.81432115088098]], [[-72.71489616500963, 41.81433736928098], [-72.71489616500963, 41.81433822288098]], [[-72.71489800740964, 41.81437834208098], [-72.71489800740964, 41.81437919568098], [-72.71489708620963, 41.81437919568098], [-72.71489708620963, 41.81437834208098]], [[-72.71489708620963, 41.81433736928098], [-72.71489616500963, 41.81433736928098]], [[-72.71489708620963, 41.814368952480976], [-72.71489800740964, 41.814368952480976]], [[-72.71489708620963, 41.81433736928098], [-72.71489800740964, 41.81433736928098]], [[-72.71489800740964, 41.814368098880976], [-72.71489800740964, 41.814368952480976]], [[-72.71489800740964, 41.81433736928098], [-72.71489800740964, 41.81433822288098]], [[-72.71489616500963, 41.81432029728098], [-72.71489616500963, 41.81432115088098]], [[-72.71489800740964, 41.81435785568098], [-72.71489800740964, 41.81435870928098]], [[-72.71489708620963, 41.814327979680975], [-72.71489708620963, 41.81432712608098]], [[-72.71489708620963, 41.81437834208098], [-72.71489708620963, 41.814368952480976]], [[-72.71489708620963, 41.814327979680975], [-72.71489800740964, 41.814327979680975]], [[-72.71489708620963, 41.81432115088098], [-72.71489616500963, 41.81432115088098]], [[-72.71489800740964, 41.81433822288098], [-72.71489800740964, 41.81434761248097]], [[-72.71489708620963, 41.81432712608098], [-72.71489708620963, 41.81432115088098]], [[-72.71489708620963, 41.81435870928098], [-72.71489708620963, 41.81435785568098]], [[-72.71489800740964, 41.814368952480976], [-72.71489800740964, 41.81437834208098]], [[-72.71489708620963, 41.81432029728098], [-72.71489616500963, 41.81432029728098]], [[-72.71489616500963, 41.814368098880976], [-72.71489616500963, 41.814368952480976]], [[-72.71489616500963, 41.81434761248097], [-72.71489616500963, 41.81434846608098]], [[-72.71489800740964, 41.81432115088098], [-72.71489800740964, 41.81432712608098]], [[-72.71489708620963, 41.81434761248097], [-72.71489616500963, 41.81434761248097]], [[-72.71489708620963, 41.814368098880976], [-72.71489616500963, 41.814368098880976]], [[-72.71489708620963, 41.81434846608098], [-72.71489616500963, 41.81434846608098]], [[-72.71489708620963, 41.81433736928098], [-72.71489708620963, 41.814327979680975]], [[-72.71489708620963, 41.814368098880976], [-72.71489708620963, 41.81435870928098]], [[-72.71489708620963, 41.81435870928098], [-72.71489800740964, 41.81435870928098]], [[-72.71489708620963, 41.81435785568098], [-72.71489708620963, 41.81434846608098]], [[-72.71489800740964, 41.81434761248097], [-72.71489800740964, 41.81434846608098]], [[-72.71489616500963, 41.81437919568098], [-72.71489616500963, 41.81437748848098]], [[-72.71489708620963, 41.81433822288098], [-72.71489708620963, 41.81433736928098]], [[-72.71489708620963, 41.81432029728098], [-72.71489800740964, 41.81432029728098]], [[-72.71489708620963, 41.81432712608098], [-72.71489800740964, 41.81432712608098]], [[-72.71489708620963, 41.81434846608098], [-72.71489708620963, 41.81434761248097]], [[-72.71489616500963, 41.81435785568098], [-72.71489616500963, 41.81435870928098]], [[-72.71489800740964, 41.81432712608098], [-72.71489800740964, 41.814327979680975]], [[-72.71489708620963, 41.81432115088098], [-72.71489708620963, 41.81432029728098], [-72.71489800740964, 41.81432029728098], [-72.71489800740964, 41.81432115088098]], [[-72.71489708620963, 41.814327979680975], [-72.71489616500963, 41.814327979680975]], [[-72.71489800740964, 41.814327979680975], [-72.71489800740964, 41.81433736928098]], [[-72.71489708620963, 41.814368098880976], [-72.71489800740964, 41.814368098880976]], [[-72.71489708620963, 41.81435785568098], [-72.71489800740964, 41.81435785568098]], [[-72.71489708620963, 41.814326272480976], [-72.71489616500963, 41.814326272480976]], [[-72.71489708620963, 41.81434761248097], [-72.71489708620963, 41.81433822288098]], [[-72.71489708620963, 41.814368952480976], [-72.71489616500963, 41.814368952480976]], [[-72.71489708620963, 41.81433822288098], [-72.71489800740964, 41.81433822288098]], [[-72.71489800740964, 41.81434761248097], [-72.71489800740964, 41.81434846608098]], [[-72.71489708620963, 41.81435870928098], [-72.71489616500963, 41.81435870928098]], [[-72.71489616500963, 41.814326272480976], [-72.71489616500963, 41.814327979680975]], [[-72.71489708620963, 41.81433822288098], [-72.71489616500963, 41.81433822288098]], [[-72.71489708620963, 41.81432115088098], [-72.71489800740964, 41.81432115088098]], [[-72.71452492140963, 41.81435870928098], [-72.71452492140963, 41.814353587680976], [-72.71452676380963, 41.814353587680976], [-72.71452676380963, 41.81435870928098], [-72.71452492140963, 41.81435870928098]], [[-72.71498460020963, 41.814330540480974], [-72.71498552140963, 41.814330540480974]], [[-72.71498460020963, 41.81433139408098], [-72.71498460020963, 41.81433566208098]], [[-72.71498367900963, 41.81433139408098], [-72.71498367900963, 41.814330540480974]], [[-72.71498460020963, 41.81433566208098], [-72.71498460020963, 41.81433651568098]], [[-72.71498367900963, 41.81433566208098], [-72.71498367900963, 41.81433139408098]], [[-72.71498460020963, 41.81433651568098], [-72.71498460020963, 41.81434078368098]], [[-72.71498460020963, 41.814325418880976], [-72.71498460020963, 41.814326272480976]], [[-72.71498460020963, 41.814326272480976], [-72.71498460020963, 41.814330540480974]], [[-72.71498367900963, 41.81432456528098], [-72.71498367900963, 41.814326272480976]], [[-72.71498460020963, 41.814326272480976], [-72.71498552140963, 41.814326272480976]], [[-72.71498460020963, 41.81432456528098], [-72.71498552140963, 41.81432456528098]], [[-72.71498460020963, 41.814325418880976], [-72.71498367900963, 41.814325418880976]], [[-72.71498460020963, 41.814326272480976], [-72.71498367900963, 41.814326272480976]], [[-72.71498367900963, 41.81434078368098], [-72.71498367900963, 41.814342490880975]], [[-72.71498460020963, 41.81432115088098], [-72.71498460020963, 41.814325418880976]], [[-72.71498460020963, 41.814330540480974], [-72.71498367900963, 41.814330540480974]], [[-72.71498367900963, 41.81434163728098], [-72.71498367900963, 41.81434078368098]], [[-72.71498552140963, 41.81432456528098], [-72.71498552140963, 41.814326272480976]], [[-72.71498460020963, 41.81433651568098], [-72.71498367900963, 41.81433651568098]], [[-72.71498367900963, 41.814330540480974], [-72.71498367900963, 41.81433139408098]], [[-72.71498460020963, 41.81432115088098], [-72.71498367900963, 41.81432115088098]], [[-72.71498367900963, 41.814326272480976], [-72.71498367900963, 41.814325418880976]], [[-72.71497907300963, 41.81434163728098], [-72.71497907300963, 41.814342490880975]], [[-72.71498367900963, 41.814330540480974], [-72.71498367900963, 41.814326272480976]], [[-72.71498367900963, 41.814342490880975], [-72.71498552140963, 41.814342490880975]], [[-72.71497907300963, 41.814342490880975], [-72.71497815180963, 41.814342490880975]], [[-72.71497907300963, 41.814342490880975], [-72.71497815180963, 41.814342490880975], [-72.71497815180963, 41.81434163728098], [-72.71497907300963, 41.81434163728098]], [[-72.71498460020963, 41.81434078368098], [-72.71498460020963, 41.814342490880975]], [[-72.71498367900963, 41.81434078368098], [-72.71498367900963, 41.81433651568098]], [[-72.71498367900963, 41.81433651568098], [-72.71498367900963, 41.81433566208098]], [[-72.71498460020963, 41.81432029728098], [-72.71498552140963, 41.81432029728098]], [[-72.71498460020963, 41.81433139408098], [-72.71498552140963, 41.81433139408098]], [[-72.71498367900963, 41.81434078368098], [-72.71498552140963, 41.81434078368098]], [[-72.71497907300963, 41.81434078368098], [-72.71497815180963, 41.81434078368098]], [[-72.71498460020963, 41.81433651568098], [-72.71498552140963, 41.81433651568098]], [[-72.71497907300963, 41.81434078368098], [-72.71497907300963, 41.81434163728098]], [[-72.71498460020963, 41.81432115088098], [-72.71498552140963, 41.81432115088098]], [[-72.71498552140963, 41.81433566208098], [-72.71498552140963, 41.81433651568098]], [[-72.71498460020963, 41.814342490880975], [-72.71498367900963, 41.814342490880975]], [[-72.71498460020963, 41.81433139408098], [-72.71498367900963, 41.81433139408098]], [[-72.71498367900963, 41.81433566208098], [-72.71498367900963, 41.81433651568098]], [[-72.71498460020963, 41.81433566208098], [-72.71498552140963, 41.81433566208098]], [[-72.71498367900963, 41.814342490880975], [-72.71497907300963, 41.814342490880975]], [[-72.71498367900963, 41.81432029728098], [-72.71498367900963, 41.81432115088098]], [[-72.71498552140963, 41.81432029728098], [-72.71498552140963, 41.81432115088098]], [[-72.71497815180963, 41.81434078368098], [-72.71497815180963, 41.81434163728098]], [[-72.71498552140963, 41.81434078368098], [-72.71498552140963, 41.814342490880975]], [[-72.71498460020963, 41.81433566208098], [-72.71498367900963, 41.81433566208098]], [[-72.71498367900963, 41.814325418880976], [-72.71498367900963, 41.81432115088098]], [[-72.71497907300963, 41.81434163728098], [-72.71498367900963, 41.81434163728098]], [[-72.71498367900963, 41.81432115088098], [-72.71498367900963, 41.81432029728098], [-72.71498460020963, 41.81432029728098], [-72.71498460020963, 41.81432115088098]], [[-72.71498460020963, 41.814330540480974], [-72.71498460020963, 41.81433139408098]], [[-72.71498460020963, 41.81433139408098], [-72.71498367900963, 41.81433139408098]], [[-72.71498552140963, 41.814330540480974], [-72.71498552140963, 41.81433139408098]], [[-72.71514581020963, 41.81434931968098], [-72.71514581020963, 41.81436041648098], [-72.71513936180965, 41.81436041648098], [-72.71513936180965, 41.81434931968098], [-72.71514581020963, 41.81434931968098]], [[-72.71497907300963, 41.81431944368098], [-72.71497907300963, 41.81431688288098]], [[-72.71498920620964, 41.81431944368098], [-72.71498920620964, 41.81431688288098]], [[-72.71498920620964, 41.81431944368098], [-72.71497907300963, 41.81431944368098], [-72.71497907300963, 41.81432029728098], [-72.71498920620964, 41.81432029728098], [-72.71498920620964, 41.81431944368098]], [[-72.71493301300964, 41.81432029728098], [-72.71493301300964, 41.81431688288098]], [[-72.71492656460964, 41.81432029728098], [-72.71492656460964, 41.81431688288098]], [[-72.71492656460964, 41.81432029728098], [-72.71493301300964, 41.81432029728098], [-72.71492656460964, 41.81432029728098]], [[-72.71439134740965, 41.814345051680974], [-72.71439411100964, 41.814345051680974], [-72.71439411100964, 41.81434163728098], [-72.71439134740965, 41.81434163728098], [-72.71439134740965, 41.814345051680974]], [[-72.71438489900964, 41.814345051680974], [-72.71438858380964, 41.814345051680974], [-72.71438858380964, 41.81434163728098], [-72.71438489900964, 41.81434163728098], [-72.71438489900964, 41.814345051680974]], [[-72.71495972780963, 41.81421871888098], [-72.71495972780963, 41.81422384048098], [-72.71495420060963, 41.81422384048098], [-72.71495420060963, 41.81421871888098], [-72.71495972780963, 41.81421871888098]], [[-72.71513936180965, 41.814345051680974], [-72.71513936180965, 41.81434590528098]], [[-72.71513936180965, 41.81434590528098], [-72.71513936180965, 41.81434675888098]], [[-72.71513936180965, 41.81434590528098], [-72.71513936180965, 41.814345051680974]], [[-72.71514028300963, 41.81434419808098], [-72.71514028300963, 41.81434761248097], [-72.71513936180965, 41.81434761248097], [-72.71513936180965, 41.81434846608098], [-72.71514396780964, 41.81434846608098], [-72.71514396780964, 41.81434419808098], [-72.71513936180965, 41.81434419808098], [-72.71514028300963, 41.81434419808098]], [[-72.71513936180965, 41.81434419808098], [-72.71513936180965, 41.81434846608098]], [[-72.71514028300963, 41.814345051680974], [-72.71514028300963, 41.81434590528098]], [[-72.71514028300963, 41.81434590528098], [-72.71514028300963, 41.81434675888098]], [[-72.71490814060964, 41.814330540480974], [-72.71490814060964, 41.814325418880976]], [[-72.71490814060964, 41.814325418880976], [-72.71490537700964, 41.814325418880976]], [[-72.71490537700964, 41.814325418880976], [-72.71490537700964, 41.814330540480974]], [[-72.71490537700964, 41.814330540480974], [-72.71490814060964, 41.814330540480974]], [[-72.71496064900964, 41.81434163728098], [-72.71496064900964, 41.81433651568098]], [[-72.71496341260963, 41.81434163728098], [-72.71496064900964, 41.81434163728098]], [[-72.71496341260963, 41.81433651568098], [-72.71496341260963, 41.81434163728098]], [[-72.71496064900964, 41.81433651568098], [-72.71496341260963, 41.81433651568098]], [[-72.71498091540964, 41.81433566208098], [-72.71498091540964, 41.814330540480974]], [[-72.71498091540964, 41.814330540480974], [-72.71498367900963, 41.814330540480974]], [[-72.71498367900963, 41.814330540480974], [-72.71498367900963, 41.81433566208098]], [[-72.71498367900963, 41.81433566208098], [-72.71498091540964, 41.81433566208098]], [[-72.71475522140963, 41.813815819680975], [-72.71475522140963, 41.81381069808098], [-72.71475982740964, 41.81381069808098], [-72.71475982740964, 41.813815819680975], [-72.71475522140963, 41.813815819680975]], [[-72.71475522140963, 41.81377057888098], [-72.71475522140963, 41.81376545728098], [-72.71475982740964, 41.81376545728098], [-72.71475982740964, 41.81377057888098], [-72.71475522140963, 41.81377057888098]], [[-72.71490998300963, 41.81432029728098], [-72.71490998300963, 41.81431517568098], [-72.71490721940962, 41.81431517568098], [-72.71490721940962, 41.81432029728098], [-72.71490998300963, 41.81432029728098]], [[-72.71506935060964, 41.81435529488098], [-72.71507303540963, 41.81435529488098], [-72.71507303540963, 41.81435870928098], [-72.71506935060964, 41.81435870928098], [-72.71506935060964, 41.81435529488098]], [[-72.71477180300964, 41.814316029280974], [-72.71476627580962, 41.814316029280974], [-72.71476627580962, 41.81431859008098], [-72.71477180300964, 41.81431859008098], [-72.71477180300964, 41.814316029280974]], [[-72.71465388940965, 41.81384654928098], [-72.71465388940965, 41.813841427680984], [-72.71464836220964, 41.813841427680984], [-72.71464836220964, 41.81384654928098], [-72.71465388940965, 41.81384654928098]], [[-72.71506290220964, 41.81426054528098], [-72.71506290220964, 41.814255423680976], [-72.71505737500964, 41.814255423680976], [-72.71505737500964, 41.81426054528098], [-72.71506290220964, 41.81426054528098]], [[-72.71475522140963, 41.81383886688098], [-72.71475522140963, 41.81383289168098], [-72.71475982740964, 41.81383289168098], [-72.71475982740964, 41.81383886688098], [-72.71475522140963, 41.81383886688098]], [[-72.71539177060963, 41.81386703568098], [-72.71539361300964, 41.81388240048098]], [[-72.71540282500963, 41.81388154688098], [-72.71540098260964, 41.81386618208098]], [[-72.71539453420964, 41.81388325408098], [-72.71540190380964, 41.81388325408098]], [[-72.71540098260964, 41.81386618208098], [-72.71539177060963, 41.81386703568098]], [[-72.71475522140963, 41.81392678768098], [-72.71475522140963, 41.81392081248098], [-72.71475982740964, 41.81392081248098], [-72.71475982740964, 41.81392678768098], [-72.71475522140963, 41.81392678768098]], [[-72.71458111460963, 41.81395666368098], [-72.71458111460963, 41.81395581008098], [-72.71458203580964, 41.81395581008098], [-72.71458295700964, 41.81395581008098], [-72.71458203580964, 41.81395581008098], [-72.71458111460963, 41.81395581008098], [-72.71458111460963, 41.81395666368098], [-72.71458203580964, 41.81395666368098], [-72.71458111460963, 41.81395666368098]], [[-72.71458111460963, 41.81395666368098], [-72.71458203580964, 41.81395666368098], [-72.71458203580964, 41.81395581008098]], [[-72.71458203580964, 41.81395581008098], [-72.71458295700964, 41.81395581008098]], [[-72.71567365780963, 41.814130798080974], [-72.71567918500963, 41.814130798080974]], [[-72.71567918500963, 41.81413250528098], [-72.71567918500963, 41.814124822880984], [-72.71567365780963, 41.814124822880984], [-72.71567365780963, 41.81413250528098], [-72.71567918500963, 41.81413250528098]], [[-72.71500210300964, 41.81428615328098], [-72.71500210300964, 41.814281031680984], [-72.71500394540963, 41.814281031680984], [-72.71500394540963, 41.81428615328098], [-72.71500210300964, 41.81428615328098]], [[-72.71528767500963, 41.813830330880975], [-72.71527201460964, 41.813830330880975]], [[-72.71527201460964, 41.813830330880975], [-72.71527201460964, 41.81383545248098]], [[-72.71527201460964, 41.81383545248098], [-72.71527201460964, 41.813830330880975]], [[-72.71528767500963, 41.813830330880975], [-72.71528767500963, 41.81383545248098]], [[-72.71528767500963, 41.81383545248098], [-72.71528675380964, 41.81383545248098]], [[-72.71528675380964, 41.81383545248098], [-72.71528675380964, 41.813830330880975]], [[-72.71527201460964, 41.81383545248098], [-72.71527201460964, 41.81383801328098]], [[-72.71527201460964, 41.81383801328098], [-72.71528767500963, 41.81383801328098]], [[-72.71528767500963, 41.81383801328098], [-72.71528767500963, 41.81383545248098]], [[-72.71527201460964, 41.81383545248098], [-72.71527201460964, 41.81383715968098]], [[-72.71527201460964, 41.81383715968098], [-72.71527938420964, 41.81383715968098]], [[-72.71527938420964, 41.81383715968098], [-72.71527938420964, 41.81383545248098]], [[-72.71527938420964, 41.81383545248098], [-72.71528030540964, 41.81383545248098]], [[-72.71528030540964, 41.81383715968098], [-72.71528675380964, 41.81383715968098]], [[-72.71528675380964, 41.81383715968098], [-72.71528675380964, 41.81383545248098]], [[-72.71528030540964, 41.81383545248098], [-72.71528030540964, 41.813830330880975]], [[-72.71528675380964, 41.81383545248098], [-72.71528030540964, 41.81383545248098]], [[-72.71528030540964, 41.81383545248098], [-72.71528030540964, 41.81383715968098]], [[-72.71527201460964, 41.813830330880975], [-72.71528675380964, 41.813830330880975]], [[-72.71527938420964, 41.81383545248098], [-72.71527938420964, 41.813830330880975]], [[-72.71445398900964, 41.81428017808098], [-72.71445398900964, 41.81427420288098], [-72.71444938300964, 41.81427420288098], [-72.71444938300964, 41.81428017808098], [-72.71445398900964, 41.81428017808098]], [[-72.71469718580963, 41.814003611680974], [-72.71469718580963, 41.813997636480984], [-72.71469534340964, 41.813997636480984], [-72.71469534340964, 41.814003611680974], [-72.71469718580963, 41.814003611680974]], [[-72.71490537700964, 41.81382179488097], [-72.71490537700964, 41.813816673280975], [-72.71489984980964, 41.813816673280975], [-72.71489984980964, 41.81382179488097], [-72.71490537700964, 41.81382179488097]], [[-72.71528767500963, 41.814100068480975], [-72.71529320220964, 41.814100068480975], [-72.71529320220964, 41.81410519008097], [-72.71528767500963, 41.81410519008097], [-72.71528767500963, 41.814100068480975]], [[-72.71580631060964, 41.81418542848098], [-72.71580631060964, 41.81418030688098]], [[-72.71582289220964, 41.81418542848098], [-72.71580631060964, 41.81418542848098]], [[-72.71582289220964, 41.81418030688098], [-72.71582289220964, 41.81418542848098]], [[-72.71580631060964, 41.81418030688098], [-72.71582289220964, 41.81418030688098]], [[-72.71531254740964, 41.81411116528098], [-72.71530978380963, 41.81411116528098], [-72.71530978380963, 41.81410775088098], [-72.71531254740964, 41.81410775088098], [-72.71531254740964, 41.81411116528098]], [[-72.71542861860964, 41.81376204288098], [-72.71542217020964, 41.81376204288098], [-72.71542861860964, 41.81376204288098]], [[-72.71482339020965, 41.81398824688098], [-72.71482339020965, 41.81397800368098]], [[-72.71482339020965, 41.81397800368098], [-72.71481786300964, 41.81397800368098]], [[-72.71481786300964, 41.81397800368098], [-72.71481786300964, 41.81398824688098]], [[-72.71482339020965, 41.81398824688098], [-72.71481786300964, 41.81398824688098]], [[-72.71482339020965, 41.81398824688098], [-72.71482339020965, 41.81397800368098]], [[-72.71538347980965, 41.81392678768098], [-72.71538716460964, 41.81392678768098], [-72.71538716460964, 41.81392337328098], [-72.71538347980965, 41.81392337328098], [-72.71538347980965, 41.81392678768098]], [[-72.71575748700964, 41.81436553808098], [-72.71576854140963, 41.81436553808098], [-72.71576854140963, 41.81435956288097], [-72.71575748700964, 41.81435956288097], [-72.71575748700964, 41.81436553808098]], [[-72.71478377860963, 41.81428615328098], [-72.71478377860963, 41.814281031680984], [-72.71478285740965, 41.814281031680984], [-72.71478285740965, 41.81428615328098], [-72.71478377860963, 41.81428615328098]], [[-72.71502052700964, 41.81428615328098], [-72.71502052700964, 41.814281031680984], [-72.71501960580963, 41.814281031680984], [-72.71501960580963, 41.81428615328098], [-72.71502052700964, 41.81428615328098]], [[-72.71450926100962, 41.81428615328098], [-72.71450926100962, 41.814281031680984], [-72.71451110340963, 41.814281031680984], [-72.71451110340963, 41.81428615328098], [-72.71450926100962, 41.81428615328098]], [[-72.71522963940963, 41.81405226688098], [-72.71522963940963, 41.81405055968098]], [[-72.71522963940963, 41.81405055968098], [-72.71523885140964, 41.81405055968098]], [[-72.71523885140964, 41.81405055968098], [-72.71523885140964, 41.81405226688098]], [[-72.71522963940963, 41.81405226688098], [-72.71523885140964, 41.81405226688098]], [[-72.71460782940964, 41.81392251968098], [-72.71460598700963, 41.81392251968098]], [[-72.71460598700963, 41.81392251968098], [-72.71460598700963, 41.813913983680976]], [[-72.71460598700963, 41.813913983680976], [-72.71460782940964, 41.813913983680976]], [[-72.71460782940964, 41.81392251968098], [-72.71460782940964, 41.813913983680976]], [[-72.71464928340963, 41.81394471328098], [-72.71464836220964, 41.81394471328098]], [[-72.71464836220964, 41.81394471328098], [-72.71464836220964, 41.81393532368098]], [[-72.71464836220964, 41.81393532368098], [-72.71464928340963, 41.81393532368098]], [[-72.71464928340963, 41.81394471328098], [-72.71464928340963, 41.81393532368098]], [[-72.71530609900964, 41.81421018288098], [-72.71530609900964, 41.81420847568098]], [[-72.71530609900964, 41.81420847568098], [-72.71531623220963, 41.81420847568098]], [[-72.71531623220963, 41.81420847568098], [-72.71531623220963, 41.81421018288098]], [[-72.71530609900964, 41.81421018288098], [-72.71531623220963, 41.81421018288098]], [[-72.71542769740964, 41.81386532848098], [-72.71542677620963, 41.81386532848098], [-72.71542677620963, 41.81380301568098], [-72.71542401260963, 41.81380386928098], [-72.71542401260963, 41.81378167568098], [-72.71542677620963, 41.81377996848098], [-72.71542677620963, 41.81377655408098], [-72.71542769740964, 41.81377655408098], [-72.71542769740964, 41.81386532848098]], [[-72.71562667660963, 41.81431944368098], [-72.71564510060963, 41.81431944368098], [-72.71564510060963, 41.814325418880976], [-72.71564510060963, 41.814326272480976], [-72.71564417940964, 41.814326272480976], [-72.71564417940964, 41.81432712608098], [-72.71564417940964, 41.814327979680975], [-72.71564325820962, 41.814327979680975], [-72.71564233700964, 41.814327979680975], [-72.71564233700964, 41.81432883328098], [-72.71564141580964, 41.81432883328098], [-72.71563036140964, 41.81432883328098], [-72.71562944020964, 41.81432883328098], [-72.71562851900964, 41.814327979680975], [-72.71562759780963, 41.81432712608098], [-72.71562759780963, 41.814326272480976], [-72.71562667660963, 41.814325418880976], [-72.71562667660963, 41.81431944368098]], [[-72.71556311380964, 41.81420335408097], [-72.71556956220964, 41.81420335408097]], [[-72.71556311380964, 41.81420335408097], [-72.71556956220964, 41.81420335408097]], [[-72.71556311380964, 41.81418798928098], [-72.71556956220964, 41.81418798928098]], [[-72.71555850780963, 41.81418542848098], [-72.71555850780963, 41.81420591488097]], [[-72.71556679860963, 41.81420335408097], [-72.71556587740965, 41.81420335408097]], [[-72.71556587740965, 41.814188842880974], [-72.71556587740965, 41.81418798928098]], [[-72.71557508940964, 41.81418542848098], [-72.71557508940964, 41.81420591488097]], [[-72.71556587740965, 41.814188842880974], [-72.71556679860963, 41.814188842880974]], [[-72.71556311380964, 41.81420591488097], [-72.71555850780963, 41.81420591488097]], [[-72.71556311380964, 41.814188842880974], [-72.71556956220964, 41.814188842880974]], [[-72.71556587740965, 41.81418798928098], [-72.71556679860963, 41.81418798928098]], [[-72.71555758660963, 41.81420591488097], [-72.71555758660963, 41.81418542848098]], [[-72.71556679860963, 41.81418542848098], [-72.71557232580963, 41.81418542848098]], [[-72.71556311380964, 41.81418542848098], [-72.71555850780963, 41.81418542848098]], [[-72.71556679860963, 41.81418542848098], [-72.71557508940964, 41.81418542848098]], [[-72.71555758660963, 41.81418542848098], [-72.71556587740965, 41.81418542848098]], [[-72.71556311380964, 41.81418542848098], [-72.71556311380964, 41.81420591488097]], [[-72.71556587740965, 41.81418542848098], [-72.71556587740965, 41.81420591488097]], [[-72.71556587740965, 41.81420591488097], [-72.71555758660963, 41.81420591488097]], [[-72.71556956220964, 41.81418542848098], [-72.71556956220964, 41.81420591488097]], [[-72.71556587740965, 41.81420591488097], [-72.71556679860963, 41.81420591488097]], [[-72.71556679860963, 41.814188842880974], [-72.71556587740965, 41.814188842880974]], [[-72.71556587740965, 41.81420335408097], [-72.71556679860963, 41.81420335408097]], [[-72.71557416820963, 41.81420591488097], [-72.71556956220964, 41.81420591488097]], [[-72.71557508940964, 41.81420591488097], [-72.71556679860963, 41.81420591488097]], [[-72.71556679860963, 41.81418798928098], [-72.71556679860963, 41.814188842880974]], [[-72.71556679860963, 41.81420591488097], [-72.71556679860963, 41.81418542848098]], [[-72.71556587740965, 41.81420335408097], [-72.71556679860963, 41.81420335408097]], [[-72.71556587740965, 41.81418798928098], [-72.71556679860963, 41.81418798928098]], [[-72.71557416820963, 41.81418542848098], [-72.71556956220964, 41.81418542848098]], [[-72.71556587740965, 41.81418542848098], [-72.71556035020964, 41.81418542848098]], [[-72.71557416820963, 41.81418542848098], [-72.71557416820963, 41.81420591488097]], [[-72.71556587740965, 41.81420335408097], [-72.71556679860963, 41.81420335408097]], [[-72.71556587740965, 41.81418542848098], [-72.71556679860963, 41.81418542848098]], [[-72.71434160260964, 41.81433651568098], [-72.71433239060964, 41.81433651568098], [-72.71433239060964, 41.81433224768098], [-72.71434160260964, 41.81433224768098], [-72.71434160260964, 41.81433651568098]], [[-72.71493577660964, 41.81372875248098], [-72.71496801860964, 41.81372875248098]], [[-72.71493577660964, 41.813715094880976], [-72.71496801860964, 41.813715094880976]], [[-72.71496986100964, 41.813717655680975], [-72.71496986100964, 41.81372619168098]], [[-72.71493209180963, 41.813717655680975], [-72.71493301300964, 41.813717655680975]], [[-72.71493577660964, 41.81372448448098], [-72.71493577660964, 41.81371936288098]], [[-72.71496801860964, 41.81372533808098], [-72.71496986100964, 41.81372533808098]], [[-72.71494775220962, 41.81371680208098], [-72.71494867340964, 41.813717655680975]], [[-72.71494867340964, 41.813717655680975], [-72.71494867340964, 41.813715948480976]], [[-72.71494867340964, 41.813715948480976], [-72.71494959460964, 41.813715948480976]], [[-72.71494959460964, 41.813715948480976], [-72.71494959460964, 41.81371680208098]], [[-72.71495051580963, 41.813715948480976], [-72.71495143700965, 41.813715948480976]], [[-72.71495143700965, 41.81371680208098], [-72.71495051580963, 41.81371680208098]], [[-72.71495604300964, 41.813715948480976], [-72.71495696420963, 41.813717655680975]], [[-72.71495880660963, 41.813715948480976], [-72.71495880660963, 41.813717655680975]], [[-72.71494222500964, 41.81371680208098], [-72.71494222500964, 41.813715948480976]], [[-72.71494498860964, 41.81371680208098], [-72.71494498860964, 41.813717655680975]], [[-72.71496341260963, 41.813717655680975], [-72.71496249140964, 41.813717655680975]], [[-72.71494775220962, 41.813715948480976], [-72.71494867340964, 41.813715948480976]], [[-72.71493577660964, 41.81372448448098], [-72.71493577660964, 41.81372875248098]], [[-72.71495880660963, 41.81371680208098], [-72.71495972780963, 41.81371680208098]], [[-72.71496986100964, 41.81372619168098], [-72.71497170340963, 41.81372619168098]], [[-72.71493209180963, 41.813730459680976], [-72.71497170340963, 41.813730459680976]], [[-72.71496801860964, 41.813718509280974], [-72.71496986100964, 41.813718509280974]], [[-72.71495788540965, 41.81371680208098], [-72.71495788540965, 41.813715948480976]], [[-72.71493209180963, 41.81371338768098], [-72.71497170340963, 41.81371338768098]], [[-72.71493577660964, 41.81372533808098], [-72.71493301300964, 41.81372533808098]], [[-72.71495696420963, 41.81371680208098], [-72.71495696420963, 41.813717655680975]], [[-72.71494683100964, 41.813715948480976], [-72.71494683100964, 41.813717655680975]], [[-72.71496801860964, 41.81372448448098], [-72.71493577660964, 41.81372448448098]], [[-72.71496801860964, 41.81372875248098], [-72.71496801860964, 41.81372448448098]], [[-72.71493301300964, 41.81372619168098], [-72.71493209180963, 41.81372619168098]], [[-72.71493301300964, 41.81372619168098], [-72.71493577660964, 41.81372619168098]], [[-72.71496064900964, 41.813717655680975], [-72.71496064900964, 41.813715948480976]], [[-72.71493301300964, 41.813717655680975], [-72.71493301300964, 41.81372619168098]], [[-72.71495604300964, 41.813717655680975], [-72.71495604300964, 41.813715948480976]], [[-72.71495604300964, 41.813717655680975], [-72.71495696420963, 41.813717655680975]], [[-72.71496986100964, 41.813717655680975], [-72.71496801860964, 41.813717655680975]], [[-72.71496801860964, 41.81372192368098], [-72.71496986100964, 41.81372192368098]], [[-72.71495420060963, 41.813717655680975], [-72.71495420060963, 41.813715948480976]], [[-72.71493301300964, 41.813717655680975], [-72.71493577660964, 41.813717655680975]], [[-72.71494038260964, 41.81371680208098], [-72.71494038260964, 41.813715948480976]], [[-72.71493577660964, 41.813718509280974], [-72.71493301300964, 41.813718509280974]], [[-72.71496801860964, 41.813715094880976], [-72.71496801860964, 41.81371936288098]], [[-72.71494130380964, 41.813715948480976], [-72.71494130380964, 41.81371680208098]], [[-72.71497170340963, 41.813730459680976], [-72.71497170340963, 41.81371338768098]], [[-72.71496157020964, 41.813717655680975], [-72.71496157020964, 41.813715948480976]], [[-72.71495972780963, 41.813715948480976], [-72.71495972780963, 41.813717655680975]], [[-72.71493209180963, 41.81371338768098], [-72.71493209180963, 41.813730459680976]], [[-72.71493577660964, 41.81372192368098], [-72.71493301300964, 41.81372192368098]], [[-72.71494590980964, 41.813715948480976], [-72.71494498860964, 41.813715948480976]], [[-72.71493577660964, 41.81371936288098], [-72.71496801860964, 41.81371936288098]], [[-72.71495143700965, 41.813717655680975], [-72.71495051580963, 41.813717655680975]], [[-72.71496249140964, 41.813715948480976], [-72.71496341260963, 41.813715948480976]], [[-72.71494959460964, 41.81371680208098], [-72.71494867340964, 41.81371680208098]], [[-72.71495696420963, 41.813717655680975], [-72.71495788540965, 41.813717655680975]], [[-72.71495512180964, 41.813717655680975], [-72.71495512180964, 41.813715948480976]], [[-72.71496064900964, 41.813715948480976], [-72.71496157020964, 41.813717655680975]], [[-72.71494867340964, 41.81371680208098], [-72.71494775220962, 41.81371680208098]], [[-72.71496986100964, 41.81372107008098], [-72.71496801860964, 41.81372107008098]], [[-72.71495788540965, 41.813715948480976], [-72.71495696420963, 41.813715948480976]], [[-72.71496986100964, 41.81372619168098], [-72.71496801860964, 41.81372619168098]], [[-72.71494775220962, 41.813717655680975], [-72.71494775220962, 41.813715948480976]], [[-72.71494867340964, 41.813715948480976], [-72.71494867340964, 41.81371680208098]], [[-72.71494130380964, 41.813717655680975], [-72.71494222500964, 41.81371680208098]], [[-72.71495972780963, 41.813715948480976], [-72.71495972780963, 41.813717655680975]], [[-72.71494498860964, 41.813715948480976], [-72.71494498860964, 41.81371680208098]], [[-72.71494590980964, 41.813717655680975], [-72.71494683100964, 41.813715948480976]], [[-72.71497170340963, 41.813717655680975], [-72.71496986100964, 41.813717655680975]], [[-72.71494498860964, 41.813717655680975], [-72.71494590980964, 41.813717655680975]], [[-72.71494590980964, 41.81371680208098], [-72.71494590980964, 41.813715948480976]], [[-72.71494222500964, 41.813715948480976], [-72.71494130380964, 41.813715948480976]], [[-72.71496249140964, 41.813717655680975], [-72.71496249140964, 41.813715948480976]], [[-72.71495512180964, 41.813715948480976], [-72.71495512180964, 41.813717655680975]], [[-72.71493577660964, 41.81371936288098], [-72.71493577660964, 41.813715094880976]], [[-72.71495420060963, 41.813715948480976], [-72.71495512180964, 41.813717655680975]], [[-72.71495696420963, 41.813715948480976], [-72.71495696420963, 41.81371680208098]], [[-72.71495235820964, 41.813715948480976], [-72.71495235820964, 41.813717655680975]], [[-72.71495143700965, 41.813715948480976], [-72.71495235820964, 41.813715948480976]], [[-72.71496801860964, 41.81371936288098], [-72.71496801860964, 41.81372448448098]], [[-72.71495051580963, 41.813717655680975], [-72.71495051580963, 41.813715948480976]], [[-72.71494222500964, 41.813717655680975], [-72.71494130380964, 41.813717655680975]], [[-72.71493301300964, 41.81372192368098], [-72.71493577660964, 41.81372192368098]], [[-72.71494038260964, 41.813715948480976], [-72.71494038260964, 41.813717655680975]], [[-72.71497170340963, 41.81371338768098], [-72.71493209180963, 41.81371338768098]], [[-72.71510067140963, 41.814287006880974], [-72.71510067140963, 41.81428188528098], [-72.71509975020963, 41.81428188528098], [-72.71509975020963, 41.814287006880974], [-72.71510067140963, 41.814287006880974]], [[-72.71506935060964, 41.81372533808098], [-72.71507211420963, 41.81372533808098]], [[-72.71502881780964, 41.813718509280974], [-72.71502697540964, 41.813718509280974]], [[-72.71503987220964, 41.813715948480976], [-72.71503895100965, 41.813715948480976]], [[-72.71503895100965, 41.81371680208098], [-72.71503987220964, 41.81371680208098]], [[-72.71503987220964, 41.81371680208098], [-72.71503987220964, 41.813717655680975]], [[-72.71504539940965, 41.813717655680975], [-72.71504539940965, 41.813715948480976]], [[-72.71502881780964, 41.81372448448098], [-72.71502881780964, 41.81372875248098]], [[-72.71502881780964, 41.81372875248098], [-72.71506935060964, 41.81372875248098]], [[-72.71506935060964, 41.81372875248098], [-72.71506935060964, 41.81372448448098]], [[-72.71502881780964, 41.81371936288098], [-72.71502881780964, 41.813715094880976]], [[-72.71502881780964, 41.813715094880976], [-72.71506935060964, 41.813715094880976]], [[-72.71506935060964, 41.813715094880976], [-72.71506935060964, 41.81371936288098]], [[-72.71507303540963, 41.813717655680975], [-72.71507211420963, 41.813717655680975]], [[-72.71507211420963, 41.813717655680975], [-72.71507211420963, 41.81372619168098]], [[-72.71507211420963, 41.81372619168098], [-72.71507303540963, 41.81372619168098]], [[-72.71507211420963, 41.813717655680975], [-72.71506935060964, 41.813717655680975]], [[-72.71507211420963, 41.81372619168098], [-72.71506935060964, 41.81372619168098]], [[-72.71502605420963, 41.813717655680975], [-72.71502697540964, 41.813717655680975]], [[-72.71502697540964, 41.813717655680975], [-72.71502697540964, 41.81372619168098]], [[-72.71502697540964, 41.81372619168098], [-72.71502605420963, 41.81372619168098]], [[-72.71502605420963, 41.813730459680976], [-72.71507303540963, 41.813730459680976]], [[-72.71507303540963, 41.813730459680976], [-72.71507303540963, 41.81371338768098]], [[-72.71506935060964, 41.81372448448098], [-72.71502881780964, 41.81372448448098]], [[-72.71504908420964, 41.813717655680975], [-72.71504816300963, 41.813717655680975]], [[-72.71504816300963, 41.813717655680975], [-72.71504816300963, 41.813715948480976]], [[-72.71504908420964, 41.81371680208098], [-72.71504816300963, 41.81371680208098]], [[-72.71505184780965, 41.813717655680975], [-72.71505184780965, 41.813715948480976]], [[-72.71505276900963, 41.813715948480976], [-72.71505276900963, 41.813717655680975]], [[-72.71502881780964, 41.81371936288098], [-72.71506935060964, 41.81371936288098]], [[-72.71504539940965, 41.81371680208098], [-72.71504632060964, 41.813717655680975]], [[-72.71502605420963, 41.81371338768098], [-72.71507303540963, 41.81371338768098]], [[-72.71507303540963, 41.81371338768098], [-72.71502605420963, 41.81371338768098]], [[-72.71505645380964, 41.81371680208098], [-72.71505737500964, 41.81371680208098]], [[-72.71504447820963, 41.813715948480976], [-72.71504539940965, 41.813717655680975]], [[-72.71506935060964, 41.81372192368098], [-72.71507211420963, 41.81372192368098]], [[-72.71505461140964, 41.813717655680975], [-72.71505553260964, 41.813717655680975]], [[-72.71504632060964, 41.813717655680975], [-72.71504632060964, 41.813715948480976]], [[-72.71507211420963, 41.81372107008098], [-72.71506935060964, 41.81372107008098]], [[-72.71502697540964, 41.81372192368098], [-72.71502881780964, 41.81372192368098]], [[-72.71506935060964, 41.81371936288098], [-72.71506935060964, 41.81372448448098]], [[-72.71503987220964, 41.813717655680975], [-72.71503895100965, 41.813717655680975]], [[-72.71504355700964, 41.813715948480976], [-72.71504263580964, 41.813715948480976]], [[-72.71504632060964, 41.813715948480976], [-72.71504724180963, 41.813715948480976]], [[-72.71504263580964, 41.813717655680975], [-72.71504355700964, 41.813717655680975]], [[-72.71505276900963, 41.813717655680975], [-72.71505276900963, 41.813715948480976]], [[-72.71502697540964, 41.813717655680975], [-72.71502881780964, 41.813717655680975]], [[-72.71505369020963, 41.813717655680975], [-72.71505461140964, 41.813717655680975]], [[-72.71504355700964, 41.813717655680975], [-72.71504447820963, 41.813715948480976]], [[-72.71506013860963, 41.813717655680975], [-72.71506013860963, 41.813715948480976]], [[-72.71505829620963, 41.813715948480976], [-72.71505921740963, 41.813717655680975]], [[-72.71504263580964, 41.81371680208098], [-72.71504263580964, 41.813717655680975]], [[-72.71505645380964, 41.813715948480976], [-72.71505645380964, 41.813717655680975]], [[-72.71504263580964, 41.813715948480976], [-72.71504263580964, 41.81371680208098]], [[-72.71503895100965, 41.813715948480976], [-72.71503895100965, 41.81371680208098]], [[-72.71505369020963, 41.813715948480976], [-72.71505461140964, 41.813717655680975]], [[-72.71504724180963, 41.81371680208098], [-72.71504632060964, 41.81371680208098]], [[-72.71502881780964, 41.81372192368098], [-72.71502697540964, 41.81372192368098]], [[-72.71505369020963, 41.813717655680975], [-72.71505369020963, 41.813715948480976]], [[-72.71503802980963, 41.813715948480976], [-72.71503802980963, 41.813717655680975]], [[-72.71505921740963, 41.813717655680975], [-72.71505921740963, 41.813715948480976]], [[-72.71504632060964, 41.81371680208098], [-72.71504539940965, 41.81371680208098]], [[-72.71505000540964, 41.813715948480976], [-72.71505000540964, 41.813717655680975]], [[-72.71502697540964, 41.81372619168098], [-72.71502881780964, 41.81372619168098]], [[-72.71504816300963, 41.81371680208098], [-72.71504724180963, 41.81371680208098]], [[-72.71502605420963, 41.81371338768098], [-72.71502605420963, 41.813730459680976]], [[-72.71506013860963, 41.813715948480976], [-72.71506105980964, 41.813715948480976]], [[-72.71505553260964, 41.813715948480976], [-72.71505461140964, 41.813715948480976]], [[-72.71504355700964, 41.81371680208098], [-72.71504355700964, 41.813715948480976]], [[-72.71505184780965, 41.813715948480976], [-72.71505276900963, 41.813717655680975]], [[-72.71505461140964, 41.81371680208098], [-72.71505461140964, 41.813717655680975]], [[-72.71506935060964, 41.813718509280974], [-72.71507211420963, 41.813718509280974]], [[-72.71504632060964, 41.813715948480976], [-72.71504632060964, 41.81371680208098]], [[-72.71505461140964, 41.813715948480976], [-72.71505461140964, 41.81371680208098]], [[-72.71505829620963, 41.813717655680975], [-72.71505829620963, 41.813715948480976]], [[-72.71504539940965, 41.813715948480976], [-72.71504632060964, 41.813715948480976]], [[-72.71505737500964, 41.813715948480976], [-72.71505737500964, 41.813717655680975]], [[-72.71502881780964, 41.81372448448098], [-72.71502881780964, 41.81371936288098]], [[-72.71505829620963, 41.813715948480976], [-72.71505829620963, 41.813717655680975]], [[-72.71504724180963, 41.813715948480976], [-72.71504816300963, 41.81371680208098]], [[-72.71504816300963, 41.813715948480976], [-72.71504908420964, 41.813715948480976]], [[-72.71502881780964, 41.81372533808098], [-72.71502697540964, 41.81372533808098]], [[-72.71506105980964, 41.813717655680975], [-72.71506013860963, 41.813717655680975]], [[-72.71503802980963, 41.81371680208098], [-72.71503802980963, 41.813715948480976]], [[-72.71504908420964, 41.813715948480976], [-72.71505000540964, 41.813715948480976]], [[-72.71505553260964, 41.81371680208098], [-72.71505553260964, 41.813715948480976]], [[-72.71468428900963, 41.814044584480975], [-72.71468613140964, 41.814044584480975]], [[-72.71468613140964, 41.814044584480975], [-72.71468613140964, 41.81404629168098]], [[-72.71468705260963, 41.81404629168098], [-72.71468705260963, 41.814044584480975]], [[-72.71468428900963, 41.81404970608098], [-72.71468889500964, 41.81404970608098]], [[-72.71469534340964, 41.81406165648097], [-72.71469534340964, 41.81406080288098]], [[-72.71468521020964, 41.81406080288098], [-72.71468521020964, 41.81406251008098]], [[-72.71468521020964, 41.81406251008098], [-72.71469534340964, 41.81406251008098]], [[-72.71469534340964, 41.81406251008098], [-72.71469810700964, 41.81406251008098]], [[-72.71469810700964, 41.81404714528097], [-72.71469902820964, 41.81404714528097]], [[-72.71469902820964, 41.81404714528097], [-72.71469810700964, 41.81404714528097]], [[-72.71468613140964, 41.81404373088098], [-72.71468613140964, 41.814044584480975]], [[-72.71468521020964, 41.814042023680976], [-72.71468521020964, 41.81404373088098]], [[-72.71468428900963, 41.814056534880976], [-72.71468889500964, 41.814056534880976]], [[-72.71468613140964, 41.814059095680975], [-72.71468613140964, 41.81406080288098]], [[-72.71468428900963, 41.81405738848098], [-72.71468428900963, 41.81405824208098]], [[-72.71468889500964, 41.81404970608098], [-72.71468705260963, 41.81404970608098]], [[-72.71468613140964, 41.81405312048098], [-72.71468613140964, 41.81405482768098]], [[-72.71468705260963, 41.814055681280976], [-72.71468705260963, 41.81405482768098]], [[-72.71468705260963, 41.814059095680975], [-72.71468705260963, 41.81405824208098]], [[-72.71468428900963, 41.814055681280976], [-72.71468428900963, 41.814056534880976]], [[-72.71468705260963, 41.814056534880976], [-72.71468705260963, 41.81405738848098]], [[-72.71469810700964, 41.81404714528097], [-72.71469810700964, 41.814042023680976]], [[-72.71469810700964, 41.814042023680976], [-72.71469534340964, 41.814042023680976]], [[-72.71468705260963, 41.81405824208098], [-72.71468889500964, 41.81405824208098]], [[-72.71468889500964, 41.81405738848098], [-72.71468428900963, 41.81405738848098]], [[-72.71469534340964, 41.81406080288098], [-72.71468521020964, 41.81406080288098]], [[-72.71468705260963, 41.81405226688098], [-72.71468705260963, 41.81405141328098]], [[-72.71469810700964, 41.81405738848098], [-72.71469902820964, 41.81405738848098]], [[-72.71468613140964, 41.81404799888098], [-72.71468613140964, 41.81404970608098]], [[-72.71468060420963, 41.814042023680976], [-72.71468521020964, 41.814042023680976]], [[-72.71468428900963, 41.814059095680975], [-72.71468889500964, 41.814059095680975]], [[-72.71468428900963, 41.81405141328098], [-72.71468613140964, 41.81405141328098]], [[-72.71468889500964, 41.81404799888098], [-72.71468428900963, 41.81404799888098]], [[-72.71468613140964, 41.81404970608098], [-72.71468613140964, 41.81405141328098]], [[-72.71468521020964, 41.81404373088098], [-72.71469534340964, 41.81404373088098]], [[-72.71468060420963, 41.814042023680976], [-72.71468060420963, 41.81406251008098]], [[-72.71468705260963, 41.81405482768098], [-72.71468889500964, 41.81405482768098]], [[-72.71468428900963, 41.81404629168098], [-72.71468889500964, 41.81404629168098]], [[-72.71468428900963, 41.81405226688098], [-72.71468428900963, 41.81405312048098]], [[-72.71468705260963, 41.814044584480975], [-72.71468889500964, 41.814044584480975]], [[-72.71468889500964, 41.814059095680975], [-72.71468705260963, 41.814059095680975]], [[-72.71468613140964, 41.81405482768098], [-72.71468613140964, 41.814055681280976]], [[-72.71469534340964, 41.814042023680976], [-72.71468521020964, 41.814042023680976]], [[-72.71468521020964, 41.81406251008098], [-72.71468060420963, 41.81406251008098]], [[-72.71468889500964, 41.81405824208098], [-72.71468889500964, 41.81405738848098]], [[-72.71469534340964, 41.81404373088098], [-72.71469534340964, 41.814042877280976]], [[-72.71468428900963, 41.81405824208098], [-72.71468613140964, 41.81405824208098]], [[-72.71468705260963, 41.81404970608098], [-72.71468705260963, 41.81405141328098]], [[-72.71468613140964, 41.814059095680975], [-72.71468428900963, 41.814059095680975]], [[-72.71469718580963, 41.814042877280976], [-72.71469718580963, 41.81406165648097]], [[-72.71468428900963, 41.81405312048098], [-72.71468889500964, 41.81405312048098]], [[-72.71468889500964, 41.81405141328098], [-72.71468428900963, 41.81405141328098]], [[-72.71468705260963, 41.81404970608098], [-72.71468705260963, 41.81404799888098]], [[-72.71468428900963, 41.81405482768098], [-72.71468613140964, 41.81405482768098]], [[-72.71468613140964, 41.81405824208098], [-72.71468613140964, 41.814059095680975]], [[-72.71468613140964, 41.81405141328098], [-72.71468613140964, 41.81405226688098]], [[-72.71468705260963, 41.81404373088098], [-72.71468705260963, 41.814044584480975]], [[-72.71468613140964, 41.814055681280976], [-72.71468428900963, 41.814055681280976]], [[-72.71468613140964, 41.814056534880976], [-72.71468613140964, 41.81405738848098]], [[-72.71468889500964, 41.81404629168098], [-72.71468705260963, 41.81404629168098]], [[-72.71468705260963, 41.814059095680975], [-72.71468705260963, 41.81406080288098]], [[-72.71468705260963, 41.81404629168098], [-72.71468705260963, 41.81404799888098]], [[-72.71468889500964, 41.81405482768098], [-72.71468428900963, 41.81405482768098]], [[-72.71468889500964, 41.81405226688098], [-72.71468705260963, 41.81405226688098]], [[-72.71468889500964, 41.814044584480975], [-72.71468428900963, 41.814044584480975]], [[-72.71468889500964, 41.814055681280976], [-72.71468705260963, 41.814055681280976]], [[-72.71469902820964, 41.814056534880976], [-72.71469810700964, 41.814056534880976]], [[-72.71469718580963, 41.81406165648097], [-72.71469534340964, 41.81406165648097]], [[-72.71468705260963, 41.81404799888098], [-72.71468889500964, 41.81404799888098]], [[-72.71468613140964, 41.81404629168098], [-72.71468428900963, 41.81404629168098]], [[-72.71468613140964, 41.81404970608098], [-72.71468428900963, 41.81404970608098]], [[-72.71468613140964, 41.81404629168098], [-72.71468613140964, 41.81404799888098]], [[-72.71469902820964, 41.81405738848098], [-72.71469902820964, 41.814056534880976]], [[-72.71468428900963, 41.81404799888098], [-72.71468613140964, 41.81404799888098]], [[-72.71468889500964, 41.81405312048098], [-72.71468889500964, 41.81405226688098]], [[-72.71468705260963, 41.81405141328098], [-72.71468889500964, 41.81405141328098]], [[-72.71468889500964, 41.814056534880976], [-72.71468889500964, 41.814055681280976]], [[-72.71469534340964, 41.814042877280976], [-72.71469718580963, 41.814042877280976]], [[-72.71468613140964, 41.81405226688098], [-72.71468428900963, 41.81405226688098]], [[-72.71468705260963, 41.81405312048098], [-72.71468705260963, 41.81405482768098]], [[-72.71469810700964, 41.814056534880976], [-72.71469810700964, 41.81404714528097]], [[-72.71469810700964, 41.81406251008098], [-72.71469810700964, 41.81405738848098]], [[-72.71460045980965, 41.81428615328098], [-72.71460045980965, 41.814281031680984], [-72.71459769620964, 41.814281031680984], [-72.71459769620964, 41.81428615328098], [-72.71460045980965, 41.81428615328098]], [[-72.71457927220963, 41.81428615328098], [-72.71457927220963, 41.814281031680984], [-72.71458203580964, 41.814281031680984], [-72.71458203580964, 41.81428615328098], [-72.71457927220963, 41.81428615328098]], [[-72.71461704140964, 41.81428615328098], [-72.71461704140964, 41.814281031680984], [-72.71461519900963, 41.814281031680984], [-72.71461519900963, 41.81428615328098], [-72.71461704140964, 41.81428615328098]], [[-72.71567365780963, 41.81401897648098], [-72.71566628820963, 41.81401897648098], [-72.71566628820963, 41.814013001280976], [-72.71567365780963, 41.814013001280976], [-72.71567365780963, 41.81401897648098]], [[-72.71547467860964, 41.814327979680975], [-72.71548573300963, 41.814327979680975], [-72.71548573300963, 41.81433395488098], [-72.71547467860964, 41.81433395488098], [-72.71547467860964, 41.814327979680975]], [[-72.71482983860965, 41.81398824688098], [-72.71482983860965, 41.813999343680976]], [[-72.71482339020965, 41.813999343680976], [-72.71482983860965, 41.813999343680976]], [[-72.71482339020965, 41.81398824688098], [-72.71482983860965, 41.81398824688098]], [[-72.71482431140964, 41.813999343680976], [-72.71482431140964, 41.81398824688098]], [[-72.71482339020965, 41.813999343680976], [-72.71482339020965, 41.81398824688098]], [[-72.71472297940964, 41.81397800368098], [-72.71471192500964, 41.81397800368098]], [[-72.71471192500964, 41.813972028480975], [-72.71472297940964, 41.813972028480975]], [[-72.71472297940964, 41.81397800368098], [-72.71471192500964, 41.81397800368098]], [[-72.71471192500964, 41.81397800368098], [-72.71471192500964, 41.813972028480975]], [[-72.71472297940964, 41.81397800368098], [-72.71472297940964, 41.813972028480975]], [[-72.71482339020965, 41.813999343680976], [-72.71482339020965, 41.81398824688098]], [[-72.71481786300964, 41.81398824688098], [-72.71481786300964, 41.813999343680976]], [[-72.71482339020965, 41.813999343680976], [-72.71482339020965, 41.81398824688098]], [[-72.71482339020965, 41.813999343680976], [-72.71481786300964, 41.813999343680976]], [[-72.71482339020965, 41.81398824688098], [-72.71481786300964, 41.81398824688098]], [[-72.71479759660963, 41.81398824688098], [-72.71479759660963, 41.81397800368098]], [[-72.71480312380963, 41.81397800368098], [-72.71480312380963, 41.81398824688098]], [[-72.71479759660963, 41.81398824688098], [-72.71479759660963, 41.81397800368098]], [[-72.71479759660963, 41.81397800368098], [-72.71480312380963, 41.81397800368098]], [[-72.71479759660963, 41.81398824688098], [-72.71480312380963, 41.81398824688098]], [[-72.71479759660963, 41.813999343680976], [-72.71479759660963, 41.81398824688098]], [[-72.71479114820963, 41.81398824688098], [-72.71479114820963, 41.813999343680976]], [[-72.71479667540963, 41.813999343680976], [-72.71479667540963, 41.81398824688098]], [[-72.71479759660963, 41.81398824688098], [-72.71479114820963, 41.81398824688098]], [[-72.71479759660963, 41.813999343680976], [-72.71479114820963, 41.813999343680976]], [[-72.71477640900964, 41.81400446528098], [-72.71476535460964, 41.81400446528098]], [[-72.71476535460964, 41.813999343680976], [-72.71476535460964, 41.81400446528098]], [[-72.71476535460964, 41.813999343680976], [-72.71477640900964, 41.813999343680976]], [[-72.71476535460964, 41.813999343680976], [-72.71477640900964, 41.813999343680976]], [[-72.71477640900964, 41.813999343680976], [-72.71477640900964, 41.81400446528098]], [[-72.71482339020965, 41.81398824688098], [-72.71482339020965, 41.81397800368098]], [[-72.71482983860965, 41.81397800368098], [-72.71482983860965, 41.81398824688098]], [[-72.71482431140964, 41.81398824688098], [-72.71482431140964, 41.81397800368098]], [[-72.71482339020965, 41.81397800368098], [-72.71482983860965, 41.81397800368098]], [[-72.71482339020965, 41.81398824688098], [-72.71482983860965, 41.81398824688098]], [[-72.71479759660963, 41.81398824688098], [-72.71479759660963, 41.81397800368098]], [[-72.71479114820963, 41.81397800368098], [-72.71479114820963, 41.81398824688098]], [[-72.71479667540963, 41.81398824688098], [-72.71479667540963, 41.81397800368098]], [[-72.71479759660963, 41.81397800368098], [-72.71479114820963, 41.81397800368098]], [[-72.71479759660963, 41.81398824688098], [-72.71479114820963, 41.81398824688098]], [[-72.71474416700963, 41.81398824688098], [-72.71474416700963, 41.81397800368098]], [[-72.71474969420963, 41.81397800368098], [-72.71474969420963, 41.81398824688098]], [[-72.71474416700963, 41.81398824688098], [-72.71474416700963, 41.81397800368098]], [[-72.71474416700963, 41.81397800368098], [-72.71474969420963, 41.81397800368098]], [[-72.71474416700963, 41.81398824688098], [-72.71474969420963, 41.81398824688098]], [[-72.71474416700963, 41.813999343680976], [-72.71474416700963, 41.81398824688098]], [[-72.71473863980964, 41.81398824688098], [-72.71473863980964, 41.813999343680976]], [[-72.71474416700963, 41.813999343680976], [-72.71474416700963, 41.81398824688098]], [[-72.71474416700963, 41.81398824688098], [-72.71473863980964, 41.81398824688098]], [[-72.71474416700963, 41.813999343680976], [-72.71473863980964, 41.813999343680976]], [[-72.71477088180964, 41.813999343680976], [-72.71477088180964, 41.81398824688098]], [[-72.71477088180964, 41.813999343680976], [-72.71476443340964, 41.813999343680976]], [[-72.71476443340964, 41.81398824688098], [-72.71476443340964, 41.813999343680976]], [[-72.71476996060964, 41.813999343680976], [-72.71476996060964, 41.81398824688098]], [[-72.71477088180964, 41.81398824688098], [-72.71476443340964, 41.81398824688098]], [[-72.71474969420963, 41.81397800368098], [-72.71473863980964, 41.81397800368098]], [[-72.71473863980964, 41.813972028480975], [-72.71474969420963, 41.813972028480975]], [[-72.71474969420963, 41.81397800368098], [-72.71474969420963, 41.813972028480975]], [[-72.71473863980964, 41.81397800368098], [-72.71473863980964, 41.813972028480975]], [[-72.71474969420963, 41.81397800368098], [-72.71473863980964, 41.81397800368098]], [[-72.71471745220964, 41.81398824688098], [-72.71471745220964, 41.81397800368098]], [[-72.71472297940964, 41.81397800368098], [-72.71472297940964, 41.81398824688098]], [[-72.71471745220964, 41.81398824688098], [-72.71471745220964, 41.81397800368098]], [[-72.71471745220964, 41.81397800368098], [-72.71472297940964, 41.81397800368098]], [[-72.71471745220964, 41.81398824688098], [-72.71472297940964, 41.81398824688098]], [[-72.71471745220964, 41.813999343680976], [-72.71471745220964, 41.81398824688098]], [[-72.71471192500964, 41.81398824688098], [-72.71471192500964, 41.813999343680976]], [[-72.71471745220964, 41.813999343680976], [-72.71471745220964, 41.81398824688098]], [[-72.71471745220964, 41.81398824688098], [-72.71471192500964, 41.81398824688098]], [[-72.71471745220964, 41.813999343680976], [-72.71471192500964, 41.813999343680976]], [[-72.71471745220964, 41.813999343680976], [-72.71471745220964, 41.81398824688098]], [[-72.71472297940964, 41.81398824688098], [-72.71472297940964, 41.813999343680976]], [[-72.71471745220964, 41.81398824688098], [-72.71472297940964, 41.81398824688098]], [[-72.71471745220964, 41.813999343680976], [-72.71472297940964, 41.813999343680976]], [[-72.71471745220964, 41.813999343680976], [-72.71471745220964, 41.81398824688098]], [[-72.71471192500964, 41.813999343680976], [-72.71472297940964, 41.813999343680976]], [[-72.71472297940964, 41.81400446528098], [-72.71471192500964, 41.81400446528098]], [[-72.71471192500964, 41.813999343680976], [-72.71472297940964, 41.813999343680976]], [[-72.71472297940964, 41.813999343680976], [-72.71472297940964, 41.81400446528098]], [[-72.71471192500964, 41.813999343680976], [-72.71471192500964, 41.81400446528098]], [[-72.71474416700963, 41.813999343680976], [-72.71474416700963, 41.81398824688098]], [[-72.71474416700963, 41.813999343680976], [-72.71474416700963, 41.81398824688098]], [[-72.71474416700963, 41.81398824688098], [-72.71474969420963, 41.81398824688098]], [[-72.71474969420963, 41.81398824688098], [-72.71474969420963, 41.813999343680976]], [[-72.71474416700963, 41.813999343680976], [-72.71474969420963, 41.813999343680976]], [[-72.71530886260965, 41.81386703568098], [-72.71530886260965, 41.81387727888098]], [[-72.71530886260965, 41.81387727888098], [-72.71529965060964, 41.81387727888098]], [[-72.71529965060964, 41.81387727888098], [-72.71529965060964, 41.81386703568098]], [[-72.71529965060964, 41.81386703568098], [-72.71530886260965, 41.81386703568098]], [[-72.71530517780964, 41.81386703568098], [-72.71530517780964, 41.81387727888098]], [[-72.71499657580964, 41.81399592928098], [-72.71499565460964, 41.81399507568098], [-72.71499289100964, 41.81399166128098], [-72.71499289100964, 41.81399080768098], [-72.71499565460964, 41.813987393280975], [-72.71499657580964, 41.813987393280975], [-72.71500026060963, 41.81398910048098], [-72.71500118180963, 41.813989954080974], [-72.71500118180963, 41.81399336848098], [-72.71500026060963, 41.81399422208098], [-72.71499657580964, 41.81399592928098]], [[-72.71447886140965, 41.814003611680974], [-72.71447886140965, 41.81399849008098], [-72.71447794020963, 41.81399849008098], [-72.71447794020963, 41.814003611680974], [-72.71447886140965, 41.814003611680974]], [[-72.71514028300963, 41.81403690208098], [-72.71514028300963, 41.814042023680976], [-72.71513844060964, 41.814042023680976], [-72.71513844060964, 41.81403690208098], [-72.71514028300963, 41.81403690208098]], [[-72.71505921740963, 41.81403604848098], [-72.71505921740963, 41.814041170080976], [-72.71505737500964, 41.814041170080976], [-72.71505737500964, 41.81403604848098], [-72.71505921740963, 41.81403604848098]], [[-72.71469810700964, 41.814287006880974], [-72.71469810700964, 41.81428188528098], [-72.71469718580963, 41.81428188528098], [-72.71469718580963, 41.814287006880974], [-72.71469810700964, 41.814287006880974]], [[-72.71456269060963, 41.81428615328098], [-72.71456269060963, 41.814281031680984], [-72.71456453300964, 41.814281031680984], [-72.71456453300964, 41.81428615328098], [-72.71456269060963, 41.81428615328098]], [[-72.71494959460964, 41.81419993968098], [-72.71494959460964, 41.81419481808098], [-72.71494775220962, 41.81419481808098], [-72.71494775220962, 41.81419993968098], [-72.71494959460964, 41.81419993968098]], [[-72.71466218020963, 41.81403434128098], [-72.71466218020963, 41.81403946288098], [-72.71466033780965, 41.81403946288098], [-72.71466033780965, 41.81403434128098], [-72.71466218020963, 41.81403434128098]], [[-72.71456361180964, 41.81423920528098], [-72.71456361180964, 41.81423408368098], [-72.71455900580963, 41.81423408368098], [-72.71455900580963, 41.81423920528098], [-72.71456361180964, 41.81423920528098]], [[-72.71548941780964, 41.813987393280975], [-72.71549494500964, 41.813987393280975], [-72.71549494500964, 41.81398227168098], [-72.71548941780964, 41.81398227168098], [-72.71548941780964, 41.813987393280975]], [[-72.71469810700964, 41.81403519488098], [-72.71469810700964, 41.81404031648098], [-72.71469718580963, 41.81404031648098], [-72.71469718580963, 41.81403519488098], [-72.71469810700964, 41.81403519488098]], [[-72.71482615380964, 41.81403690208098], [-72.71482615380964, 41.814042023680976], [-72.71482431140964, 41.814042023680976], [-72.71482431140964, 41.81403690208098], [-72.71482615380964, 41.81403690208098]], [[-72.71453505460964, 41.81403434128098], [-72.71453505460964, 41.81403946288098], [-72.71453413340963, 41.81403946288098], [-72.71453413340963, 41.81403434128098], [-72.71453505460964, 41.81403434128098]], [[-72.71542309140963, 41.81376204288098], [-72.71542124900964, 41.81376204288098]], [[-72.71542124900964, 41.813775700480974], [-72.71542309140963, 41.813775700480974]], [[-72.71542124900964, 41.81376204288098], [-72.71542124900964, 41.813775700480974]], [[-72.71542309140963, 41.813775700480974], [-72.71542309140963, 41.81376204288098], [-72.71542861860964, 41.81376204288098], [-72.71542861860964, 41.813775700480974], [-72.71542309140963, 41.813775700480974]], [[-72.71489616500963, 41.81436212368097], [-72.71489616500963, 41.81435102688098]], [[-72.71489063780963, 41.81435102688098], [-72.71489063780963, 41.81436212368097]], [[-72.71489063780963, 41.81436212368097], [-72.71489616500963, 41.81436212368097]], [[-72.71489616500963, 41.81435102688098], [-72.71489063780963, 41.81435102688098]], [[-72.71488971660963, 41.81395922448098], [-72.71489524380964, 41.81395922448098], [-72.71489524380964, 41.81395495648098], [-72.71488971660963, 41.81395495648098], [-72.71488971660963, 41.81395922448098]], [[-72.71482615380964, 41.81428188528098], [-72.71482615380964, 41.81427676368098], [-72.71482523260963, 41.81427676368098], [-72.71482523260963, 41.81428188528098], [-72.71482615380964, 41.81428188528098]], [[-72.71490998300963, 41.81435273408098], [-72.71490998300963, 41.81435529488098], [-72.71490721940962, 41.81435529488098], [-72.71490721940962, 41.81435273408098]], [[-72.71490629820963, 41.81435273408098], [-72.71491090420965, 41.81435273408098], [-72.71491090420965, 41.814342490880975], [-72.71490629820963, 41.814342490880975], [-72.71490629820963, 41.81435273408098]], [[-72.71486300180963, 41.813958370880975], [-72.71486300180963, 41.81394898128097], [-72.71486852900964, 41.81394898128097], [-72.71486852900964, 41.813958370880975], [-72.71486300180963, 41.813958370880975]], [[-72.71485655340963, 41.813957517280976], [-72.71487313500964, 41.813957517280976], [-72.71487313500964, 41.81395666368098], [-72.71485655340963, 41.81395666368098], [-72.71485655340963, 41.813957517280976]], [[-72.71485655340963, 41.81399422208098], [-72.71487313500964, 41.81399422208098], [-72.71485655340963, 41.81399422208098]], [[-72.71485655340963, 41.813986539680975], [-72.71487313500964, 41.813986539680975], [-72.71487313500964, 41.81398568608098], [-72.71485655340963, 41.81398568608098], [-72.71485655340963, 41.813986539680975]], [[-72.71485655340963, 41.813972882080975], [-72.71487313500964, 41.813972882080975], [-72.71487313500964, 41.813972028480975], [-72.71485655340963, 41.813972028480975], [-72.71485655340963, 41.813972882080975]], [[-72.71576946260964, 41.81432883328098], [-72.71577959580964, 41.81432883328098], [-72.71577959580964, 41.81431944368098], [-72.71576946260964, 41.81431944368098], [-72.71576946260964, 41.81432883328098]], [[-72.71524529980962, 41.813975442880974], [-72.71525174820962, 41.813975442880974]], [[-72.71524529980962, 41.81396263888098], [-72.71525174820962, 41.81396263888098]], [[-72.71524529980962, 41.81394983488098], [-72.71525174820962, 41.81394983488098]], [[-72.71524529980962, 41.81395666368098], [-72.71525174820962, 41.81395666368098]], [[-72.71524529980962, 41.81396946768098], [-72.71525174820962, 41.81396946768098]], [[-72.71524529980962, 41.81398227168098], [-72.71525174820962, 41.81398227168098]], [[-72.71525266940964, 41.81399080768098], [-72.71525266940964, 41.81393020208098]], [[-72.71525911780964, 41.81398824688098], [-72.71525266940964, 41.81398824688098]], [[-72.71525911780964, 41.813975442880974], [-72.71525266940964, 41.813975442880974]], [[-72.71525911780964, 41.81396263888098], [-72.71525266940964, 41.81396263888098]], [[-72.71525911780964, 41.81394983488098], [-72.71525266940964, 41.81394983488098]], [[-72.71525911780964, 41.81393703088098], [-72.71525266940964, 41.81393703088098]], [[-72.71525911780964, 41.81395666368098], [-72.71525266940964, 41.81395666368098]], [[-72.71525911780964, 41.813943006080976], [-72.71525266940964, 41.813943006080976]], [[-72.71525911780964, 41.81396946768098], [-72.71525266940964, 41.81396946768098]], [[-72.71525911780964, 41.81398227168098], [-72.71525266940964, 41.81398227168098]], [[-72.71525174820962, 41.81399080768098], [-72.71525174820962, 41.81393020208098]], [[-72.71524529980962, 41.81393020208098], [-72.71525911780964, 41.81393020208098]], [[-72.71525911780964, 41.81393020208098], [-72.71525911780964, 41.81399507568098]], [[-72.71525911780964, 41.81399507568098], [-72.71524529980962, 41.81399507568098]], [[-72.71524529980962, 41.81398824688098], [-72.71525174820962, 41.81398824688098]], [[-72.71524529980962, 41.813943006080976], [-72.71525174820962, 41.813943006080976]], [[-72.71524529980962, 41.81393703088098], [-72.71525174820962, 41.81393703088098]], [[-72.71524529980962, 41.81399507568098], [-72.71524529980962, 41.81393020208098]], [[-72.71523148180964, 41.81393020208098], [-72.71523148180964, 41.81399507568098]], [[-72.71521674260963, 41.81394983488098], [-72.71522411220964, 41.81394983488098]], [[-72.71521674260963, 41.813943006080976], [-72.71522411220964, 41.813943006080976]], [[-72.71521674260963, 41.81396946768098], [-72.71522411220964, 41.81396946768098]], [[-72.71522503340964, 41.81399080768098], [-72.71522503340964, 41.81393020208098]], [[-72.71523148180964, 41.81398824688098], [-72.71522503340964, 41.81398824688098]], [[-72.71523148180964, 41.813975442880974], [-72.71522503340964, 41.813975442880974]], [[-72.71523148180964, 41.81396263888098], [-72.71522503340964, 41.81396263888098]], [[-72.71523148180964, 41.81394983488098], [-72.71522503340964, 41.81394983488098]], [[-72.71523148180964, 41.81393703088098], [-72.71522503340964, 41.81393703088098]], [[-72.71523148180964, 41.81395666368098], [-72.71522503340964, 41.81395666368098]], [[-72.71523148180964, 41.813943006080976], [-72.71522503340964, 41.813943006080976]], [[-72.71523148180964, 41.81396946768098], [-72.71522503340964, 41.81396946768098]], [[-72.71523148180964, 41.81398227168098], [-72.71522503340964, 41.81398227168098]], [[-72.71521674260963, 41.81396263888098], [-72.71522411220964, 41.81396263888098]], [[-72.71521674260963, 41.81393020208098], [-72.71523148180964, 41.81393020208098]], [[-72.71523148180964, 41.81399507568098], [-72.71521674260963, 41.81399507568098]], [[-72.71521674260963, 41.81399507568098], [-72.71521674260963, 41.81393020208098]], [[-72.71521674260963, 41.81398227168098], [-72.71522411220964, 41.81398227168098]], [[-72.71521674260963, 41.81393703088098], [-72.71522411220964, 41.81393703088098]], [[-72.71521674260963, 41.813975442880974], [-72.71522411220964, 41.813975442880974]], [[-72.71521674260963, 41.81395666368098], [-72.71522411220964, 41.81395666368098]], [[-72.71522411220964, 41.81399080768098], [-72.71522411220964, 41.81393020208098]], [[-72.71521674260963, 41.81398824688098], [-72.71522411220964, 41.81398824688098]], [[-72.71525174820962, 41.81386959648098], [-72.71524622100964, 41.81386959648098]], [[-72.71525174820962, 41.813855938880984], [-72.71524622100964, 41.813855938880984]], [[-72.71524622100964, 41.81390374048098], [-72.71524622100964, 41.81384911008098]], [[-72.71524622100964, 41.81384911008098], [-72.71525819660964, 41.81384911008098]], [[-72.71525266940964, 41.813855938880984], [-72.71525819660964, 41.813855938880984]], [[-72.71525266940964, 41.81389691168098], [-72.71525819660964, 41.81389691168098]], [[-72.71525266940964, 41.813876425280974], [-72.71525819660964, 41.813876425280974]], [[-72.71525174820962, 41.81389008288098], [-72.71524622100964, 41.81389008288098]], [[-72.71525174820962, 41.81386276768098], [-72.71524622100964, 41.81386276768098]], [[-72.71525174820962, 41.813876425280974], [-72.71524622100964, 41.813876425280974]], [[-72.71525819660964, 41.81384911008098], [-72.71525819660964, 41.81390374048098]], [[-72.71525266940964, 41.81386959648098], [-72.71525819660964, 41.81386959648098]], [[-72.71525266940964, 41.81386276768098], [-72.71525819660964, 41.81386276768098]], [[-72.71525174820962, 41.81388325408098], [-72.71524622100964, 41.81388325408098]], [[-72.71525266940964, 41.81388325408098], [-72.71525819660964, 41.81388325408098]], [[-72.71525266940964, 41.81389008288098], [-72.71525819660964, 41.81389008288098]], [[-72.71525174820962, 41.81389691168098], [-72.71524622100964, 41.81389691168098]], [[-72.71525266940964, 41.813900326080976], [-72.71525266940964, 41.81384911008098]], [[-72.71525819660964, 41.81390374048098], [-72.71524622100964, 41.81390374048098]], [[-72.71525174820962, 41.813900326080976], [-72.71525174820962, 41.81384911008098]], [[-72.71582012860964, 41.814367245280984], [-72.71582473460963, 41.814367245280984], [-72.71582473460963, 41.814383463680976], [-72.71582012860964, 41.814383463680976], [-72.71582012860964, 41.814367245280984]], [[-72.71485655340963, 41.813943859680975], [-72.71487313500964, 41.813943859680975], [-72.71487313500964, 41.813943006080976], [-72.71485655340963, 41.813943006080976], [-72.71485655340963, 41.813943859680975]], [[-72.71485655340963, 41.813913983680976], [-72.71487313500964, 41.813913983680976], [-72.71485655340963, 41.813913983680976]], [[-72.71510067140963, 41.81403690208098], [-72.71510067140963, 41.814042023680976], [-72.71509975020963, 41.814042023680976], [-72.71509975020963, 41.81403690208098], [-72.71510067140963, 41.81403690208098]], [[-72.71527385700965, 41.81389776528098], [-72.71527385700965, 41.813856792480976]], [[-72.71527385700965, 41.813856792480976], [-72.71528583260964, 41.813856792480976]], [[-72.71528583260964, 41.813856792480976], [-72.71528583260964, 41.81389776528098]], [[-72.71528583260964, 41.81389776528098], [-72.71527385700965, 41.81389776528098]], [[-72.71527938420964, 41.81389093648097], [-72.71527385700965, 41.81389093648097]], [[-72.71527938420964, 41.81388410768098], [-72.71527385700965, 41.81388410768098]], [[-72.71527938420964, 41.81389435088098], [-72.71527938420964, 41.813856792480976]], [[-72.71527938420964, 41.81387727888098], [-72.71527385700965, 41.81387727888098]], [[-72.71527938420964, 41.813870450080984], [-72.71527385700965, 41.813870450080984]], [[-72.71527938420964, 41.81386362128098], [-72.71527385700965, 41.81386362128098]], [[-72.71527938420964, 41.813856792480976], [-72.71527385700965, 41.813856792480976]], [[-72.71528030540964, 41.81389093648097], [-72.71528583260964, 41.81389093648097]], [[-72.71528030540964, 41.81388410768098], [-72.71528583260964, 41.81388410768098]], [[-72.71528030540964, 41.81389435088098], [-72.71528030540964, 41.813856792480976]], [[-72.71528030540964, 41.81387727888098], [-72.71528583260964, 41.81387727888098]], [[-72.71528030540964, 41.813870450080984], [-72.71528583260964, 41.813870450080984]], [[-72.71528030540964, 41.81386362128098], [-72.71528583260964, 41.81386362128098]], [[-72.71528030540964, 41.813856792480976], [-72.71528583260964, 41.813856792480976]], [[-72.71532636540964, 41.81376204288098], [-72.71532636540964, 41.81374582448098], [-72.71532912900963, 41.81374582448098], [-72.71532912900963, 41.81376204288098], [-72.71532636540964, 41.81376204288098]], [[-72.71497907300963, 41.81423835168098], [-72.71497262460963, 41.81423835168098], [-72.71497262460963, 41.81422896208098], [-72.71497907300963, 41.81422896208098], [-72.71497907300963, 41.81423835168098]], [[-72.71438029300964, 41.814353587680976], [-72.71438305660963, 41.814353587680976], [-72.71438305660963, 41.81435102688098], [-72.71438029300964, 41.81435102688098], [-72.71438029300964, 41.814353587680976]], [[-72.71439595340964, 41.81434590528098], [-72.71439595340964, 41.81434078368098]], [[-72.71438305660963, 41.81435017328098], [-72.71438305660963, 41.81434846608098], [-72.71438029300964, 41.81434846608098], [-72.71437937180964, 41.81434846608098], [-72.71437937180964, 41.81435017328098], [-72.71438029300964, 41.81435017328098], [-72.71438305660963, 41.81435017328098]], [[-72.71438950500963, 41.81434163728098], [-72.71438858380964, 41.81434163728098], [-72.71438950500963, 41.81434163728098]], [[-72.71438397780963, 41.81434078368098], [-72.71437937180964, 41.81434078368098], [-72.71437937180964, 41.81435102688098], [-72.71438397780963, 41.81435102688098], [-72.71438397780963, 41.81434590528098]], [[-72.71439595340964, 41.81434590528098], [-72.71438397780963, 41.81434590528098]], [[-72.71439871700963, 41.814353587680976], [-72.71439687460965, 41.814353587680976], [-72.71439687460965, 41.81435102688098], [-72.71439871700963, 41.81435102688098], [-72.71439871700963, 41.814353587680976]], [[-72.71439595340964, 41.81434078368098], [-72.71439963820963, 41.81434078368098], [-72.71439963820963, 41.81435102688098], [-72.71439595340964, 41.81435102688098], [-72.71439595340964, 41.81434590528098]], [[-72.71438397780963, 41.81434846608098], [-72.71439595340964, 41.81434846608098]], [[-72.71439595340964, 41.81435017328098], [-72.71439595340964, 41.81434846608098], [-72.71439963820963, 41.81434846608098], [-72.71439963820963, 41.81435017328098], [-72.71439595340964, 41.81435017328098]], [[-72.71438397780963, 41.81434078368098], [-72.71439595340964, 41.81434078368098]], [[-72.71438397780963, 41.81434590528098], [-72.71438397780963, 41.81434078368098]], [[-72.71438397780963, 41.81434078368098], [-72.71439595340964, 41.81434078368098]], [[-72.71494130380964, 41.81422469408098], [-72.71493485540964, 41.81422469408098], [-72.71493485540964, 41.81421445088098], [-72.71494130380964, 41.81421445088098], [-72.71494130380964, 41.81422469408098]], [[-72.71501039380964, 41.81375350688098], [-72.71501039380964, 41.81376460368098]], [[-72.71500763020964, 41.813758628480976], [-72.71500763020964, 41.81375606768098], [-72.71501039380964, 41.81375606768098], [-72.71501039380964, 41.813761189280974], [-72.71501039380964, 41.813758628480976], [-72.71500763020964, 41.813758628480976]], [[-72.71484457780963, 41.81419055008098], [-72.71484457780963, 41.81418713568098], [-72.71484642020964, 41.81418713568098], [-72.71484642020964, 41.81419055008098], [-72.71484457780963, 41.81419055008098]], [[-72.71478285740965, 41.814313468480975], [-72.71478285740965, 41.81431859008098], [-72.71478377860963, 41.81431859008098], [-72.71478377860963, 41.814313468480975], [-72.71478285740965, 41.814313468480975]], [[-72.71527293580964, 41.813975442880974], [-72.71527938420964, 41.813975442880974]], [[-72.71527293580964, 41.81398227168098], [-72.71527938420964, 41.81398227168098]], [[-72.71528675380964, 41.81394983488098], [-72.71528030540964, 41.81394983488098]], [[-72.71528675380964, 41.81393703088098], [-72.71528675380964, 41.81399507568098]], [[-72.71528675380964, 41.81396263888098], [-72.71528030540964, 41.81396263888098]], [[-72.71527293580964, 41.81395666368098], [-72.71527938420964, 41.81395666368098]], [[-72.71527293580964, 41.81396946768098], [-72.71527938420964, 41.81396946768098]], [[-72.71528675380964, 41.81395666368098], [-72.71528030540964, 41.81395666368098]], [[-72.71527293580964, 41.81398824688098], [-72.71527938420964, 41.81398824688098]], [[-72.71527938420964, 41.81399080768098], [-72.71527938420964, 41.81393703088098]], [[-72.71527293580964, 41.813943006080976], [-72.71527938420964, 41.813943006080976]], [[-72.71527293580964, 41.81396263888098], [-72.71527938420964, 41.81396263888098]], [[-72.71528675380964, 41.813975442880974], [-72.71528030540964, 41.813975442880974]], [[-72.71527293580964, 41.81393703088098], [-72.71528675380964, 41.81393703088098]], [[-72.71527293580964, 41.81399507568098], [-72.71527293580964, 41.81393703088098]], [[-72.71528675380964, 41.813943006080976], [-72.71528030540964, 41.813943006080976]], [[-72.71528675380964, 41.81398824688098], [-72.71528030540964, 41.81398824688098]], [[-72.71528675380964, 41.81396946768098], [-72.71528030540964, 41.81396946768098]], [[-72.71528030540964, 41.81399080768098], [-72.71528030540964, 41.81393703088098]], [[-72.71527293580964, 41.81394983488098], [-72.71527938420964, 41.81394983488098]], [[-72.71528675380964, 41.81398227168098], [-72.71528030540964, 41.81398227168098]], [[-72.71528675380964, 41.81399507568098], [-72.71527293580964, 41.81399507568098]], [[-72.71525082700964, 41.81392593408098], [-72.71524529980962, 41.81392593408098], [-72.71524529980962, 41.81393020208098], [-72.71525082700964, 41.81393020208098], [-72.71525082700964, 41.81392593408098]], [[-72.71473863980964, 41.813999343680976], [-72.71474969420963, 41.813999343680976]], [[-72.71474969420963, 41.81400446528098], [-72.71473863980964, 41.81400446528098]], [[-72.71473863980964, 41.813999343680976], [-72.71474969420963, 41.813999343680976]], [[-72.71474969420963, 41.813999343680976], [-72.71474969420963, 41.81400446528098]], [[-72.71473863980964, 41.813999343680976], [-72.71473863980964, 41.81400446528098]], [[-72.71503710860964, 41.81387727888098], [-72.71503710860964, 41.813872157280976], [-72.71503250260963, 41.813872157280976], [-72.71503250260963, 41.81387727888098], [-72.71503710860964, 41.81387727888098]], [[-72.71497630940964, 41.81422042608097], [-72.71497815180963, 41.81422042608097], [-72.71497815180963, 41.814215304480975], [-72.71497630940964, 41.814215304480975]], [[-72.71497354580964, 41.81421957248098], [-72.71497354580964, 41.81421615808098], [-72.71497723060963, 41.81421615808098], [-72.71497723060963, 41.81421957248098], [-72.71497354580964, 41.81421957248098]], [[-72.71539177060963, 41.81379191888098], [-72.71539361300964, 41.81380728368097]], [[-72.71539453420964, 41.81380813728098], [-72.71540190380964, 41.81380728368097]], [[-72.71540282500963, 41.81380643008098], [-72.71540098260964, 41.81379106528098]], [[-72.71540098260964, 41.81379106528098], [-72.71539177060963, 41.81379191888098]], [[-72.71521766380964, 41.81391313008098], [-72.71521766380964, 41.813872157280976]], [[-72.71521766380964, 41.813872157280976], [-72.71523056060964, 41.813872157280976]], [[-72.71523056060964, 41.813872157280976], [-72.71523056060964, 41.81391313008098]], [[-72.71523056060964, 41.81391313008098], [-72.71521766380964, 41.81391313008098]], [[-72.71522411220964, 41.81390630128098], [-72.71521766380964, 41.81390630128098]], [[-72.71522411220964, 41.81389947248098], [-72.71521766380964, 41.81389947248098]], [[-72.71522411220964, 41.81390971568098], [-72.71522411220964, 41.813872157280976]], [[-72.71522411220964, 41.81389264368098], [-72.71521766380964, 41.81389264368098]], [[-72.71522411220964, 41.813885814880976], [-72.71521766380964, 41.813885814880976]], [[-72.71522411220964, 41.81387898608098], [-72.71521766380964, 41.81387898608098]], [[-72.71522411220964, 41.81390630128098], [-72.71523056060964, 41.81390630128098]], [[-72.71522411220964, 41.81389947248098], [-72.71523056060964, 41.81389947248098]], [[-72.71522411220964, 41.81390971568098], [-72.71522411220964, 41.813872157280976]], [[-72.71522411220964, 41.81389264368098], [-72.71523056060964, 41.81389264368098]], [[-72.71522411220964, 41.813885814880976], [-72.71523056060964, 41.813885814880976]], [[-72.71522411220964, 41.81387898608098], [-72.71523056060964, 41.81387898608098]], [[-72.71471745220964, 41.81398824688098], [-72.71471745220964, 41.81397800368098]], [[-72.71471192500964, 41.81397800368098], [-72.71471192500964, 41.81398824688098]], [[-72.71471745220964, 41.81398824688098], [-72.71471745220964, 41.81397800368098]], [[-72.71471745220964, 41.81398824688098], [-72.71471192500964, 41.81398824688098]], [[-72.71471745220964, 41.81397800368098], [-72.71471192500964, 41.81397800368098]], [[-72.71480128140963, 41.81393361648098], [-72.71480128140963, 41.813928494880976], [-72.71480220260963, 41.813928494880976], [-72.71480220260963, 41.81393361648098], [-72.71480128140963, 41.81393361648098]], [[-72.71502697540964, 41.813975442880974], [-72.71503342380964, 41.813975442880974]], [[-72.71502697540964, 41.81398824688098], [-72.71502697540964, 41.813975442880974]], [[-72.71502052700964, 41.813975442880974], [-72.71502052700964, 41.81398824688098]], [[-72.71503342380964, 41.81398824688098], [-72.71502697540964, 41.81398824688098]], [[-72.71502697540964, 41.813975442880974], [-72.71502052700964, 41.813975442880974]], [[-72.71503342380964, 41.813975442880974], [-72.71503342380964, 41.81398824688098]], [[-72.71502052700964, 41.81398824688098], [-72.71502697540964, 41.81398824688098]], [[-72.71502697540964, 41.81398824688098], [-72.71502697540964, 41.813975442880974]], [[-72.71491090420965, 41.81437919568098], [-72.71492195860964, 41.81437919568098], [-72.71492195860964, 41.81437236688098], [-72.71491090420965, 41.81437236688098], [-72.71491090420965, 41.81437919568098]], [[-72.71434160260964, 41.81424774128098], [-72.71435449940964, 41.81424774128098]], [[-72.71434252380963, 41.81424774128098], [-72.71434160260964, 41.81424774128098]], [[-72.71434160260964, 41.81424688768097], [-72.71434160260964, 41.81424774128098]], [[-72.71434160260964, 41.81424774128098], [-72.71434160260964, 41.81424688768097]], [[-72.71435449940964, 41.81424774128098], [-72.71435449940964, 41.81424688768097]], [[-72.71434160260964, 41.81424774128098], [-72.71434160260964, 41.81424688768097]], [[-72.71435449940964, 41.81424774128098], [-72.71435542060964, 41.81424774128098], [-72.71435542060964, 41.81424688768097], [-72.71435449940964, 41.81424688768097]], [[-72.71435449940964, 41.81424688768097], [-72.71435449940964, 41.81424774128098]], [[-72.71435449940964, 41.81424688768097], [-72.71435357820964, 41.81424688768097]], [[-72.71434160260964, 41.81424688768097], [-72.71434252380963, 41.81424688768097]], [[-72.71435357820964, 41.81424774128098], [-72.71435449940964, 41.81424774128098]], [[-72.71435449940964, 41.81424688768097], [-72.71434160260964, 41.81424688768097]], [[-72.71578328060963, 41.81418030688098], [-72.71578328060963, 41.81418542848098]], [[-72.71576577780964, 41.81418030688098], [-72.71578328060963, 41.81418030688098]], [[-72.71576577780964, 41.81418542848098], [-72.71576577780964, 41.81418030688098]], [[-72.71578328060963, 41.81418542848098], [-72.71576577780964, 41.81418542848098]], [[-72.71551244780964, 41.81373899568098], [-72.71551889620964, 41.81373899568098], [-72.71551889620964, 41.81374326368098], [-72.71551244780964, 41.81374326368098], [-72.71551244780964, 41.81373899568098]], [[-72.71578604420964, 41.81438687808098], [-72.71578604420964, 41.81439456048098]], [[-72.71579065020964, 41.81439456048098], [-72.71579065020964, 41.81438687808098]], [[-72.71578604420964, 41.81439456048098], [-72.71579065020964, 41.81439456048098]], [[-72.71578604420964, 41.814381756480984], [-72.71578604420964, 41.81438858528097]], [[-72.71579065020964, 41.81439456048098], [-72.71578604420964, 41.81439456048098], [-72.71578604420964, 41.81439626768098], [-72.71579065020964, 41.81439626768098], [-72.71579065020964, 41.81439456048098]], [[-72.71577959580964, 41.814381756480984], [-72.71578604420964, 41.814381756480984]], [[-72.71577959580964, 41.81438858528097], [-72.71577959580964, 41.814381756480984]], [[-72.71578604420964, 41.81438858528097], [-72.71577959580964, 41.81438858528097]], [[-72.71579065020964, 41.81438687808098], [-72.71578604420964, 41.81438687808098]], [[-72.71572524500964, 41.814381756480984], [-72.71573169340964, 41.814381756480984]], [[-72.71573169340964, 41.81438858528097], [-72.71572524500964, 41.81438858528097]], [[-72.71573169340964, 41.81438687808098], [-72.71573169340964, 41.81439456048098]], [[-72.71573629940963, 41.81439456048098], [-72.71573629940963, 41.81438687808098]], [[-72.71573169340964, 41.81439456048098], [-72.71573629940963, 41.81439456048098]], [[-72.71573629940963, 41.81438687808098], [-72.71573169340964, 41.81438687808098]], [[-72.71573169340964, 41.814381756480984], [-72.71573169340964, 41.81438858528097]], [[-72.71572524500964, 41.81438858528097], [-72.71572524500964, 41.814381756480984]], [[-72.71573629940963, 41.81439456048098], [-72.71573169340964, 41.81439456048098], [-72.71573169340964, 41.81439626768098], [-72.71573629940963, 41.81439626768098], [-72.71573629940963, 41.81439456048098]], [[-72.71556127140963, 41.814227254880976], [-72.71556127140963, 41.81422896208098]], [[-72.71556127140963, 41.814227254880976], [-72.71556127140963, 41.81422896208098]], [[-72.71555850780963, 41.81423237648097], [-72.71555850780963, 41.81422810848098]], [[-72.71557140460965, 41.814227254880976], [-72.71557140460965, 41.81422896208098]], [[-72.71557416820963, 41.81423408368098], [-72.71557416820963, 41.814227254880976]], [[-72.71555850780963, 41.81423408368098], [-72.71555850780963, 41.814227254880976]], [[-72.71555850780963, 41.81423152288098], [-72.71557416820963, 41.81423152288098]], [[-72.71557140460965, 41.814227254880976], [-72.71557140460965, 41.81422896208098]], [[-72.71557416820963, 41.81422896208098], [-72.71555850780963, 41.81422896208098]], [[-72.71555850780963, 41.814227254880976], [-72.71557416820963, 41.814227254880976]], [[-72.71555850780963, 41.81423408368098], [-72.71557416820963, 41.81423408368098]], [[-72.71557508940964, 41.81427847088098], [-72.71556679860963, 41.81427847088098]], [[-72.71557508940964, 41.814257984480975], [-72.71557508940964, 41.81427847088098]], [[-72.71556679860963, 41.81427591008098], [-72.71556587740965, 41.81427591008098]], [[-72.71556679860963, 41.81426054528098], [-72.71556587740965, 41.81426054528098]], [[-72.71556587740965, 41.81426054528098], [-72.71556679860963, 41.81426054528098]], [[-72.71556587740965, 41.81427847088098], [-72.71556679860963, 41.81427847088098]], [[-72.71556587740965, 41.81427591008098], [-72.71556679860963, 41.81427591008098]], [[-72.71557416820963, 41.814257984480975], [-72.71557416820963, 41.81427847088098]], [[-72.71556956220964, 41.814257984480975], [-72.71556956220964, 41.81427847088098]], [[-72.71556587740965, 41.81426054528098], [-72.71556679860963, 41.81426054528098]], [[-72.71556311380964, 41.81427505648098], [-72.71556956220964, 41.81427505648098]], [[-72.71556587740965, 41.81427847088098], [-72.71555758660963, 41.81427847088098]], [[-72.71556311380964, 41.81427591008098], [-72.71556956220964, 41.81427591008098]], [[-72.71556587740965, 41.81427505648098], [-72.71556679860963, 41.81427505648098]], [[-72.71555758660963, 41.814257984480975], [-72.71556587740965, 41.814257984480975]], [[-72.71556311380964, 41.814257984480975], [-72.71556311380964, 41.81427847088098]], [[-72.71556587740965, 41.814257984480975], [-72.71556035020964, 41.814257984480975]], [[-72.71557416820963, 41.814257984480975], [-72.71556956220964, 41.814257984480975]], [[-72.71556587740965, 41.81426054528098], [-72.71556679860963, 41.81426054528098]], [[-72.71556587740965, 41.814257984480975], [-72.71556587740965, 41.81427847088098]], [[-72.71556679860963, 41.814257984480975], [-72.71557232580963, 41.814257984480975]], [[-72.71556679860963, 41.81427847088098], [-72.71556679860963, 41.814257984480975]], [[-72.71555758660963, 41.81427847088098], [-72.71555758660963, 41.814257984480975]], [[-72.71556679860963, 41.814257984480975], [-72.71557508940964, 41.814257984480975]], [[-72.71556311380964, 41.814257984480975], [-72.71555850780963, 41.814257984480975]], [[-72.71556311380964, 41.81426054528098], [-72.71556956220964, 41.81426054528098]], [[-72.71557416820963, 41.81427847088098], [-72.71556956220964, 41.81427847088098]], [[-72.71556311380964, 41.81426054528098], [-72.71556956220964, 41.81426054528098]], [[-72.71556679860963, 41.81427505648098], [-72.71556679860963, 41.81427591008098]], [[-72.71555850780963, 41.814257984480975], [-72.71555850780963, 41.81427847088098]], [[-72.71556587740965, 41.81427591008098], [-72.71556587740965, 41.81427505648098]], [[-72.71556587740965, 41.814257984480975], [-72.71556679860963, 41.814257984480975]], [[-72.71556311380964, 41.81427847088098], [-72.71555850780963, 41.81427847088098]], [[-72.71556587740965, 41.81427505648098], [-72.71556679860963, 41.81427505648098]], [[-72.71514028300963, 41.81428871408098], [-72.71514028300963, 41.81428359248098], [-72.71513844060964, 41.81428359248098], [-72.71513844060964, 41.81428871408098], [-72.71514028300963, 41.81428871408098]], [[-72.71552350220963, 41.814298957280975], [-72.71554100500964, 41.814298957280975], [-72.71554100500964, 41.81430493248098], [-72.71554100500964, 41.81430578608098], [-72.71554008380964, 41.81430663968098], [-72.71553916260963, 41.81430749328098], [-72.71553824140963, 41.81430749328098], [-72.71553824140963, 41.81430834688098], [-72.71552626580963, 41.81430834688098], [-72.71552534460965, 41.81430749328098], [-72.71552442340965, 41.81430749328098], [-72.71552442340965, 41.81430663968098], [-72.71552350220963, 41.81430663968098], [-72.71552350220963, 41.81430578608098], [-72.71552350220963, 41.81430493248098], [-72.71552350220963, 41.814298957280975]], [[-72.71580538940964, 41.81431944368098], [-72.71582381340963, 41.81431944368098], [-72.71582381340963, 41.814325418880976], [-72.71582381340963, 41.814326272480976], [-72.71582289220964, 41.81432712608098], [-72.71582289220964, 41.814327979680975], [-72.71582197100965, 41.814327979680975], [-72.71582104980963, 41.81432883328098], [-72.71580907420963, 41.81432883328098], [-72.71580815300963, 41.81432883328098], [-72.71580815300963, 41.814327979680975], [-72.71580723180963, 41.814327979680975], [-72.71580723180963, 41.81432712608098], [-72.71580631060964, 41.81432712608098], [-72.71580631060964, 41.814326272480976], [-72.71580631060964, 41.814325418880976], [-72.71580538940964, 41.814325418880976], [-72.71580538940964, 41.81431944368098]], [[-72.71441990460964, 41.81427932448098], [-72.71442266820964, 41.814281031680984], [-72.71442266820964, 41.81428615328098], [-72.71441990460964, 41.814287006880974], [-72.71441990460964, 41.81427932448098]], [[-72.71429646380963, 41.814339930080976], [-72.71429646380963, 41.81433822288098], [-72.71429093660964, 41.81433822288098], [-72.71429093660964, 41.814339930080976]], [[-72.71429554260963, 41.81434163728098], [-72.71429185780964, 41.81434163728098], [-72.71429185780964, 41.81433822288098], [-72.71429554260963, 41.81433822288098], [-72.71429554260963, 41.81434163728098]], [[-72.71539177060963, 41.813828623680976], [-72.71539361300964, 41.81384398848098]], [[-72.71539453420964, 41.813844842080975], [-72.71540190380964, 41.81384398848098]], [[-72.71540282500963, 41.813843134880976], [-72.71540098260964, 41.81382777008098]], [[-72.71540098260964, 41.81382777008098], [-72.71539177060963, 41.813828623680976]], [[-72.71530517780964, 41.81375777488098], [-72.71529872940962, 41.81375777488098]], [[-72.71530794140963, 41.81375009248098], [-72.71530794140963, 41.81375777488098]], [[-72.71530794140963, 41.81375777488098], [-72.71531438980963, 41.81375777488098]], [[-72.71529872940962, 41.81375777488098], [-72.71530517780964, 41.81375777488098]], [[-72.71530517780964, 41.81375777488098], [-72.71530517780964, 41.81376545728098]], [[-72.71530517780964, 41.81376545728098], [-72.71529872940962, 41.81376545728098]], [[-72.71531438980963, 41.81375777488098], [-72.71530794140963, 41.81375777488098]], [[-72.71530794140963, 41.81375777488098], [-72.71530794140963, 41.81376545728098]], [[-72.71530794140963, 41.81376545728098], [-72.71531438980963, 41.81376545728098]], [[-72.71529872940962, 41.81376631088098], [-72.71530517780964, 41.81376631088098]], [[-72.71530517780964, 41.81376631088098], [-72.71530517780964, 41.81377399328098]], [[-72.71530517780964, 41.81377399328098], [-72.71529872940962, 41.81377399328098]], [[-72.71531438980963, 41.81376631088098], [-72.71530794140963, 41.81376631088098]], [[-72.71530794140963, 41.81376631088098], [-72.71530794140963, 41.81377399328098]], [[-72.71529872940962, 41.81377399328098], [-72.71530517780964, 41.81377399328098]], [[-72.71530517780964, 41.81377399328098], [-72.71530517780964, 41.81378167568098]], [[-72.71530517780964, 41.81378167568098], [-72.71529872940962, 41.81378167568098]], [[-72.71530794140963, 41.81377399328098], [-72.71530794140963, 41.81378167568098]], [[-72.71530517780964, 41.81378252928098], [-72.71530517780964, 41.813790211680974]], [[-72.71530517780964, 41.813790211680974], [-72.71529872940962, 41.813790211680974]], [[-72.71531438980963, 41.81378252928098], [-72.71530794140963, 41.81378252928098]], [[-72.71530517780964, 41.81379789408098], [-72.71529872940962, 41.81379789408098]], [[-72.71531438980963, 41.813790211680974], [-72.71530794140963, 41.813790211680974]], [[-72.71529872940962, 41.81379789408098], [-72.71530517780964, 41.81379789408098]], [[-72.71530517780964, 41.81379789408098], [-72.71530517780964, 41.81380557648098]], [[-72.71530794140963, 41.81379789408098], [-72.71530794140963, 41.81380557648098]], [[-72.71530517780964, 41.813814112480976], [-72.71529872940962, 41.813814112480976]], [[-72.71531438980963, 41.81380643008098], [-72.71530794140963, 41.81380643008098]], [[-72.71530794140963, 41.813814112480976], [-72.71530794140963, 41.81382179488097]], [[-72.71530794140963, 41.81382179488097], [-72.71531438980963, 41.81382179488097]], [[-72.71530517780964, 41.813830330880975], [-72.71530517780964, 41.81382264848098]], [[-72.71530517780964, 41.81382264848098], [-72.71529872940962, 41.81382264848098]], [[-72.71530794140963, 41.813830330880975], [-72.71530794140963, 41.81382264848098]], [[-72.71529872940962, 41.81375009248098], [-72.71531438980963, 41.81375009248098]], [[-72.71531438980963, 41.81375009248098], [-72.71531438980963, 41.813830330880975]], [[-72.71531438980963, 41.813830330880975], [-72.71529872940962, 41.813830330880975]], [[-72.71529872940962, 41.813830330880975], [-72.71529872940962, 41.81375009248098]], [[-72.71531438980963, 41.81379789408098], [-72.71530794140963, 41.81379789408098]], [[-72.71530794140963, 41.81379789408098], [-72.71531438980963, 41.81379789408098]], [[-72.71530794140963, 41.81380557648098], [-72.71531438980963, 41.81380557648098]], [[-72.71530794140963, 41.813790211680974], [-72.71530794140963, 41.81379789408098]], [[-72.71530794140963, 41.81382264848098], [-72.71531438980963, 41.81382264848098]], [[-72.71530517780964, 41.81382179488097], [-72.71529872940962, 41.81382179488097]], [[-72.71530517780964, 41.81380557648098], [-72.71529872940962, 41.81380557648098]], [[-72.71530794140963, 41.813790211680974], [-72.71531438980963, 41.813790211680974]], [[-72.71529872940962, 41.813790211680974], [-72.71530517780964, 41.813790211680974]], [[-72.71530794140963, 41.81377399328098], [-72.71531438980963, 41.81377399328098]], [[-72.71530517780964, 41.813814112480976], [-72.71530517780964, 41.81382179488097]], [[-72.71529872940962, 41.813814112480976], [-72.71530517780964, 41.813814112480976]], [[-72.71529872940962, 41.81380643008098], [-72.71530517780964, 41.81380643008098]], [[-72.71531438980963, 41.81377399328098], [-72.71530794140963, 41.81377399328098]], [[-72.71530794140963, 41.81380643008098], [-72.71530794140963, 41.813814112480976]], [[-72.71529872940962, 41.81378252928098], [-72.71530517780964, 41.81378252928098]], [[-72.71530794140963, 41.813814112480976], [-72.71531438980963, 41.813814112480976]], [[-72.71530517780964, 41.81380643008098], [-72.71530517780964, 41.813814112480976]], [[-72.71530794140963, 41.81378167568098], [-72.71531438980963, 41.81378167568098]], [[-72.71531438980963, 41.813814112480976], [-72.71530794140963, 41.813814112480976]], [[-72.71530517780964, 41.813790211680974], [-72.71530517780964, 41.81379789408098]], [[-72.71530517780964, 41.81375009248098], [-72.71530517780964, 41.81375777488098]], [[-72.71530794140963, 41.81378252928098], [-72.71530794140963, 41.813790211680974]], [[-72.71523424540963, 41.813830330880975], [-72.71523424540963, 41.81383715968098]], [[-72.71523424540963, 41.81383715968098], [-72.71523424540963, 41.813830330880975]], [[-72.71523424540963, 41.813830330880975], [-72.71521674260963, 41.813830330880975]], [[-72.71522595460964, 41.81383801328098], [-72.71522595460964, 41.81383715968098]], [[-72.71523332420963, 41.81383715968098], [-72.71522595460964, 41.81383715968098]], [[-72.71521674260963, 41.81383715968098], [-72.71521674260963, 41.81383972048098]], [[-72.71522595460964, 41.81383801328098], [-72.71523332420963, 41.81383801328098]], [[-72.71521674260963, 41.813830330880975], [-72.71521674260963, 41.81383715968098]], [[-72.71523332420963, 41.81383801328098], [-72.71523332420963, 41.81383715968098]], [[-72.71523332420963, 41.81383715968098], [-72.71523424540963, 41.81383715968098]], [[-72.71521674260963, 41.81383715968098], [-72.71521674260963, 41.81383801328098]], [[-72.71521674260963, 41.813830330880975], [-72.71523424540963, 41.813830330880975]], [[-72.71521674260963, 41.81383715968098], [-72.71521674260963, 41.813830330880975]], [[-72.71523424540963, 41.81383972048098], [-72.71523424540963, 41.81383715968098]], [[-72.71521674260963, 41.81383972048098], [-72.71523424540963, 41.81383972048098]], [[-72.71521674260963, 41.81383801328098], [-72.71522595460964, 41.81383801328098]], [[-72.71522595460964, 41.81383715968098], [-72.71522595460964, 41.81383801328098]], [[-72.71522595460964, 41.81383715968098], [-72.71522595460964, 41.813830330880975]], [[-72.71530149300963, 41.81394044528098], [-72.71531438980963, 41.81394044528098]], [[-72.71531438980963, 41.81394044528098], [-72.71531438980963, 41.81393361648098]], [[-72.71531438980963, 41.81393361648098], [-72.71530149300963, 41.81393361648098]], [[-72.71530149300963, 41.81393361648098], [-72.71530149300963, 41.81394044528098]], [[-72.71530794140963, 41.81394044528098], [-72.71530794140963, 41.81393703088098]], [[-72.71530886260965, 41.81389605808098], [-72.71530886260965, 41.81390630128098]], [[-72.71530886260965, 41.81390630128098], [-72.71529965060964, 41.81390630128098]], [[-72.71529965060964, 41.81390630128098], [-72.71529965060964, 41.81389605808098]], [[-72.71529965060964, 41.81389605808098], [-72.71530886260965, 41.81389605808098]], [[-72.71530517780964, 41.81389605808098], [-72.71530517780964, 41.81390630128098]], [[-72.71530886260965, 41.81386703568098], [-72.71530886260965, 41.81387727888098]], [[-72.71530886260965, 41.81387727888098], [-72.71531807460964, 41.81387727888098]], [[-72.71531807460964, 41.81387727888098], [-72.71531807460964, 41.81386703568098]], [[-72.71531807460964, 41.81386703568098], [-72.71530886260965, 41.81386703568098]], [[-72.71531254740964, 41.81386703568098], [-72.71531254740964, 41.81387727888098]], [[-72.71479206940964, 41.813999343680976], [-72.71480312380963, 41.813999343680976]], [[-72.71480312380963, 41.81400446528098], [-72.71479206940964, 41.81400446528098]], [[-72.71479206940964, 41.813999343680976], [-72.71480312380963, 41.813999343680976]], [[-72.71480312380963, 41.813999343680976], [-72.71480312380963, 41.81400446528098]], [[-72.71479206940964, 41.813999343680976], [-72.71479206940964, 41.81400446528098]], [[-72.71505829620963, 41.81399336848098], [-72.71505829620963, 41.81394129888098]], [[-72.71506474460963, 41.81399336848098], [-72.71506474460963, 41.81394129888098]], [[-72.71506566580963, 41.81399336848098], [-72.71506566580963, 41.81394129888098]], [[-72.71505921740963, 41.81400019728098], [-72.71505921740963, 41.81399336848098]], [[-72.71505921740963, 41.81399336848098], [-72.71507027180964, 41.81399336848098]], [[-72.71507027180964, 41.81399336848098], [-72.71506566580963, 41.81399336848098]], [[-72.71507211420963, 41.81399336848098], [-72.71507211420963, 41.81394129888098]], [[-72.71505829620963, 41.81399336848098], [-72.71505921740963, 41.81399336848098]], [[-72.71507027180964, 41.81399336848098], [-72.71507211420963, 41.81399336848098]], [[-72.71506474460963, 41.81399336848098], [-72.71505921740963, 41.81399336848098]], [[-72.71507027180964, 41.81400019728098], [-72.71507027180964, 41.81399336848098]], [[-72.71505921740963, 41.81400019728098], [-72.71507027180964, 41.81400019728098]], [[-72.71506474460963, 41.813983125280984], [-72.71506382340964, 41.813983125280984]], [[-72.71506382340964, 41.81396178528098], [-72.71506474460963, 41.81396178528098]], [[-72.71506382340964, 41.813983125280984], [-72.71506382340964, 41.81398227168098]], [[-72.71507027180964, 41.81399422208098], [-72.71507027180964, 41.81399336848098]], [[-72.71505921740963, 41.81399336848098], [-72.71505921740963, 41.81399422208098]], [[-72.71506566580963, 41.81394129888098], [-72.71507211420963, 41.81394129888098]], [[-72.71505921740963, 41.81399422208098], [-72.71506013860963, 41.81399422208098]], [[-72.71506566580963, 41.813972882080975], [-72.71506566580963, 41.813972028480975]], [[-72.71506290220964, 41.81394129888098], [-72.71506474460963, 41.81394129888098]], [[-72.71506382340964, 41.813972882080975], [-72.71506382340964, 41.813972028480975]], [[-72.71506566580963, 41.813983125280984], [-72.71506566580963, 41.81398227168098]], [[-72.71506474460963, 41.81394129888098], [-72.71506566580963, 41.81394129888098]], [[-72.71506474460963, 41.81394129888098], [-72.71505829620963, 41.81394129888098]], [[-72.71506658700963, 41.81394129888098], [-72.71506566580963, 41.81394129888098]], [[-72.71506013860963, 41.81399422208098], [-72.71506013860963, 41.81399336848098]], [[-72.71506382340964, 41.813972028480975], [-72.71506474460963, 41.813972028480975]], [[-72.71506658700963, 41.81394129888098], [-72.71506566580963, 41.81394129888098]], [[-72.71507027180964, 41.81399336848098], [-72.71507027180964, 41.81399422208098]], [[-72.71506474460963, 41.81395154208098], [-72.71506382340964, 41.81395154208098]], [[-72.71506474460963, 41.81396178528098], [-72.71506382340964, 41.81396178528098]], [[-72.71506474460963, 41.813972882080975], [-72.71506382340964, 41.813972882080975]], [[-72.71506382340964, 41.81395154208098], [-72.71506474460963, 41.81395154208098]], [[-72.71506290220964, 41.81394129888098], [-72.71506474460963, 41.81394129888098]], [[-72.71506382340964, 41.81398227168098], [-72.71506474460963, 41.81398227168098]], [[-72.71502052700964, 41.81403604848098], [-72.71502052700964, 41.814041170080976], [-72.71501960580963, 41.814041170080976], [-72.71501960580963, 41.81403604848098], [-72.71502052700964, 41.81403604848098]], [[-72.71434160260964, 41.81425457008098], [-72.71434160260964, 41.814255423680976]], [[-72.71434160260964, 41.81425457008098], [-72.71435449940964, 41.81425457008098]], [[-72.71435449940964, 41.814256277280975], [-72.71435449940964, 41.81425457008098]], [[-72.71434252380963, 41.81425457008098], [-72.71434160260964, 41.81425457008098]], [[-72.71435449940964, 41.81425457008098], [-72.71435449940964, 41.814255423680976]], [[-72.71434160260964, 41.814256277280975], [-72.71434252380963, 41.814256277280975], [-72.71434252380963, 41.814255423680976]], [[-72.71435449940964, 41.814256277280975], [-72.71435357820964, 41.814256277280975], [-72.71435357820964, 41.814255423680976]], [[-72.71434160260964, 41.81425457008098], [-72.71434160260964, 41.814256277280975]], [[-72.71435449940964, 41.81425457008098], [-72.71435542060964, 41.81425457008098], [-72.71435542060964, 41.814256277280975], [-72.71435449940964, 41.814256277280975]], [[-72.71435449940964, 41.814255423680976], [-72.71434160260964, 41.814255423680976]], [[-72.71435357820964, 41.81425457008098], [-72.71435449940964, 41.81425457008098]], [[-72.71434160260964, 41.814256277280975], [-72.71434160260964, 41.81425457008098]], [[-72.71496617620963, 41.81400446528098], [-72.71496617620963, 41.81400019728098]], [[-72.71496617620963, 41.81400019728098], [-72.71497723060963, 41.81400019728098]], [[-72.71497723060963, 41.81400019728098], [-72.71497723060963, 41.81400446528098]], [[-72.71497723060963, 41.81400446528098], [-72.71496617620963, 41.81400446528098]], [[-72.71496617620963, 41.814001050880975], [-72.71497723060963, 41.814001050880975]], [[-72.71513936180965, 41.81375009248098], [-72.71513936180965, 41.81375436048098], [-72.71513475580963, 41.81375436048098], [-72.71513475580963, 41.81375009248098], [-72.71513936180965, 41.81375009248098]], [[-72.71514581020963, 41.81431944368098], [-72.71514581020963, 41.81432968688098], [-72.71513936180965, 41.81432968688098], [-72.71513936180965, 41.81431944368098], [-72.71514581020963, 41.81431944368098]], [[-72.71429001540963, 41.814330540480974], [-72.71430106980964, 41.814330540480974], [-72.71430106980964, 41.81433651568098], [-72.71429001540963, 41.81433651568098], [-72.71429001540963, 41.814330540480974]], [[-72.71430106980964, 41.814330540480974], [-72.71430106980964, 41.81433651568098], [-72.71429093660964, 41.81433651568098], [-72.71429093660964, 41.814330540480974]], [[-72.71552902940964, 41.814281031680984], [-72.71553547780964, 41.814281031680984]], [[-72.71553547780964, 41.81427847088098], [-72.71553547780964, 41.814298957280975]], [[-72.71553271420963, 41.814298957280975], [-72.71553271420963, 41.81427847088098]], [[-72.71553179300963, 41.81427847088098], [-72.71553271420963, 41.81427847088098]], [[-72.71554100500964, 41.81427847088098], [-72.71554100500964, 41.814298957280975]], [[-72.71553179300963, 41.814281031680984], [-72.71553271420963, 41.814281031680984]], [[-72.71552902940964, 41.81427847088098], [-72.71552902940964, 41.814298957280975]], [[-72.71552442340965, 41.81427847088098], [-72.71552442340965, 41.814298957280975]], [[-72.71553271420963, 41.81427847088098], [-72.71553824140963, 41.81427847088098]], [[-72.71553179300963, 41.81429639648098], [-72.71553271420963, 41.81429639648098]], [[-72.71553916260963, 41.814298957280975], [-72.71553547780964, 41.814298957280975]], [[-72.71552350220963, 41.814298957280975], [-72.71552350220963, 41.81427847088098]], [[-72.71553271420963, 41.814281031680984], [-72.71553179300963, 41.814281031680984]], [[-72.71553179300963, 41.81429639648098], [-72.71553179300963, 41.81429554288098]], [[-72.71552902940964, 41.814281031680984], [-72.71553547780964, 41.814281031680984]], [[-72.71553916260963, 41.81427847088098], [-72.71553916260963, 41.814298957280975]], [[-72.71552902940964, 41.814298957280975], [-72.71552442340965, 41.814298957280975]], [[-72.71553179300963, 41.81429554288098], [-72.71553271420963, 41.81429554288098]], [[-72.71552902940964, 41.81429639648098], [-72.71553547780964, 41.81429639648098]], [[-72.71553179300963, 41.81429554288098], [-72.71553271420963, 41.81429554288098]], [[-72.71553179300963, 41.81427847088098], [-72.71553179300963, 41.814298957280975]], [[-72.71553179300963, 41.814298957280975], [-72.71552350220963, 41.814298957280975]], [[-72.71553179300963, 41.814298957280975], [-72.71553271420963, 41.814298957280975]], [[-72.71552350220963, 41.81427847088098], [-72.71553179300963, 41.81427847088098]], [[-72.71553271420963, 41.81429639648098], [-72.71553179300963, 41.81429639648098]], [[-72.71553179300963, 41.814281031680984], [-72.71553271420963, 41.814281031680984]], [[-72.71552902940964, 41.81427847088098], [-72.71552442340965, 41.81427847088098]], [[-72.71553271420963, 41.81429554288098], [-72.71553271420963, 41.81429639648098]], [[-72.71553179300963, 41.814281031680984], [-72.71553271420963, 41.814281031680984]], [[-72.71553271420963, 41.81427847088098], [-72.71554100500964, 41.81427847088098]], [[-72.71553916260963, 41.81427847088098], [-72.71553547780964, 41.81427847088098]], [[-72.71553179300963, 41.81427847088098], [-72.71552626580963, 41.81427847088098]], [[-72.71554100500964, 41.814298957280975], [-72.71553271420963, 41.814298957280975]], [[-72.71552902940964, 41.81429554288098], [-72.71553547780964, 41.81429554288098]], [[-72.71480496620964, 41.814184574880976], [-72.71481509940963, 41.814184574880976], [-72.71481509940963, 41.814188842880974], [-72.71480496620964, 41.814188842880974], [-72.71480496620964, 41.814184574880976]], [[-72.71575748700964, 41.814381756480984], [-72.71575103860964, 41.814381756480984]], [[-72.71575103860964, 41.81438858528097], [-72.71575748700964, 41.81438858528097]], [[-72.71575103860964, 41.81438687808098], [-72.71575103860964, 41.81439456048098]], [[-72.71574643260963, 41.81439456048098], [-72.71574643260963, 41.81438687808098]], [[-72.71575103860964, 41.81439456048098], [-72.71574643260963, 41.81439456048098]], [[-72.71574643260963, 41.81438687808098], [-72.71575103860964, 41.81438687808098]], [[-72.71575103860964, 41.814381756480984], [-72.71575103860964, 41.81438858528097]], [[-72.71575748700964, 41.81438858528097], [-72.71575748700964, 41.814381756480984]], [[-72.71574643260963, 41.81439456048098], [-72.71575103860964, 41.81439456048098], [-72.71575103860964, 41.81439626768098], [-72.71574643260963, 41.81439626768098], [-72.71574643260963, 41.81439456048098]], [[-72.71517620980963, 41.81403519488098], [-72.71517620980963, 41.81404031648098], [-72.71517436740965, 41.81404031648098], [-72.71517436740965, 41.81403519488098], [-72.71517620980963, 41.81403519488098]], [[-72.71555758660963, 41.81431944368098], [-72.71557508940964, 41.81431944368098], [-72.71557508940964, 41.814325418880976], [-72.71557508940964, 41.814326272480976], [-72.71557416820963, 41.81432712608098], [-72.71557416820963, 41.814327979680975], [-72.71557324700963, 41.814327979680975], [-72.71557232580963, 41.81432883328098], [-72.71556035020964, 41.81432883328098], [-72.71555942900964, 41.814327979680975], [-72.71555850780963, 41.814327979680975], [-72.71555850780963, 41.81432712608098], [-72.71555758660963, 41.81432712608098], [-72.71555758660963, 41.814326272480976], [-72.71555758660963, 41.814325418880976], [-72.71555758660963, 41.81431944368098]], [[-72.71500394540963, 41.81398056448098], [-72.71500763020964, 41.81398056448098], [-72.71500763020964, 41.81397715008098], [-72.71500394540963, 41.81397715008098], [-72.71500394540963, 41.81398056448098]], [[-72.71480312380963, 41.81397800368098], [-72.71479206940964, 41.81397800368098]], [[-72.71479206940964, 41.813972028480975], [-72.71480312380963, 41.813972028480975]], [[-72.71480312380963, 41.81397800368098], [-72.71479206940964, 41.81397800368098]], [[-72.71479206940964, 41.81397800368098], [-72.71479206940964, 41.813972028480975]], [[-72.71480312380963, 41.81397800368098], [-72.71480312380963, 41.813972028480975]], [[-72.71497170340963, 41.81396349248097], [-72.71497170340963, 41.81395068848098]], [[-72.71497170340963, 41.81395068848098], [-72.71497815180963, 41.81395068848098]], [[-72.71497815180963, 41.81395068848098], [-72.71497815180963, 41.81396349248097]], [[-72.71497815180963, 41.81396349248097], [-72.71497170340963, 41.81396349248097]], [[-72.71497170340963, 41.81396349248097], [-72.71497170340963, 41.81395068848098]], [[-72.71497170340963, 41.81395068848098], [-72.71496525500963, 41.81395068848098]], [[-72.71496525500963, 41.81395068848098], [-72.71496525500963, 41.81396349248097]], [[-72.71496525500963, 41.81396349248097], [-72.71497170340963, 41.81396349248097]], [[-72.71494038260964, 41.813814112480976], [-72.71494038260964, 41.81380813728098], [-72.71494406740963, 41.81380813728098], [-72.71494406740963, 41.813814112480976], [-72.71494038260964, 41.813814112480976]], [[-72.71494130380964, 41.813814112480976], [-72.71494130380964, 41.81380813728098]], [[-72.71542032780964, 41.81386618208098], [-72.71542769740964, 41.81386618208098], [-72.71542861860964, 41.81386532848098], [-72.71542861860964, 41.81377655408098], [-72.71542769740964, 41.813775700480974], [-72.71542032780964, 41.813775700480974], [-72.71542032780964, 41.81377655408098], [-72.71542769740964, 41.81377655408098], [-72.71542769740964, 41.81386532848098], [-72.71542032780964, 41.81386532848098], [-72.71542032780964, 41.81386618208098]], [[-72.71507764140964, 41.814287006880974], [-72.71507764140964, 41.81428188528098], [-72.71507948380963, 41.81428188528098], [-72.71507948380963, 41.814287006880974], [-72.71507764140964, 41.814287006880974]], [[-72.71459401140963, 41.81435785568098], [-72.71459401140963, 41.814316029280974]], [[-72.71459401140963, 41.814316029280974], [-72.71458295700964, 41.814316029280974]], [[-72.71458295700964, 41.814316029280974], [-72.71458295700964, 41.81435785568098]], [[-72.71458295700964, 41.81435785568098], [-72.71459401140963, 41.81435785568098]], [[-72.71458848420964, 41.81435785568098], [-72.71458848420964, 41.814316029280974]], [[-72.71458940540964, 41.81435785568098], [-72.71458940540964, 41.814316029280974]], [[-72.71458295700964, 41.814326272480976], [-72.71459401140963, 41.814326272480976]], [[-72.71458295700964, 41.81433651568098], [-72.71459401140963, 41.81433651568098]], [[-72.71458295700964, 41.81434761248097], [-72.71459401140963, 41.81434761248097]], [[-72.71514581020963, 41.81433907648098], [-72.71514581020963, 41.81434931968098], [-72.71513936180965, 41.81434931968098], [-72.71513936180965, 41.81433907648098], [-72.71514581020963, 41.81433907648098]], [[-72.71490721940962, 41.81431944368098], [-72.71489708620963, 41.81431944368098]], [[-72.71489708620963, 41.81431944368098], [-72.71489708620963, 41.81431517568098]], [[-72.71489708620963, 41.81431517568098], [-72.71490721940962, 41.81431517568098]], [[-72.71490721940962, 41.81431517568098], [-72.71490721940962, 41.81431944368098]], [[-72.71485655340963, 41.81396519968098], [-72.71487313500964, 41.81396519968098], [-72.71487313500964, 41.81396434608098], [-72.71485655340963, 41.81396434608098], [-72.71485655340963, 41.81396519968098]], [[-72.71445583140964, 41.814070192480976], [-72.71445583140964, 41.81406592448098], [-72.71445306780963, 41.81406592448098], [-72.71445306780963, 41.814070192480976], [-72.71445583140964, 41.814070192480976]], [[-72.71490445580964, 41.81434078368098], [-72.71490445580964, 41.814342490880975]], [[-72.71490537700964, 41.81434078368098], [-72.71490445580964, 41.81434078368098]], [[-72.71490537700964, 41.81434078368098], [-72.71490537700964, 41.814342490880975]], [[-72.71490445580964, 41.81433651568098], [-72.71490537700964, 41.81433651568098]], [[-72.71490537700964, 41.814330540480974], [-72.71490537700964, 41.81433139408098]], [[-72.71490998300963, 41.814342490880975], [-72.71491090420965, 41.814342490880975]], [[-72.71490998300963, 41.81434078368098], [-72.71490998300963, 41.81434163728098]], [[-72.71491090420965, 41.81434163728098], [-72.71491090420965, 41.814342490880975]], [[-72.71490537700964, 41.81433139408098], [-72.71490537700964, 41.814330540480974]], [[-72.71491090420965, 41.81434163728098], [-72.71490537700964, 41.81434163728098]], [[-72.71490537700964, 41.81432115088098], [-72.71490537700964, 41.81432029728098], [-72.71490445580964, 41.81432029728098], [-72.71490445580964, 41.81432115088098]], [[-72.71490445580964, 41.81432115088098], [-72.71490445580964, 41.814325418880976]], [[-72.71490445580964, 41.81432029728098], [-72.71490445580964, 41.81432115088098]], [[-72.71490537700964, 41.81432029728098], [-72.71490537700964, 41.81432115088098]], [[-72.71490537700964, 41.814330540480974], [-72.71490537700964, 41.814326272480976]], [[-72.71490537700964, 41.814326272480976], [-72.71490537700964, 41.814325418880976]], [[-72.71490445580964, 41.814325418880976], [-72.71490445580964, 41.814326272480976]], [[-72.71490445580964, 41.814326272480976], [-72.71490445580964, 41.814330540480974]], [[-72.71490445580964, 41.81432456528098], [-72.71490445580964, 41.814326272480976]], [[-72.71490537700964, 41.81432456528098], [-72.71490537700964, 41.814326272480976]], [[-72.71490445580964, 41.814325418880976], [-72.71490537700964, 41.814325418880976]], [[-72.71490445580964, 41.814326272480976], [-72.71490537700964, 41.814326272480976]], [[-72.71490445580964, 41.81433566208098], [-72.71490537700964, 41.81433566208098]], [[-72.71490537700964, 41.814342490880975], [-72.71490445580964, 41.814342490880975]], [[-72.71490445580964, 41.814330540480974], [-72.71490445580964, 41.81433139408098]], [[-72.71490445580964, 41.81433566208098], [-72.71490445580964, 41.81433651568098]], [[-72.71490445580964, 41.81432115088098], [-72.71490537700964, 41.81432115088098]], [[-72.71490998300963, 41.81434078368098], [-72.71491090420965, 41.81434078368098]], [[-72.71490537700964, 41.81433651568098], [-72.71490537700964, 41.81433566208098]], [[-72.71490537700964, 41.814325418880976], [-72.71490537700964, 41.81432115088098]], [[-72.71490537700964, 41.814342490880975], [-72.71491090420965, 41.814342490880975]], [[-72.71490445580964, 41.814330540480974], [-72.71490445580964, 41.81433139408098]], [[-72.71490445580964, 41.81433139408098], [-72.71490537700964, 41.81433139408098]], [[-72.71490445580964, 41.814342490880975], [-72.71490537700964, 41.814342490880975]], [[-72.71490537700964, 41.81433566208098], [-72.71490537700964, 41.81433651568098]], [[-72.71491090420965, 41.814342490880975], [-72.71491090420965, 41.81434163728098]], [[-72.71490537700964, 41.81433566208098], [-72.71490537700964, 41.81433139408098]], [[-72.71490445580964, 41.814330540480974], [-72.71490537700964, 41.814330540480974]], [[-72.71490445580964, 41.81433139408098], [-72.71490445580964, 41.81433566208098]], [[-72.71490537700964, 41.81434163728098], [-72.71490537700964, 41.81434078368098]], [[-72.71490445580964, 41.81433651568098], [-72.71490445580964, 41.81434078368098]], [[-72.71490445580964, 41.81433566208098], [-72.71490445580964, 41.81433651568098]], [[-72.71490445580964, 41.81433139408098], [-72.71490537700964, 41.81433139408098]], [[-72.71490537700964, 41.81434078368098], [-72.71490537700964, 41.81433651568098]], [[-72.71490445580964, 41.81434078368098], [-72.71490445580964, 41.814342490880975]], [[-72.71491090420965, 41.81434078368098], [-72.71491090420965, 41.81434163728098]], [[-72.71502697540964, 41.81396349248097], [-72.71502052700964, 41.81396349248097]], [[-72.71502052700964, 41.81396349248097], [-72.71502052700964, 41.813975442880974]], [[-72.71502052700964, 41.813975442880974], [-72.71502697540964, 41.813975442880974]], [[-72.71502697540964, 41.81396349248097], [-72.71503342380964, 41.81396349248097]], [[-72.71503342380964, 41.81396349248097], [-72.71503342380964, 41.813975442880974]], [[-72.71503342380964, 41.813975442880974], [-72.71502697540964, 41.813975442880974]], [[-72.71503342380964, 41.813975442880974], [-72.71503342380964, 41.81396349248097]], [[-72.71503342380964, 41.81396349248097], [-72.71502697540964, 41.81396349248097]], [[-72.71502697540964, 41.81396349248097], [-72.71502697540964, 41.813975442880974]], [[-72.71502697540964, 41.813975442880974], [-72.71503342380964, 41.813975442880974]], [[-72.71502052700964, 41.813975442880974], [-72.71502052700964, 41.81396349248097]], [[-72.71502052700964, 41.81396349248097], [-72.71502697540964, 41.81396349248097]], [[-72.71502697540964, 41.81396349248097], [-72.71502697540964, 41.813975442880974]], [[-72.71502697540964, 41.813975442880974], [-72.71502052700964, 41.813975442880974]], [[-72.71502697540964, 41.813975442880974], [-72.71502697540964, 41.81396349248097]], [[-72.71502697540964, 41.813975442880974], [-72.71502697540964, 41.81396349248097]], [[-72.71535031660963, 41.81386618208098], [-72.71536321340963, 41.81386106048098], [-72.71536321340963, 41.81386191408098], [-72.71535123780963, 41.81386703568098], [-72.71535031660963, 41.81386618208098]], [[-72.71465020460963, 41.814001904480975], [-72.71464928340963, 41.814001904480975]], [[-72.71465020460963, 41.814001050880975], [-72.71465020460963, 41.814001904480975]], [[-72.71465020460963, 41.814001050880975], [-72.71465112580964, 41.814001050880975], [-72.71465112580964, 41.814001904480975], [-72.71465020460963, 41.814001904480975], [-72.71464928340963, 41.814001904480975], [-72.71465020460963, 41.814001904480975], [-72.71465020460963, 41.814001050880975]], [[-72.71489063780963, 41.814281031680984], [-72.71489892860964, 41.814281031680984]], [[-72.71489892860964, 41.814281031680984], [-72.71490721940962, 41.814281031680984]], [[-72.71490721940962, 41.814281031680984], [-72.71490721940962, 41.814287006880974]], [[-72.71490721940962, 41.814287006880974], [-72.71489063780963, 41.814287006880974]], [[-72.71489063780963, 41.814287006880974], [-72.71489063780963, 41.814281031680984]], [[-72.71489063780963, 41.814284446080975], [-72.71489248020964, 41.814284446080975]], [[-72.71489248020964, 41.814284446080975], [-72.71489248020964, 41.814281031680984]], [[-72.71490721940962, 41.814284446080975], [-72.71490537700964, 41.814284446080975]], [[-72.71490537700964, 41.814284446080975], [-72.71490537700964, 41.814281031680984]], [[-72.71521766380964, 41.81399507568098], [-72.71521766380964, 41.81399592928098]], [[-72.71521766380964, 41.81399592928098], [-72.71523056060964, 41.81399592928098]], [[-72.71523056060964, 41.81399592928098], [-72.71523056060964, 41.81399507568098]], [[-72.71523056060964, 41.81399507568098], [-72.71521766380964, 41.81399507568098]], [[-72.71521766380964, 41.81399592928098], [-72.71523056060964, 41.81399592928098]], [[-72.71523056060964, 41.81399592928098], [-72.71523056060964, 41.81400275808098]], [[-72.71523056060964, 41.81400275808098], [-72.71521766380964, 41.81400275808098]], [[-72.71521766380964, 41.81400275808098], [-72.71521766380964, 41.81399592928098]], [[-72.71522411220964, 41.81400275808098], [-72.71522411220964, 41.81399592928098]], [[-72.71485655340963, 41.81397885728098], [-72.71487313500964, 41.81397885728098], [-72.71487313500964, 41.81397800368098], [-72.71485655340963, 41.81397800368098], [-72.71485655340963, 41.81397885728098]], [[-72.71527846300964, 41.81375777488098], [-72.71527109340964, 41.81375777488098]], [[-72.71527109340964, 41.81375777488098], [-72.71527846300964, 41.81375777488098]], [[-72.71528122660963, 41.81375777488098], [-72.71528122660963, 41.81376545728098]], [[-72.71528767500963, 41.81378252928098], [-72.71528122660963, 41.81378252928098]], [[-72.71527846300964, 41.81380557648098], [-72.71527109340964, 41.81380557648098]], [[-72.71528122660963, 41.81379789408098], [-72.71528122660963, 41.81380557648098]], [[-72.71527846300964, 41.81380643008098], [-72.71527846300964, 41.813814112480976]], [[-72.71528767500963, 41.81380643008098], [-72.71528122660963, 41.81380643008098]], [[-72.71527846300964, 41.81382179488097], [-72.71527109340964, 41.81382179488097]], [[-72.71527109340964, 41.81375009248098], [-72.71528767500963, 41.81375009248098]], [[-72.71528767500963, 41.81375009248098], [-72.71528767500963, 41.813830330880975]], [[-72.71528767500963, 41.813830330880975], [-72.71527109340964, 41.813830330880975]], [[-72.71527846300964, 41.813814112480976], [-72.71527846300964, 41.81382179488097]], [[-72.71527846300964, 41.81377399328098], [-72.71527109340964, 41.81377399328098]], [[-72.71527109340964, 41.81376631088098], [-72.71527846300964, 41.81376631088098]], [[-72.71528122660963, 41.81377399328098], [-72.71528122660963, 41.81378167568098]], [[-72.71527109340964, 41.813814112480976], [-72.71527846300964, 41.813814112480976]], [[-72.71528122660963, 41.813830330880975], [-72.71528122660963, 41.81382264848098]], [[-72.71527846300964, 41.81376545728098], [-72.71527109340964, 41.81376545728098]], [[-72.71528122660963, 41.81376545728098], [-72.71528767500963, 41.81376545728098]], [[-72.71528122660963, 41.813814112480976], [-72.71528767500963, 41.813814112480976]], [[-72.71528767500963, 41.81379789408098], [-72.71528122660963, 41.81379789408098]], [[-72.71527846300964, 41.81379789408098], [-72.71527109340964, 41.81379789408098]], [[-72.71528767500963, 41.813790211680974], [-72.71528122660963, 41.813790211680974]], [[-72.71528122660963, 41.81382264848098], [-72.71528767500963, 41.81382264848098]], [[-72.71527846300964, 41.813790211680974], [-72.71527846300964, 41.81379789408098]], [[-72.71527109340964, 41.81378252928098], [-72.71527846300964, 41.81378252928098]], [[-72.71527846300964, 41.81375009248098], [-72.71527846300964, 41.81375777488098]], [[-72.71528122660963, 41.81380643008098], [-72.71528122660963, 41.813814112480976]], [[-72.71527846300964, 41.81377399328098], [-72.71527846300964, 41.81378167568098]], [[-72.71528767500963, 41.81376631088098], [-72.71528122660963, 41.81376631088098]], [[-72.71528122660963, 41.81379789408098], [-72.71528767500963, 41.81379789408098]], [[-72.71527846300964, 41.813790211680974], [-72.71527109340964, 41.813790211680974]], [[-72.71528122660963, 41.813790211680974], [-72.71528122660963, 41.81379789408098]], [[-72.71528122660963, 41.813814112480976], [-72.71528122660963, 41.81382179488097]], [[-72.71527846300964, 41.813830330880975], [-72.71527846300964, 41.81382264848098]], [[-72.71527846300964, 41.81378252928098], [-72.71527846300964, 41.813790211680974]], [[-72.71528122660963, 41.81376631088098], [-72.71528122660963, 41.81377399328098]], [[-72.71528122660963, 41.81378252928098], [-72.71528122660963, 41.813790211680974]], [[-72.71528122660963, 41.81375009248098], [-72.71528122660963, 41.81375777488098]], [[-72.71527846300964, 41.81378167568098], [-72.71527109340964, 41.81378167568098]], [[-72.71528767500963, 41.813814112480976], [-72.71528122660963, 41.813814112480976]], [[-72.71528767500963, 41.81377399328098], [-72.71528122660963, 41.81377399328098]], [[-72.71527109340964, 41.81377399328098], [-72.71527846300964, 41.81377399328098]], [[-72.71528122660963, 41.81382179488097], [-72.71528767500963, 41.81382179488097]], [[-72.71528767500963, 41.81375777488098], [-72.71528122660963, 41.81375777488098]], [[-72.71528122660963, 41.813790211680974], [-72.71528767500963, 41.813790211680974]], [[-72.71528122660963, 41.81378167568098], [-72.71528767500963, 41.81378167568098]], [[-72.71527109340964, 41.81379789408098], [-72.71527846300964, 41.81379789408098]], [[-72.71527846300964, 41.81379789408098], [-72.71527846300964, 41.81380557648098]], [[-72.71528122660963, 41.81375777488098], [-72.71528767500963, 41.81375777488098]], [[-72.71527109340964, 41.81380643008098], [-72.71527846300964, 41.81380643008098]], [[-72.71528122660963, 41.81380557648098], [-72.71528767500963, 41.81380557648098]], [[-72.71527846300964, 41.81376631088098], [-72.71527846300964, 41.81377399328098]], [[-72.71527109340964, 41.813830330880975], [-72.71527109340964, 41.81375009248098]], [[-72.71527846300964, 41.81375777488098], [-72.71527846300964, 41.81376545728098]], [[-72.71527846300964, 41.81382264848098], [-72.71527109340964, 41.81382264848098]], [[-72.71527846300964, 41.813814112480976], [-72.71527109340964, 41.813814112480976]], [[-72.71528122660963, 41.81377399328098], [-72.71528767500963, 41.81377399328098]], [[-72.71527109340964, 41.813790211680974], [-72.71527846300964, 41.813790211680974]], [[-72.71539361300964, 41.813761189280974], [-72.71542217020964, 41.813761189280974]], [[-72.71542217020964, 41.813761189280974], [-72.71542217020964, 41.81376204288098]], [[-72.71542217020964, 41.81376204288098], [-72.71542217020964, 41.81375606768098]], [[-72.71542217020964, 41.81375606768098], [-72.71539361300964, 41.81375606768098]], [[-72.71539361300964, 41.81375606768098], [-72.71539361300964, 41.81375692128098]], [[-72.71539361300964, 41.81375692128098], [-72.71535768620963, 41.81375692128098]], [[-72.71535768620963, 41.81375692128098], [-72.71535768620963, 41.81375606768098]], [[-72.71535768620963, 41.81375606768098], [-72.71532912900963, 41.81375606768098]], [[-72.71537611020963, 41.813761189280974], [-72.71538071620964, 41.81375692128098]], [[-72.71538071620964, 41.81375692128098], [-72.71538440100964, 41.813761189280974]], [[-72.71537150420964, 41.81375692128098], [-72.71537518900963, 41.813761189280974]], [[-72.71538532220964, 41.813761189280974], [-72.71538992820965, 41.81375692128098]], [[-72.71542217020964, 41.81376375008097], [-72.71532912900963, 41.81376375008097]], [[-72.71537518900963, 41.813761189280974], [-72.71537611020963, 41.813761189280974]], [[-72.71536229220963, 41.81375692128098], [-72.71536597700964, 41.813761189280974]], [[-72.71539914020964, 41.81375606768098], [-72.71539914020964, 41.813761189280974]], [[-72.71538440100964, 41.813761189280974], [-72.71538532220964, 41.813761189280974]], [[-72.71532912900963, 41.813761189280974], [-72.71535768620963, 41.813761189280974]], [[-72.71532912900963, 41.81376204288098], [-72.71532912900963, 41.813761189280974]], [[-72.71535308020964, 41.81375606768098], [-72.71535308020964, 41.813761189280974]], [[-72.71536597700964, 41.813761189280974], [-72.71536689820964, 41.813761189280974]], [[-72.71539361300964, 41.81375692128098], [-72.71539361300964, 41.813761189280974]], [[-72.71533189260964, 41.81375606768098], [-72.71533189260964, 41.813761189280974]], [[-72.71542217020964, 41.81376204288098], [-72.71542217020964, 41.81376375008097]], [[-72.71538992820965, 41.81375692128098], [-72.71539361300964, 41.813761189280974]], [[-72.71532912900963, 41.81376375008097], [-72.71532912900963, 41.81376204288098]], [[-72.71535768620963, 41.81375692128098], [-72.71535768620963, 41.813761189280974]], [[-72.71541940660964, 41.81375606768098], [-72.71541940660964, 41.813761189280974]], [[-72.71535768620963, 41.813761189280974], [-72.71536229220963, 41.81375692128098]], [[-72.71536689820964, 41.813761189280974], [-72.71537150420964, 41.81375692128098]], [[-72.71532912900963, 41.81375606768098], [-72.71532912900963, 41.81376204288098]], [[-72.71500486660965, 41.814131651680974], [-72.71500486660965, 41.814126530080976], [-72.71500118180963, 41.814126530080976], [-72.71500118180963, 41.814131651680974], [-72.71500486660965, 41.814131651680974]], [[-72.71509790780964, 41.813771432480976], [-72.71509790780964, 41.81376801808098], [-72.71509330180963, 41.81376801808098], [-72.71509330180963, 41.813771432480976], [-72.71509790780964, 41.813771432480976]], [[-72.71477640900964, 41.81397800368098], [-72.71476535460964, 41.81397800368098]], [[-72.71476535460964, 41.813972028480975], [-72.71477640900964, 41.813972028480975]], [[-72.71477640900964, 41.81397800368098], [-72.71476535460964, 41.81397800368098]], [[-72.71476535460964, 41.81397800368098], [-72.71476535460964, 41.813972028480975]], [[-72.71477640900964, 41.81397800368098], [-72.71477640900964, 41.813972028480975]], [[-72.71578328060963, 41.814257984480975], [-72.71576577780964, 41.814257984480975]], [[-72.71576577780964, 41.814257984480975], [-72.71576577780964, 41.814252009280985]], [[-72.71576577780964, 41.814252009280985], [-72.71578328060963, 41.814252009280985]], [[-72.71578328060963, 41.814252009280985], [-72.71578328060963, 41.814257984480975]], [[-72.71462901700964, 41.81399678288098], [-72.71462809580963, 41.81399592928098], [-72.71462809580963, 41.81399507568098]], [[-72.71462901700964, 41.813983125280984], [-72.71462901700964, 41.81398227168098], [-72.71462993820964, 41.813983125280984]], [[-72.71462901700964, 41.813984832480976], [-72.71462809580963, 41.81398397888098]], [[-72.71464651980963, 41.81399507568098], [-72.71464744100965, 41.81399422208098]], [[-72.71464836220964, 41.81399507568098], [-72.71464836220964, 41.81399592928098], [-72.71464744100965, 41.81399678288098]], [[-72.71462901700964, 41.81399422208098], [-72.71462993820964, 41.81399507568098]], [[-72.71464651980963, 41.813983125280984], [-72.71464744100965, 41.81398227168098], [-72.71464744100965, 41.813983125280984]], [[-72.71464836220964, 41.81398397888098], [-72.71464744100965, 41.813983125280984], [-72.71463822900964, 41.81398824688098], [-72.71462901700964, 41.813983125280984], [-72.71462809580963, 41.81398397888098], [-72.71463822900964, 41.81398910048098], [-72.71463822900964, 41.813999343680976], [-72.71462901700964, 41.81399422208098], [-72.71462809580963, 41.81399507568098], [-72.71463730780964, 41.81400019728098], [-72.71463730780964, 41.814001050880975], [-72.71463915020963, 41.814001050880975], [-72.71463915020963, 41.81400019728098], [-72.71463822900964, 41.81400019728098], [-72.71464836220964, 41.81399507568098], [-72.71464744100965, 41.81399422208098], [-72.71463822900964, 41.813999343680976], [-72.71463822900964, 41.81398910048098], [-72.71464836220964, 41.81398397888098]], [[-72.71464836220964, 41.81398397888098], [-72.71464744100965, 41.813984832480976]], [[-72.71486484420964, 41.81400446528098], [-72.71486484420964, 41.813999343680976], [-72.71486300180963, 41.813999343680976], [-72.71486300180963, 41.81400446528098], [-72.71486484420964, 41.81400446528098]], [[-72.71458387820964, 41.813957517280976], [-72.71458387820964, 41.81397373568098], [-72.71459309020963, 41.81397373568098], [-72.71459309020963, 41.813972028480975], [-72.71458572060963, 41.813972028480975], [-72.71458572060963, 41.813957517280976], [-72.71458387820964, 41.813957517280976]], [[-72.71460690820965, 41.81397373568098], [-72.71460690820965, 41.813958370880975], [-72.71459216900963, 41.813958370880975], [-72.71459216900963, 41.813957517280976], [-72.71460875060963, 41.813957517280976], [-72.71460875060963, 41.81397373568098], [-72.71460690820965, 41.81397373568098]], [[-72.71460875060963, 41.81399422208098], [-72.71460690820965, 41.81399422208098], [-72.71460690820965, 41.81400019728098], [-72.71460230220964, 41.81400019728098], [-72.71460230220964, 41.814001050880975], [-72.71460875060963, 41.814001050880975], [-72.71460875060963, 41.81399422208098]], [[-72.71458387820964, 41.813984832480976], [-72.71458387820964, 41.814001050880975], [-72.71459309020963, 41.814001050880975], [-72.71459309020963, 41.81400019728098], [-72.71458572060963, 41.81400019728098], [-72.71458572060963, 41.813984832480976], [-72.71458387820964, 41.813984832480976]], [[-72.71487405620964, 41.81431944368098], [-72.71487405620964, 41.81431688288098]], [[-72.71486300180963, 41.81431944368098], [-72.71486300180963, 41.81431688288098]], [[-72.71486300180963, 41.81431944368098], [-72.71487405620964, 41.81431944368098], [-72.71487405620964, 41.81432029728098], [-72.71486300180963, 41.81432029728098], [-72.71486300180963, 41.81431944368098]], [[-72.71531715340963, 41.81391910528098], [-72.71531715340963, 41.81391569088098]], [[-72.71531715340963, 41.81391569088098], [-72.71529965060964, 41.81391569088098]], [[-72.71529965060964, 41.81391569088098], [-72.71529965060964, 41.81391910528098]], [[-72.71529965060964, 41.81391910528098], [-72.71531715340963, 41.81391910528098]], [[-72.71524437860964, 41.81383630608098], [-72.71524437860964, 41.813830330880975]], [[-72.71526096020963, 41.813830330880975], [-72.71526096020963, 41.81383630608098]], [[-72.71524345740964, 41.81383801328098], [-72.71526096020963, 41.81383801328098]], [[-72.71524437860964, 41.81383630608098], [-72.71524437860964, 41.81383801328098]], [[-72.71524437860964, 41.81383801328098], [-72.71525266940964, 41.81383801328098]], [[-72.71525266940964, 41.81383801328098], [-72.71525266940964, 41.81383630608098]], [[-72.71526003900964, 41.81383630608098], [-72.71526096020963, 41.81383630608098]], [[-72.71525266940964, 41.81383715968098], [-72.71525266940964, 41.813830330880975]], [[-72.71525359060963, 41.81383630608098], [-72.71525359060963, 41.81383801328098]], [[-72.71524345740964, 41.813830330880975], [-72.71524345740964, 41.81383630608098]], [[-72.71525266940964, 41.81383630608098], [-72.71525359060963, 41.81383630608098]], [[-72.71524345740964, 41.81383630608098], [-72.71524437860964, 41.81383630608098]], [[-72.71526096020963, 41.81383801328098], [-72.71526096020963, 41.81383630608098]], [[-72.71524345740964, 41.81383630608098], [-72.71524345740964, 41.81383801328098]], [[-72.71525359060963, 41.81383801328098], [-72.71526003900964, 41.81383801328098]], [[-72.71526096020963, 41.813830330880975], [-72.71524345740964, 41.813830330880975]], [[-72.71526003900964, 41.81383630608098], [-72.71525359060963, 41.81383630608098]], [[-72.71526096020963, 41.81383630608098], [-72.71526096020963, 41.813830330880975]], [[-72.71524437860964, 41.813830330880975], [-72.71526096020963, 41.813830330880975]], [[-72.71526003900964, 41.81383801328098], [-72.71526003900964, 41.81383630608098]], [[-72.71489708620963, 41.81431944368098], [-72.71489708620963, 41.81431688288098]], [[-72.71490721940962, 41.81431944368098], [-72.71490721940962, 41.81431688288098]], [[-72.71490721940962, 41.81431944368098], [-72.71489708620963, 41.81431944368098], [-72.71489708620963, 41.81432029728098], [-72.71490721940962, 41.81432029728098], [-72.71490721940962, 41.81431944368098]], [[-72.71550507820963, 41.81379447968098], [-72.71551152660963, 41.81379447968098]], [[-72.71551152660963, 41.81379447968098], [-72.71551152660963, 41.81379362608098]], [[-72.71551152660963, 41.81380386928098], [-72.71551152660963, 41.813804722880974]], [[-72.71551244780964, 41.81379277248097], [-72.71551889620964, 41.81379277248097]], [[-72.71551244780964, 41.813804722880974], [-72.71551889620964, 41.813804722880974]], [[-72.71551889620964, 41.81379362608098], [-72.71551889620964, 41.81379447968098]], [[-72.71551889620964, 41.81380386928098], [-72.71551889620964, 41.813804722880974]], [[-72.71551521140964, 41.81379533328098], [-72.71552442340965, 41.81379533328098], [-72.71552442340965, 41.81379618688098], [-72.71551521140964, 41.81379618688098]], [[-72.71551521140964, 41.813802162080975], [-72.71552442340965, 41.813802162080975], [-72.71552442340965, 41.813801308480976], [-72.71551521140964, 41.813801308480976]], [[-72.71551521140964, 41.813801308480976], [-72.71551521140964, 41.81379618688098]], [[-72.71551521140964, 41.81379533328098], [-72.71551521140964, 41.81379447968098], [-72.71551889620964, 41.81379447968098]], [[-72.71551521140964, 41.813802162080975], [-72.71551521140964, 41.81380301568098], [-72.71551889620964, 41.81380301568098]], [[-72.71551244780964, 41.81379277248097], [-72.71551152660963, 41.81379362608098]], [[-72.71551152660963, 41.813804722880974], [-72.71551244780964, 41.813804722880974]], [[-72.71551152660963, 41.81380386928098], [-72.71550507820963, 41.81380386928098]], [[-72.71492932820965, 41.81434163728098], [-72.71492932820965, 41.81433651568098]], [[-72.71492564340963, 41.81433651568098], [-72.71492564340963, 41.81434163728098]], [[-72.71492932820965, 41.81433651568098], [-72.71492564340963, 41.81433651568098]], [[-72.71492564340963, 41.81434163728098], [-72.71492932820965, 41.81434163728098]], [[-72.71579157140964, 41.814143602080975], [-72.71579157140964, 41.81413335888098], [-72.71579433500963, 41.81413335888098], [-72.71579433500963, 41.814143602080975], [-72.71579157140964, 41.814143602080975]], [[-72.71572985100964, 41.81431944368098], [-72.71574827500963, 41.81431944368098], [-72.71574827500963, 41.814325418880976], [-72.71574827500963, 41.814326272480976], [-72.71574735380965, 41.81432712608098], [-72.71574735380965, 41.814327979680975], [-72.71574643260963, 41.814327979680975], [-72.71574551140964, 41.814327979680975], [-72.71574551140964, 41.81432883328098], [-72.71573353580963, 41.81432883328098], [-72.71573261460964, 41.81432883328098], [-72.71573261460964, 41.814327979680975], [-72.71573169340964, 41.814327979680975], [-72.71573077220962, 41.81432712608098], [-72.71573077220962, 41.814326272480976], [-72.71572985100964, 41.814325418880976], [-72.71572985100964, 41.81431944368098]], [[-72.71556311380964, 41.81422384048098], [-72.71556956220964, 41.81422384048098]], [[-72.71556311380964, 41.81422384048098], [-72.71556956220964, 41.81422384048098]], [[-72.71556311380964, 41.81420932928098], [-72.71556956220964, 41.81420932928098]], [[-72.71556311380964, 41.81420932928098], [-72.71556956220964, 41.81420932928098]], [[-72.71556311380964, 41.814227254880976], [-72.71555850780963, 41.814227254880976]], [[-72.71556311380964, 41.81420591488097], [-72.71556311380964, 41.814227254880976]], [[-72.71556587740965, 41.814227254880976], [-72.71555758660963, 41.814227254880976]], [[-72.71555758660963, 41.814227254880976], [-72.71555758660963, 41.81420591488097]], [[-72.71556679860963, 41.81420932928098], [-72.71556587740965, 41.81420932928098]], [[-72.71556587740965, 41.81422384048098], [-72.71556679860963, 41.81422384048098]], [[-72.71557416820963, 41.814227254880976], [-72.71556956220964, 41.814227254880976]], [[-72.71556587740965, 41.81422384048098], [-72.71556679860963, 41.81422384048098]], [[-72.71556311380964, 41.81420591488097], [-72.71555850780963, 41.81420591488097]], [[-72.71556587740965, 41.814227254880976], [-72.71556679860963, 41.814227254880976]], [[-72.71557508940964, 41.814227254880976], [-72.71556679860963, 41.814227254880976]], [[-72.71556587740965, 41.81420932928098], [-72.71556679860963, 41.81420932928098]], [[-72.71556956220964, 41.81420591488097], [-72.71556956220964, 41.814227254880976]], [[-72.71555758660963, 41.81420591488097], [-72.71556587740965, 41.81420591488097]], [[-72.71557416820963, 41.81420591488097], [-72.71556956220964, 41.81420591488097]], [[-72.71556679860963, 41.81422384048098], [-72.71556587740965, 41.81422384048098]], [[-72.71556679860963, 41.81420591488097], [-72.71557508940964, 41.81420591488097]], [[-72.71556587740965, 41.81420591488097], [-72.71556035020964, 41.81420591488097]], [[-72.71556679860963, 41.81420591488097], [-72.71557232580963, 41.81420591488097]], [[-72.71556587740965, 41.81420591488097], [-72.71556587740965, 41.814227254880976]], [[-72.71556587740965, 41.81420932928098], [-72.71556679860963, 41.81420932928098]], [[-72.71557416820963, 41.81420591488097], [-72.71557416820963, 41.814227254880976]], [[-72.71555850780963, 41.81420591488097], [-72.71555850780963, 41.814227254880976]], [[-72.71556587740965, 41.81422384048098], [-72.71556679860963, 41.81422384048098]], [[-72.71557508940964, 41.81420591488097], [-72.71557508940964, 41.814227254880976]], [[-72.71556587740965, 41.81420932928098], [-72.71556679860963, 41.81420932928098]], [[-72.71556679860963, 41.814227254880976], [-72.71556679860963, 41.81420591488097]], [[-72.71556587740965, 41.81420591488097], [-72.71556679860963, 41.81420591488097]], [[-72.71481786300964, 41.813999343680976], [-72.71482891740963, 41.813999343680976]], [[-72.71482891740963, 41.81400446528098], [-72.71481786300964, 41.81400446528098]], [[-72.71481786300964, 41.813999343680976], [-72.71482891740963, 41.813999343680976]], [[-72.71482891740963, 41.813999343680976], [-72.71482891740963, 41.81400446528098]], [[-72.71481786300964, 41.813999343680976], [-72.71481786300964, 41.81400446528098]], [[-72.71507579900963, 41.81374838528098], [-72.71506750820964, 41.81374838528098], [-72.71506750820964, 41.81375436048098], [-72.71507579900963, 41.81375436048098], [-72.71507579900963, 41.81374838528098]], [[-72.71506935060964, 41.81374838528098], [-72.71506935060964, 41.81375436048098]], [[-72.71507027180964, 41.81374838528098], [-72.71507027180964, 41.81375436048098]], [[-72.71507027180964, 41.81374838528098], [-72.71507027180964, 41.81375436048098]], [[-72.71506935060964, 41.81375094608098], [-72.71506750820964, 41.81375094608098]], [[-72.71507119300963, 41.81374838528098], [-72.71507119300963, 41.81375436048098]], [[-72.71507579900963, 41.81375436048098], [-72.71506750820964, 41.81375436048098]], [[-72.71507211420963, 41.81374838528098], [-72.71507211420963, 41.81375436048098]], [[-72.71471653100964, 41.81395922448098], [-72.71471653100964, 41.81395324928098], [-72.71471745220964, 41.81395324928098], [-72.71471745220964, 41.81395922448098], [-72.71471653100964, 41.81395922448098]], [[-72.71496249140964, 41.81432029728098], [-72.71496249140964, 41.81431688288098]], [[-72.71495696420963, 41.81432029728098], [-72.71495696420963, 41.81431688288098]], [[-72.71495696420963, 41.81432029728098], [-72.71496249140964, 41.81432029728098], [-72.71495696420963, 41.81432029728098]], [[-72.71459585380964, 41.81394983488098], [-72.71459677500962, 41.81394983488098], [-72.71459677500962, 41.81395154208098], [-72.71459585380964, 41.81395154208098], [-72.71459677500962, 41.81395154208098], [-72.71459677500962, 41.81394983488098], [-72.71459585380964, 41.81394983488098]], [[-72.71459493260964, 41.81394983488098], [-72.71459493260964, 41.81394898128097], [-72.71459585380964, 41.81394898128097], [-72.71459585380964, 41.81394812768098], [-72.71459677500962, 41.81394812768098], [-72.71459769620964, 41.81394812768098], [-72.71459769620964, 41.81394898128097], [-72.71459861740964, 41.81394898128097], [-72.71459861740964, 41.81394983488098], [-72.71459861740964, 41.81395068848098], [-72.71459769620964, 41.81395068848098], [-72.71459769620964, 41.81395154208098], [-72.71459677500962, 41.81395154208098], [-72.71459585380964, 41.81395154208098], [-72.71459493260964, 41.81395154208098], [-72.71459493260964, 41.81395068848098], [-72.71459493260964, 41.81394983488098]], [[-72.71495972780963, 41.81434931968098], [-72.71495788540965, 41.81434931968098]], [[-72.71495972780963, 41.81434931968098], [-72.71495788540965, 41.81434846608098]], [[-72.71495972780963, 41.81434846608098], [-72.71495788540965, 41.81434846608098]], [[-72.71495880660963, 41.81434675888098], [-72.71495880660963, 41.81434846608098]], [[-72.71495880660963, 41.81434931968098], [-72.71495880660963, 41.81435017328098]], [[-72.71495696420963, 41.81434675888098], [-72.71495696420963, 41.81435017328098]], [[-72.71495788540965, 41.81434675888098], [-72.71495696420963, 41.81434675888098]], [[-72.71495696420963, 41.81435017328098], [-72.71495788540965, 41.81435017328098]], [[-72.71495788540965, 41.81435102688098], [-72.71496249140964, 41.81435102688098]], [[-72.71495972780963, 41.81434675888098], [-72.71495788540965, 41.81434675888098]], [[-72.71495880660963, 41.81435017328098], [-72.71495880660963, 41.81434931968098]], [[-72.71495788540965, 41.81434675888098], [-72.71495788540965, 41.81434846608098]], [[-72.71495972780963, 41.81434675888098], [-72.71495788540965, 41.81434675888098]], [[-72.71495972780963, 41.81435017328098], [-72.71495788540965, 41.81435017328098]], [[-72.71495788540965, 41.81435017328098], [-72.71495788540965, 41.81434931968098]], [[-72.71495972780963, 41.81434846608098], [-72.71495788540965, 41.81434846608098]], [[-72.71496249140964, 41.81434590528098], [-72.71496249140964, 41.81435102688098], [-72.71495788540965, 41.81435102688098], [-72.71495788540965, 41.81434590528098], [-72.71496249140964, 41.81434590528098]], [[-72.71495972780963, 41.81434590528098], [-72.71495972780963, 41.81435102688098]], [[-72.71495972780963, 41.81435017328098], [-72.71495972780963, 41.81434931968098]], [[-72.71495972780963, 41.81434846608098], [-72.71495788540965, 41.81434846608098]], [[-72.71495972780963, 41.81434675888098], [-72.71495972780963, 41.81434846608098]], [[-72.71495972780963, 41.81434846608098], [-72.71495788540965, 41.81434846608098]], [[-72.71495972780963, 41.81434931968098], [-72.71495788540965, 41.81434931968098]], [[-72.71495972780963, 41.81435017328098], [-72.71495788540965, 41.81435017328098]], [[-72.71496249140964, 41.81434590528098], [-72.71495880660963, 41.81434590528098]], [[-72.71495788540965, 41.81435017328098], [-72.71495972780963, 41.81435017328098]], [[-72.71495880660963, 41.81434675888098], [-72.71495880660963, 41.81434846608098]], [[-72.71495972780963, 41.81434675888098], [-72.71495788540965, 41.81434675888098]], [[-72.71477088180964, 41.81398824688098], [-72.71477088180964, 41.81397800368098]], [[-72.71476996060964, 41.81398824688098], [-72.71476996060964, 41.81397800368098]], [[-72.71477088180964, 41.81398824688098], [-72.71476443340964, 41.81398824688098]], [[-72.71477088180964, 41.81397800368098], [-72.71476443340964, 41.81397800368098]], [[-72.71476443340964, 41.81397800368098], [-72.71476443340964, 41.81398824688098]], [[-72.71450926100962, 41.81435785568098], [-72.71450926100962, 41.814316029280974]], [[-72.71450373380964, 41.81434761248097], [-72.71451478820963, 41.81434761248097]], [[-72.71451478820963, 41.81435785568098], [-72.71451478820963, 41.814316029280974]], [[-72.71450373380964, 41.814316029280974], [-72.71450373380964, 41.81435785568098]], [[-72.71450373380964, 41.81435785568098], [-72.71451478820963, 41.81435785568098]], [[-72.71450926100962, 41.81435785568098], [-72.71450926100962, 41.814316029280974]], [[-72.71450373380964, 41.81433651568098], [-72.71451478820963, 41.81433651568098]], [[-72.71450373380964, 41.814326272480976], [-72.71451478820963, 41.814326272480976]], [[-72.71451478820963, 41.814316029280974], [-72.71450373380964, 41.814316029280974]], [[-72.71498644260964, 41.81419993968098], [-72.71498644260964, 41.81419311088098], [-72.71498367900963, 41.81419311088098], [-72.71498367900963, 41.81419993968098], [-72.71498644260964, 41.81419993968098]], [[-72.71530609900964, 41.81410775088098], [-72.71531623220963, 41.81410775088098], [-72.71531623220963, 41.81411201888098], [-72.71530609900964, 41.81411201888098], [-72.71530609900964, 41.81410775088098]], [[-72.71552442340965, 41.814257984480975], [-72.71554008380964, 41.814257984480975]], [[-72.71552442340965, 41.814252009280985], [-72.71552442340965, 41.814256277280975]], [[-72.71552442340965, 41.81425030208098], [-72.71554008380964, 41.81425030208098]], [[-72.71554008380964, 41.81425030208098], [-72.71554008380964, 41.814257984480975]], [[-72.71552442340965, 41.81425286288098], [-72.71554008380964, 41.81425286288098]], [[-72.71553732020963, 41.814257984480975], [-72.71553732020963, 41.814255423680976]], [[-72.71552718700963, 41.81425713088098], [-72.71552718700963, 41.814257984480975]], [[-72.71553732020963, 41.814257984480975], [-72.71553732020963, 41.814255423680976]], [[-72.71553732020963, 41.814257984480975], [-72.71553732020963, 41.81425713088098]], [[-72.71552718700963, 41.814257984480975], [-72.71552718700963, 41.814255423680976]], [[-72.71552442340965, 41.81425030208098], [-72.71552442340965, 41.814257984480975]], [[-72.71552718700963, 41.814257984480975], [-72.71552718700963, 41.814255423680976]], [[-72.71554008380964, 41.814255423680976], [-72.71552442340965, 41.814255423680976]], [[-72.71553732020963, 41.81425713088098], [-72.71553732020963, 41.814257984480975]], [[-72.71552718700963, 41.814257984480975], [-72.71552718700963, 41.81425713088098]], [[-72.71552534460965, 41.81373899568098], [-72.71552534460965, 41.81372704528098], [-72.71551889620964, 41.81372704528098], [-72.71551889620964, 41.81373899568098], [-72.71552534460965, 41.81373899568098]], [[-72.71431765140963, 41.81377484688098], [-72.71434620860963, 41.81377484688098]], [[-72.71434712980964, 41.81375777488098], [-72.71434712980964, 41.81375692128098]], [[-72.71434620860963, 41.81375692128098], [-72.71434528740963, 41.81375692128098]], [[-72.71434528740963, 41.81375777488098], [-72.71434528740963, 41.813758628480976]], [[-72.71431765140963, 41.81376545728098], [-72.71434620860963, 41.81376545728098]], [[-72.71434620860963, 41.81377740768098], [-72.71431765140963, 41.81377740768098]], [[-72.71434620860963, 41.81376545728098], [-72.71434620860963, 41.813758628480976]], [[-72.71434528740963, 41.81375777488098], [-72.71431857260964, 41.81375777488098]], [[-72.71431765140963, 41.81376545728098], [-72.71431765140963, 41.813758628480976]], [[-72.71431673020963, 41.81375692128098], [-72.71431673020963, 41.81375777488098]], [[-72.71431857260964, 41.813758628480976], [-72.71431857260964, 41.81375777488098]], [[-72.71434528740963, 41.81375692128098], [-72.71434528740963, 41.81375777488098]], [[-72.71431765140963, 41.813758628480976], [-72.71431857260964, 41.813758628480976]], [[-72.71431857260964, 41.81375777488098], [-72.71431857260964, 41.81375692128098]], [[-72.71431857260964, 41.81375692128098], [-72.71431765140963, 41.81375692128098]], [[-72.71434712980964, 41.81375692128098], [-72.71434620860963, 41.81375692128098]], [[-72.71434528740963, 41.813758628480976], [-72.71434620860963, 41.813758628480976]], [[-72.71434620860963, 41.813758628480976], [-72.71434712980964, 41.81375777488098]], [[-72.71431765140963, 41.81375692128098], [-72.71431673020963, 41.81375692128098]], [[-72.71434620860963, 41.81376545728098], [-72.71434620860963, 41.81377740768098]], [[-72.71431765140963, 41.81377740768098], [-72.71431765140963, 41.81376545728098]], [[-72.71431673020963, 41.81375777488098], [-72.71431765140963, 41.813758628480976]], [[-72.71452492140963, 41.814325418880976], [-72.71452492140963, 41.814330540480974], [-72.71452676380963, 41.814330540480974], [-72.71452676380963, 41.814325418880976], [-72.71452492140963, 41.814325418880976]], [[-72.71494130380964, 41.814266520480984], [-72.71493485540964, 41.814266520480984], [-72.71493485540964, 41.814256277280975], [-72.71494130380964, 41.814256277280975], [-72.71494130380964, 41.814266520480984]], [[-72.71498552140963, 41.81403434128098], [-72.71498552140963, 41.81403946288098], [-72.71498367900963, 41.81403946288098], [-72.71498367900963, 41.81403434128098], [-72.71498552140963, 41.81403434128098]], [[-72.71490445580964, 41.81377911488098], [-72.71490445580964, 41.813773139680976], [-72.71489984980964, 41.813773139680976], [-72.71489984980964, 41.81377911488098], [-72.71490445580964, 41.81377911488098]], [[-72.71491090420965, 41.81403519488098], [-72.71491090420965, 41.81404031648098], [-72.71490906180964, 41.81404031648098], [-72.71490906180964, 41.81403519488098], [-72.71491090420965, 41.81403519488098]], [[-72.71439226860963, 41.81397117488098], [-72.71439226860963, 41.81396519968098], [-72.71438858380964, 41.81396519968098], [-72.71438858380964, 41.81397117488098], [-72.71439226860963, 41.81397117488098]], [[-72.71530057180964, 41.81386703568098], [-72.71530057180964, 41.81384996368098]], [[-72.71530057180964, 41.81384996368098], [-72.71530886260965, 41.81384996368098]], [[-72.71530886260965, 41.81384996368098], [-72.71530886260965, 41.81386703568098]], [[-72.71530886260965, 41.81386703568098], [-72.71530057180964, 41.81386703568098]], [[-72.71530057180964, 41.81385849968098], [-72.71530886260965, 41.81385849968098]], [[-72.71530794140963, 41.81394044528098], [-72.71530794140963, 41.81399080768098]], [[-72.71530149300963, 41.81394044528098], [-72.71531438980963, 41.81394044528098]], [[-72.71530149300963, 41.813946420480974], [-72.71531438980963, 41.813946420480974]], [[-72.71530149300963, 41.81395154208098], [-72.71531438980963, 41.81395154208098]], [[-72.71530149300963, 41.81395666368098], [-72.71531438980963, 41.81395666368098]], [[-72.71530149300963, 41.81396776048098], [-72.71531438980963, 41.81396776048098]], [[-72.71530149300963, 41.813972882080975], [-72.71531438980963, 41.813972882080975]], [[-72.71530149300963, 41.81397885728098], [-72.71531438980963, 41.81397885728098]], [[-72.71530149300963, 41.813989954080974], [-72.71531438980963, 41.813989954080974]], [[-72.71530149300963, 41.81394044528098], [-72.71531438980963, 41.81394044528098]], [[-72.71531438980963, 41.81394044528098], [-72.71531438980963, 41.81399507568098]], [[-72.71531438980963, 41.81399507568098], [-72.71530149300963, 41.81399507568098]], [[-72.71530149300963, 41.81399507568098], [-72.71530149300963, 41.81394044528098]], [[-72.71530149300963, 41.81398397888098], [-72.71531438980963, 41.81398397888098]], [[-72.71530149300963, 41.81396263888098], [-72.71531438980963, 41.81396263888098]], [[-72.71458111460963, 41.81403434128098], [-72.71458111460963, 41.81403946288098], [-72.71457927220963, 41.81403946288098], [-72.71457927220963, 41.81403434128098], [-72.71458111460963, 41.81403434128098]], [[-72.71449267940963, 41.814313468480975], [-72.71449267940963, 41.81431859008098], [-72.71449083700965, 41.81431859008098], [-72.71449083700965, 41.814313468480975], [-72.71449267940963, 41.814313468480975]], [[-72.71537426780964, 41.81399080768098], [-72.71537979500962, 41.81399080768098], [-72.71537979500962, 41.81396605328098], [-72.71534386820964, 41.81396605328098], [-72.71534386820964, 41.81397117488098], [-72.71537426780964, 41.81397117488098], [-72.71537426780964, 41.81399080768098]], [[-72.71530149300963, 41.81399507568098], [-72.71531438980963, 41.81399507568098]], [[-72.71531438980963, 41.81399507568098], [-72.71531438980963, 41.814001904480975]], [[-72.71531438980963, 41.814001904480975], [-72.71530149300963, 41.814001904480975]], [[-72.71530149300963, 41.814001904480975], [-72.71530149300963, 41.81399507568098]], [[-72.71530794140963, 41.81399507568098], [-72.71530794140963, 41.81399849008098]], [[-72.71551429020963, 41.81381752688098], [-72.71551429020963, 41.813816673280975], [-72.71552073860963, 41.813816673280975], [-72.71552073860963, 41.81381838048098]], [[-72.71552073860963, 41.81382435568098], [-72.71552073860963, 41.81382606288098], [-72.71551429020963, 41.81382606288098], [-72.71551429020963, 41.81382435568098]], [[-72.71552073860963, 41.813819234080974], [-72.71552073860963, 41.81382350208098]], [[-72.71552073860963, 41.813819234080974], [-72.71552902940964, 41.813819234080974], [-72.71552995060964, 41.813819234080974], [-72.71552995060964, 41.81381838048098], [-72.71552902940964, 41.81381838048098], [-72.71552073860963, 41.81381838048098]], [[-72.71552073860963, 41.81382435568098], [-72.71552902940964, 41.81382435568098], [-72.71552995060964, 41.81382435568098], [-72.71552995060964, 41.81382350208098], [-72.71552902940964, 41.81382350208098], [-72.71552073860963, 41.81382350208098]], [[-72.71551429020963, 41.81381752688098], [-72.71551336900964, 41.81381752688098], [-72.71550599940964, 41.81381752688098], [-72.71550507820963, 41.81381752688098], [-72.71550415700963, 41.81381838048098], [-72.71550415700963, 41.81382350208098], [-72.71550507820963, 41.81382520928098], [-72.71550599940964, 41.81382520928098], [-72.71551336900964, 41.81382520928098], [-72.71551429020963, 41.81382520928098], [-72.71551429020963, 41.81382435568098]], [[-72.71498275780964, 41.81434675888098], [-72.71498275780964, 41.81434334448098], [-72.71497907300963, 41.81434334448098], [-72.71497907300963, 41.81434675888098], [-72.71498275780964, 41.81434675888098]], [[-72.71558982860964, 41.81372277728098], [-72.71558798620964, 41.81372277728098]], [[-72.71557416820963, 41.81372619168098], [-72.71558798620964, 41.81372619168098], [-72.71558798620964, 41.81372277728098]], [[-72.71557601060964, 41.81372619168098], [-72.71557601060964, 41.81373643488098]], [[-72.71557508940964, 41.81373643488098], [-72.71557601060964, 41.81373643488098]], [[-72.71557508940964, 41.81372619168098], [-72.71557508940964, 41.81373643488098]], [[-72.71558982860964, 41.81372277728098], [-72.71558982860964, 41.81372021648098], [-72.71558798620964, 41.81372021648098]], [[-72.71558798620964, 41.81372021648098], [-72.71558798620964, 41.81371680208098], [-72.71557416820963, 41.81371680208098], [-72.71557416820963, 41.81372619168098]], [[-72.71558798620964, 41.81372619168098], [-72.71559351340964, 41.81372619168098], [-72.71559351340964, 41.81371338768098], [-72.71557048340964, 41.81371338768098], [-72.71557048340964, 41.81372619168098], [-72.71557416820963, 41.81372619168098]], [[-72.71445214660963, 41.81431773648098], [-72.71445214660963, 41.81431261488098], [-72.71445398900964, 41.81431261488098], [-72.71445398900964, 41.81431773648098], [-72.71445214660963, 41.81431773648098]], [[-72.71577959580964, 41.81436553808098], [-72.71576854140963, 41.81436553808098], [-72.71576854140963, 41.81435956288097], [-72.71577959580964, 41.81435956288097], [-72.71577959580964, 41.81436553808098]], [[-72.71522963940963, 41.81393020208098], [-72.71522411220964, 41.81393020208098]], [[-72.71522963940963, 41.813927641280976], [-72.71522411220964, 41.813927641280976]], [[-72.71522963940963, 41.81392593408098], [-72.71522411220964, 41.81392593408098]], [[-72.71522411220964, 41.81392508048098], [-72.71522963940963, 41.81392508048098], [-72.71522963940963, 41.81393020208098], [-72.71522411220964, 41.81393020208098], [-72.71522411220964, 41.81392508048098]], [[-72.71551429020963, 41.81380728368097], [-72.71551429020963, 41.81380557648098], [-72.71552073860963, 41.81380557648098], [-72.71552073860963, 41.81380728368097]], [[-72.71552073860963, 41.81380813728098], [-72.71552073860963, 41.81381240528098]], [[-72.71551429020963, 41.81380728368097], [-72.71551429020963, 41.81380643008098], [-72.71551336900964, 41.81380643008098], [-72.71550599940964, 41.81380643008098], [-72.71550507820963, 41.81380643008098], [-72.71550415700963, 41.81380813728098], [-72.71550415700963, 41.81381325888098], [-72.71550507820963, 41.813814112480976], [-72.71550599940964, 41.813814112480976], [-72.71551336900964, 41.813814112480976], [-72.71551429020963, 41.813814112480976]], [[-72.71552073860963, 41.81381325888098], [-72.71552073860963, 41.81381496608098], [-72.71551429020963, 41.81381496608098], [-72.71551429020963, 41.813814112480976]], [[-72.71552073860963, 41.81381325888098], [-72.71552902940964, 41.81381325888098], [-72.71552995060964, 41.81381325888098], [-72.71552995060964, 41.81381240528098], [-72.71552902940964, 41.81381240528098], [-72.71552073860963, 41.81381240528098]], [[-72.71552073860963, 41.81380813728098], [-72.71552902940964, 41.81380813728098], [-72.71552995060964, 41.81380813728098], [-72.71552995060964, 41.81380728368097], [-72.71552902940964, 41.81380728368097], [-72.71552073860963, 41.81380728368097]], [[-72.71492840700964, 41.81432968688098], [-72.71492840700964, 41.81433139408098]], [[-72.71492656460964, 41.81433139408098], [-72.71492656460964, 41.81432968688098]], [[-72.71492932820965, 41.81432968688098], [-72.71492932820965, 41.81433139408098]], [[-72.71492840700964, 41.81433139408098], [-72.71492840700964, 41.81433224768098]], [[-72.71492932820965, 41.81432883328098], [-72.71492840700964, 41.81432883328098]], [[-72.71492748580964, 41.81432712608098], [-72.71492748580964, 41.81432883328098]], [[-72.71492932820965, 41.81433139408098], [-72.71492932820965, 41.81433310128097]], [[-72.71492840700964, 41.81432712608098], [-72.71492748580964, 41.81432712608098]], [[-72.71493024940963, 41.81433224768098], [-72.71493117060963, 41.81433310128097], [-72.71493117060963, 41.81433566208098], [-72.71493024940963, 41.81433566208098], [-72.71492656460964, 41.81433566208098], [-72.71492656460964, 41.81433395488098]], [[-72.71492748580964, 41.81433224768098], [-72.71492748580964, 41.81433139408098]], [[-72.71492932820965, 41.81433310128097], [-72.71492840700964, 41.81433310128097]], [[-72.71492840700964, 41.81432883328098], [-72.71492748580964, 41.81432883328098]], [[-72.71492932820965, 41.81432883328098], [-72.71492840700964, 41.81432883328098]], [[-72.71492748580964, 41.81432883328098], [-72.71492840700964, 41.81432883328098]], [[-72.71492932820965, 41.81432883328098], [-72.71492932820965, 41.81433139408098]], [[-72.71492748580964, 41.81432968688098], [-72.71492748580964, 41.81433139408098]], [[-72.71492656460964, 41.81433224768098], [-72.71492656460964, 41.81433139408098]], [[-72.71492932820965, 41.81433139408098], [-72.71492932820965, 41.81433224768098]], [[-72.71492840700964, 41.81432968688098], [-72.71492840700964, 41.81433139408098]], [[-72.71492932820965, 41.81432883328098], [-72.71492840700964, 41.81432883328098]], [[-72.71492656460964, 41.81432968688098], [-72.71492840700964, 41.81432968688098]], [[-72.71492564340963, 41.81433139408098], [-72.71492932820965, 41.81433139408098]], [[-72.71492840700964, 41.81432883328098], [-72.71492840700964, 41.81432712608098]], [[-72.71492748580964, 41.81432883328098], [-72.71492748580964, 41.81432712608098]], [[-72.71492932820965, 41.81433139408098], [-72.71492932820965, 41.81433310128097]], [[-72.71492840700964, 41.81432883328098], [-72.71492840700964, 41.81433139408098]], [[-72.71492932820965, 41.81433139408098], [-72.71492932820965, 41.81432883328098]], [[-72.71492840700964, 41.81432883328098], [-72.71492840700964, 41.81432968688098]], [[-72.71492932820965, 41.81433310128097], [-72.71492840700964, 41.81433310128097]], [[-72.71492748580964, 41.81433139408098], [-72.71492748580964, 41.81433224768098]], [[-72.71492840700964, 41.81432712608098], [-72.71492840700964, 41.81432883328098]], [[-72.71493024940963, 41.81433224768098], [-72.71492932820965, 41.81433224768098]], [[-72.71492932820965, 41.81433310128097], [-72.71492840700964, 41.81433310128097]], [[-72.71492748580964, 41.81432883328098], [-72.71492748580964, 41.81432968688098]], [[-72.71492656460964, 41.81432883328098], [-72.71492656460964, 41.814326272480976], [-72.71493024940963, 41.814326272480976], [-72.71493024940963, 41.81432712608098], [-72.71493117060963, 41.81432712608098], [-72.71493117060963, 41.81432968688098], [-72.71493024940963, 41.81432968688098]], [[-72.71492656460964, 41.81433395488098], [-72.71492656460964, 41.81433224768098]], [[-72.71492840700964, 41.81433224768098], [-72.71492656460964, 41.81433224768098]], [[-72.71492656460964, 41.81432968688098], [-72.71492656460964, 41.81432883328098]], [[-72.71492840700964, 41.81433139408098], [-72.71492840700964, 41.81432968688098]], [[-72.71492748580964, 41.81432968688098], [-72.71492748580964, 41.81432883328098]], [[-72.71493117060963, 41.81433224768098], [-72.71493117060963, 41.814330540480974]], [[-72.71492564340963, 41.81433139408098], [-72.71492932820965, 41.81433139408098]], [[-72.71492840700964, 41.81433310128097], [-72.71492840700964, 41.81433139408098]], [[-72.71492748580964, 41.81433139408098], [-72.71492748580964, 41.81432968688098]], [[-72.71492748580964, 41.81432712608098], [-72.71492840700964, 41.81432712608098]], [[-72.71492656460964, 41.81432883328098], [-72.71492564340963, 41.81432883328098], [-72.71492564340963, 41.81433139408098], [-72.71492564340963, 41.81433395488098], [-72.71492656460964, 41.81433395488098]], [[-72.71492840700964, 41.81433139408098], [-72.71492840700964, 41.81433310128097]], [[-72.71492932820965, 41.81432968688098], [-72.71493024940963, 41.81432968688098]], [[-72.71457098140964, 41.81435870928098], [-72.71457098140964, 41.814353587680976], [-72.71457282380965, 41.814353587680976], [-72.71457282380965, 41.81435870928098], [-72.71457098140964, 41.81435870928098]], [[-72.71497170340963, 41.813975442880974], [-72.71497170340963, 41.81396349248097]], [[-72.71497170340963, 41.813975442880974], [-72.71497170340963, 41.81396349248097]], [[-72.71497170340963, 41.81396349248097], [-72.71496525500963, 41.81396349248097]], [[-72.71496525500963, 41.813975442880974], [-72.71497170340963, 41.813975442880974]], [[-72.71496525500963, 41.81396349248097], [-72.71496525500963, 41.813975442880974]], [[-72.71497170340963, 41.81396349248097], [-72.71497815180963, 41.81396349248097]], [[-72.71497815180963, 41.813975442880974], [-72.71497170340963, 41.813975442880974]], [[-72.71497815180963, 41.81396349248097], [-72.71497815180963, 41.813975442880974]], [[-72.71492472220963, 41.81434078368098], [-72.71492472220963, 41.814342490880975]], [[-72.71492472220963, 41.81434163728098], [-72.71492564340963, 41.81434163728098]], [[-72.71492472220963, 41.81435188048098], [-72.71492564340963, 41.81435188048098], [-72.71492564340963, 41.81432029728098], [-72.71492472220963, 41.81432029728098], [-72.71492472220963, 41.81435188048098]], [[-72.71492472220963, 41.81432029728098], [-72.71492472220963, 41.81432200448098]], [[-72.71492564340963, 41.81432029728098], [-72.71492564340963, 41.81432200448098]], [[-72.71492564340963, 41.814325418880976], [-72.71492564340963, 41.81432712608098]], [[-72.71492472220963, 41.814326272480976], [-72.71492564340963, 41.814326272480976]], [[-72.71492564340963, 41.81435188048098], [-72.71492564340963, 41.81435102688098]], [[-72.71492472220963, 41.81435188048098], [-72.71492564340963, 41.81435188048098]], [[-72.71492472220963, 41.81435188048098], [-72.71492472220963, 41.81435102688098]], [[-72.71492472220963, 41.81433566208098], [-72.71492472220963, 41.81433736928098]], [[-72.71492472220963, 41.81432115088098], [-72.71492564340963, 41.81432115088098]], [[-72.71492472220963, 41.81434163728098], [-72.71492564340963, 41.81434163728098]], [[-72.71492564340963, 41.81434078368098], [-72.71492564340963, 41.814342490880975]], [[-72.71492472220963, 41.81433651568098], [-72.71492564340963, 41.81433651568098]], [[-72.71492564340963, 41.81433566208098], [-72.71492564340963, 41.81433736928098]], [[-72.71492472220963, 41.814325418880976], [-72.71492472220963, 41.81432712608098]], [[-72.71492472220963, 41.814326272480976], [-72.71492564340963, 41.814326272480976]], [[-72.71492472220963, 41.81433651568098], [-72.71492564340963, 41.81433651568098]], [[-72.71492472220963, 41.814326272480976], [-72.71492564340963, 41.814326272480976]], [[-72.71450465500963, 41.814316029280974], [-72.71450465500963, 41.81431261488098]], [[-72.71451386700964, 41.81431261488098], [-72.71451386700964, 41.814316029280974]], [[-72.71450465500963, 41.81431261488098], [-72.71451386700964, 41.81431261488098]], [[-72.71451386700964, 41.814316029280974], [-72.71450465500963, 41.814316029280974]], [[-72.71451386700964, 41.81431517568098], [-72.71450465500963, 41.81431517568098]], [[-72.71556311380964, 41.81431688288098], [-72.71556956220964, 41.81431688288098]], [[-72.71556311380964, 41.81431944368098], [-72.71555850780963, 41.81431944368098]], [[-72.71557416820963, 41.81431944368098], [-72.71556956220964, 41.81431944368098]], [[-72.71556956220964, 41.814298957280975], [-72.71556956220964, 41.81431944368098]], [[-72.71556587740965, 41.81431688288098], [-72.71556679860963, 41.81431688288098]], [[-72.71556587740965, 41.814298957280975], [-72.71556035020964, 41.814298957280975]], [[-72.71556679860963, 41.814298957280975], [-72.71557232580963, 41.814298957280975]], [[-72.71557508940964, 41.81431944368098], [-72.71556679860963, 41.81431944368098]], [[-72.71556587740965, 41.81431688288098], [-72.71556587740965, 41.814316029280974]], [[-72.71556587740965, 41.81430237168098], [-72.71556587740965, 41.814301518080974]], [[-72.71556679860963, 41.814301518080974], [-72.71556679860963, 41.81430237168098]], [[-72.71556587740965, 41.81431944368098], [-72.71555758660963, 41.81431944368098]], [[-72.71556679860963, 41.81431944368098], [-72.71556679860963, 41.814298957280975]], [[-72.71556587740965, 41.814298957280975], [-72.71556587740965, 41.81431944368098]], [[-72.71556587740965, 41.81430237168098], [-72.71556679860963, 41.81430237168098]], [[-72.71556311380964, 41.814316029280974], [-72.71556956220964, 41.814316029280974]], [[-72.71556679860963, 41.81431688288098], [-72.71556587740965, 41.81431688288098]], [[-72.71556587740965, 41.814316029280974], [-72.71556679860963, 41.814316029280974]], [[-72.71557508940964, 41.814298957280975], [-72.71557508940964, 41.81431944368098]], [[-72.71556587740965, 41.814301518080974], [-72.71556679860963, 41.814301518080974]], [[-72.71556587740965, 41.814316029280974], [-72.71556679860963, 41.814316029280974]], [[-72.71555758660963, 41.81431944368098], [-72.71555758660963, 41.814298957280975]], [[-72.71557416820963, 41.814298957280975], [-72.71557416820963, 41.81431944368098]], [[-72.71556311380964, 41.81430237168098], [-72.71556956220964, 41.81430237168098]], [[-72.71556679860963, 41.814316029280974], [-72.71556679860963, 41.81431688288098]], [[-72.71556311380964, 41.814298957280975], [-72.71555850780963, 41.814298957280975]], [[-72.71556679860963, 41.814298957280975], [-72.71557508940964, 41.814298957280975]], [[-72.71557416820963, 41.814298957280975], [-72.71556956220964, 41.814298957280975]], [[-72.71556679860963, 41.81430237168098], [-72.71556587740965, 41.81430237168098]], [[-72.71556587740965, 41.814301518080974], [-72.71556679860963, 41.814301518080974]], [[-72.71555850780963, 41.814298957280975], [-72.71555850780963, 41.81431944368098]], [[-72.71556311380964, 41.814301518080974], [-72.71556956220964, 41.814301518080974]], [[-72.71556311380964, 41.814298957280975], [-72.71556311380964, 41.81431944368098]], [[-72.71556587740965, 41.81431944368098], [-72.71556679860963, 41.81431944368098]], [[-72.71556587740965, 41.814298957280975], [-72.71556679860963, 41.814298957280975]], [[-72.71555758660963, 41.814298957280975], [-72.71556587740965, 41.814298957280975]], [[-72.71513936180965, 41.81432029728098], [-72.71513936180965, 41.81432456528098]], [[-72.71514028300963, 41.81432115088098], [-72.71514028300963, 41.81432456528098], [-72.71513936180965, 41.81432456528098], [-72.71514396780964, 41.81432456528098], [-72.71514396780964, 41.81432029728098], [-72.71513936180965, 41.81432029728098], [-72.71513936180965, 41.81432115088098], [-72.71514028300963, 41.81432115088098]], [[-72.71513936180965, 41.81432200448098], [-72.71513936180965, 41.81432285808098]], [[-72.71513936180965, 41.81432115088098], [-72.71513936180965, 41.81432200448098]], [[-72.71514028300963, 41.81432200448098], [-72.71514028300963, 41.81432285808098]], [[-72.71514028300963, 41.81432115088098], [-72.71514028300963, 41.81432200448098]], [[-72.71497170340963, 41.81398824688098], [-72.71497170340963, 41.813975442880974]], [[-72.71497170340963, 41.813975442880974], [-72.71497815180963, 41.813975442880974]], [[-72.71497815180963, 41.813975442880974], [-72.71497815180963, 41.81398824688098]], [[-72.71497815180963, 41.81398824688098], [-72.71497170340963, 41.81398824688098]], [[-72.71497170340963, 41.81398824688098], [-72.71497170340963, 41.813975442880974]], [[-72.71497170340963, 41.813975442880974], [-72.71496525500963, 41.813975442880974]], [[-72.71496525500963, 41.813975442880974], [-72.71496525500963, 41.81398824688098]], [[-72.71496525500963, 41.81398824688098], [-72.71497170340963, 41.81398824688098]], [[-72.71498644260964, 41.81371338768098], [-72.71502605420963, 41.81371338768098]], [[-72.71500026060963, 41.813717655680975], [-72.71500118180963, 41.813717655680975]], [[-72.71499657580964, 41.813717655680975], [-72.71499565460964, 41.813717655680975]], [[-72.71499565460964, 41.813717655680975], [-72.71499657580964, 41.81371680208098]], [[-72.71499657580964, 41.81371680208098], [-72.71499657580964, 41.813715948480976]], [[-72.71499657580964, 41.813715948480976], [-72.71499565460964, 41.813715948480976]], [[-72.71499565460964, 41.813715948480976], [-72.71499565460964, 41.81371680208098]], [[-72.71501315740963, 41.81371680208098], [-72.71501407860964, 41.81371680208098]], [[-72.71500670900963, 41.813715948480976], [-72.71500670900963, 41.813717655680975]], [[-72.71501684220964, 41.813717655680975], [-72.71501684220964, 41.813715948480976]], [[-72.71500302420964, 41.813715948480976], [-72.71500302420964, 41.81371680208098]], [[-72.71501223620963, 41.81371680208098], [-72.71501223620963, 41.813715948480976]], [[-72.71502236940964, 41.81372192368098], [-72.71502421180963, 41.81372192368098]], [[-72.71501499980964, 41.813715948480976], [-72.71501592100964, 41.813717655680975]], [[-72.71498644260964, 41.81371338768098], [-72.71498644260964, 41.813730459680976]], [[-72.71500855140964, 41.813715948480976], [-72.71500947260964, 41.813717655680975]], [[-72.71499012740964, 41.81372192368098], [-72.71498736380964, 41.81372192368098]], [[-72.71502236940964, 41.813715094880976], [-72.71502236940964, 41.81371936288098]], [[-72.71498644260964, 41.813717655680975], [-72.71498736380964, 41.813717655680975]], [[-72.71501684220964, 41.813715948480976], [-72.71501776340963, 41.813715948480976]], [[-72.71502236940964, 41.81371936288098], [-72.71502236940964, 41.81372448448098]], [[-72.71502605420963, 41.81371338768098], [-72.71498644260964, 41.81371338768098]], [[-72.71501223620963, 41.813715948480976], [-72.71501131500963, 41.813715948480976]], [[-72.71498644260964, 41.813730459680976], [-72.71502605420963, 41.813730459680976]], [[-72.71500026060963, 41.813717655680975], [-72.71500118180963, 41.813715948480976]], [[-72.71499012740964, 41.813718509280974], [-72.71498736380964, 41.813718509280974]], [[-72.71500947260964, 41.813717655680975], [-72.71500947260964, 41.813715948480976]], [[-72.71500394540963, 41.813715948480976], [-72.71500394540963, 41.81371680208098]], [[-72.71501131500963, 41.813717655680975], [-72.71501223620963, 41.813717655680975]], [[-72.71499012740964, 41.81372533808098], [-72.71498736380964, 41.81372533808098]], [[-72.71502421180963, 41.813717655680975], [-72.71502421180963, 41.81372619168098]], [[-72.71499012740964, 41.81372875248098], [-72.71502236940964, 41.81372875248098]], [[-72.71499012740964, 41.813715094880976], [-72.71502236940964, 41.813715094880976]], [[-72.71500210300964, 41.813715948480976], [-72.71500302420964, 41.813715948480976]], [[-72.71502236940964, 41.81372533808098], [-72.71502421180963, 41.81372533808098]], [[-72.71501039380964, 41.813715948480976], [-72.71501131500963, 41.813717655680975]], [[-72.71500947260964, 41.813715948480976], [-72.71500947260964, 41.813717655680975]], [[-72.71499012740964, 41.81372448448098], [-72.71499012740964, 41.81372875248098]], [[-72.71502421180963, 41.813717655680975], [-72.71502236940964, 41.813717655680975]], [[-72.71500302420964, 41.81371680208098], [-72.71500210300964, 41.81371680208098]], [[-72.71501315740963, 41.813715948480976], [-72.71501315740963, 41.813717655680975]], [[-72.71499473340963, 41.813715948480976], [-72.71499473340963, 41.813717655680975]], [[-72.71501039380964, 41.813717655680975], [-72.71501131500963, 41.813717655680975]], [[-72.71500486660965, 41.813717655680975], [-72.71500486660965, 41.813715948480976]], [[-72.71499012740964, 41.81372448448098], [-72.71499012740964, 41.81371936288098]], [[-72.71501407860964, 41.813715948480976], [-72.71501407860964, 41.813717655680975]], [[-72.71499933940964, 41.813715948480976], [-72.71499933940964, 41.81371680208098]], [[-72.71500118180963, 41.813715948480976], [-72.71500118180963, 41.813717655680975]], [[-72.71500302420964, 41.813717655680975], [-72.71500302420964, 41.813715948480976]], [[-72.71502421180963, 41.81372619168098], [-72.71502236940964, 41.81372619168098]], [[-72.71502236940964, 41.81372875248098], [-72.71502236940964, 41.81372448448098]], [[-72.71500855140964, 41.813717655680975], [-72.71500855140964, 41.813715948480976]], [[-72.71501776340963, 41.813717655680975], [-72.71501684220964, 41.813717655680975]], [[-72.71502236940964, 41.813718509280974], [-72.71502421180963, 41.813718509280974]], [[-72.71501592100964, 41.813717655680975], [-72.71501592100964, 41.813715948480976]], [[-72.71500302420964, 41.813715948480976], [-72.71500394540963, 41.813715948480976]], [[-72.71502605420963, 41.813730459680976], [-72.71502605420963, 41.81371338768098]], [[-72.71499012740964, 41.81371936288098], [-72.71502236940964, 41.81371936288098]], [[-72.71498736380964, 41.81372192368098], [-72.71499012740964, 41.81372192368098]], [[-72.71499933940964, 41.813717655680975], [-72.71500026060963, 41.813717655680975]], [[-72.71500210300964, 41.81371680208098], [-72.71500302420964, 41.813717655680975]], [[-72.71500026060963, 41.813715948480976], [-72.71499933940964, 41.813715948480976]], [[-72.71501131500963, 41.813715948480976], [-72.71501131500963, 41.81371680208098]], [[-72.71498736380964, 41.813717655680975], [-72.71498736380964, 41.81372619168098]], [[-72.71500210300964, 41.813717655680975], [-72.71500210300964, 41.813715948480976]], [[-72.71502605420963, 41.813717655680975], [-72.71502421180963, 41.813717655680975]], [[-72.71500578780963, 41.813717655680975], [-72.71500486660965, 41.813717655680975]], [[-72.71498736380964, 41.81372619168098], [-72.71498644260964, 41.81372619168098]], [[-72.71498736380964, 41.81372619168098], [-72.71499012740964, 41.81372619168098]], [[-72.71500578780963, 41.813715948480976], [-72.71500670900963, 41.813715948480976]], [[-72.71501131500963, 41.81371680208098], [-72.71501131500963, 41.813717655680975]], [[-72.71501039380964, 41.813717655680975], [-72.71501039380964, 41.813715948480976]], [[-72.71502421180963, 41.81372107008098], [-72.71502236940964, 41.81372107008098]], [[-72.71499473340963, 41.81371680208098], [-72.71499473340963, 41.813715948480976]], [[-72.71501499980964, 41.813717655680975], [-72.71501499980964, 41.813715948480976]], [[-72.71499012740964, 41.81371936288098], [-72.71499012740964, 41.813715094880976]], [[-72.71500394540963, 41.81371680208098], [-72.71500302420964, 41.81371680208098]], [[-72.71498736380964, 41.813717655680975], [-72.71499012740964, 41.813717655680975]], [[-72.71500026060963, 41.81371680208098], [-72.71500026060963, 41.813715948480976]], [[-72.71501407860964, 41.813715948480976], [-72.71501407860964, 41.813717655680975]], [[-72.71502236940964, 41.81372448448098], [-72.71499012740964, 41.81372448448098]], [[-72.71500486660965, 41.813715948480976], [-72.71500578780963, 41.813715948480976]], [[-72.71499933940964, 41.81371680208098], [-72.71499933940964, 41.813717655680975]], [[-72.71502421180963, 41.81372619168098], [-72.71502605420963, 41.81372619168098]], [[-72.71507487780964, 41.814354441280976], [-72.71506658700963, 41.814354441280976], [-72.71506658700963, 41.81436041648098], [-72.71507487780964, 41.81436041648098], [-72.71507487780964, 41.814354441280976]], [[-72.71474140340965, 41.81403519488098], [-72.71474140340965, 41.81404031648098], [-72.71474048220963, 41.81404031648098], [-72.71474048220963, 41.81403519488098], [-72.71474140340965, 41.81403519488098]], [[-72.71490814060964, 41.81434078368098], [-72.71490814060964, 41.81433566208098]], [[-72.71490814060964, 41.81433566208098], [-72.71490537700964, 41.81433566208098]], [[-72.71490537700964, 41.81433566208098], [-72.71490537700964, 41.81434078368098]], [[-72.71490537700964, 41.81434078368098], [-72.71490814060964, 41.81434078368098]], [[-72.71457282380965, 41.814330540480974], [-72.71457282380965, 41.814325418880976], [-72.71457098140964, 41.814325418880976], [-72.71457098140964, 41.814330540480974], [-72.71457282380965, 41.814330540480974]], [[-72.71435449940964, 41.81422469408098], [-72.71435357820964, 41.81422469408098], [-72.71435357820964, 41.814225547680984]], [[-72.71434160260964, 41.814226401280976], [-72.71434160260964, 41.814225547680984]], [[-72.71434252380963, 41.814226401280976], [-72.71434160260964, 41.814226401280976]], [[-72.71434160260964, 41.814226401280976], [-72.71434160260964, 41.81422469408098]], [[-72.71434160260964, 41.81422469408098], [-72.71434252380963, 41.81422469408098], [-72.71434252380963, 41.814225547680984]], [[-72.71435449940964, 41.81422469408098], [-72.71435449940964, 41.814226401280976]], [[-72.71434160260964, 41.81422469408098], [-72.71434160260964, 41.814226401280976]], [[-72.71435357820964, 41.814226401280976], [-72.71435449940964, 41.814226401280976]], [[-72.71434160260964, 41.814226401280976], [-72.71435449940964, 41.814226401280976]], [[-72.71435449940964, 41.814226401280976], [-72.71435542060964, 41.814226401280976], [-72.71435542060964, 41.81422469408098], [-72.71435449940964, 41.81422469408098]], [[-72.71435449940964, 41.814226401280976], [-72.71435449940964, 41.814225547680984]], [[-72.71435449940964, 41.814225547680984], [-72.71434160260964, 41.814225547680984]], [[-72.71477088180964, 41.813999343680976], [-72.71477088180964, 41.81398824688098]], [[-72.71477640900964, 41.81398824688098], [-72.71477640900964, 41.813999343680976]], [[-72.71477088180964, 41.813999343680976], [-72.71477088180964, 41.81398824688098]], [[-72.71477088180964, 41.81398824688098], [-72.71477640900964, 41.81398824688098]], [[-72.71477088180964, 41.813999343680976], [-72.71477640900964, 41.813999343680976]], [[-72.71459401140963, 41.81431517568098], [-72.71458387820964, 41.81431517568098]], [[-72.71458387820964, 41.81431261488098], [-72.71459401140963, 41.81431261488098]], [[-72.71458387820964, 41.814316029280974], [-72.71458387820964, 41.81431261488098]], [[-72.71459401140963, 41.81431261488098], [-72.71459401140963, 41.814316029280974]], [[-72.71459401140963, 41.814316029280974], [-72.71458387820964, 41.814316029280974]], [[-72.71484642020964, 41.81406677808098], [-72.71485563220963, 41.81406677808098], [-72.71485563220963, 41.814070192480976], [-72.71484642020964, 41.814070192480976], [-72.71484642020964, 41.81406677808098]], [[-72.71566076100963, 41.81431944368098], [-72.71567918500963, 41.81431944368098], [-72.71567918500963, 41.814325418880976], [-72.71567918500963, 41.814326272480976], [-72.71567826380964, 41.814326272480976], [-72.71567826380964, 41.81432712608098], [-72.71567734260964, 41.814327979680975], [-72.71567642140964, 41.814327979680975], [-72.71567642140964, 41.81432883328098], [-72.71567550020964, 41.81432883328098], [-72.71566444580964, 41.81432883328098], [-72.71566352460964, 41.81432883328098], [-72.71566260340964, 41.814327979680975], [-72.71566168220963, 41.81432712608098], [-72.71566076100963, 41.814326272480976], [-72.71566076100963, 41.814325418880976], [-72.71566076100963, 41.81431944368098]], [[-72.71474140340965, 41.81428615328098], [-72.71474140340965, 41.814281031680984], [-72.71474048220963, 41.814281031680984], [-72.71474048220963, 41.81428615328098], [-72.71474140340965, 41.81428615328098]], [[-72.71437937180964, 41.81433651568098], [-72.71437937180964, 41.814326272480976]], [[-72.71437937180964, 41.814326272480976], [-72.71438397780963, 41.814326272480976]], [[-72.71438397780963, 41.814326272480976], [-72.71438397780963, 41.81433651568098]], [[-72.71438397780963, 41.81433651568098], [-72.71437937180964, 41.81433651568098]], [[-72.71514581020963, 41.81433907648098], [-72.71514581020963, 41.81434931968098], [-72.71513936180965, 41.81434931968098], [-72.71513936180965, 41.81433907648098], [-72.71514581020963, 41.81433907648098]], [[-72.71450465500963, 41.81435785568098], [-72.71450465500963, 41.81436127008098]], [[-72.71451386700964, 41.81436127008098], [-72.71451386700964, 41.81435785568098]], [[-72.71450465500963, 41.81436127008098], [-72.71451386700964, 41.81436127008098]], [[-72.71451386700964, 41.81435785568098], [-72.71450465500963, 41.81435785568098]], [[-72.71451386700964, 41.81435785568098], [-72.71450465500963, 41.81435785568098]], [[-72.71460598700963, 41.814316029280974], [-72.71461151420964, 41.814316029280974], [-72.71461151420964, 41.81431859008098], [-72.71460598700963, 41.81431859008098], [-72.71460598700963, 41.814316029280974]], [[-72.71551244780964, 41.81378082208098], [-72.71551889620964, 41.81378082208098]], [[-72.71551152660963, 41.81379191888098], [-72.71551244780964, 41.81379191888098]], [[-72.71551521140964, 41.81378935808098], [-72.71552442340965, 41.81378935808098], [-72.71552442340965, 41.81378850448098], [-72.71551521140964, 41.81378850448098]], [[-72.71551152660963, 41.81379106528098], [-72.71551152660963, 41.81379191888098]], [[-72.71551521140964, 41.81378935808098], [-72.71551521140964, 41.813790211680974], [-72.71551889620964, 41.813790211680974]], [[-72.71551244780964, 41.81379191888098], [-72.71551889620964, 41.81379191888098]], [[-72.71551152660963, 41.81379106528098], [-72.71550507820963, 41.81379106528098]], [[-72.71551521140964, 41.81378850448098], [-72.71551521140964, 41.81378338288098]], [[-72.71551889620964, 41.81378082208098], [-72.71551889620964, 41.81378167568098]], [[-72.71551521140964, 41.81378252928098], [-72.71552442340965, 41.81378252928098], [-72.71552442340965, 41.81378338288098], [-72.71551521140964, 41.81378338288098]], [[-72.71551152660963, 41.81378167568098], [-72.71551152660963, 41.81378082208098]], [[-72.71551244780964, 41.81378082208098], [-72.71551152660963, 41.81378082208098]], [[-72.71551521140964, 41.81378252928098], [-72.71551521140964, 41.81378167568098], [-72.71551889620964, 41.81378167568098]], [[-72.71551889620964, 41.81379106528098], [-72.71551889620964, 41.81379191888098]], [[-72.71550507820963, 41.81378167568098], [-72.71551152660963, 41.81378167568098]], [[-72.71512001660963, 41.814287006880974], [-72.71511725300964, 41.814287006880974]], [[-72.71512001660963, 41.81428615328098], [-72.71511725300964, 41.81428615328098]], [[-72.71512001660963, 41.81428871408098], [-72.71512001660963, 41.81428359248098]], [[-72.71512001660963, 41.814284446080975], [-72.71511725300964, 41.814284446080975]], [[-72.71512093780964, 41.81428871408098], [-72.71512093780964, 41.81428359248098], [-72.71511633180964, 41.81428359248098], [-72.71511633180964, 41.81428871408098], [-72.71512093780964, 41.81428871408098]], [[-72.71511725300964, 41.81428786048098], [-72.71511725300964, 41.814287006880974]], [[-72.71511725300964, 41.814284446080975], [-72.71511725300964, 41.814285299680975]], [[-72.71582289220964, 41.814257984480975], [-72.71580631060964, 41.814257984480975]], [[-72.71580631060964, 41.814252009280985], [-72.71582289220964, 41.814252009280985]], [[-72.71582289220964, 41.814252009280985], [-72.71582289220964, 41.814257984480975]], [[-72.71580631060964, 41.814257984480975], [-72.71580631060964, 41.814252009280985]], [[-72.71498460020963, 41.814272495680974], [-72.71498460020963, 41.81426822768098], [-72.71498091540964, 41.81426822768098], [-72.71498091540964, 41.814272495680974], [-72.71498460020963, 41.814272495680974]], [[-72.71452307900964, 41.814003611680974], [-72.71452123660963, 41.814003611680974]], [[-72.71452123660963, 41.81399507568098], [-72.71452307900964, 41.81399507568098]], [[-72.71452307900964, 41.814003611680974], [-72.71452307900964, 41.81399507568098]], [[-72.71452123660963, 41.814003611680974], [-72.71452123660963, 41.81399507568098]], [[-72.71477180300964, 41.81434590528098], [-72.71476627580962, 41.81434590528098], [-72.71476627580962, 41.81434761248097], [-72.71477180300964, 41.81434761248097], [-72.71477180300964, 41.81434590528098]], [[-72.71528675380964, 41.81399507568098], [-72.71527293580964, 41.81399507568098]], [[-72.71527293580964, 41.81399592928098], [-72.71528675380964, 41.81399592928098]], [[-72.71528675380964, 41.81399592928098], [-72.71528675380964, 41.81399507568098]], [[-72.71527293580964, 41.81399507568098], [-72.71527293580964, 41.81399592928098]], [[-72.71527938420964, 41.81400275808098], [-72.71527938420964, 41.81399592928098]], [[-72.71527293580964, 41.81400275808098], [-72.71527293580964, 41.81399592928098]], [[-72.71528675380964, 41.81400275808098], [-72.71527293580964, 41.81400275808098]], [[-72.71527293580964, 41.81399592928098], [-72.71528675380964, 41.81399592928098]], [[-72.71528675380964, 41.81399592928098], [-72.71528675380964, 41.81400275808098]], [[-72.71530609900964, 41.81417091728098], [-72.71530609900964, 41.814169210080976]], [[-72.71530609900964, 41.814169210080976], [-72.71531623220963, 41.814169210080976]], [[-72.71531623220963, 41.814169210080976], [-72.71531623220963, 41.81417091728098]], [[-72.71530609900964, 41.81417091728098], [-72.71531623220963, 41.81417091728098]], [[-72.71474140340965, 41.813958370880975], [-72.71474140340965, 41.81395154208098], [-72.71473771860963, 41.81395154208098], [-72.71473771860963, 41.813958370880975], [-72.71474140340965, 41.813958370880975]], [[-72.71473771860963, 41.81395922448098], [-72.71473771860963, 41.81395068848098]], [[-72.71439134740965, 41.81427676368098], [-72.71439134740965, 41.81427164208098], [-72.71438674140963, 41.81427164208098], [-72.71438674140963, 41.81427676368098], [-72.71439134740965, 41.81427676368098]], [[-72.71527846300964, 41.81392337328098], [-72.71527846300964, 41.81392678768098], [-72.71528214780963, 41.81392678768098], [-72.71528214780963, 41.81392337328098], [-72.71527846300964, 41.81392337328098]], [[-72.71502697540964, 41.81400019728098], [-72.71502697540964, 41.81398824688098]], [[-72.71502697540964, 41.81398824688098], [-72.71503342380964, 41.81398824688098]], [[-72.71503342380964, 41.81398824688098], [-72.71503342380964, 41.81400019728098]], [[-72.71503342380964, 41.81400019728098], [-72.71502697540964, 41.81400019728098]], [[-72.71502052700964, 41.81398824688098], [-72.71502052700964, 41.81400019728098]], [[-72.71502697540964, 41.81400019728098], [-72.71502697540964, 41.81398824688098]], [[-72.71502052700964, 41.81400019728098], [-72.71502697540964, 41.81400019728098]], [[-72.71502697540964, 41.81398824688098], [-72.71502052700964, 41.81398824688098]], [[-72.71445951620964, 41.814287006880974], [-72.71445951620964, 41.814282738880976], [-72.71446412220963, 41.814282738880976], [-72.71446412220963, 41.814287006880974], [-72.71445951620964, 41.814287006880974]], [[-72.71459401140963, 41.81435785568098], [-72.71458387820964, 41.81435785568098]], [[-72.71458387820964, 41.81435785568098], [-72.71458387820964, 41.81436127008098]], [[-72.71458387820964, 41.81436127008098], [-72.71459401140963, 41.81436127008098]], [[-72.71459401140963, 41.81436127008098], [-72.71459401140963, 41.81435785568098]], [[-72.71459401140963, 41.81435785568098], [-72.71458387820964, 41.81435785568098]], [[-72.71498091540964, 41.814325418880976], [-72.71498091540964, 41.81432029728098]], [[-72.71498091540964, 41.81432029728098], [-72.71498367900963, 41.81432029728098]], [[-72.71498367900963, 41.81432029728098], [-72.71498367900963, 41.814325418880976]], [[-72.71498367900963, 41.814325418880976], [-72.71498091540964, 41.814325418880976]], [[-72.71434805100964, 41.81397971088098], [-72.71434805100964, 41.81397458928098], [-72.71435265700963, 41.81397458928098], [-72.71435265700963, 41.81397971088098], [-72.71434805100964, 41.81397971088098]], [[-72.71441714100963, 41.81403519488098], [-72.71441253500964, 41.81403519488098], [-72.71441253500964, 41.81403092688098], [-72.71441714100963, 41.81403092688098], [-72.71441714100963, 41.81403519488098]], [[-72.71517989460965, 41.814110311680984], [-72.71517528860963, 41.814110311680984], [-72.71517528860963, 41.81410433648098], [-72.71517989460965, 41.81410433648098], [-72.71517989460965, 41.814110311680984]], [[-72.71475522140963, 41.81374838528098], [-72.71475522140963, 41.81374241008098], [-72.71475982740964, 41.81374241008098], [-72.71475982740964, 41.81374838528098], [-72.71475522140963, 41.81374838528098]], [[-72.71572340260964, 41.81438858528097], [-72.71572340260964, 41.814382610080976], [-72.71572063900963, 41.814382610080976], [-72.71572063900963, 41.81438858528097], [-72.71572340260964, 41.81438858528097]], [[-72.71482891740963, 41.81397800368098], [-72.71481786300964, 41.81397800368098]], [[-72.71481786300964, 41.81397800368098], [-72.71481786300964, 41.813972028480975]], [[-72.71482891740963, 41.81397800368098], [-72.71481786300964, 41.81397800368098]], [[-72.71481786300964, 41.813972028480975], [-72.71482891740963, 41.813972028480975]], [[-72.71482891740963, 41.81397800368098], [-72.71482891740963, 41.813972028480975]], [[-72.71496617620963, 41.81392166608098], [-72.71496617620963, 41.813929348480976], [-72.71496064900964, 41.813929348480976], [-72.71496064900964, 41.81392166608098], [-72.71496617620963, 41.81392166608098]], [[-72.71441714100963, 41.81396178528098], [-72.71441806220963, 41.81396178528098]], [[-72.71441806220963, 41.81397117488098], [-72.71441806220963, 41.81396178528098]], [[-72.71441806220963, 41.81397117488098], [-72.71441714100963, 41.81397117488098]], [[-72.71441714100963, 41.81397117488098], [-72.71441714100963, 41.81396178528098]], [[-72.71503710860964, 41.81389947248098], [-72.71503710860964, 41.81389435088098], [-72.71503250260963, 41.81389435088098], [-72.71503250260963, 41.81389947248098], [-72.71503710860964, 41.81389947248098]], [[-72.71442174700962, 41.814272495680974], [-72.71442174700962, 41.814273349280974], [-72.71442543180964, 41.814273349280974], [-72.71442543180964, 41.814272495680974]], [[-72.71442174700962, 41.81426908128098], [-72.71442174700962, 41.81426737408098], [-72.71442543180964, 41.81426737408098], [-72.71442543180964, 41.81426908128098]], [[-72.71442082580964, 41.814272495680974], [-72.71442082580964, 41.81426908128098], [-72.71442635300964, 41.81426908128098], [-72.71442635300964, 41.814272495680974], [-72.71442082580964, 41.814272495680974]], [[-72.71428448820964, 41.81402239088098], [-72.71428448820964, 41.81401726928098], [-72.71428909420963, 41.81401726928098], [-72.71428909420963, 41.81402239088098], [-72.71428448820964, 41.81402239088098]], [[-72.71582012860964, 41.81435102688098], [-72.71582473460963, 41.81435102688098], [-72.71582473460963, 41.814367245280984], [-72.71582012860964, 41.814367245280984], [-72.71582012860964, 41.81435102688098]], [[-72.71549862980963, 41.81403348768098], [-72.71549862980963, 41.814032634080974]], [[-72.71548849660964, 41.81403348768098], [-72.71548849660964, 41.81403860928098]], [[-72.71550047220964, 41.81403946288098], [-72.71548849660964, 41.81403946288098], [-72.71548849660964, 41.814032634080974], [-72.71550047220964, 41.814032634080974], [-72.71550047220964, 41.81403946288098]], [[-72.71549862980963, 41.81403860928098], [-72.71549862980963, 41.81403946288098]], [[-72.71549862980963, 41.81403348768098], [-72.71549862980963, 41.81403860928098]], [[-72.71548849660964, 41.81403860928098], [-72.71549033900965, 41.81403860928098]], [[-72.71549862980963, 41.814032634080974], [-72.71549033900965, 41.814032634080974]], [[-72.71549033900965, 41.81403348768098], [-72.71548849660964, 41.81403348768098]], [[-72.71550047220964, 41.81403348768098], [-72.71549862980963, 41.81403348768098]], [[-72.71549862980963, 41.814032634080974], [-72.71549862980963, 41.81403348768098]], [[-72.71549862980963, 41.81403946288098], [-72.71550047220964, 41.81403946288098]], [[-72.71549862980963, 41.81403860928098], [-72.71549033900965, 41.81403860928098]], [[-72.71550047220964, 41.81403946288098], [-72.71550047220964, 41.81403348768098]], [[-72.71549033900965, 41.81403348768098], [-72.71549033900965, 41.81403860928098]], [[-72.71550047220964, 41.814032634080974], [-72.71548849660964, 41.814032634080974], [-72.71548849660964, 41.81403946288098], [-72.71550047220964, 41.81403946288098], [-72.71550047220964, 41.814032634080974]], [[-72.71549033900965, 41.814032634080974], [-72.71549033900965, 41.81403348768098]], [[-72.71510067140963, 41.81399251488098], [-72.71510067140963, 41.81398227168098]], [[-72.71510711980963, 41.81399251488098], [-72.71510711980963, 41.81398227168098]], [[-72.71510804100964, 41.81399251488098], [-72.71510804100964, 41.81398227168098]], [[-72.71510251380964, 41.813999343680976], [-72.71510251380964, 41.81399251488098]], [[-72.71510251380964, 41.81399251488098], [-72.71511356820963, 41.81399251488098]], [[-72.71510711980963, 41.81398227168098], [-72.71510067140963, 41.81398227168098]], [[-72.71510804100964, 41.81398227168098], [-72.71511448940964, 41.81398227168098]], [[-72.71510067140963, 41.81399251488098], [-72.71510251380964, 41.81399251488098]], [[-72.71511356820963, 41.81399251488098], [-72.71511448940964, 41.81399251488098]], [[-72.71510711980963, 41.81399251488098], [-72.71510251380964, 41.81399251488098]], [[-72.71511356820963, 41.813999343680976], [-72.71511356820963, 41.81399251488098]], [[-72.71510527740963, 41.81398227168098], [-72.71510711980963, 41.81398227168098]], [[-72.71510988340964, 41.81398227168098], [-72.71510804100964, 41.81398227168098]], [[-72.71510988340964, 41.81398227168098], [-72.71510804100964, 41.81398227168098]], [[-72.71511264700963, 41.81399251488098], [-72.71511264700963, 41.81399336848098]], [[-72.71511264700963, 41.81399336848098], [-72.71511356820963, 41.81399336848098]], [[-72.71511356820963, 41.81399336848098], [-72.71511356820963, 41.81399251488098]], [[-72.71510251380964, 41.813999343680976], [-72.71511356820963, 41.813999343680976]], [[-72.71510527740963, 41.81398227168098], [-72.71510711980963, 41.81398227168098]], [[-72.71510711980963, 41.81398227168098], [-72.71510804100964, 41.81398227168098]], [[-72.71510251380964, 41.81399336848098], [-72.71510251380964, 41.81399251488098]], [[-72.71511448940964, 41.81399251488098], [-72.71511448940964, 41.81398227168098]], [[-72.71510251380964, 41.81399251488098], [-72.71510251380964, 41.81399336848098]], [[-72.71511356820963, 41.81399251488098], [-72.71510804100964, 41.81399251488098]], [[-72.71487405620964, 41.81431944368098], [-72.71487405620964, 41.81431517568098]], [[-72.71486300180963, 41.81431517568098], [-72.71486300180963, 41.81431944368098]], [[-72.71487405620964, 41.81431517568098], [-72.71486300180963, 41.81431517568098]], [[-72.71486300180963, 41.81431944368098], [-72.71487405620964, 41.81431944368098]], [[-72.71492840700964, 41.81432968688098], [-72.71492840700964, 41.814330540480974]], [[-72.71492840700964, 41.81432883328098], [-72.71492840700964, 41.81432968688098]], [[-72.71492932820965, 41.81433224768098], [-72.71492932820965, 41.81433310128097]], [[-72.71492748580964, 41.81432883328098], [-72.71492748580964, 41.81432712608098]], [[-72.71492932820965, 41.81433310128097], [-72.71492840700964, 41.81433310128097]], [[-72.71492748580964, 41.81432712608098], [-72.71492840700964, 41.81432712608098]], [[-72.71492840700964, 41.81433224768098], [-72.71492840700964, 41.81433310128097]], [[-72.71492840700964, 41.81432883328098], [-72.71492748580964, 41.81432883328098]], [[-72.71492932820965, 41.81432883328098], [-72.71492932820965, 41.814330540480974]], [[-72.71492932820965, 41.81432883328098], [-72.71492840700964, 41.81432883328098]], [[-72.71492840700964, 41.81432712608098], [-72.71492840700964, 41.81432883328098]], [[-72.71504171460963, 41.814287006880974], [-72.71505645380964, 41.814287006880974], [-72.71505645380964, 41.814281031680984], [-72.71504171460963, 41.814281031680984], [-72.71504171460963, 41.814287006880974]], [[-72.71553916260963, 41.814257984480975], [-72.71553916260963, 41.81427847088098]], [[-72.71552442340965, 41.814257984480975], [-72.71552442340965, 41.81427847088098]], [[-72.71553179300963, 41.81427591008098], [-72.71553271420963, 41.81427591008098]], [[-72.71553179300963, 41.81427505648098], [-72.71553271420963, 41.81427505648098]], [[-72.71553179300963, 41.81426054528098], [-72.71553271420963, 41.81426054528098]], [[-72.71553179300963, 41.81426054528098], [-72.71553271420963, 41.81426054528098]], [[-72.71553179300963, 41.814257984480975], [-72.71552626580963, 41.814257984480975]], [[-72.71553271420963, 41.814257984480975], [-72.71553824140963, 41.814257984480975]], [[-72.71552350220963, 41.814257984480975], [-72.71553179300963, 41.814257984480975]], [[-72.71553179300963, 41.814257984480975], [-72.71553179300963, 41.81427847088098]], [[-72.71553179300963, 41.81427847088098], [-72.71552350220963, 41.81427847088098]], [[-72.71552350220963, 41.81427847088098], [-72.71552350220963, 41.814257984480975]], [[-72.71553271420963, 41.81427847088098], [-72.71553271420963, 41.814257984480975]], [[-72.71554100500964, 41.81427847088098], [-72.71553271420963, 41.81427847088098]], [[-72.71554100500964, 41.814257984480975], [-72.71554100500964, 41.81427847088098]], [[-72.71553271420963, 41.814257984480975], [-72.71554100500964, 41.814257984480975]], [[-72.71553179300963, 41.81427505648098], [-72.71553271420963, 41.81427505648098]], [[-72.71553271420963, 41.81427505648098], [-72.71553271420963, 41.81427591008098]], [[-72.71553271420963, 41.81427591008098], [-72.71553179300963, 41.81427591008098]], [[-72.71553179300963, 41.81427591008098], [-72.71553179300963, 41.81427505648098]], [[-72.71553271420963, 41.81426054528098], [-72.71553179300963, 41.81426054528098]], [[-72.71553179300963, 41.81426054528098], [-72.71553271420963, 41.81426054528098]], [[-72.71553179300963, 41.814257984480975], [-72.71553271420963, 41.814257984480975]], [[-72.71553179300963, 41.81427847088098], [-72.71553271420963, 41.81427847088098]], [[-72.71552902940964, 41.81426054528098], [-72.71553547780964, 41.81426054528098]], [[-72.71552902940964, 41.81426054528098], [-72.71553547780964, 41.81426054528098]], [[-72.71553547780964, 41.814257984480975], [-72.71553547780964, 41.81427847088098]], [[-72.71552902940964, 41.814257984480975], [-72.71552442340965, 41.814257984480975]], [[-72.71553916260963, 41.81427847088098], [-72.71553547780964, 41.81427847088098]], [[-72.71552902940964, 41.81427847088098], [-72.71552442340965, 41.81427847088098]], [[-72.71552902940964, 41.81427505648098], [-72.71553547780964, 41.81427505648098]], [[-72.71553916260963, 41.814257984480975], [-72.71553547780964, 41.814257984480975]], [[-72.71552902940964, 41.814257984480975], [-72.71552902940964, 41.81427847088098]], [[-72.71552902940964, 41.81427591008098], [-72.71553547780964, 41.81427591008098]], [[-72.71461704140964, 41.81403434128098], [-72.71461704140964, 41.81403946288098], [-72.71461612020964, 41.81403946288098], [-72.71461612020964, 41.81403434128098], [-72.71461704140964, 41.81403434128098]], [[-72.71431949380964, 41.81378423648098], [-72.71431949380964, 41.81377911488098], [-72.71431488780964, 41.81377911488098], [-72.71431488780964, 41.81378423648098], [-72.71431949380964, 41.81378423648098]], [[-72.71433146940964, 41.814342490880975], [-72.71432041500964, 41.814342490880975], [-72.71431028180963, 41.814342490880975], [-72.71429922740963, 41.814342490880975], [-72.71427251260964, 41.814342490880975], [-72.71427251260964, 41.81433651568098], [-72.71429922740963, 41.81433651568098], [-72.71431028180963, 41.81433651568098], [-72.71432041500964, 41.81433651568098], [-72.71433146940964, 41.81433651568098], [-72.71433146940964, 41.814342490880975]], [[-72.71432041500964, 41.814342490880975], [-72.71432041500964, 41.81433651568098]], [[-72.71429922740963, 41.814342490880975], [-72.71429922740963, 41.81433651568098]], [[-72.71431028180963, 41.814342490880975], [-72.71431028180963, 41.81433651568098]], [[-72.71434068140964, 41.81435017328098], [-72.71433883900964, 41.81435017328098], [-72.71433791780964, 41.81435017328098], [-72.71433791780964, 41.81434931968098], [-72.71433791780964, 41.81434761248097], [-72.71434068140964, 41.81434761248097], [-72.71434068140964, 41.81434931968098], [-72.71434068140964, 41.81435017328098]], [[-72.71433054820963, 41.81433651568098], [-72.71434160260964, 41.81433651568098], [-72.71434160260964, 41.81434761248097], [-72.71433699660963, 41.81434761248097], [-72.71433699660963, 41.814342490880975]], [[-72.71433699660963, 41.814342490880975], [-72.71433699660963, 41.81433651568098]], [[-72.71433699660963, 41.81433736928098], [-72.71433146940964, 41.81433736928098]], [[-72.71428817300963, 41.814342490880975], [-72.71428817300963, 41.81433651568098]], [[-72.71433146940964, 41.81433651568098], [-72.71433146940964, 41.814342490880975], [-72.71433699660963, 41.814342490880975]], [[-72.71433791780964, 41.81434675888098], [-72.71433791780964, 41.814345051680974], [-72.71434068140964, 41.814345051680974], [-72.71434160260964, 41.814345051680974], [-72.71434160260964, 41.81434675888098], [-72.71434068140964, 41.81434675888098], [-72.71433791780964, 41.81434675888098]], [[-72.71482431140964, 41.81393361648098], [-72.71482431140964, 41.81392508048098]], [[-72.71482431140964, 41.813931909280974], [-72.71482431140964, 41.81392678768098], [-72.71482431140964, 41.813931909280974]], [[-72.71526188140965, 41.81409067888097], [-72.71526188140965, 41.81408897168098]], [[-72.71526188140965, 41.81408897168098], [-72.71527109340964, 41.81408897168098]], [[-72.71527109340964, 41.81408897168098], [-72.71527109340964, 41.81409067888097]], [[-72.71526188140965, 41.81409067888097], [-72.71527109340964, 41.81409067888097]], [[-72.71496617620963, 41.813946420480974], [-72.71496617620963, 41.81395068848098]], [[-72.71496617620963, 41.81395068848098], [-72.71497723060963, 41.81395068848098]], [[-72.71497723060963, 41.81395068848098], [-72.71497723060963, 41.813946420480974]], [[-72.71497723060963, 41.813946420480974], [-72.71496617620963, 41.813946420480974]], [[-72.71496617620963, 41.81394983488098], [-72.71497723060963, 41.81394983488098]], [[-72.71513936180965, 41.81435188048098], [-72.71513936180965, 41.81435273408098]], [[-72.71514028300963, 41.814353587680976], [-72.71514028300963, 41.814354441280976]], [[-72.71513936180965, 41.81435273408098], [-72.71513936180965, 41.81435188048098]], [[-72.71513936180965, 41.81435188048098], [-72.71513936180965, 41.81435102688098]], [[-72.71514028300963, 41.81435102688098], [-72.71514028300963, 41.814354441280976], [-72.71513936180965, 41.814354441280976], [-72.71514396780964, 41.814354441280976], [-72.71514396780964, 41.81435102688098], [-72.71513936180965, 41.81435102688098], [-72.71514028300963, 41.81435102688098]], [[-72.71513936180965, 41.81435102688098], [-72.71513936180965, 41.814354441280976]], [[-72.71514028300963, 41.814353587680976], [-72.71514028300963, 41.814354441280976]], [[-72.71513936180965, 41.814353587680976], [-72.71513936180965, 41.814354441280976]], [[-72.71513936180965, 41.814353587680976], [-72.71513936180965, 41.814354441280976]], [[-72.71514028300963, 41.81435102688098], [-72.71514028300963, 41.81435188048098]], [[-72.71513936180965, 41.814353587680976], [-72.71513936180965, 41.814354441280976]], [[-72.71507487780964, 41.814354441280976], [-72.71506658700963, 41.814354441280976], [-72.71506658700963, 41.81436041648098], [-72.71507487780964, 41.81436041648098], [-72.71507487780964, 41.814354441280976]], [[-72.71475798500964, 41.814174331680974], [-72.71475798500964, 41.814169210080976], [-72.71476259100963, 41.814169210080976], [-72.71476259100963, 41.814174331680974], [-72.71475798500964, 41.814174331680974]], [[-72.71475798500964, 41.814174331680974], [-72.71475798500964, 41.814169210080976], [-72.71476166980963, 41.814169210080976], [-72.71476166980963, 41.814174331680974], [-72.71475798500964, 41.814174331680974]], [[-72.71476166980963, 41.814174331680974], [-72.71476259100963, 41.814174331680974], [-72.71476166980963, 41.814174331680974]], [[-72.71476166980963, 41.814169210080976], [-72.71476259100963, 41.814169210080976], [-72.71476166980963, 41.814169210080976]], [[-72.71475798500964, 41.814174331680974], [-72.71476166980963, 41.814174331680974], [-72.71476166980963, 41.81417347808098], [-72.71475798500964, 41.81417347808098], [-72.71475798500964, 41.81417262448098], [-72.71476166980963, 41.81417262448098], [-72.71475798500964, 41.81417262448098], [-72.71475798500964, 41.814171770880975], [-72.71476166980963, 41.814171770880975], [-72.71475798500964, 41.814171770880975], [-72.71475798500964, 41.81417091728098], [-72.71476166980963, 41.81417091728098], [-72.71476166980963, 41.814170063680976], [-72.71475798500964, 41.814170063680976], [-72.71476166980963, 41.814170063680976], [-72.71476166980963, 41.814169210080976], [-72.71475798500964, 41.814169210080976], [-72.71476166980963, 41.814169210080976], [-72.71476166980963, 41.814170063680976], [-72.71475798500964, 41.814170063680976], [-72.71476166980963, 41.814170063680976], [-72.71476166980963, 41.81417091728098], [-72.71475798500964, 41.81417091728098], [-72.71475798500964, 41.814171770880975], [-72.71476166980963, 41.814171770880975], [-72.71475798500964, 41.814171770880975], [-72.71475798500964, 41.81417262448098], [-72.71476166980963, 41.81417262448098], [-72.71475798500964, 41.81417262448098], [-72.71475798500964, 41.81417347808098], [-72.71476166980963, 41.81417347808098], [-72.71476166980963, 41.814174331680974], [-72.71475798500964, 41.814174331680974]], [[-72.71496064900964, 41.81434590528098], [-72.71496064900964, 41.814345051680974]], [[-72.71495972780963, 41.81434675888098], [-72.71496064900964, 41.81434675888098]], [[-72.71495972780963, 41.81434419808098], [-72.71495972780963, 41.814342490880975]], [[-72.71496064900964, 41.81434846608098], [-72.71496064900964, 41.81434761248097]], [[-72.71496157020964, 41.81434675888098], [-72.71496157020964, 41.81434846608098]], [[-72.71495972780963, 41.814342490880975], [-72.71496064900964, 41.814342490880975]], [[-72.71496064900964, 41.81434761248097], [-72.71496064900964, 41.81434675888098]], [[-72.71496157020964, 41.81434846608098], [-72.71496064900964, 41.81434846608098]], [[-72.71495972780963, 41.81434675888098], [-72.71495972780963, 41.814345051680974]], [[-72.71496064900964, 41.81434675888098], [-72.71496157020964, 41.81434675888098]], [[-72.71496064900964, 41.81434675888098], [-72.71496064900964, 41.81434590528098]], [[-72.71496064900964, 41.81434419808098], [-72.71496064900964, 41.814342490880975]], [[-72.71530886260965, 41.81389605808098], [-72.71530886260965, 41.81390630128098]], [[-72.71530886260965, 41.81390630128098], [-72.71531807460964, 41.81390630128098]], [[-72.71531807460964, 41.81390630128098], [-72.71531807460964, 41.81389605808098]], [[-72.71531807460964, 41.81389605808098], [-72.71530886260965, 41.81389605808098]], [[-72.71531254740964, 41.81389605808098], [-72.71531254740964, 41.81390630128098]], [[-72.71496157020964, 41.814327979680975], [-72.71496157020964, 41.81432883328098]], [[-72.71496157020964, 41.814330540480974], [-72.71496157020964, 41.81433139408098]], [[-72.71496157020964, 41.81433139408098], [-72.71496157020964, 41.81433310128097]], [[-72.71496064900964, 41.81432712608098], [-72.71496064900964, 41.81432883328098]], [[-72.71496064900964, 41.814330540480974], [-72.71496064900964, 41.81432968688098]], [[-72.71495788540965, 41.814327979680975], [-72.71495788540965, 41.814330540480974]], [[-72.71495972780963, 41.814330540480974], [-72.71495880660963, 41.814330540480974]], [[-72.71496157020964, 41.81432968688098], [-72.71496157020964, 41.814330540480974]], [[-72.71495972780963, 41.81433139408098], [-72.71496064900964, 41.81433139408098]], [[-72.71495972780963, 41.81433139408098], [-72.71495972780963, 41.81432968688098]], [[-72.71496064900964, 41.81433139408098], [-72.71496064900964, 41.81432968688098]], [[-72.71495972780963, 41.81432712608098], [-72.71496064900964, 41.81432712608098]], [[-72.71495972780963, 41.81433139408098], [-72.71496064900964, 41.81433139408098]], [[-72.71495972780963, 41.81432883328098], [-72.71495972780963, 41.81432712608098]], [[-72.71496064900964, 41.81432883328098], [-72.71496064900964, 41.81432712608098]], [[-72.71496341260963, 41.81432883328098], [-72.71495972780963, 41.81432883328098]], [[-72.71496341260963, 41.81432968688098], [-72.71495972780963, 41.81432968688098]], [[-72.71496249140964, 41.814330540480974], [-72.71496157020964, 41.814330540480974], [-72.71496157020964, 41.81433139408098], [-72.71496157020964, 41.81433310128097], [-72.71496064900964, 41.81433310128097], [-72.71496064900964, 41.81433224768098], [-72.71496064900964, 41.81433139408098], [-72.71495972780963, 41.81433139408098], [-72.71495972780963, 41.814330540480974], [-72.71495880660963, 41.814330540480974]], [[-72.71495972780963, 41.81432883328098], [-72.71495972780963, 41.81432968688098]], [[-72.71496064900964, 41.81433224768098], [-72.71496064900964, 41.81433139408098]], [[-72.71496157020964, 41.81432883328098], [-72.71496157020964, 41.814327979680975]], [[-72.71495972780963, 41.81432883328098], [-72.71495972780963, 41.814327979680975]], [[-72.71496064900964, 41.81433139408098], [-72.71496064900964, 41.814330540480974]], [[-72.71496064900964, 41.81433310128097], [-72.71496157020964, 41.81433310128097]], [[-72.71496249140964, 41.814326272480976], [-72.71496249140964, 41.814327979680975]], [[-72.71496064900964, 41.81433310128097], [-72.71496064900964, 41.81433224768098]], [[-72.71496064900964, 41.81433139408098], [-72.71496064900964, 41.81433310128097]], [[-72.71496249140964, 41.814330540480974], [-72.71496064900964, 41.814330540480974]], [[-72.71496064900964, 41.81432968688098], [-72.71496064900964, 41.814330540480974]], [[-72.71495972780963, 41.81432968688098], [-72.71495972780963, 41.81433139408098]], [[-72.71495880660963, 41.814327979680975], [-72.71495972780963, 41.814327979680975], [-72.71495972780963, 41.81432712608098], [-72.71496064900964, 41.81432712608098], [-72.71496064900964, 41.814327979680975], [-72.71496249140964, 41.814327979680975]], [[-72.71496157020964, 41.81433139408098], [-72.71496157020964, 41.814330540480974]], [[-72.71496064900964, 41.814327979680975], [-72.71496249140964, 41.814327979680975]], [[-72.71496157020964, 41.81433139408098], [-72.71496064900964, 41.81433139408098]], [[-72.71496341260963, 41.81432883328098], [-72.71496341260963, 41.81432968688098]], [[-72.71495880660963, 41.814327979680975], [-72.71495972780963, 41.814327979680975]], [[-72.71496064900964, 41.81433139408098], [-72.71496157020964, 41.81433139408098]], [[-72.71495972780963, 41.814330540480974], [-72.71495972780963, 41.81432968688098]], [[-72.71495972780963, 41.81433139408098], [-72.71496064900964, 41.81433139408098]], [[-72.71495972780963, 41.81432883328098], [-72.71495972780963, 41.81432712608098]], [[-72.71496249140964, 41.814327979680975], [-72.71496249140964, 41.81432883328098]], [[-72.71496064900964, 41.81432883328098], [-72.71496064900964, 41.814327979680975]], [[-72.71496249140964, 41.81433224768098], [-72.71496341260963, 41.81433224768098], [-72.71496341260963, 41.81433139408098], [-72.71496341260963, 41.81432968688098], [-72.71496341260963, 41.81432883328098], [-72.71496341260963, 41.81432712608098], [-72.71496341260963, 41.814326272480976], [-72.71496249140964, 41.814326272480976]], [[-72.71495972780963, 41.81432712608098], [-72.71496064900964, 41.81432712608098]], [[-72.71496249140964, 41.814330540480974], [-72.71496249140964, 41.81433224768098]], [[-72.71495972780963, 41.81432712608098], [-72.71496064900964, 41.81432712608098]], [[-72.71496157020964, 41.81433310128097], [-72.71496064900964, 41.81433310128097]], [[-72.71496157020964, 41.81433310128097], [-72.71496157020964, 41.81433139408098]], [[-72.71496249140964, 41.81432968688098], [-72.71496249140964, 41.814330540480974]], [[-72.71496157020964, 41.814330540480974], [-72.71496157020964, 41.81432968688098]], [[-72.71496064900964, 41.814330540480974], [-72.71496064900964, 41.81432968688098]], [[-72.71498920620964, 41.81431944368098], [-72.71497907300963, 41.81431944368098]], [[-72.71497907300963, 41.81431944368098], [-72.71497907300963, 41.81431517568098]], [[-72.71497907300963, 41.81431517568098], [-72.71498920620964, 41.81431517568098]], [[-72.71498920620964, 41.81431517568098], [-72.71498920620964, 41.81431944368098]], [[-72.71492656460964, 41.81431517568098], [-72.71493209180963, 41.81431517568098]], [[-72.71493209180963, 41.81431517568098], [-72.71493209180963, 41.81432029728098]], [[-72.71493209180963, 41.81432029728098], [-72.71492656460964, 41.81432029728098]], [[-72.71492656460964, 41.81432029728098], [-72.71492656460964, 41.81431517568098]], [[-72.71498091540964, 41.814330540480974], [-72.71498091540964, 41.814325418880976]], [[-72.71498091540964, 41.814325418880976], [-72.71498367900963, 41.814325418880976]], [[-72.71498367900963, 41.814325418880976], [-72.71498367900963, 41.814330540480974]], [[-72.71498367900963, 41.814330540480974], [-72.71498091540964, 41.814330540480974]], [[-72.71508224740963, 41.81391825168098], [-72.71508224740963, 41.81392337328098], [-72.71507672020964, 41.81392337328098], [-72.71507672020964, 41.81391825168098], [-72.71508224740963, 41.81391825168098]], [[-72.71502144820964, 41.813946420480974], [-72.71502144820964, 41.81395068848098]], [[-72.71502144820964, 41.81395068848098], [-72.71503250260963, 41.81395068848098]], [[-72.71503250260963, 41.81395068848098], [-72.71503250260963, 41.813946420480974]], [[-72.71503250260963, 41.813946420480974], [-72.71502144820964, 41.813946420480974]], [[-72.71502144820964, 41.81394983488098], [-72.71503250260963, 41.81394983488098]], [[-72.71527846300964, 41.81391654448098], [-72.71527846300964, 41.81391313008098], [-72.71528214780963, 41.81391313008098], [-72.71528214780963, 41.81391654448098], [-72.71527846300964, 41.81391654448098]], [[-72.71490814060964, 41.814325418880976], [-72.71490814060964, 41.81432029728098]], [[-72.71490814060964, 41.81432029728098], [-72.71490537700964, 41.81432029728098]], [[-72.71490537700964, 41.81432029728098], [-72.71490537700964, 41.814325418880976]], [[-72.71490537700964, 41.814325418880976], [-72.71490814060964, 41.814325418880976]], [[-72.71530609900964, 41.81425030208098], [-72.71531531100963, 41.81425030208098], [-72.71531531100963, 41.814258838080974], [-72.71530609900964, 41.814258838080974], [-72.71530609900964, 41.81425030208098]], [[-72.71499289100964, 41.81397629648098], [-72.71500763020964, 41.81397629648098], [-72.71500855140964, 41.81397715008098], [-72.71500855140964, 41.81398227168098], [-72.71500855140964, 41.813983125280984], [-72.71500763020964, 41.813983125280984], [-72.71499289100964, 41.813983125280984], [-72.71499196980965, 41.813983125280984], [-72.71499196980965, 41.81398227168098], [-72.71499196980965, 41.81397715008098], [-72.71499289100964, 41.81397715008098], [-72.71499289100964, 41.81397629648098]], [[-72.71500763020964, 41.81397715008098], [-72.71500394540963, 41.81397715008098]], [[-72.71499289100964, 41.81397715008098], [-72.71499657580964, 41.81397715008098]], [[-72.71500026060963, 41.81398141808098], [-72.71500026060963, 41.81398227168098], [-72.71500026060963, 41.81398141808098]], [[-72.71456453300964, 41.814003611680974], [-72.71456453300964, 41.81399507568098]], [[-72.71456637540965, 41.814003611680974], [-72.71456637540965, 41.81399507568098]], [[-72.71456453300964, 41.81399507568098], [-72.71456637540965, 41.81399507568098]], [[-72.71456637540965, 41.814003611680974], [-72.71456453300964, 41.814003611680974]], [[-72.71463454420963, 41.81419481808098], [-72.71463454420963, 41.81419225728098], [-72.71463730780964, 41.81419225728098], [-72.71463730780964, 41.81419481808098], [-72.71463454420963, 41.81419481808098]], [[-72.71466954980964, 41.814003611680974], [-72.71466954980964, 41.81399849008098], [-72.71467139220964, 41.81399849008098], [-72.71467139220964, 41.814003611680974], [-72.71466954980964, 41.814003611680974]], [[-72.71489063780963, 41.81436212368097], [-72.71489063780963, 41.81437236688098]], [[-72.71489063780963, 41.81437236688098], [-72.71489616500963, 41.81437236688098]], [[-72.71489616500963, 41.81437236688098], [-72.71489616500963, 41.81436212368097]], [[-72.71489616500963, 41.81436212368097], [-72.71489063780963, 41.81436212368097]], [[-72.71542769740964, 41.81377996848098], [-72.71542401260963, 41.81378167568098]], [[-72.71542677620963, 41.81382435568098], [-72.71542769740964, 41.81382435568098]], [[-72.71542677620963, 41.81383203808098], [-72.71542769740964, 41.81383203808098]], [[-72.71542677620963, 41.81383545248098], [-72.71542769740964, 41.81383545248098]], [[-72.71542677620963, 41.81385849968098], [-72.71542769740964, 41.81385849968098]], [[-72.71542677620963, 41.81384654928098], [-72.71542769740964, 41.81384654928098]], [[-72.71542677620963, 41.81386191408098], [-72.71542769740964, 41.81386191408098]], [[-72.71542401260963, 41.81378167568098], [-72.71542401260963, 41.81380386928098]], [[-72.71542677620963, 41.81377655408098], [-72.71542769740964, 41.81377655408098]], [[-72.71542677620963, 41.81385423168098], [-72.71542769740964, 41.81385423168098]], [[-72.71542677620963, 41.81382008768098], [-72.71542769740964, 41.81382008768098]], [[-72.71542677620963, 41.81383972048098], [-72.71542769740964, 41.81383972048098]], [[-72.71542677620963, 41.81377655408098], [-72.71542124900964, 41.81377655408098]], [[-72.71542677620963, 41.81380899088098], [-72.71542769740964, 41.81380899088098]], [[-72.71542769740964, 41.81386532848098], [-72.71542677620963, 41.81386532848098]], [[-72.71542677620963, 41.81386532848098], [-72.71542677620963, 41.81383545248098]], [[-72.71542677620963, 41.81381325888098], [-72.71542769740964, 41.81381325888098]], [[-72.71542677620963, 41.81382777008098], [-72.71542769740964, 41.81382777008098]], [[-72.71542677620963, 41.81383545248098], [-72.71542677620963, 41.81377655408098]], [[-72.71542769740964, 41.81383630608098], [-72.71542769740964, 41.81386532848098]], [[-72.71542677620963, 41.813816673280975], [-72.71542769740964, 41.813816673280975]], [[-72.71542677620963, 41.81385081728098], [-72.71542769740964, 41.81385081728098]], [[-72.71542124900964, 41.81377655408098], [-72.71542124900964, 41.81386191408098]], [[-72.71542677620963, 41.813843134880976], [-72.71542769740964, 41.813843134880976]], [[-72.71542769740964, 41.81383630608098], [-72.71542769740964, 41.81377655408098]], [[-72.71506290220964, 41.81419567168098], [-72.71506290220964, 41.81419055008098], [-72.71505737500964, 41.81419055008098], [-72.71505737500964, 41.81419567168098], [-72.71506290220964, 41.81419567168098]], [[-72.71527293580964, 41.81390459408098], [-72.71528767500963, 41.81390459408098], [-72.71528767500963, 41.81389776528098], [-72.71527293580964, 41.81389776528098], [-72.71527293580964, 41.81390459408098]], [[-72.71527293580964, 41.813902886880975], [-72.71528767500963, 41.813902886880975]], [[-72.71528030540964, 41.81390459408098], [-72.71528030540964, 41.813902886880975]], [[-72.71431949380964, 41.814287006880974], [-72.71431949380964, 41.81427505648098], [-72.71432686340964, 41.81427505648098], [-72.71432686340964, 41.814287006880974], [-72.71431949380964, 41.814287006880974]], [[-72.71456361180964, 41.814198232480976], [-72.71456361180964, 41.81419311088098], [-72.71455900580963, 41.81419311088098], [-72.71455900580963, 41.814198232480976], [-72.71456361180964, 41.814198232480976]], [[-72.71431765140963, 41.814339930080976], [-72.71431765140963, 41.81433822288098], [-72.71431304540964, 41.81433822288098], [-72.71431304540964, 41.814339930080976]], [[-72.71431765140963, 41.81434163728098], [-72.71431396660964, 41.81434163728098], [-72.71431396660964, 41.81433822288098], [-72.71431765140963, 41.81433822288098], [-72.71431765140963, 41.81434163728098]], [[-72.71502144820964, 41.81400446528098], [-72.71502144820964, 41.81400019728098]], [[-72.71502144820964, 41.81400019728098], [-72.71503250260963, 41.81400019728098]], [[-72.71503250260963, 41.81400019728098], [-72.71503250260963, 41.81400446528098]], [[-72.71503250260963, 41.81400446528098], [-72.71502144820964, 41.81400446528098]], [[-72.71502144820964, 41.814001050880975], [-72.71503250260963, 41.814001050880975]], [[-72.71484918380963, 41.814070192480976], [-72.71485286860964, 41.814070192480976], [-72.71485286860964, 41.81406677808098], [-72.71484918380963, 41.81406677808098], [-72.71484918380963, 41.814070192480976]], [[-72.71537795260964, 41.81393617728098], [-72.71538716460964, 41.81393617728098], [-72.71538716460964, 41.81393020208098], [-72.71537795260964, 41.81393020208098], [-72.71537795260964, 41.81393617728098]], [[-72.71498367900963, 41.81434078368098], [-72.71498091540964, 41.81434078368098]], [[-72.71498091540964, 41.81433566208098], [-72.71498367900963, 41.81433566208098]], [[-72.71498091540964, 41.81434078368098], [-72.71498091540964, 41.81433566208098]], [[-72.71498367900963, 41.81433566208098], [-72.71498367900963, 41.81434078368098]], [[-72.71530886260965, 41.81387727888098], [-72.71530886260965, 41.813886668480976]], [[-72.71530886260965, 41.813886668480976], [-72.71529965060964, 41.813886668480976]], [[-72.71529965060964, 41.813886668480976], [-72.71529965060964, 41.81387727888098]], [[-72.71529965060964, 41.81387727888098], [-72.71530886260965, 41.81387727888098]], [[-72.71530517780964, 41.81387727888098], [-72.71530517780964, 41.813886668480976]], [[-72.71497815180963, 41.81437236688098], [-72.71497723060963, 41.81437322048098], [-72.71497630940964, 41.81437322048098], [-72.71497630940964, 41.81437407408097], [-72.71497538820964, 41.81437407408097], [-72.71497538820964, 41.81437492768098], [-72.71497630940964, 41.81437578128098], [-72.71497630940964, 41.81437663488098], [-72.71497723060963, 41.81437663488098], [-72.71497815180963, 41.81437663488098], [-72.71497907300963, 41.81437663488098], [-72.71497907300963, 41.81437578128098], [-72.71497999420964, 41.81437492768098], [-72.71497999420964, 41.81437407408097], [-72.71497907300963, 41.81437407408097], [-72.71497907300963, 41.81437322048098], [-72.71497815180963, 41.81437322048098], [-72.71497815180963, 41.81437236688098]], [[-72.71496341260963, 41.81434078368098], [-72.71496341260963, 41.814342490880975]], [[-72.71496525500963, 41.81432029728098], [-72.71496433380965, 41.81432029728098]], [[-72.71496525500963, 41.814325418880976], [-72.71496525500963, 41.81432712608098]], [[-72.71496525500963, 41.81435102688098], [-72.71496433380965, 41.81435102688098]], [[-72.71496341260963, 41.81433651568098], [-72.71496433380965, 41.81433651568098]], [[-72.71496341260963, 41.81435188048098], [-72.71496433380965, 41.81435188048098], [-72.71496433380965, 41.81432029728098], [-72.71496341260963, 41.81432029728098], [-72.71496341260963, 41.81435188048098]], [[-72.71496341260963, 41.81433566208098], [-72.71496341260963, 41.81433736928098]], [[-72.71496525500963, 41.81432712608098], [-72.71496433380965, 41.81432712608098]], [[-72.71496525500963, 41.81432200448098], [-72.71496433380965, 41.81432200448098]], [[-72.71496525500963, 41.814325418880976], [-72.71496433380965, 41.814325418880976]], [[-72.71496525500963, 41.81434078368098], [-72.71496433380965, 41.81434078368098]], [[-72.71496341260963, 41.814326272480976], [-72.71496433380965, 41.814326272480976]], [[-72.71496341260963, 41.814325418880976], [-72.71496341260963, 41.81432712608098]], [[-72.71496525500963, 41.81433566208098], [-72.71496433380965, 41.81433566208098]], [[-72.71496341260963, 41.81434163728098], [-72.71496433380965, 41.81434163728098]], [[-72.71496525500963, 41.81434078368098], [-72.71496525500963, 41.814342490880975]], [[-72.71496341260963, 41.81434163728098], [-72.71496433380965, 41.81434163728098]], [[-72.71496341260963, 41.81435188048098], [-72.71496341260963, 41.81435102688098]], [[-72.71496341260963, 41.814326272480976], [-72.71496433380965, 41.814326272480976]], [[-72.71496525500963, 41.81433736928098], [-72.71496433380965, 41.81433736928098]], [[-72.71496525500963, 41.81433566208098], [-72.71496525500963, 41.81433736928098]], [[-72.71496525500963, 41.81432029728098], [-72.71496525500963, 41.81432200448098]], [[-72.71496525500963, 41.81435188048098], [-72.71496433380965, 41.81435188048098]], [[-72.71496341260963, 41.81432029728098], [-72.71496341260963, 41.81432200448098]], [[-72.71496525500963, 41.81435188048098], [-72.71496525500963, 41.81435102688098]], [[-72.71496341260963, 41.814325418880976], [-72.71496433380965, 41.814325418880976]], [[-72.71496341260963, 41.81432115088098], [-72.71496433380965, 41.81432115088098]], [[-72.71496341260963, 41.81433651568098], [-72.71496433380965, 41.81433651568098]], [[-72.71496341260963, 41.81435188048098], [-72.71496433380965, 41.81435188048098]], [[-72.71496525500963, 41.814342490880975], [-72.71496433380965, 41.814342490880975]], [[-72.71489984980964, 41.81374582448098], [-72.71489984980964, 41.81375179968098], [-72.71489984980964, 41.81374582448098]], [[-72.71499473340963, 41.81400275808098], [-72.71499565460964, 41.814001904480975], [-72.71499841820965, 41.813999343680976], [-72.71499933940964, 41.813999343680976], [-72.71500302420964, 41.814001904480975], [-72.71500394540963, 41.81400275808098], [-72.71500210300964, 41.81400702608098], [-72.71500118180963, 41.81400787968098], [-72.71499749700963, 41.81400787968098], [-72.71499657580964, 41.81400702608098], [-72.71499473340963, 41.81400275808098]], [[-72.71474232460965, 41.81390630128098], [-72.71474232460965, 41.813901179680975], [-72.71473863980964, 41.813901179680975], [-72.71473863980964, 41.81390630128098], [-72.71474232460965, 41.81390630128098]], [[-72.71547467860964, 41.81429383568098], [-72.71548389060965, 41.81429383568098], [-72.71548389060965, 41.81429042128098], [-72.71547467860964, 41.81429042128098], [-72.71547467860964, 41.81429383568098]], [[-72.71569484540964, 41.81431944368098], [-72.71571234820965, 41.81431944368098], [-72.71571234820965, 41.814325418880976], [-72.71571234820965, 41.814326272480976], [-72.71571234820965, 41.81432712608098], [-72.71571142700964, 41.814327979680975], [-72.71571050580964, 41.814327979680975], [-72.71570958460964, 41.81432883328098], [-72.71569760900964, 41.81432883328098], [-72.71569668780964, 41.814327979680975], [-72.71569576660963, 41.814327979680975], [-72.71569576660963, 41.81432712608098], [-72.71569484540964, 41.81432712608098], [-72.71569484540964, 41.814326272480976], [-72.71569484540964, 41.814325418880976], [-72.71569484540964, 41.81431944368098]], [[-72.71446596460964, 41.81431859008098], [-72.71446596460964, 41.81431261488098], [-72.71446504340963, 41.81431261488098], [-72.71446504340963, 41.81431859008098], [-72.71446596460964, 41.81431859008098]], [[-72.71530609900964, 41.81418798928098], [-72.71531623220963, 41.81418798928098], [-72.71531623220963, 41.81418969648098], [-72.71530609900964, 41.81418969648098], [-72.71530609900964, 41.81418798928098]], [[-72.71530609900964, 41.81418969648098], [-72.71531623220963, 41.81418969648098]], [[-72.71498183660964, 41.81435273408098], [-72.71498183660964, 41.81435529488098], [-72.71497907300963, 41.81435529488098], [-72.71497907300963, 41.81435273408098]], [[-72.71497815180963, 41.81435273408098], [-72.71498367900963, 41.81435273408098], [-72.71498367900963, 41.814342490880975], [-72.71497815180963, 41.814342490880975], [-72.71497815180963, 41.81435273408098]], [[-72.71452676380963, 41.81434846608098], [-72.71452676380963, 41.814353587680976], [-72.71452492140963, 41.814353587680976], [-72.71452492140963, 41.81434846608098], [-72.71452676380963, 41.81434846608098]], [[-72.71485655340963, 41.813929348480976], [-72.71487313500964, 41.813929348480976], [-72.71485655340963, 41.813929348480976]], [[-72.71533834100964, 41.81379106528098], [-72.71535400140964, 41.81378423648098]], [[-72.71536597700964, 41.81381069808098], [-72.71536321340963, 41.81380386928098]], [[-72.71536321340963, 41.81380386928098], [-72.71535676500963, 41.81380728368097]], [[-72.71535676500963, 41.81380728368097], [-72.71534755300964, 41.81378850448098]], [[-72.71534755300964, 41.81378850448098], [-72.71534663180964, 41.81378850448098]], [[-72.71534663180964, 41.81378850448098], [-72.71535584380965, 41.81380728368097]], [[-72.71535584380965, 41.81380728368097], [-72.71534939540965, 41.81381069808098]], [[-72.71534939540965, 41.81381069808098], [-72.71535308020964, 41.813816673280975]], [[-72.71535308020964, 41.813816673280975], [-72.71535031660963, 41.81381069808098]], [[-72.71535031660963, 41.81381069808098], [-72.71536321340963, 41.813804722880974]], [[-72.71536321340963, 41.813804722880974], [-72.71536597700964, 41.81381069808098]], [[-72.71536229220963, 41.813804722880974], [-72.71535308020964, 41.81378679728098]], [[-72.71535308020964, 41.81378679728098], [-72.71534755300964, 41.81378935808098]], [[-72.71535123780963, 41.81380984448098], [-72.71534202580963, 41.81379191888098]], [[-72.71534202580963, 41.81379191888098], [-72.71534663180964, 41.81378935808098]], [[-72.71535031660963, 41.81381069808098], [-72.71535308020964, 41.813815819680975]], [[-72.71535308020964, 41.813815819680975], [-72.71536597700964, 41.81380984448098]], [[-72.71536597700964, 41.81380984448098], [-72.71536321340963, 41.813804722880974]], [[-72.71535400140964, 41.81378423648098], [-72.71536781940964, 41.81381069808098]], [[-72.71536781940964, 41.81381069808098], [-72.71535215900964, 41.81381752688098]], [[-72.71535215900964, 41.81381752688098], [-72.71533834100964, 41.81379106528098]], [[-72.71522411220964, 41.81393020208098], [-72.71521858500964, 41.81393020208098]], [[-72.71522411220964, 41.81392593408098], [-72.71521858500964, 41.81392593408098]], [[-72.71521858500964, 41.81392508048098], [-72.71522411220964, 41.81392508048098], [-72.71522411220964, 41.81393020208098], [-72.71521858500964, 41.81393020208098], [-72.71521858500964, 41.81392508048098]], [[-72.71522411220964, 41.813927641280976], [-72.71521858500964, 41.813927641280976]], [[-72.71435081460965, 41.81427761728098], [-72.71435634180965, 41.81427761728098], [-72.71435634180965, 41.81428615328098], [-72.71435081460965, 41.81428615328098], [-72.71435081460965, 41.81427761728098]], [[-72.71435081460965, 41.81427761728098], [-72.71435081460965, 41.81427676368098], [-72.71435634180965, 41.81427676368098], [-72.71435634180965, 41.81427761728098]], [[-72.71435081460965, 41.81428615328098], [-72.71435081460965, 41.814287006880974], [-72.71435634180965, 41.814287006880974], [-72.71435634180965, 41.81428615328098]], [[-72.71582565580964, 41.814143602080975], [-72.71582565580964, 41.81413506608098], [-72.71582197100965, 41.81413506608098], [-72.71582197100965, 41.814143602080975], [-72.71582565580964, 41.814143602080975]], [[-72.71582197100965, 41.814141041280976], [-72.71582565580964, 41.814141041280976]], [[-72.71477180300964, 41.81433139408098], [-72.71476627580962, 41.81433139408098], [-72.71476627580962, 41.81432968688098], [-72.71477180300964, 41.81432968688098], [-72.71477180300964, 41.81433139408098]], [[-72.71533465620963, 41.813900326080976], [-72.71533465620963, 41.81390800848098], [-72.71533926220962, 41.81390800848098], [-72.71533926220962, 41.813900326080976], [-72.71533465620963, 41.813900326080976]], [[-72.71514581020963, 41.81434931968098], [-72.71514581020963, 41.81436041648098], [-72.71513936180965, 41.81436041648098], [-72.71513936180965, 41.81434931968098], [-72.71514581020963, 41.81434931968098]], [[-72.71496341260963, 41.81434419808098], [-72.71495972780963, 41.81434419808098]], [[-72.71495972780963, 41.81434590528098], [-72.71495972780963, 41.814345051680974]], [[-72.71496249140964, 41.814342490880975], [-72.71496249140964, 41.81434334448098]], [[-72.71496249140964, 41.81434590528098], [-72.71496157020964, 41.81434590528098], [-72.71496157020964, 41.81434675888098], [-72.71496157020964, 41.81434846608098], [-72.71496064900964, 41.81434846608098], [-72.71496064900964, 41.81434761248097], [-72.71496064900964, 41.81434675888098], [-72.71495972780963, 41.81434675888098], [-72.71495972780963, 41.81434590528098], [-72.71495880660963, 41.81434590528098]], [[-72.71495880660963, 41.81434334448098], [-72.71495972780963, 41.81434334448098], [-72.71495972780963, 41.814342490880975], [-72.71496064900964, 41.814342490880975], [-72.71496064900964, 41.81434334448098], [-72.71496249140964, 41.81434334448098]], [[-72.71495972780963, 41.81434590528098], [-72.71495880660963, 41.81434590528098]], [[-72.71495972780963, 41.814342490880975], [-72.71496064900964, 41.814342490880975]], [[-72.71496064900964, 41.81434590528098], [-72.71496064900964, 41.814345051680974]], [[-72.71495972780963, 41.814342490880975], [-72.71496064900964, 41.814342490880975]], [[-72.71496157020964, 41.81434334448098], [-72.71496157020964, 41.81434419808098]], [[-72.71495972780963, 41.81434675888098], [-72.71495972780963, 41.814345051680974]], [[-72.71495880660963, 41.81434334448098], [-72.71495972780963, 41.81434334448098]], [[-72.71496157020964, 41.81434590528098], [-72.71496157020964, 41.814345051680974]], [[-72.71496064900964, 41.81434590528098], [-72.71496064900964, 41.814345051680974]], [[-72.71496157020964, 41.81434846608098], [-72.71496064900964, 41.81434846608098]], [[-72.71496064900964, 41.81434675888098], [-72.71496064900964, 41.814345051680974]], [[-72.71495788540965, 41.81434334448098], [-72.71495788540965, 41.81434590528098]], [[-72.71496157020964, 41.81434419808098], [-72.71496157020964, 41.81434334448098]], [[-72.71496064900964, 41.814345051680974], [-72.71496064900964, 41.81434590528098]], [[-72.71495972780963, 41.81434419808098], [-72.71495972780963, 41.814345051680974]], [[-72.71496064900964, 41.81434334448098], [-72.71496249140964, 41.81434334448098]], [[-72.71496249140964, 41.81434334448098], [-72.71496249140964, 41.81434419808098]], [[-72.71496064900964, 41.814342490880975], [-72.71496064900964, 41.81434419808098]], [[-72.71496064900964, 41.81434675888098], [-72.71496157020964, 41.81434675888098]], [[-72.71495972780963, 41.81434675888098], [-72.71496064900964, 41.81434675888098]], [[-72.71496064900964, 41.81434846608098], [-72.71496157020964, 41.81434846608098]], [[-72.71496064900964, 41.81434419808098], [-72.71496064900964, 41.81434334448098]], [[-72.71495972780963, 41.81434675888098], [-72.71496064900964, 41.81434675888098]], [[-72.71496157020964, 41.81434675888098], [-72.71496064900964, 41.81434675888098]], [[-72.71496249140964, 41.81434590528098], [-72.71496064900964, 41.81434590528098]], [[-72.71496157020964, 41.81434675888098], [-72.71496157020964, 41.81434590528098]], [[-72.71496249140964, 41.81434761248097], [-72.71496341260963, 41.81434761248097], [-72.71496341260963, 41.814345051680974], [-72.71496341260963, 41.81434419808098], [-72.71496341260963, 41.814342490880975], [-72.71496249140964, 41.814342490880975]], [[-72.71495972780963, 41.81434419808098], [-72.71495972780963, 41.814342490880975]], [[-72.71496157020964, 41.814345051680974], [-72.71496157020964, 41.81434590528098]], [[-72.71495972780963, 41.814342490880975], [-72.71496064900964, 41.814342490880975]], [[-72.71495972780963, 41.81434419808098], [-72.71495972780963, 41.814342490880975]], [[-72.71496157020964, 41.81434675888098], [-72.71496157020964, 41.81434846608098]], [[-72.71496341260963, 41.814345051680974], [-72.71495972780963, 41.814345051680974]], [[-72.71496249140964, 41.81434590528098], [-72.71496249140964, 41.81434761248097]], [[-72.71496157020964, 41.81434846608098], [-72.71496157020964, 41.81434675888098]], [[-72.71496064900964, 41.81434675888098], [-72.71496064900964, 41.81434590528098]], [[-72.71496249140964, 41.814345051680974], [-72.71496249140964, 41.81434590528098]], [[-72.71496064900964, 41.81434675888098], [-72.71496064900964, 41.81434846608098]], [[-72.71496064900964, 41.81434761248097], [-72.71496064900964, 41.81434675888098]], [[-72.71496064900964, 41.81434846608098], [-72.71496064900964, 41.81434761248097]], [[-72.71495972780963, 41.81434675888098], [-72.71496064900964, 41.81434675888098]], [[-72.71496157020964, 41.81434590528098], [-72.71496157020964, 41.81434675888098]], [[-72.71495972780963, 41.81434419808098], [-72.71495972780963, 41.81434334448098]], [[-72.71496064900964, 41.81434419808098], [-72.71496064900964, 41.814342490880975]], [[-72.71495972780963, 41.814345051680974], [-72.71495972780963, 41.81434675888098]], [[-72.71496433380965, 41.81432029728098], [-72.71496433380965, 41.81431517568098], [-72.71496249140964, 41.81431517568098], [-72.71496249140964, 41.81432029728098], [-72.71496433380965, 41.81432029728098]], [[-72.71525911780964, 41.81392593408098], [-72.71525359060963, 41.81392593408098], [-72.71525359060963, 41.81393020208098], [-72.71525911780964, 41.81393020208098], [-72.71525911780964, 41.81392593408098]], [[-72.71494959460964, 41.81403519488098], [-72.71494959460964, 41.81404031648098], [-72.71494775220962, 41.81404031648098], [-72.71494775220962, 41.81403519488098], [-72.71494959460964, 41.81403519488098]], [[-72.71457282380965, 41.81433651568098], [-72.71457282380965, 41.81433139408098], [-72.71457098140964, 41.81433139408098], [-72.71457098140964, 41.81433651568098], [-72.71457282380965, 41.81433651568098]], [[-72.71435726300963, 41.814287006880974], [-72.71435726300963, 41.814281031680984], [-72.71435634180965, 41.814281031680984], [-72.71435634180965, 41.814287006880974], [-72.71435726300963, 41.814287006880974]], [[-72.71434805100964, 41.813972028480975], [-72.71434805100964, 41.81396776048098], [-72.71435265700963, 41.81396776048098], [-72.71435265700963, 41.813972028480975], [-72.71434805100964, 41.813972028480975]], [[-72.71515962820963, 41.813972882080975], [-72.71515317980963, 41.813972882080975], [-72.71515962820963, 41.813972882080975]], [[-72.71465020460963, 41.813983125280984], [-72.71465112580964, 41.813983125280984], [-72.71465112580964, 41.81398227168098], [-72.71465020460963, 41.81398227168098], [-72.71465020460963, 41.81398141808098], [-72.71464928340963, 41.81398141808098], [-72.71464928340963, 41.81398227168098], [-72.71465020460963, 41.81398227168098], [-72.71465020460963, 41.813983125280984]], [[-72.71465020460963, 41.813983125280984], [-72.71465020460963, 41.81398227168098]], [[-72.71465020460963, 41.81398227168098], [-72.71464928340963, 41.81398227168098]], [[-72.71495696420963, 41.81431517568098], [-72.71496249140964, 41.81431517568098]], [[-72.71496249140964, 41.81431517568098], [-72.71496249140964, 41.81432029728098]], [[-72.71496249140964, 41.81432029728098], [-72.71495696420963, 41.81432029728098]], [[-72.71495696420963, 41.81432029728098], [-72.71495696420963, 41.81431517568098]], [[-72.71489616500963, 41.81393959168098], [-72.71489984980964, 41.81393959168098], [-72.71489984980964, 41.81393617728098], [-72.71489616500963, 41.81393617728098], [-72.71489616500963, 41.81393959168098]], [[-72.71573722060963, 41.814143602080975], [-72.71573722060963, 41.81413762688098], [-72.71573261460964, 41.81413762688098], [-72.71573261460964, 41.814143602080975], [-72.71573722060963, 41.814143602080975]], [[-72.71573906300964, 41.814141041280976], [-72.71574274780963, 41.814141041280976]], [[-72.71525082700964, 41.81375009248098], [-72.71525082700964, 41.81375777488098]], [[-72.71525082700964, 41.81375777488098], [-72.71524437860964, 41.81375777488098]], [[-72.71525359060963, 41.81375009248098], [-72.71525359060963, 41.81375777488098]], [[-72.71525359060963, 41.81375777488098], [-72.71526096020963, 41.81375777488098]], [[-72.71524437860964, 41.81375777488098], [-72.71525082700964, 41.81375777488098]], [[-72.71525082700964, 41.81375777488098], [-72.71525082700964, 41.81376545728098]], [[-72.71525082700964, 41.81376545728098], [-72.71524437860964, 41.81376545728098]], [[-72.71526096020963, 41.81375777488098], [-72.71525359060963, 41.81375777488098]], [[-72.71526096020963, 41.81376631088098], [-72.71525359060963, 41.81376631088098]], [[-72.71525359060963, 41.81379789408098], [-72.71525359060963, 41.81380557648098]], [[-72.71525082700964, 41.813814112480976], [-72.71524437860964, 41.813814112480976]], [[-72.71526096020963, 41.813814112480976], [-72.71525359060963, 41.813814112480976]], [[-72.71525082700964, 41.813830330880975], [-72.71525082700964, 41.81382264848098]], [[-72.71525082700964, 41.81377399328098], [-72.71525082700964, 41.81378167568098]], [[-72.71525082700964, 41.81380557648098], [-72.71524437860964, 41.81380557648098]], [[-72.71525359060963, 41.81378167568098], [-72.71526096020963, 41.81378167568098]], [[-72.71525359060963, 41.81376545728098], [-72.71526096020963, 41.81376545728098]], [[-72.71525082700964, 41.81382179488097], [-72.71524437860964, 41.81382179488097]], [[-72.71524437860964, 41.813830330880975], [-72.71524437860964, 41.81375009248098]], [[-72.71525359060963, 41.813790211680974], [-72.71525359060963, 41.81379789408098]], [[-72.71525082700964, 41.81377399328098], [-72.71524437860964, 41.81377399328098]], [[-72.71525082700964, 41.81380643008098], [-72.71525082700964, 41.813814112480976]], [[-72.71525082700964, 41.81379789408098], [-72.71524437860964, 41.81379789408098]], [[-72.71524437860964, 41.813814112480976], [-72.71525082700964, 41.813814112480976]], [[-72.71525359060963, 41.813830330880975], [-72.71525359060963, 41.81382264848098]], [[-72.71525359060963, 41.81382179488097], [-72.71526096020963, 41.81382179488097]], [[-72.71525359060963, 41.81380557648098], [-72.71526096020963, 41.81380557648098]], [[-72.71526096020963, 41.813830330880975], [-72.71524437860964, 41.813830330880975]], [[-72.71525082700964, 41.81378167568098], [-72.71524437860964, 41.81378167568098]], [[-72.71524437860964, 41.813790211680974], [-72.71525082700964, 41.813790211680974]], [[-72.71525082700964, 41.81379789408098], [-72.71525082700964, 41.81380557648098]], [[-72.71525359060963, 41.81375777488098], [-72.71525359060963, 41.81376545728098]], [[-72.71524437860964, 41.81380643008098], [-72.71525082700964, 41.81380643008098]], [[-72.71526096020963, 41.813790211680974], [-72.71525359060963, 41.813790211680974]], [[-72.71525359060963, 41.813814112480976], [-72.71526096020963, 41.813814112480976]], [[-72.71525082700964, 41.81376631088098], [-72.71525082700964, 41.81377399328098]], [[-72.71525082700964, 41.813790211680974], [-72.71524437860964, 41.813790211680974]], [[-72.71524437860964, 41.81379789408098], [-72.71525082700964, 41.81379789408098]], [[-72.71526096020963, 41.81378252928098], [-72.71525359060963, 41.81378252928098]], [[-72.71525082700964, 41.81378252928098], [-72.71525082700964, 41.813790211680974]], [[-72.71524437860964, 41.81377399328098], [-72.71525082700964, 41.81377399328098]], [[-72.71525359060963, 41.813814112480976], [-72.71525359060963, 41.81382179488097]], [[-72.71526096020963, 41.81375009248098], [-72.71526096020963, 41.813830330880975]], [[-72.71525359060963, 41.81379789408098], [-72.71526096020963, 41.81379789408098]], [[-72.71525082700964, 41.813790211680974], [-72.71525082700964, 41.81379789408098]], [[-72.71525082700964, 41.81382264848098], [-72.71524437860964, 41.81382264848098]], [[-72.71524437860964, 41.81376631088098], [-72.71525082700964, 41.81376631088098]], [[-72.71525359060963, 41.81377399328098], [-72.71526096020963, 41.81377399328098]], [[-72.71525359060963, 41.813790211680974], [-72.71526096020963, 41.813790211680974]], [[-72.71525359060963, 41.81376631088098], [-72.71525359060963, 41.81377399328098]], [[-72.71526096020963, 41.81379789408098], [-72.71525359060963, 41.81379789408098]], [[-72.71526096020963, 41.81380643008098], [-72.71525359060963, 41.81380643008098]], [[-72.71524437860964, 41.81378252928098], [-72.71525082700964, 41.81378252928098]], [[-72.71525359060963, 41.81380643008098], [-72.71525359060963, 41.813814112480976]], [[-72.71526096020963, 41.81377399328098], [-72.71525359060963, 41.81377399328098]], [[-72.71525359060963, 41.81377399328098], [-72.71525359060963, 41.81378167568098]], [[-72.71525359060963, 41.81378252928098], [-72.71525359060963, 41.813790211680974]], [[-72.71525082700964, 41.813814112480976], [-72.71525082700964, 41.81382179488097]], [[-72.71524437860964, 41.81375009248098], [-72.71526096020963, 41.81375009248098]], [[-72.71525359060963, 41.81382264848098], [-72.71526096020963, 41.81382264848098]], [[-72.71438582020964, 41.81428615328098], [-72.71438582020964, 41.814281031680984], [-72.71438858380964, 41.81427932448098], [-72.71438858380964, 41.814287006880974], [-72.71438582020964, 41.81428615328098]], [[-72.71511448940964, 41.81436041648098], [-72.71510527740963, 41.81436041648098], [-72.71510527740963, 41.81435529488098], [-72.71511448940964, 41.81435529488098], [-72.71511448940964, 41.81436041648098]], [[-72.71497907300963, 41.81426139888098], [-72.71497262460963, 41.81426139888098], [-72.71497262460963, 41.814255423680976], [-72.71497907300963, 41.814255423680976], [-72.71497907300963, 41.81426139888098]], [[-72.71557140460965, 41.814257984480975], [-72.71557140460965, 41.81425713088098]], [[-72.71557140460965, 41.81425713088098], [-72.71557140460965, 41.814257984480975]], [[-72.71556127140963, 41.814257984480975], [-72.71556127140963, 41.81425713088098]], [[-72.71555850780963, 41.814257984480975], [-72.71557416820963, 41.814257984480975]], [[-72.71557140460965, 41.814257984480975], [-72.71557140460965, 41.814255423680976]], [[-72.71556127140963, 41.814257984480975], [-72.71556127140963, 41.814255423680976]], [[-72.71557416820963, 41.814255423680976], [-72.71555850780963, 41.814255423680976]], [[-72.71555850780963, 41.814252009280985], [-72.71555850780963, 41.814256277280975]], [[-72.71555850780963, 41.81425030208098], [-72.71557416820963, 41.81425030208098]], [[-72.71557416820963, 41.81425030208098], [-72.71557416820963, 41.814257984480975]], [[-72.71555850780963, 41.81425286288098], [-72.71557416820963, 41.81425286288098]], [[-72.71556127140963, 41.81425713088098], [-72.71556127140963, 41.814257984480975]], [[-72.71557140460965, 41.814257984480975], [-72.71557140460965, 41.814255423680976]], [[-72.71555850780963, 41.81425030208098], [-72.71555850780963, 41.814257984480975]], [[-72.71556127140963, 41.814257984480975], [-72.71556127140963, 41.814255423680976]], [[-72.71505092660963, 41.81392081248098], [-72.71505184780965, 41.81392081248098]], [[-72.71505092660963, 41.81391995888097], [-72.71505092660963, 41.81391910528098]], [[-72.71505369020963, 41.813914837280976], [-72.71505369020963, 41.81392081248098]], [[-72.71505369020963, 41.81391569088098], [-72.71505184780965, 41.81391569088098], [-72.71505184780965, 41.813914837280976], [-72.71505092660963, 41.813914837280976], [-72.71505092660963, 41.81391569088098], [-72.71505092660963, 41.81391654448098], [-72.71505092660963, 41.813917398080974], [-72.71505092660963, 41.81391910528098], [-72.71505092660963, 41.81391995888097], [-72.71505092660963, 41.81392081248098], [-72.71505184780965, 41.81392081248098], [-72.71505369020963, 41.81392081248098], [-72.71505369020963, 41.81391569088098]], [[-72.71524714220963, 41.81390800848098], [-72.71525727540963, 41.81390800848098], [-72.71525727540963, 41.81390374048098], [-72.71524714220963, 41.81390374048098], [-72.71524714220963, 41.81390800848098]], [[-72.71524714220963, 41.81390630128098], [-72.71524714220963, 41.81390459408098]], [[-72.71525727540963, 41.81390630128098], [-72.71525727540963, 41.81390459408098]], [[-72.71524714220963, 41.81390459408098], [-72.71525727540963, 41.81390459408098]], [[-72.71478193620963, 41.81393703088098], [-72.71478193620963, 41.813931909280974], [-72.71478009380964, 41.813931909280974], [-72.71478009380964, 41.81393703088098], [-72.71478193620963, 41.81393703088098]], [[-72.71486852900964, 41.81393532368098], [-72.71486852900964, 41.813928494880976], [-72.71486300180963, 41.813928494880976], [-72.71486300180963, 41.81393532368098], [-72.71486852900964, 41.81393532368098]], [[-72.71431396660964, 41.81403519488098], [-72.71431949380964, 41.81403519488098], [-72.71431949380964, 41.81404629168098], [-72.71431396660964, 41.81404629168098], [-72.71431396660964, 41.81403519488098]], [[-72.71431396660964, 41.81404373088098], [-72.71431949380964, 41.81404373088098]], [[-72.71431396660964, 41.81403604848098], [-72.71431949380964, 41.81403604848098]], [[-72.71431396660964, 41.81404373088098], [-72.71431396660964, 41.81403604848098]], [[-72.71431949380964, 41.81403604848098], [-72.71431949380964, 41.81404373088098]], [[-72.71489616500963, 41.81432029728098], [-72.71489063780963, 41.81432029728098], [-72.71489063780963, 41.81431517568098], [-72.71489616500963, 41.81431517568098], [-72.71489616500963, 41.81432029728098]], [[-72.71499012740964, 41.81392081248098], [-72.71499012740964, 41.813929348480976], [-72.71498920620964, 41.813929348480976], [-72.71498920620964, 41.81392081248098], [-72.71499012740964, 41.81392081248098]], [[-72.71510527740963, 41.81436041648098], [-72.71509606540964, 41.81436041648098], [-72.71509606540964, 41.81435529488098], [-72.71510527740963, 41.81435529488098], [-72.71510527740963, 41.81436041648098]], [[-72.71513751940964, 41.81435956288097], [-72.71513751940964, 41.81436041648098]], [[-72.71513659820964, 41.81436127008098], [-72.71513659820964, 41.81436041648098]], [[-72.71514765260963, 41.81436127008098], [-72.71514673140963, 41.81436127008098]], [[-72.71514765260963, 41.81435956288097], [-72.71514673140963, 41.81435956288097]], [[-72.71514673140963, 41.81435956288097], [-72.71514673140963, 41.81436041648098]], [[-72.71514765260963, 41.81435956288097], [-72.71514765260963, 41.81436041648098]], [[-72.71514673140963, 41.81436127008098], [-72.71514673140963, 41.81436041648098]], [[-72.71513567700963, 41.81435956288097], [-72.71513567700963, 41.81436041648098]], [[-72.71513567700963, 41.81436127008098], [-72.71513751940964, 41.81436127008098]], [[-72.71513567700963, 41.81435956288097], [-72.71513751940964, 41.81435956288097]], [[-72.71513567700963, 41.81436127008098], [-72.71513567700963, 41.81436041648098], [-72.71514765260963, 41.81436041648098], [-72.71514765260963, 41.81436127008098], [-72.71513567700963, 41.81436127008098]], [[-72.71452123660963, 41.813746678080975], [-72.71451478820963, 41.813746678080975], [-72.71451478820963, 41.813744117280976], [-72.71452123660963, 41.813744117280976], [-72.71452123660963, 41.813746678080975]], [[-72.71482615380964, 41.814212743680976], [-72.71482615380964, 41.81420676848098], [-72.71482523260963, 41.81420676848098], [-72.71482523260963, 41.814212743680976], [-72.71482615380964, 41.814212743680976]], [[-72.71485655340963, 41.81392166608098], [-72.71487313500964, 41.81392166608098], [-72.71485655340963, 41.81392166608098]], [[-72.71530886260965, 41.813886668480976], [-72.71530886260965, 41.81389605808098]], [[-72.71530886260965, 41.81389605808098], [-72.71531807460964, 41.81389605808098]], [[-72.71531807460964, 41.81389605808098], [-72.71531807460964, 41.813886668480976]], [[-72.71531807460964, 41.813886668480976], [-72.71530886260965, 41.813886668480976]], [[-72.71531254740964, 41.813886668480976], [-72.71531254740964, 41.81389605808098]], [[-72.71577498980965, 41.81438858528097], [-72.71577498980965, 41.81437919568098], [-72.71577959580964, 41.81437919568098], [-72.71577959580964, 41.81438858528097], [-72.71577498980965, 41.81438858528097]], [[-72.71441990460964, 41.81427932448098], [-72.71441990460964, 41.81427505648098], [-72.71442451060963, 41.81427505648098], [-72.71442451060963, 41.81427932448098], [-72.71441990460964, 41.81427932448098]], [[-72.71581183780964, 41.814381756480984], [-72.71580538940964, 41.814381756480984]], [[-72.71580538940964, 41.81438858528097], [-72.71581183780964, 41.81438858528097]], [[-72.71580078340963, 41.81439456048098], [-72.71580078340963, 41.81438687808098]], [[-72.71580538940964, 41.81439456048098], [-72.71580078340963, 41.81439456048098]], [[-72.71580078340963, 41.81438687808098], [-72.71580538940964, 41.81438687808098]], [[-72.71580538940964, 41.814381756480984], [-72.71580538940964, 41.81438858528097]], [[-72.71581183780964, 41.81438858528097], [-72.71581183780964, 41.814381756480984]], [[-72.71580078340963, 41.81439456048098], [-72.71580538940964, 41.81439456048098], [-72.71580538940964, 41.81439626768098], [-72.71580078340963, 41.81439626768098], [-72.71580078340963, 41.81439456048098]], [[-72.71580538940964, 41.81438687808098], [-72.71580538940964, 41.81439456048098]], [[-72.71484365660963, 41.81420676848098], [-72.71484365660963, 41.81421018288098], [-72.71484642020964, 41.81421018288098], [-72.71484642020964, 41.81420676848098], [-72.71484365660963, 41.81420676848098]], [[-72.71546362420963, 41.81409153248098], [-72.71545441220964, 41.81409153248098], [-72.71545441220964, 41.81408982528098], [-72.71546362420963, 41.81408982528098], [-72.71546362420963, 41.81409153248098]], [[-72.71530886260965, 41.81391569088098], [-72.71530886260965, 41.81390630128098]], [[-72.71530886260965, 41.81390630128098], [-72.71529965060964, 41.81390630128098]], [[-72.71529965060964, 41.81390630128098], [-72.71529965060964, 41.81391569088098]], [[-72.71529965060964, 41.81391569088098], [-72.71530886260965, 41.81391569088098]], [[-72.71530517780964, 41.81391569088098], [-72.71530517780964, 41.81390630128098]], [[-72.71492472220963, 41.81432029728098], [-72.71492472220963, 41.81431517568098], [-72.71492656460964, 41.81431517568098], [-72.71492656460964, 41.81432029728098], [-72.71492472220963, 41.81432029728098]], [[-72.71480220260963, 41.81390630128098], [-72.71480220260963, 41.813901179680975], [-72.71479851780964, 41.813901179680975], [-72.71479851780964, 41.81390630128098], [-72.71480220260963, 41.81390630128098]], [[-72.71438397780963, 41.81433651568098], [-72.71438397780963, 41.81434078368098]], [[-72.71438397780963, 41.81434078368098], [-72.71437937180964, 41.81434078368098]], [[-72.71437937180964, 41.814326272480976], [-72.71437937180964, 41.81432200448098]], [[-72.71438397780963, 41.81432200448098], [-72.71438397780963, 41.814326272480976]], [[-72.71438397780963, 41.814326272480976], [-72.71437937180964, 41.814326272480976]], [[-72.71437937180964, 41.81432115088098], [-72.71437937180964, 41.81432200448098]], [[-72.71437937180964, 41.81432200448098], [-72.71438397780963, 41.81432200448098]], [[-72.71438397780963, 41.81432200448098], [-72.71438397780963, 41.81432115088098]], [[-72.71438397780963, 41.81432115088098], [-72.71437937180964, 41.81432115088098]], [[-72.71437937180964, 41.81432200448098], [-72.71438397780963, 41.81432200448098]], [[-72.71437937180964, 41.81433651568098], [-72.71438397780963, 41.81433651568098]], [[-72.71437937180964, 41.81434078368098], [-72.71437937180964, 41.81433651568098]], [[-72.71480312380963, 41.81419055008098], [-72.71486852900964, 41.81428359248098]], [[-72.71486852900964, 41.81419055008098], [-72.71480312380963, 41.81428359248098]], [[-72.71480312380963, 41.81428359248098], [-72.71486852900964, 41.81428359248098], [-72.71486852900964, 41.81419055008098], [-72.71480312380963, 41.81419055008098], [-72.71480312380963, 41.81428359248098]], [[-72.71500578780963, 41.81395666368098], [-72.71500578780963, 41.813946420480974], [-72.71500578780963, 41.81394556688098], [-72.71500578780963, 41.81394471328098], [-72.71500486660965, 41.81394471328098], [-72.71500394540963, 41.81394471328098], [-72.71500394540963, 41.813943859680975], [-72.71499657580964, 41.813943859680975], [-72.71499657580964, 41.81394471328098], [-72.71499565460964, 41.81394471328098], [-72.71499473340963, 41.81394556688098], [-72.71499473340963, 41.813946420480974], [-72.71499473340963, 41.81395666368098], [-72.71499289100964, 41.81395666368098], [-72.71499196980965, 41.81395666368098], [-72.71499196980965, 41.813957517280976], [-72.71499196980965, 41.81396263888098], [-72.71499196980965, 41.81396349248097], [-72.71499289100964, 41.81396349248097], [-72.71500763020964, 41.81396349248097], [-72.71500855140964, 41.81396349248097], [-72.71500855140964, 41.81396263888098], [-72.71500855140964, 41.813957517280976], [-72.71500855140964, 41.81395666368098], [-72.71500763020964, 41.81395666368098], [-72.71500578780963, 41.81395666368098]], [[-72.71500578780963, 41.81395666368098], [-72.71499473340963, 41.81395666368098]], [[-72.71495788540965, 41.81433139408098], [-72.71495788540965, 41.81433224768098]], [[-72.71495972780963, 41.81433310128097], [-72.71495788540965, 41.81433310128097]], [[-72.71495788540965, 41.814330540480974], [-72.71495696420963, 41.81433139408098]], [[-72.71495972780963, 41.814330540480974], [-72.71495788540965, 41.814330540480974]], [[-72.71495788540965, 41.81433480848098], [-72.71495972780963, 41.81433480848098]], [[-72.71495972780963, 41.81433480848098], [-72.71495788540965, 41.81433480848098]], [[-72.71496249140964, 41.814330540480974], [-72.71495880660963, 41.814330540480974]], [[-72.71495972780963, 41.81433139408098], [-72.71495788540965, 41.81433139408098]], [[-72.71495696420963, 41.81433139408098], [-72.71495696420963, 41.81433480848098]], [[-72.71495696420963, 41.81433480848098], [-72.71495788540965, 41.81433480848098]], [[-72.71495972780963, 41.81433480848098], [-72.71495788540965, 41.81433480848098]], [[-72.71495972780963, 41.81433139408098], [-72.71495788540965, 41.81433139408098]], [[-72.71496249140964, 41.814330540480974], [-72.71496249140964, 41.81433566208098], [-72.71495788540965, 41.81433566208098], [-72.71495788540965, 41.814330540480974], [-72.71496249140964, 41.814330540480974]], [[-72.71495972780963, 41.81433310128097], [-72.71495788540965, 41.81433310128097]], [[-72.71495880660963, 41.81433310128097], [-72.71495880660963, 41.81433480848098]], [[-72.71495972780963, 41.81433310128097], [-72.71495788540965, 41.81433310128097]], [[-72.71495880660963, 41.81433139408098], [-72.71495880660963, 41.81433224768098]], [[-72.71495972780963, 41.81433139408098], [-72.71495972780963, 41.81433224768098]], [[-72.71495880660963, 41.81433480848098], [-72.71495880660963, 41.81433310128097]], [[-72.71495788540965, 41.81433480848098], [-72.71495788540965, 41.81433310128097]], [[-72.71495972780963, 41.81433310128097], [-72.71495788540965, 41.81433310128097]], [[-72.71495880660963, 41.81433139408098], [-72.71495880660963, 41.81433224768098]], [[-72.71495972780963, 41.81433224768098], [-72.71495788540965, 41.81433224768098]], [[-72.71495972780963, 41.81433480848098], [-72.71495972780963, 41.81433310128097]], [[-72.71495788540965, 41.81433566208098], [-72.71496249140964, 41.81433566208098]], [[-72.71495972780963, 41.814330540480974], [-72.71495972780963, 41.81433566208098]], [[-72.71495972780963, 41.81433224768098], [-72.71495788540965, 41.81433310128097]], [[-72.71495972780963, 41.81433224768098], [-72.71495788540965, 41.81433224768098]], [[-72.71492840700964, 41.814345051680974], [-72.71492840700964, 41.81434590528098]], [[-72.71492840700964, 41.81434419808098], [-72.71492748580964, 41.81434419808098]], [[-72.71492748580964, 41.81434419808098], [-72.71492748580964, 41.814342490880975]], [[-72.71492748580964, 41.814342490880975], [-72.71492840700964, 41.814342490880975]], [[-72.71492840700964, 41.814342490880975], [-72.71492840700964, 41.81434334448098]], [[-72.71492840700964, 41.81434334448098], [-72.71492840700964, 41.81434419808098]], [[-72.71492932820965, 41.81434419808098], [-72.71492840700964, 41.81434419808098]], [[-72.71492840700964, 41.81434419808098], [-72.71492840700964, 41.814345051680974]], [[-72.71492932820965, 41.81434931968098], [-72.71492840700964, 41.81434931968098]], [[-72.71492932820965, 41.81434419808098], [-72.71492932820965, 41.81434590528098]], [[-72.71492932820965, 41.81434761248097], [-72.71492932820965, 41.81434931968098]], [[-72.71492840700964, 41.81434761248097], [-72.71492840700964, 41.81434931968098]], [[-72.71497170340963, 41.81400019728098], [-72.71497170340963, 41.81398824688098]], [[-72.71497170340963, 41.81398824688098], [-72.71497815180963, 41.81398824688098]], [[-72.71497815180963, 41.81398824688098], [-72.71497815180963, 41.81400019728098]], [[-72.71497815180963, 41.81400019728098], [-72.71497170340963, 41.81400019728098]], [[-72.71497170340963, 41.81400019728098], [-72.71497170340963, 41.81398824688098]], [[-72.71497170340963, 41.81398824688098], [-72.71496525500963, 41.81398824688098]], [[-72.71496525500963, 41.81398824688098], [-72.71496525500963, 41.81400019728098]], [[-72.71496525500963, 41.81400019728098], [-72.71497170340963, 41.81400019728098]], [[-72.71475522140963, 41.81390630128098], [-72.71475522140963, 41.813900326080976], [-72.71475982740964, 41.813900326080976], [-72.71475982740964, 41.81390630128098], [-72.71475522140963, 41.81390630128098]], [[-72.71445491020964, 41.81403434128098], [-72.71445491020964, 41.814044584480975], [-72.71445214660963, 41.814044584480975], [-72.71445214660963, 41.81404373088098], [-72.71445214660963, 41.81403519488098], [-72.71445214660963, 41.81403434128098], [-72.71445491020964, 41.81403434128098]], [[-72.71435449940964, 41.81426822768098], [-72.71434160260964, 41.81426822768098]], [[-72.71434160260964, 41.81426908128098], [-72.71435449940964, 41.81426908128098]], [[-72.71435449940964, 41.81426908128098], [-72.71435449940964, 41.81426822768098]], [[-72.71435357820964, 41.81426908128098], [-72.71435357820964, 41.814269934880976], [-72.71435449940964, 41.814269934880976]], [[-72.71435449940964, 41.814269934880976], [-72.71435542060964, 41.814269934880976], [-72.71435542060964, 41.81426822768098], [-72.71435449940964, 41.81426822768098]], [[-72.71435449940964, 41.81426822768098], [-72.71435357820964, 41.81426822768098]], [[-72.71434160260964, 41.814269934880976], [-72.71434160260964, 41.81426822768098]], [[-72.71434160260964, 41.81426822768098], [-72.71434252380963, 41.81426822768098]], [[-72.71435449940964, 41.81426822768098], [-72.71435449940964, 41.814269934880976]], [[-72.71434160260964, 41.81426822768098], [-72.71434160260964, 41.814269934880976]], [[-72.71434252380963, 41.81426908128098], [-72.71434252380963, 41.814269934880976], [-72.71434160260964, 41.814269934880976]], [[-72.71434160260964, 41.81426908128098], [-72.71434160260964, 41.81426822768098]], [[-72.71434805100964, 41.81403604848098], [-72.71434805100964, 41.81404543808098], [-72.71434436620964, 41.81404543808098], [-72.71434436620964, 41.81403604848098], [-72.71434805100964, 41.81403604848098]], [[-72.71506566580963, 41.81434761248097], [-72.71507027180964, 41.81434761248097], [-72.71507027180964, 41.81435188048098], [-72.71506566580963, 41.81435188048098], [-72.71506566580963, 41.81434761248097]], [[-72.71489984980964, 41.81437919568098], [-72.71491090420965, 41.81437919568098], [-72.71491090420965, 41.81437236688098], [-72.71489984980964, 41.81437236688098], [-72.71489984980964, 41.81437919568098]], [[-72.71485655340963, 41.81395154208098], [-72.71487313500964, 41.81395154208098], [-72.71487313500964, 41.81395068848098], [-72.71485655340963, 41.81395068848098], [-72.71485655340963, 41.81395154208098]], [[-72.71482523260963, 41.81418798928098], [-72.71481786300964, 41.81418798928098], [-72.71481786300964, 41.814184574880976], [-72.71482523260963, 41.814184574880976], [-72.71482523260963, 41.81418798928098]], [[-72.71503250260963, 41.81376460368098], [-72.71503250260963, 41.81375350688098], [-72.71503710860964, 41.81375350688098], [-72.71503710860964, 41.81376460368098], [-72.71503250260963, 41.81376460368098]], [[-72.71427803980964, 41.81435529488098], [-72.71427803980964, 41.814353587680976]], [[-72.71427251260964, 41.81435273408098], [-72.71427803980964, 41.81435273408098], [-72.71427803980964, 41.81435614848098], [-72.71427251260964, 41.81435614848098], [-72.71427251260964, 41.81435273408098]], [[-72.71427803980964, 41.81435614848098], [-72.71427251260964, 41.81435614848098], [-72.71427251260964, 41.81435273408098], [-72.71427803980964, 41.81435273408098]], [[-72.71490814060964, 41.81433566208098], [-72.71490814060964, 41.814330540480974]], [[-72.71490814060964, 41.814330540480974], [-72.71490537700964, 41.814330540480974]], [[-72.71490537700964, 41.814330540480974], [-72.71490537700964, 41.81433566208098]], [[-72.71490537700964, 41.81433566208098], [-72.71490814060964, 41.81433566208098]], [[-72.71552165980964, 41.81373387408098], [-72.71552442340965, 41.81373643488098], [-72.71552165980964, 41.81373899568098], [-72.71551889620964, 41.81373643488098], [-72.71552165980964, 41.81373387408098]], [[-72.71478377860963, 41.81403519488098], [-72.71478377860963, 41.81404031648098], [-72.71478285740965, 41.81404031648098], [-72.71478285740965, 41.81403519488098], [-72.71478377860963, 41.81403519488098]], [[-72.71492656460964, 41.81434846608098], [-72.71492656460964, 41.81434675888098]], [[-72.71492840700964, 41.81434419808098], [-72.71492840700964, 41.814345051680974]], [[-72.71492932820965, 41.81434419808098], [-72.71492932820965, 41.814345051680974]], [[-72.71492932820965, 41.81434846608098], [-72.71492840700964, 41.81434846608098]], [[-72.71492932820965, 41.81434846608098], [-72.71492840700964, 41.81434846608098]], [[-72.71492932820965, 41.81434675888098], [-72.71492932820965, 41.81434846608098]], [[-72.71492840700964, 41.81434675888098], [-72.71492840700964, 41.81434846608098]], [[-72.71493117060963, 41.81434761248097], [-72.71493117060963, 41.81434590528098]], [[-72.71492840700964, 41.81434931968098], [-72.71492840700964, 41.81434675888098]], [[-72.71492840700964, 41.81434675888098], [-72.71492840700964, 41.814345051680974]], [[-72.71492748580964, 41.81434419808098], [-72.71492840700964, 41.81434419808098]], [[-72.71492840700964, 41.814342490880975], [-72.71492840700964, 41.81434334448098]], [[-72.71492748580964, 41.81434419808098], [-72.71492748580964, 41.814345051680974]], [[-72.71492748580964, 41.814342490880975], [-72.71492840700964, 41.814342490880975]], [[-72.71493024940963, 41.81434846608098], [-72.71493117060963, 41.81434846608098], [-72.71493117060963, 41.81435102688098], [-72.71493024940963, 41.81435102688098], [-72.71492656460964, 41.81435102688098], [-72.71492656460964, 41.81434931968098]], [[-72.71492932820965, 41.814345051680974], [-72.71492840700964, 41.814345051680974]], [[-72.71492748580964, 41.814345051680974], [-72.71492748580964, 41.81434419808098]], [[-72.71492564340963, 41.81434675888098], [-72.71492932820965, 41.81434675888098]], [[-72.71492656460964, 41.814345051680974], [-72.71492656460964, 41.81434419808098]], [[-72.71492840700964, 41.814342490880975], [-72.71492748580964, 41.814342490880975]], [[-72.71492840700964, 41.814345051680974], [-72.71492840700964, 41.81434675888098]], [[-72.71492564340963, 41.81434675888098], [-72.71492932820965, 41.81434675888098]], [[-72.71492932820965, 41.81434675888098], [-72.71492932820965, 41.81434846608098]], [[-72.71492932820965, 41.814345051680974], [-72.71493024940963, 41.814345051680974]], [[-72.71492840700964, 41.81434675888098], [-72.71492840700964, 41.81434846608098]], [[-72.71492748580964, 41.81434846608098], [-72.71492748580964, 41.81434675888098]], [[-72.71492932820965, 41.814345051680974], [-72.71492932820965, 41.81434675888098]], [[-72.71492840700964, 41.81434846608098], [-72.71492656460964, 41.81434846608098]], [[-72.71492656460964, 41.814345051680974], [-72.71492840700964, 41.814345051680974]], [[-72.71492840700964, 41.81434334448098], [-72.71492840700964, 41.81434419808098]], [[-72.71492840700964, 41.81434419808098], [-72.71492840700964, 41.814345051680974]], [[-72.71492748580964, 41.814345051680974], [-72.71492748580964, 41.81434675888098]], [[-72.71492656460964, 41.81434419808098], [-72.71492656460964, 41.814342490880975], [-72.71493024940963, 41.814342490880975], [-72.71493117060963, 41.814342490880975], [-72.71493117060963, 41.814345051680974], [-72.71493024940963, 41.814345051680974]], [[-72.71492932820965, 41.81434675888098], [-72.71492932820965, 41.81434419808098]], [[-72.71493024940963, 41.81434846608098], [-72.71492932820965, 41.81434846608098]], [[-72.71492840700964, 41.81434419808098], [-72.71492748580964, 41.81434419808098]], [[-72.71492656460964, 41.81434675888098], [-72.71492656460964, 41.814345051680974]], [[-72.71492656460964, 41.81434419808098], [-72.71492564340963, 41.81434419808098], [-72.71492564340963, 41.81434675888098], [-72.71492564340963, 41.81434931968098], [-72.71492656460964, 41.81434931968098]], [[-72.71492840700964, 41.81434419808098], [-72.71492840700964, 41.814342490880975]], [[-72.71492932820965, 41.814345051680974], [-72.71492840700964, 41.814345051680974]], [[-72.71492932820965, 41.81434675888098], [-72.71492932820965, 41.81434931968098]], [[-72.71492748580964, 41.81434675888098], [-72.71492748580964, 41.814345051680974]], [[-72.71492748580964, 41.81434419808098], [-72.71492748580964, 41.814342490880975]], [[-72.71492656460964, 41.81434931968098], [-72.71492656460964, 41.81434846608098]], [[-72.71492932820965, 41.81434419808098], [-72.71492932820965, 41.81434675888098]], [[-72.71492932820965, 41.81434419808098], [-72.71492840700964, 41.81434419808098]], [[-72.71492748580964, 41.81434675888098], [-72.71492748580964, 41.81434846608098]], [[-72.71492932820965, 41.81434931968098], [-72.71492840700964, 41.81434931968098]], [[-72.71492748580964, 41.814342490880975], [-72.71492748580964, 41.81434419808098]], [[-72.71492840700964, 41.814345051680974], [-72.71492840700964, 41.81434675888098]], [[-72.71492840700964, 41.814345051680974], [-72.71492840700964, 41.81434675888098]], [[-72.71522411220964, 41.81375009248098], [-72.71522411220964, 41.81375777488098]], [[-72.71521766380964, 41.81375777488098], [-72.71522411220964, 41.81375777488098]], [[-72.71522411220964, 41.81376545728098], [-72.71521766380964, 41.81376545728098]], [[-72.71523332420963, 41.81376631088098], [-72.71522687580965, 41.81376631088098]], [[-72.71522411220964, 41.81377399328098], [-72.71522411220964, 41.81378167568098]], [[-72.71522411220964, 41.81378167568098], [-72.71521766380964, 41.81378167568098]], [[-72.71523332420963, 41.81377399328098], [-72.71522687580965, 41.81377399328098]], [[-72.71522687580965, 41.81378167568098], [-72.71523332420963, 41.81378167568098]], [[-72.71521766380964, 41.81378252928098], [-72.71522411220964, 41.81378252928098]], [[-72.71522411220964, 41.813790211680974], [-72.71521766380964, 41.813790211680974]], [[-72.71522687580965, 41.813814112480976], [-72.71522687580965, 41.81382179488097]], [[-72.71522687580965, 41.813830330880975], [-72.71522687580965, 41.81382264848098]], [[-72.71522687580965, 41.81382264848098], [-72.71523332420963, 41.81382264848098]], [[-72.71521766380964, 41.813830330880975], [-72.71521766380964, 41.81375009248098]], [[-72.71523332420963, 41.81380643008098], [-72.71522687580965, 41.81380643008098]], [[-72.71522411220964, 41.813790211680974], [-72.71522411220964, 41.81379789408098]], [[-72.71523332420963, 41.813830330880975], [-72.71521766380964, 41.813830330880975]], [[-72.71522411220964, 41.813814112480976], [-72.71522411220964, 41.81382179488097]], [[-72.71522411220964, 41.81382264848098], [-72.71521766380964, 41.81382264848098]], [[-72.71522687580965, 41.81380643008098], [-72.71522687580965, 41.813814112480976]], [[-72.71521766380964, 41.81380643008098], [-72.71522411220964, 41.81380643008098]], [[-72.71522411220964, 41.81380557648098], [-72.71521766380964, 41.81380557648098]], [[-72.71523332420963, 41.813790211680974], [-72.71522687580965, 41.813790211680974]], [[-72.71522687580965, 41.81376545728098], [-72.71523332420963, 41.81376545728098]], [[-72.71523332420963, 41.81378252928098], [-72.71522687580965, 41.81378252928098]], [[-72.71522687580965, 41.81375009248098], [-72.71522687580965, 41.81375777488098]], [[-72.71523332420963, 41.81375009248098], [-72.71523332420963, 41.813830330880975]], [[-72.71522687580965, 41.81377399328098], [-72.71522687580965, 41.81378167568098]], [[-72.71521766380964, 41.813814112480976], [-72.71522411220964, 41.813814112480976]], [[-72.71523332420963, 41.81375777488098], [-72.71522687580965, 41.81375777488098]], [[-72.71521766380964, 41.81376631088098], [-72.71522411220964, 41.81376631088098]], [[-72.71522687580965, 41.813790211680974], [-72.71522687580965, 41.81379789408098]], [[-72.71523332420963, 41.813814112480976], [-72.71522687580965, 41.813814112480976]], [[-72.71522687580965, 41.81377399328098], [-72.71523332420963, 41.81377399328098]], [[-72.71522411220964, 41.81378252928098], [-72.71522411220964, 41.813790211680974]], [[-72.71522687580965, 41.813814112480976], [-72.71523332420963, 41.813814112480976]], [[-72.71522411220964, 41.81375777488098], [-72.71522411220964, 41.81376545728098]], [[-72.71522687580965, 41.81379789408098], [-72.71523332420963, 41.81379789408098]], [[-72.71522411220964, 41.81376631088098], [-72.71522411220964, 41.81377399328098]], [[-72.71521766380964, 41.81377399328098], [-72.71522411220964, 41.81377399328098]], [[-72.71522411220964, 41.81379789408098], [-72.71521766380964, 41.81379789408098]], [[-72.71522687580965, 41.81375777488098], [-72.71522687580965, 41.81376545728098]], [[-72.71522411220964, 41.81377399328098], [-72.71521766380964, 41.81377399328098]], [[-72.71522687580965, 41.81382179488097], [-72.71523332420963, 41.81382179488097]], [[-72.71522687580965, 41.81378252928098], [-72.71522687580965, 41.813790211680974]], [[-72.71522687580965, 41.813790211680974], [-72.71523332420963, 41.813790211680974]], [[-72.71521766380964, 41.813790211680974], [-72.71522411220964, 41.813790211680974]], [[-72.71522687580965, 41.81376631088098], [-72.71522687580965, 41.81377399328098]], [[-72.71522687580965, 41.81379789408098], [-72.71522687580965, 41.81380557648098]], [[-72.71522411220964, 41.81382179488097], [-72.71521766380964, 41.81382179488097]], [[-72.71522411220964, 41.813814112480976], [-72.71521766380964, 41.813814112480976]], [[-72.71522411220964, 41.813830330880975], [-72.71522411220964, 41.81382264848098]], [[-72.71521766380964, 41.81375009248098], [-72.71523332420963, 41.81375009248098]], [[-72.71523332420963, 41.81379789408098], [-72.71522687580965, 41.81379789408098]], [[-72.71522411220964, 41.81379789408098], [-72.71522411220964, 41.81380557648098]], [[-72.71522411220964, 41.81380643008098], [-72.71522411220964, 41.813814112480976]], [[-72.71521766380964, 41.81379789408098], [-72.71522411220964, 41.81379789408098]], [[-72.71522411220964, 41.81375777488098], [-72.71521766380964, 41.81375777488098]], [[-72.71522687580965, 41.81380557648098], [-72.71523332420963, 41.81380557648098]], [[-72.71522687580965, 41.81375777488098], [-72.71523332420963, 41.81375777488098]], [[-72.71441806220963, 41.81429042128098], [-72.71441345620964, 41.81429042128098], [-72.71441345620964, 41.81429468928098], [-72.71441806220963, 41.81429468928098], [-72.71441806220963, 41.81429042128098]], [[-72.71493485540964, 41.81432029728098], [-72.71493485540964, 41.81431517568098], [-72.71493301300964, 41.81431517568098], [-72.71493301300964, 41.81432029728098], [-72.71493485540964, 41.81432029728098]], [[-72.71509606540964, 41.81436041648098], [-72.71508685340964, 41.81436041648098], [-72.71508685340964, 41.81435529488098], [-72.71509606540964, 41.81435529488098], [-72.71509606540964, 41.81436041648098]], [[-72.71474324580963, 41.81415299168098], [-72.71474324580963, 41.81414787008098], [-72.71473956100964, 41.81414787008098], [-72.71473956100964, 41.81415299168098], [-72.71474324580963, 41.81415299168098]], [[-72.71427251260964, 41.81435614848098], [-72.71427803980964, 41.81435614848098], [-72.71427803980964, 41.81435956288097], [-72.71427251260964, 41.81435956288097], [-72.71427251260964, 41.81435614848098]], [[-72.71427803980964, 41.81435956288097], [-72.71427251260964, 41.81435956288097], [-72.71427251260964, 41.81435614848098], [-72.71427803980964, 41.81435614848098]], [[-72.71427803980964, 41.81435870928098], [-72.71427803980964, 41.814357002080975]], [[-72.71496064900964, 41.814326272480976], [-72.71496064900964, 41.81432115088098]], [[-72.71496064900964, 41.81432115088098], [-72.71496341260963, 41.81432115088098]], [[-72.71496341260963, 41.81432115088098], [-72.71496341260963, 41.814326272480976]], [[-72.71496341260963, 41.814326272480976], [-72.71496064900964, 41.814326272480976]], [[-72.71550231460964, 41.81429383568098], [-72.71549033900965, 41.81429383568098], [-72.71549033900965, 41.81428871408098], [-72.71550231460964, 41.81428871408098], [-72.71550231460964, 41.81429383568098]], [[-72.71550047220964, 41.81428956768098], [-72.71549218140963, 41.81428956768098]], [[-72.71549218140963, 41.81429042128098], [-72.71549218140963, 41.81429383568098]], [[-72.71549218140963, 41.81429383568098], [-72.71550047220964, 41.81429383568098]], [[-72.71550047220964, 41.81429383568098], [-72.71550047220964, 41.81429042128098]], [[-72.71549218140963, 41.81428956768098], [-72.71549218140963, 41.81428871408098]], [[-72.71549218140963, 41.81428871408098], [-72.71549033900965, 41.81428871408098]], [[-72.71549033900965, 41.81428871408098], [-72.71549033900965, 41.81429042128098]], [[-72.71549033900965, 41.81429042128098], [-72.71549218140963, 41.81429042128098]], [[-72.71549218140963, 41.81429042128098], [-72.71549218140963, 41.81428956768098]], [[-72.71550047220964, 41.81428956768098], [-72.71550047220964, 41.81428871408098]], [[-72.71550047220964, 41.81428871408098], [-72.71550231460964, 41.81428871408098]], [[-72.71550231460964, 41.81428871408098], [-72.71550231460964, 41.81429042128098]], [[-72.71550231460964, 41.81429042128098], [-72.71550047220964, 41.81429042128098]], [[-72.71550047220964, 41.81429042128098], [-72.71550047220964, 41.81428956768098]], [[-72.71533741980964, 41.81389605808098], [-72.71539177060963, 41.81389605808098]], [[-72.71538255860963, 41.81389861888098], [-72.71534663180964, 41.81389861888098]], [[-72.71537426780964, 41.81391227648098], [-72.71533741980964, 41.81391227648098]], [[-72.71539177060963, 41.81389605808098], [-72.71539177060963, 41.81393276288098]], [[-72.71538900700963, 41.81390459408098], [-72.71538347980965, 41.81390459408098]], [[-72.71533926220962, 41.81390374048098], [-72.71538255860963, 41.81390374048098]], [[-72.71538255860963, 41.81390459408098], [-72.71533926220962, 41.81390459408098]], [[-72.71537426780964, 41.81393276288098], [-72.71537426780964, 41.81391227648098]], [[-72.71536689820964, 41.81392678768098], [-72.71536689820964, 41.81391825168098]], [[-72.71539177060963, 41.81393276288098], [-72.71537426780964, 41.81393276288098]], [[-72.71538255860963, 41.81390374048098], [-72.71538255860963, 41.81389776528098]], [[-72.71538900700963, 41.813929348480976], [-72.71538900700963, 41.81390459408098]], [[-72.71534663180964, 41.81390971568098], [-72.71537703140963, 41.81390971568098]], [[-72.71534663180964, 41.81389861888098], [-72.71534663180964, 41.81390374048098]], [[-72.71534847420963, 41.81391825168098], [-72.71534847420963, 41.81392678768098]], [[-72.71536689820964, 41.81391825168098], [-72.71534847420963, 41.81391825168098]], [[-72.71538347980965, 41.81393020208098], [-72.71538255860963, 41.81393020208098]], [[-72.71534847420963, 41.81392678768098], [-72.71536689820964, 41.81392678768098]], [[-72.71533926220962, 41.81390459408098], [-72.71533926220962, 41.81390374048098]], [[-72.71538255860963, 41.81389776528098], [-72.71538347980965, 41.81389776528098]], [[-72.71533741980964, 41.81391227648098], [-72.71533741980964, 41.81389605808098]], [[-72.71538347980965, 41.81389776528098], [-72.71538347980965, 41.81393020208098]], [[-72.71538255860963, 41.81393020208098], [-72.71538255860963, 41.81390459408098]], [[-72.71537703140963, 41.81390971568098], [-72.71537703140963, 41.813929348480976]], [[-72.71537703140963, 41.813929348480976], [-72.71538255860963, 41.813929348480976]], [[-72.71534663180964, 41.81390459408098], [-72.71534663180964, 41.81390971568098]], [[-72.71538347980965, 41.813929348480976], [-72.71538900700963, 41.813929348480976]], [[-72.71486852900964, 41.81428188528098], [-72.71486852900964, 41.81427676368098], [-72.71486668660964, 41.81427676368098], [-72.71486668660964, 41.81428188528098], [-72.71486852900964, 41.81428188528098]], [[-72.71552902940964, 41.81420335408097], [-72.71553547780964, 41.81420335408097]], [[-72.71552902940964, 41.81420335408097], [-72.71553547780964, 41.81420335408097]], [[-72.71552902940964, 41.814188842880974], [-72.71553547780964, 41.814188842880974]], [[-72.71552902940964, 41.81418798928098], [-72.71553547780964, 41.81418798928098]], [[-72.71553179300963, 41.81418542848098], [-72.71553271420963, 41.81418542848098]], [[-72.71553179300963, 41.81420591488097], [-72.71553271420963, 41.81420591488097]], [[-72.71554100500964, 41.81420591488097], [-72.71553271420963, 41.81420591488097]], [[-72.71553179300963, 41.81418798928098], [-72.71553271420963, 41.81418798928098]], [[-72.71553179300963, 41.814188842880974], [-72.71553179300963, 41.81418798928098]], [[-72.71552902940964, 41.81420591488097], [-72.71552442340965, 41.81420591488097]], [[-72.71553916260963, 41.81420591488097], [-72.71553547780964, 41.81420591488097]], [[-72.71553179300963, 41.81420335408097], [-72.71553271420963, 41.81420335408097]], [[-72.71552350220963, 41.81420591488097], [-72.71552350220963, 41.81418542848098]], [[-72.71552902940964, 41.81418542848098], [-72.71552902940964, 41.81420591488097]], [[-72.71553179300963, 41.81418798928098], [-72.71553271420963, 41.81418798928098]], [[-72.71553271420963, 41.81420591488097], [-72.71553271420963, 41.81418542848098]], [[-72.71553271420963, 41.814188842880974], [-72.71553179300963, 41.814188842880974]], [[-72.71553916260963, 41.81418542848098], [-72.71553547780964, 41.81418542848098]], [[-72.71553179300963, 41.81420335408097], [-72.71553271420963, 41.81420335408097]], [[-72.71553547780964, 41.81418542848098], [-72.71553547780964, 41.81420591488097]], [[-72.71553271420963, 41.81418798928098], [-72.71553271420963, 41.814188842880974]], [[-72.71552442340965, 41.81418542848098], [-72.71552442340965, 41.81420591488097]], [[-72.71553179300963, 41.814188842880974], [-72.71553271420963, 41.814188842880974]], [[-72.71553179300963, 41.81420591488097], [-72.71552350220963, 41.81420591488097]], [[-72.71553179300963, 41.81418542848098], [-72.71552626580963, 41.81418542848098]], [[-72.71553271420963, 41.81418542848098], [-72.71553824140963, 41.81418542848098]], [[-72.71552350220963, 41.81418542848098], [-72.71553179300963, 41.81418542848098]], [[-72.71553179300963, 41.81418542848098], [-72.71553179300963, 41.81420591488097]], [[-72.71553271420963, 41.81420335408097], [-72.71553179300963, 41.81420335408097]], [[-72.71553179300963, 41.81420335408097], [-72.71553271420963, 41.81420335408097]], [[-72.71553271420963, 41.81418542848098], [-72.71554100500964, 41.81418542848098]], [[-72.71554100500964, 41.81418542848098], [-72.71554100500964, 41.81420591488097]], [[-72.71553916260963, 41.81418542848098], [-72.71553916260963, 41.81420591488097]], [[-72.71552902940964, 41.81418542848098], [-72.71552442340965, 41.81418542848098]], [[-72.71457098140964, 41.81434846608098], [-72.71457098140964, 41.814353587680976], [-72.71457282380965, 41.814353587680976], [-72.71457282380965, 41.81434846608098], [-72.71457098140964, 41.81434846608098]], [[-72.71489892860964, 41.81393617728098], [-72.71489616500963, 41.81393617728098]], [[-72.71488603180964, 41.81393617728098], [-72.71488879540964, 41.81393617728098]], [[-72.71489800740964, 41.81394215248098], [-72.71488695300964, 41.81394215248098]], [[-72.71489248020964, 41.81394044528098], [-72.71489248020964, 41.81394129888098], [-72.71489248020964, 41.81394044528098]], [[-72.71489800740964, 41.81394215248098], [-72.71489800740964, 41.81395324928098], [-72.71489800740964, 41.81395410288098], [-72.71489708620963, 41.81395410288098], [-72.71489708620963, 41.81395495648098], [-72.71489616500963, 41.81395495648098], [-72.71488879540964, 41.81395495648098], [-72.71488787420964, 41.81395495648098], [-72.71488787420964, 41.81395410288098], [-72.71488695300964, 41.81395410288098], [-72.71488695300964, 41.81395324928098], [-72.71488695300964, 41.81394215248098], [-72.71488511060963, 41.81394215248098], [-72.71488418940963, 41.81394215248098], [-72.71488418940963, 41.81393617728098], [-72.71488511060963, 41.81393617728098], [-72.71489984980964, 41.81393617728098], [-72.71490077100962, 41.81393617728098], [-72.71490077100962, 41.81394215248098], [-72.71489984980964, 41.81394215248098], [-72.71489800740964, 41.81394215248098]], [[-72.71473863980964, 41.81397800368098], [-72.71473863980964, 41.81398824688098]], [[-72.71474416700963, 41.81398824688098], [-72.71474416700963, 41.81397800368098]], [[-72.71474416700963, 41.81397800368098], [-72.71473863980964, 41.81397800368098]], [[-72.71474416700963, 41.81398824688098], [-72.71474416700963, 41.81397800368098]], [[-72.71474416700963, 41.81398824688098], [-72.71473863980964, 41.81398824688098]], [[-72.71479667540963, 41.814313468480975], [-72.71479667540963, 41.81431859008098], [-72.71479759660963, 41.81431859008098], [-72.71479759660963, 41.814313468480975], [-72.71479667540963, 41.814313468480975]], [[-72.71458111460963, 41.814001050880975], [-72.71458111460963, 41.814001904480975], [-72.71458111460963, 41.81400275808098], [-72.71458203580964, 41.81400275808098], [-72.71458295700964, 41.81400275808098], [-72.71458203580964, 41.81400275808098], [-72.71458111460963, 41.814001904480975], [-72.71458203580964, 41.814001904480975], [-72.71458111460963, 41.814001050880975]], [[-72.71458111460963, 41.814001050880975], [-72.71458203580964, 41.814001904480975], [-72.71458203580964, 41.81400275808098]], [[-72.71458203580964, 41.81400275808098], [-72.71458295700964, 41.81400275808098]], [[-72.71495420060963, 41.81432029728098], [-72.71495420060963, 41.81431517568098], [-72.71495696420963, 41.81431517568098], [-72.71495696420963, 41.81432029728098], [-72.71495420060963, 41.81432029728098]], [[-72.71427803980964, 41.81435188048098], [-72.71427803980964, 41.81434931968098]], [[-72.71427803980964, 41.81435188048098], [-72.71427251260964, 41.81435188048098], [-72.71427251260964, 41.81434931968098], [-72.71427803980964, 41.81434931968098]], [[-72.71427251260964, 41.81434846608098], [-72.71427803980964, 41.81434846608098], [-72.71427803980964, 41.81435273408098], [-72.71427251260964, 41.81435273408098], [-72.71427251260964, 41.81434846608098]], [[-72.71469902820964, 41.814042023680976], [-72.71469902820964, 41.81406251008098], [-72.71468060420963, 41.81406251008098], [-72.71468060420963, 41.814042023680976], [-72.71469902820964, 41.814042023680976]], [[-72.71514581020963, 41.81431944368098], [-72.71514581020963, 41.81432968688098], [-72.71513936180965, 41.81432968688098], [-72.71513936180965, 41.81431944368098], [-72.71514581020963, 41.81431944368098]], [[-72.71493485540964, 41.81421445088098], [-72.71493209180963, 41.81421445088098]], [[-72.71494130380964, 41.814225547680984], [-72.71494130380964, 41.814256277280975]], [[-72.71493485540964, 41.81424688768097], [-72.71493393420964, 41.81424688768097]], [[-72.71497262460963, 41.814272495680974], [-72.71497262460963, 41.81427164208098]], [[-72.71497907300963, 41.81421445088098], [-72.71498183660964, 41.81421445088098]], [[-72.71495972780963, 41.814272495680974], [-72.71495972780963, 41.81427676368098]], [[-72.71497907300963, 41.81421445088098], [-72.71497262460963, 41.81421445088098]], [[-72.71497262460963, 41.81421445088098], [-72.71497262460963, 41.81422213328098]], [[-72.71496064900964, 41.81421701168098], [-72.71495420060963, 41.81421701168098]], [[-72.71495420060963, 41.81422384048098], [-72.71495696420963, 41.81422384048098]], [[-72.71495972780963, 41.814272495680974], [-72.71493209180963, 41.814272495680974]], [[-72.71496064900964, 41.81422384048098], [-72.71496064900964, 41.81422298688098]], [[-72.71493209180963, 41.81421445088098], [-72.71494130380964, 41.81421445088098]], [[-72.71495420060963, 41.814256277280975], [-72.71495420060963, 41.81425371648098]], [[-72.71497262460963, 41.81427676368098], [-72.71497262460963, 41.81427164208098]], [[-72.71496064900964, 41.81422298688098], [-72.71495420060963, 41.81422298688098]], [[-72.71495972780963, 41.81425371648098], [-72.71495972780963, 41.814256277280975]], [[-72.71498183660964, 41.81421359728098], [-72.71497262460963, 41.81421359728098]], [[-72.71495788540965, 41.81424261968098], [-72.71495696420963, 41.81424261968098]], [[-72.71495972780963, 41.81427164208098], [-72.71495972780963, 41.814272495680974]], [[-72.71494130380964, 41.81421445088098], [-72.71493485540964, 41.81421445088098]], [[-72.71495420060963, 41.81425371648098], [-72.71495972780963, 41.81425371648098]], [[-72.71493301300964, 41.814272495680974], [-72.71495972780963, 41.814272495680974]], [[-72.71495420060963, 41.81425286288098], [-72.71496064900964, 41.81425286288098]], [[-72.71497907300963, 41.81422042608097], [-72.71497907300963, 41.81421445088098]], [[-72.71494130380964, 41.814256277280975], [-72.71493485540964, 41.814256277280975]], [[-72.71495696420963, 41.81422384048098], [-72.71496064900964, 41.81422384048098]], [[-72.71495420060963, 41.81421701168098], [-72.71495420060963, 41.81422896208098]], [[-72.71497907300963, 41.814272495680974], [-72.71497262460963, 41.814272495680974]], [[-72.71493485540964, 41.81421445088098], [-72.71493485540964, 41.81423493728098]], [[-72.71497262460963, 41.81427676368098], [-72.71497262460963, 41.814272495680974]], [[-72.71495972780963, 41.81427164208098], [-72.71495972780963, 41.81427676368098]], [[-72.71497907300963, 41.81423920528098], [-72.71497262460963, 41.81423920528098]], [[-72.71497815180963, 41.81423920528098], [-72.71497815180963, 41.81424005888098]], [[-72.71495420060963, 41.81422896208098], [-72.71496064900964, 41.81422896208098]], [[-72.71493393420964, 41.81423493728098], [-72.71493485540964, 41.81423493728098]], [[-72.71495696420963, 41.81422384048098], [-72.71495696420963, 41.81424261968098]], [[-72.71493485540964, 41.814256277280975], [-72.71493485540964, 41.81424688768097]], [[-72.71495972780963, 41.814256277280975], [-72.71495420060963, 41.814256277280975]], [[-72.71496064900964, 41.81425286288098], [-72.71496064900964, 41.81425371648098]], [[-72.71497815180963, 41.81424005888098], [-72.71497815180963, 41.81423920528098]], [[-72.71493485540964, 41.814225547680984], [-72.71494130380964, 41.814225547680984]], [[-72.71496064900964, 41.81422896208098], [-72.71496064900964, 41.81421701168098]], [[-72.71493209180963, 41.81427420288098], [-72.71493301300964, 41.81427420288098]], [[-72.71498183660964, 41.81421445088098], [-72.71498183660964, 41.81421359728098]], [[-72.71497907300963, 41.814272495680974], [-72.71497907300963, 41.81421445088098]], [[-72.71498367900963, 41.81422042608097], [-72.71497907300963, 41.81422042608097]], [[-72.71493485540964, 41.81423493728098], [-72.71493485540964, 41.81421445088098]], [[-72.71495696420963, 41.81424261968098], [-72.71495696420963, 41.81422384048098]], [[-72.71497907300963, 41.81421445088098], [-72.71497907300963, 41.814272495680974]], [[-72.71495420060963, 41.81422298688098], [-72.71495420060963, 41.81422384048098]], [[-72.71493393420964, 41.81424688768097], [-72.71493393420964, 41.81423493728098]], [[-72.71497907300963, 41.81422213328098], [-72.71497907300963, 41.81421445088098]], [[-72.71493209180963, 41.814272495680974], [-72.71493209180963, 41.81427420288098]], [[-72.71493485540964, 41.814266520480984], [-72.71494130380964, 41.814266520480984]], [[-72.71494130380964, 41.814266520480984], [-72.71493485540964, 41.814266520480984]], [[-72.71495972780963, 41.81427676368098], [-72.71495972780963, 41.81427164208098]], [[-72.71498367900963, 41.814272495680974], [-72.71497907300963, 41.814272495680974]], [[-72.71497262460963, 41.81427164208098], [-72.71495972780963, 41.81427164208098]], [[-72.71493485540964, 41.814266520480984], [-72.71493485540964, 41.81424688768097]], [[-72.71495604300964, 41.81425286288098], [-72.71495788540965, 41.81425286288098]], [[-72.71497262460963, 41.814272495680974], [-72.71498367900963, 41.814272495680974]], [[-72.71496064900964, 41.81425371648098], [-72.71495420060963, 41.81425371648098]], [[-72.71497262460963, 41.81421359728098], [-72.71497262460963, 41.81421445088098]], [[-72.71497999420964, 41.81421445088098], [-72.71497999420964, 41.81422042608097]], [[-72.71497262460963, 41.81427164208098], [-72.71497262460963, 41.81427676368098]], [[-72.71493485540964, 41.81424688768097], [-72.71493485540964, 41.814266520480984]], [[-72.71495972780963, 41.81427676368098], [-72.71497262460963, 41.81427676368098]], [[-72.71497262460963, 41.81424859488098], [-72.71497907300963, 41.81424859488098]], [[-72.71495788540965, 41.81425286288098], [-72.71495788540965, 41.81424261968098]], [[-72.71497907300963, 41.81421445088098], [-72.71498367900963, 41.81421445088098]], [[-72.71493301300964, 41.81427420288098], [-72.71493301300964, 41.814272495680974]], [[-72.71498367900963, 41.81421445088098], [-72.71498367900963, 41.81422042608097]], [[-72.71493485540964, 41.81423493728098], [-72.71493485540964, 41.814225547680984]], [[-72.71495696420963, 41.81424261968098], [-72.71495604300964, 41.81424261968098]], [[-72.71497262460963, 41.81422213328098], [-72.71497907300963, 41.81422213328098]], [[-72.71495420060963, 41.81425371648098], [-72.71495420060963, 41.81425286288098]], [[-72.71497262460963, 41.81421445088098], [-72.71497907300963, 41.81421445088098]], [[-72.71495604300964, 41.81424261968098], [-72.71495604300964, 41.81425286288098]], [[-72.71497907300963, 41.81424859488098], [-72.71497907300963, 41.81423920528098]], [[-72.71497262460963, 41.81423920528098], [-72.71497262460963, 41.81424859488098]], [[-72.71459216900963, 41.81393788448098], [-72.71459953860963, 41.81393788448098]], [[-72.71459216900963, 41.81393532368098], [-72.71459216900963, 41.81393788448098]], [[-72.71458572060963, 41.81394556688098], [-72.71458572060963, 41.81393532368098], [-72.71460322340963, 41.81393532368098], [-72.71460414460964, 41.81393532368098], [-72.71460414460964, 41.81393617728098], [-72.71460506580964, 41.81393617728098], [-72.71460598700963, 41.81393617728098], [-72.71460598700963, 41.81393703088098], [-72.71460690820965, 41.81393703088098], [-72.71460690820965, 41.81393788448098], [-72.71460690820965, 41.81393873808098], [-72.71460690820965, 41.81393959168098], [-72.71460690820965, 41.81394044528098], [-72.71460690820965, 41.81394129888098], [-72.71460598700963, 41.81394215248098], [-72.71460506580964, 41.813943006080976], [-72.71460414460964, 41.813943006080976], [-72.71460322340963, 41.813943006080976], [-72.71459953860963, 41.813943006080976], [-72.71459953860963, 41.81394556688098], [-72.71458572060963, 41.81394556688098]], [[-72.71459953860963, 41.813943859680975], [-72.71459953860963, 41.81393532368098]], [[-72.71458848420964, 41.813943006080976], [-72.71458848420964, 41.81394215248098], [-72.71458940540964, 41.81394215248098], [-72.71458940540964, 41.813943006080976], [-72.71458848420964, 41.813943006080976]], [[-72.71499657580964, 41.81398056448098], [-72.71499289100964, 41.81398056448098], [-72.71499289100964, 41.81397715008098], [-72.71499657580964, 41.81397715008098], [-72.71499657580964, 41.81398056448098]], [[-72.71514673140963, 41.81431859008098], [-72.71514673140963, 41.81431944368098]], [[-72.71514765260963, 41.81431773648098], [-72.71514673140963, 41.81431773648098]], [[-72.71513567700963, 41.81431859008098], [-72.71513567700963, 41.81431944368098], [-72.71514765260963, 41.81431944368098], [-72.71514765260963, 41.81431859008098], [-72.71513567700963, 41.81431859008098]], [[-72.71513659820964, 41.81431859008098], [-72.71513659820964, 41.81431944368098]], [[-72.71513567700963, 41.81431773648098], [-72.71513751940964, 41.81431773648098]], [[-72.71514765260963, 41.81431944368098], [-72.71514673140963, 41.81431944368098]], [[-72.71513567700963, 41.81431944368098], [-72.71513751940964, 41.81431944368098]], [[-72.71514765260963, 41.81431859008098], [-72.71514765260963, 41.81431773648098]], [[-72.71513751940964, 41.81431859008098], [-72.71513751940964, 41.81431773648098]], [[-72.71514673140963, 41.81431859008098], [-72.71514673140963, 41.81431773648098]], [[-72.71513567700963, 41.81431859008098], [-72.71513567700963, 41.81431773648098]], [[-72.71489984980964, 41.814001050880975], [-72.71489984980964, 41.81398056448098], [-72.71488511060963, 41.81398056448098], [-72.71488511060963, 41.814001050880975], [-72.71489984980964, 41.814001050880975]], [[-72.71489248020964, 41.814001050880975], [-72.71489248020964, 41.81398056448098]], [[-72.71452492140963, 41.81433651568098], [-72.71452492140963, 41.81433139408098], [-72.71452676380963, 41.81433139408098], [-72.71452676380963, 41.81433651568098], [-72.71452492140963, 41.81433651568098]], [[-72.71553732020963, 41.814227254880976], [-72.71553732020963, 41.81422896208098]], [[-72.71552718700963, 41.814227254880976], [-72.71552718700963, 41.81422896208098]], [[-72.71552718700963, 41.814227254880976], [-72.71552718700963, 41.81422896208098]], [[-72.71554008380964, 41.81423408368098], [-72.71554008380964, 41.814227254880976]], [[-72.71552442340965, 41.81423152288098], [-72.71554008380964, 41.81423152288098]], [[-72.71552442340965, 41.81423237648097], [-72.71552442340965, 41.81422810848098]], [[-72.71552442340965, 41.81423408368098], [-72.71552442340965, 41.814227254880976]], [[-72.71552442340965, 41.814227254880976], [-72.71554008380964, 41.814227254880976]], [[-72.71554008380964, 41.81422896208098], [-72.71552442340965, 41.81422896208098]], [[-72.71553732020963, 41.814227254880976], [-72.71553732020963, 41.81422896208098]], [[-72.71552442340965, 41.81423408368098], [-72.71554008380964, 41.81423408368098]], [[-72.71520016100963, 41.81400446528098], [-72.71519831860964, 41.81400446528098]], [[-72.71519831860964, 41.81400446528098], [-72.71519831860964, 41.81399507568098]], [[-72.71519831860964, 41.81399507568098], [-72.71520016100963, 41.81399507568098]], [[-72.71520016100963, 41.81400446528098], [-72.71520016100963, 41.81399507568098]], [[-72.71538900700963, 41.81399422208098], [-72.71537242540964, 41.81399422208098]], [[-72.71533649860964, 41.81396605328098], [-72.71533649860964, 41.81396519968098]], [[-72.71537979500962, 41.81396519968098], [-72.71537979500962, 41.813958370880975]], [[-72.71538071620964, 41.81399166128098], [-72.71537979500962, 41.81399166128098]], [[-72.71538071620964, 41.81399080768098], [-72.71538716460964, 41.81399080768098]], [[-72.71534663180964, 41.81397885728098], [-72.71534663180964, 41.813987393280975]], [[-72.71536505580964, 41.813987393280975], [-72.71536505580964, 41.81397885728098]], [[-72.71537426780964, 41.81399080768098], [-72.71537979500962, 41.81399080768098]], [[-72.71537242540964, 41.81399422208098], [-72.71537242540964, 41.81397373568098]], [[-72.71538716460964, 41.81399080768098], [-72.71538716460964, 41.81396605328098]], [[-72.71534386820964, 41.81396605328098], [-72.71534386820964, 41.81397117488098]], [[-72.71537426780964, 41.81397117488098], [-72.71537426780964, 41.81399080768098]], [[-72.71533649860964, 41.81396519968098], [-72.71537979500962, 41.81396519968098]], [[-72.71536505580964, 41.81397885728098], [-72.71534663180964, 41.81397885728098]], [[-72.71534386820964, 41.81397117488098], [-72.71537426780964, 41.81397117488098]], [[-72.71534663180964, 41.813987393280975], [-72.71536505580964, 41.813987393280975]], [[-72.71537979500962, 41.81399166128098], [-72.71537979500962, 41.81396605328098]], [[-72.71538071620964, 41.813958370880975], [-72.71538071620964, 41.81399166128098]], [[-72.71502697540964, 41.81396349248097], [-72.71502697540964, 41.81395068848098]], [[-72.71538716460964, 41.81396605328098], [-72.71538071620964, 41.81396605328098]], [[-72.71502052700964, 41.81395068848098], [-72.71502697540964, 41.81395068848098]], [[-72.71533557740963, 41.81395666368098], [-72.71538900700963, 41.81395666368098]], [[-72.71537979500962, 41.81396605328098], [-72.71533649860964, 41.81396605328098]], [[-72.71537242540964, 41.81397373568098], [-72.71533557740963, 41.81397373568098]], [[-72.71538900700963, 41.81395666368098], [-72.71538900700963, 41.81399422208098]], [[-72.71502697540964, 41.81396349248097], [-72.71502052700964, 41.81396349248097]], [[-72.71502697540964, 41.81395068848098], [-72.71503342380964, 41.81395068848098]], [[-72.71537979500962, 41.81395922448098], [-72.71534386820964, 41.81395922448098]], [[-72.71534386820964, 41.81395922448098], [-72.71534386820964, 41.81396519968098]], [[-72.71502697540964, 41.81395068848098], [-72.71502697540964, 41.81396349248097]], [[-72.71533557740963, 41.81397373568098], [-72.71533557740963, 41.81395666368098]], [[-72.71537979500962, 41.813958370880975], [-72.71538071620964, 41.813958370880975]], [[-72.71502052700964, 41.81396349248097], [-72.71502697540964, 41.81396349248097]], [[-72.71485655340963, 41.81393532368098], [-72.71487313500964, 41.81393532368098], [-72.71485655340963, 41.81393532368098]], [[-72.71502697540964, 41.81395068848098], [-72.71502052700964, 41.81395068848098]], [[-72.71503342380964, 41.81396349248097], [-72.71502697540964, 41.81396349248097]], [[-72.71502697540964, 41.81396349248097], [-72.71503342380964, 41.81396349248097]], [[-72.71503342380964, 41.81395068848098], [-72.71502697540964, 41.81395068848098]], [[-72.71503342380964, 41.81396349248097], [-72.71503342380964, 41.81395068848098]], [[-72.71502697540964, 41.81395068848098], [-72.71502697540964, 41.81396349248097]], [[-72.71503342380964, 41.81395068848098], [-72.71503342380964, 41.81396349248097]], [[-72.71502697540964, 41.81396349248097], [-72.71502697540964, 41.81395068848098]], [[-72.71502052700964, 41.81396349248097], [-72.71502052700964, 41.81395068848098]], [[-72.71502052700964, 41.81395068848098], [-72.71502052700964, 41.81396349248097]], [[-72.71552902940964, 41.814227254880976], [-72.71552442340965, 41.814227254880976]], [[-72.71552902940964, 41.81420591488097], [-72.71552442340965, 41.81420591488097]], [[-72.71553547780964, 41.81420591488097], [-72.71553547780964, 41.814227254880976]], [[-72.71553916260963, 41.81420591488097], [-72.71553547780964, 41.81420591488097]], [[-72.71553916260963, 41.81420591488097], [-72.71553916260963, 41.814227254880976]], [[-72.71553271420963, 41.81420591488097], [-72.71553824140963, 41.81420591488097]], [[-72.71553271420963, 41.814227254880976], [-72.71553271420963, 41.81420591488097]], [[-72.71554100500964, 41.814227254880976], [-72.71553271420963, 41.814227254880976]], [[-72.71553179300963, 41.81422384048098], [-72.71553271420963, 41.81422384048098]], [[-72.71553271420963, 41.81422384048098], [-72.71553179300963, 41.81422384048098]], [[-72.71427803980964, 41.81434846608098], [-72.71427803980964, 41.814342490880975], [-72.71427159140964, 41.814342490880975], [-72.71427159140964, 41.81434846608098], [-72.71427803980964, 41.81434846608098]], [[-72.71553179300963, 41.81420932928098], [-72.71553271420963, 41.81420932928098]], [[-72.71553179300963, 41.81420591488097], [-72.71553271420963, 41.81420591488097]], [[-72.71552902940964, 41.81422384048098], [-72.71553547780964, 41.81422384048098]], [[-72.71553179300963, 41.81422384048098], [-72.71553271420963, 41.81422384048098]], [[-72.71552442340965, 41.81420591488097], [-72.71552442340965, 41.814227254880976]], [[-72.71553179300963, 41.81420932928098], [-72.71553271420963, 41.81420932928098]], [[-72.71553179300963, 41.81422384048098], [-72.71553271420963, 41.81422384048098]], [[-72.71553179300963, 41.81420932928098], [-72.71553271420963, 41.81420932928098]], [[-72.71552902940964, 41.81422384048098], [-72.71553547780964, 41.81422384048098]], [[-72.71435449940964, 41.814211890080976], [-72.71435449940964, 41.814212743680976]], [[-72.71552350220963, 41.814227254880976], [-72.71552350220963, 41.81420591488097]], [[-72.71435357820964, 41.814211890080976], [-72.71435449940964, 41.814211890080976]], [[-72.71552902940964, 41.81420932928098], [-72.71553547780964, 41.81420932928098]], [[-72.71553179300963, 41.814227254880976], [-72.71552350220963, 41.814227254880976]], [[-72.71435449940964, 41.814211890080976], [-72.71435542060964, 41.814211890080976], [-72.71435542060964, 41.814212743680976], [-72.71435449940964, 41.814212743680976]], [[-72.71435449940964, 41.814212743680976], [-72.71435357820964, 41.814212743680976]], [[-72.71554100500964, 41.81420591488097], [-72.71554100500964, 41.814227254880976]], [[-72.71553179300963, 41.814227254880976], [-72.71553271420963, 41.814227254880976]], [[-72.71434160260964, 41.814211890080976], [-72.71434160260964, 41.814212743680976]], [[-72.71553179300963, 41.81420591488097], [-72.71553179300963, 41.814227254880976]], [[-72.71434252380963, 41.814211890080976], [-72.71434160260964, 41.814211890080976]], [[-72.71552350220963, 41.81420591488097], [-72.71553179300963, 41.81420591488097]], [[-72.71434160260964, 41.814211890080976], [-72.71434160260964, 41.814212743680976]], [[-72.71553271420963, 41.81420932928098], [-72.71553179300963, 41.81420932928098]], [[-72.71434160260964, 41.814212743680976], [-72.71434252380963, 41.814212743680976]], [[-72.71553271420963, 41.81420591488097], [-72.71554100500964, 41.81420591488097]], [[-72.71435449940964, 41.814212743680976], [-72.71435449940964, 41.814211890080976]], [[-72.71553179300963, 41.81420591488097], [-72.71552626580963, 41.81420591488097]], [[-72.71434160260964, 41.814212743680976], [-72.71434160260964, 41.814211890080976]], [[-72.71552902940964, 41.81420591488097], [-72.71552902940964, 41.814227254880976]], [[-72.71552902940964, 41.81420932928098], [-72.71553547780964, 41.81420932928098]], [[-72.71435449940964, 41.814212743680976], [-72.71434160260964, 41.814212743680976]], [[-72.71553916260963, 41.814227254880976], [-72.71553547780964, 41.814227254880976]], [[-72.71477088180964, 41.81398824688098], [-72.71477088180964, 41.81397800368098]], [[-72.71434160260964, 41.814211890080976], [-72.71435449940964, 41.814211890080976]], [[-72.71477088180964, 41.81398824688098], [-72.71477088180964, 41.81397800368098]], [[-72.71477088180964, 41.81398824688098], [-72.71477640900964, 41.81398824688098]], [[-72.71477640900964, 41.81397800368098], [-72.71477640900964, 41.81398824688098]], [[-72.71477088180964, 41.81397800368098], [-72.71477640900964, 41.81397800368098]], [[-72.71490629820963, 41.81434334448098], [-72.71490629820963, 41.81434675888098], [-72.71490998300963, 41.81434675888098], [-72.71490998300963, 41.81434334448098], [-72.71490629820963, 41.81434334448098]], [[-72.71460598700963, 41.81433139408098], [-72.71461151420964, 41.81433139408098], [-72.71461151420964, 41.81432968688098], [-72.71460598700963, 41.81432968688098], [-72.71460598700963, 41.81433139408098]], [[-72.71530886260965, 41.81387727888098], [-72.71530886260965, 41.813886668480976]], [[-72.71497907300963, 41.81426822768098], [-72.71497262460963, 41.81426822768098], [-72.71497262460963, 41.81426139888098], [-72.71497907300963, 41.81426139888098], [-72.71497907300963, 41.81426822768098]], [[-72.71530886260965, 41.813886668480976], [-72.71531807460964, 41.813886668480976]], [[-72.71531807460964, 41.813886668480976], [-72.71531807460964, 41.81387727888098]], [[-72.71531807460964, 41.81387727888098], [-72.71530886260965, 41.81387727888098]], [[-72.71531254740964, 41.81387727888098], [-72.71531254740964, 41.813886668480976]], [[-72.71517620980963, 41.814287006880974], [-72.71517620980963, 41.81428188528098], [-72.71517528860963, 41.81428188528098], [-72.71517528860963, 41.814287006880974], [-72.71517620980963, 41.814287006880974]], [[-72.71530609900964, 41.81412994448098], [-72.71530609900964, 41.814129090880975]], [[-72.71530609900964, 41.814129090880975], [-72.71531623220963, 41.814129090880975]], [[-72.71531623220963, 41.814129090880975], [-72.71531623220963, 41.81412994448098]], [[-72.71530609900964, 41.81412994448098], [-72.71531623220963, 41.81412994448098]], [[-72.71434160260964, 41.81423323008098], [-72.71434160260964, 41.81423408368098]], [[-72.71434252380963, 41.81423323008098], [-72.71434160260964, 41.81423323008098]], [[-72.71512001660963, 41.81434163728098], [-72.71511633180964, 41.81434163728098]], [[-72.71434160260964, 41.81423323008098], [-72.71434160260964, 41.81423493728098]], [[-72.71511633180964, 41.81436041648098], [-72.71511541060964, 41.81436041648098], [-72.71511541060964, 41.81431859008098], [-72.71511633180964, 41.81431859008098], [-72.71511633180964, 41.81436041648098]], [[-72.71511541060964, 41.81436041648098], [-72.71502329060964, 41.81436041648098]], [[-72.71435449940964, 41.81423493728098], [-72.71435449940964, 41.81423323008098]], [[-72.71502329060964, 41.81431859008098], [-72.71511541060964, 41.81431859008098]], [[-72.71434160260964, 41.81423323008098], [-72.71435449940964, 41.81423323008098]], [[-72.71434160260964, 41.81423493728098], [-72.71434160260964, 41.81423323008098]], [[-72.71511633180964, 41.81431859008098], [-72.71512738620964, 41.81431859008098], [-72.71512738620964, 41.81431944368098], [-72.71511633180964, 41.81431944368098]], [[-72.71435449940964, 41.81423408368098], [-72.71434160260964, 41.81423408368098]], [[-72.71512001660963, 41.814330540480974], [-72.71511633180964, 41.814330540480974]], [[-72.71435449940964, 41.81423323008098], [-72.71435542060964, 41.81423323008098], [-72.71435542060964, 41.81423493728098], [-72.71435449940964, 41.81423493728098]], [[-72.71500118180963, 41.81431859008098], [-72.71500118180963, 41.814339930080976], [-72.71500026060963, 41.814339930080976], [-72.71500026060963, 41.81431859008098], [-72.71500118180963, 41.81431859008098]], [[-72.71435357820964, 41.81423323008098], [-72.71435449940964, 41.81423323008098]], [[-72.71435449940964, 41.81423323008098], [-72.71435449940964, 41.81423408368098]], [[-72.71500118180963, 41.81436041648098], [-72.71500118180963, 41.81435102688098], [-72.71500026060963, 41.81435102688098], [-72.71500026060963, 41.81436041648098], [-72.71500118180963, 41.81436041648098]], [[-72.71512001660963, 41.81431944368098], [-72.71512001660963, 41.814330540480974], [-72.71512001660963, 41.81434163728098], [-72.71512001660963, 41.81435273408098], [-72.71511633180964, 41.81435273408098]], [[-72.71511633180964, 41.81435956288097], [-72.71512738620964, 41.81435956288097], [-72.71512738620964, 41.81436041648098], [-72.71511633180964, 41.81436041648098]], [[-72.71434160260964, 41.81423493728098], [-72.71434252380963, 41.81423493728098], [-72.71434252380963, 41.81423408368098]], [[-72.71435449940964, 41.81423493728098], [-72.71435357820964, 41.81423493728098], [-72.71435357820964, 41.81423408368098]], [[-72.71531807460964, 41.81391569088098], [-72.71530886260965, 41.81391569088098]], [[-72.71530886260965, 41.81391569088098], [-72.71530886260965, 41.81390630128098]], [[-72.71537703140963, 41.813929348480976], [-72.71538255860963, 41.813929348480976], [-72.71538255860963, 41.81390459408098], [-72.71534663180964, 41.81390459408098], [-72.71534663180964, 41.81390971568098], [-72.71537703140963, 41.81390971568098], [-72.71537703140963, 41.813929348480976]], [[-72.71530886260965, 41.81390630128098], [-72.71531807460964, 41.81390630128098]], [[-72.71531807460964, 41.81390630128098], [-72.71531807460964, 41.81391569088098]], [[-72.71531254740964, 41.81391569088098], [-72.71531254740964, 41.81390630128098]], [[-72.71463638660964, 41.81428615328098], [-72.71463638660964, 41.814281031680984], [-72.71463730780964, 41.814281031680984], [-72.71463730780964, 41.81428615328098], [-72.71463638660964, 41.81428615328098]], [[-72.71503250260963, 41.81393020208098], [-72.71503342380964, 41.81393020208098]], [[-72.71503342380964, 41.81392081248098], [-72.71503342380964, 41.81393020208098]], [[-72.71503342380964, 41.81392081248098], [-72.71503250260963, 41.81392081248098]], [[-72.71503250260963, 41.81392081248098], [-72.71503250260963, 41.81393020208098]], [[-72.71456361180964, 41.81414189488098], [-72.71456361180964, 41.81413677328098], [-72.71455900580963, 41.81413677328098], [-72.71455900580963, 41.81414189488098], [-72.71456361180964, 41.81414189488098]], [[-72.71497723060963, 41.81432029728098], [-72.71497723060963, 41.81431517568098], [-72.71497907300963, 41.81431517568098], [-72.71497907300963, 41.81432029728098], [-72.71497723060963, 41.81432029728098]], [[-72.71531623220963, 41.81386703568098], [-72.71531623220963, 41.81384996368098]], [[-72.71479759660963, 41.813999343680976], [-72.71479759660963, 41.81398824688098]], [[-72.71480312380963, 41.81398824688098], [-72.71480312380963, 41.813999343680976]], [[-72.71479759660963, 41.813999343680976], [-72.71479759660963, 41.81398824688098]], [[-72.71479759660963, 41.81398824688098], [-72.71480312380963, 41.81398824688098]], [[-72.71479759660963, 41.813999343680976], [-72.71480312380963, 41.813999343680976]], [[-72.71531623220963, 41.81384996368098], [-72.71530886260965, 41.81384996368098]], [[-72.71530886260965, 41.81384996368098], [-72.71530886260965, 41.81386703568098]], [[-72.71530886260965, 41.81386703568098], [-72.71531623220963, 41.81386703568098]], [[-72.71531623220963, 41.81385849968098], [-72.71530886260965, 41.81385849968098]], [[-72.71527846300964, 41.81391995888097], [-72.71527754180964, 41.81391995888097], [-72.71527846300964, 41.81391995888097]], [[-72.71525174820962, 41.81400275808098], [-72.71525174820962, 41.81399592928098]], [[-72.71524529980962, 41.81399507568098], [-72.71524529980962, 41.81399592928098]], [[-72.71525911780964, 41.81399592928098], [-72.71525911780964, 41.81399507568098]], [[-72.71524529980962, 41.81399592928098], [-72.71525911780964, 41.81399592928098]], [[-72.71525911780964, 41.81399592928098], [-72.71525911780964, 41.81400275808098]], [[-72.71524529980962, 41.81400275808098], [-72.71524529980962, 41.81399592928098]], [[-72.71527662060963, 41.81391995888097], [-72.71527662060963, 41.81391227648098], [-72.71527754180964, 41.81391227648098], [-72.71528306900963, 41.81391227648098], [-72.71528306900963, 41.81392678768098], [-72.71528306900963, 41.813927641280976], [-72.71527754180964, 41.813927641280976], [-72.71527662060963, 41.813927641280976], [-72.71527662060963, 41.81392678768098], [-72.71527662060963, 41.81391995888097]], [[-72.71524529980962, 41.81399592928098], [-72.71525911780964, 41.81399592928098]], [[-72.71525911780964, 41.81400275808098], [-72.71524529980962, 41.81400275808098]], [[-72.71525911780964, 41.81399507568098], [-72.71524529980962, 41.81399507568098]], [[-72.71496064900964, 41.814330540480974], [-72.71496064900964, 41.81432968688098]], [[-72.71496064900964, 41.81433139408098], [-72.71496157020964, 41.81433139408098]], [[-72.71496157020964, 41.81433139408098], [-72.71496157020964, 41.81433310128097]], [[-72.71517252500963, 41.81431944368098], [-72.71517252500963, 41.81432968688098]], [[-72.71496157020964, 41.81433310128097], [-72.71496064900964, 41.81433310128097]], [[-72.71496064900964, 41.81433310128097], [-72.71496064900964, 41.81433224768098]], [[-72.71517344620963, 41.81431944368098], [-72.71517344620963, 41.81431859008098], [-72.71517252500963, 41.81431859008098]], [[-72.71496064900964, 41.81433224768098], [-72.71496064900964, 41.81433139408098]], [[-72.71495972780963, 41.81433139408098], [-72.71496064900964, 41.81433139408098]], [[-72.71496064900964, 41.81433139408098], [-72.71496064900964, 41.814330540480974]], [[-72.71495972780963, 41.81432712608098], [-72.71496064900964, 41.81432712608098]], [[-72.71495972780963, 41.81433139408098], [-72.71495972780963, 41.81432968688098]], [[-72.71517344620963, 41.81436041648098], [-72.71517252500963, 41.81436041648098]], [[-72.71495972780963, 41.81432883328098], [-72.71495972780963, 41.81432712608098]], [[-72.71517252500963, 41.814370659680975], [-72.71517252500963, 41.814371513280975]], [[-72.71496064900964, 41.81432883328098], [-72.71496064900964, 41.81432712608098]], [[-72.71530886260965, 41.813886668480976], [-72.71530886260965, 41.81389605808098]], [[-72.71517436740965, 41.81436127008098], [-72.71517436740965, 41.81435956288097]], [[-72.71517252500963, 41.81435102688098], [-72.71517252500963, 41.81436041648098]], [[-72.71517344620963, 41.81436127008098], [-72.71517344620963, 41.81436041648098]], [[-72.71517344620963, 41.81434931968098], [-72.71517436740965, 41.81434931968098]], [[-72.71530886260965, 41.81389605808098], [-72.71529965060964, 41.81389605808098]], [[-72.71517252500963, 41.81437748848098], [-72.71517252500963, 41.81437834208098], [-72.71517344620963, 41.81437834208098], [-72.71517344620963, 41.81437748848098]], [[-72.71529965060964, 41.81389605808098], [-72.71529965060964, 41.813886668480976]], [[-72.71517252500963, 41.81437834208098], [-72.71517252500963, 41.81437663488098]], [[-72.71529965060964, 41.813886668480976], [-72.71530886260965, 41.813886668480976]], [[-72.71530517780964, 41.813886668480976], [-72.71530517780964, 41.81389605808098]], [[-72.71517252500963, 41.81435102688098], [-72.71517252500963, 41.81434931968098]], [[-72.71475890620964, 41.81393703088098], [-72.71475890620964, 41.813931909280974], [-72.71476259100963, 41.813931909280974], [-72.71476259100963, 41.81393703088098], [-72.71475890620964, 41.81393703088098]], [[-72.71517344620963, 41.81437663488098], [-72.71517436740965, 41.81437663488098]], [[-72.71517344620963, 41.81433907648098], [-72.71517436740965, 41.81433907648098]], [[-72.71516239180964, 41.81431944368098], [-72.71517252500963, 41.81431944368098]], [[-72.71517344620963, 41.81435017328098], [-72.71517344620963, 41.814339930080976]], [[-72.71431488780964, 41.813900326080976], [-72.71431949380964, 41.813900326080976], [-72.71431949380964, 41.81390544768097], [-72.71431488780964, 41.81390544768097], [-72.71431488780964, 41.813900326080976]], [[-72.71517252500963, 41.81431944368098], [-72.71517344620963, 41.81431944368098]], [[-72.71517252500963, 41.81436127008098], [-72.71517252500963, 41.814370659680975]], [[-72.71517436740965, 41.81435102688098], [-72.71517436740965, 41.81434931968098]], [[-72.71517344620963, 41.81437748848098], [-72.71517252500963, 41.81437748848098]], [[-72.71517252500963, 41.81431944368098], [-72.71517252500963, 41.81431859008098]], [[-72.71517344620963, 41.81436127008098], [-72.71517436740965, 41.81436127008098]], [[-72.71517344620963, 41.81436127008098], [-72.71517252500963, 41.81436127008098]], [[-72.71431396660964, 41.81400446528098], [-72.71431949380964, 41.81400446528098], [-72.71431949380964, 41.81399422208098], [-72.71431396660964, 41.81399422208098], [-72.71431396660964, 41.81400446528098]], [[-72.71517252500963, 41.81435017328098], [-72.71517252500963, 41.81435102688098]], [[-72.71517344620963, 41.814370659680975], [-72.71517252500963, 41.814370659680975]], [[-72.71517344620963, 41.81432968688098], [-72.71517252500963, 41.81432968688098]], [[-72.71517344620963, 41.81435017328098], [-72.71517252500963, 41.81435017328098]], [[-72.71517344620963, 41.814371513280975], [-72.71517344620963, 41.814370659680975]], [[-72.71517344620963, 41.81435102688098], [-72.71517252500963, 41.81435102688098]], [[-72.71517344620963, 41.81436041648098], [-72.71517344620963, 41.81435102688098]], [[-72.71431396660964, 41.81399592928098], [-72.71431949380964, 41.81399592928098]], [[-72.71431396660964, 41.814003611680974], [-72.71431949380964, 41.814003611680974]], [[-72.71517344620963, 41.81437919568098], [-72.71517344620963, 41.814371513280975]], [[-72.71431396660964, 41.81399592928098], [-72.71431396660964, 41.814003611680974]], [[-72.71431949380964, 41.814003611680974], [-72.71431949380964, 41.81399592928098]], [[-72.71517344620963, 41.81432883328098], [-72.71517436740965, 41.81432883328098]], [[-72.71517897340964, 41.81433139408098], [-72.71517897340964, 41.81431859008098], [-72.71517344620963, 41.81431859008098], [-72.71517344620963, 41.81433139408098], [-72.71517897340964, 41.81433139408098]], [[-72.71517344620963, 41.814370659680975], [-72.71517344620963, 41.81436127008098]], [[-72.71517344620963, 41.81431944368098], [-72.71517436740965, 41.81431944368098], [-72.71517436740965, 41.81431859008098], [-72.71517252500963, 41.81431859008098]], [[-72.71517252500963, 41.81434078368098], [-72.71517252500963, 41.81433907648098]], [[-72.71517344620963, 41.81435102688098], [-72.71517436740965, 41.81435102688098]], [[-72.71516331300964, 41.81431859008098], [-72.71516147060964, 41.81431859008098]], [[-72.71517436740965, 41.81437834208098], [-72.71517436740965, 41.81437663488098]], [[-72.71517344620963, 41.81435102688098], [-72.71517344620963, 41.81435017328098]], [[-72.71516239180964, 41.81431859008098], [-72.71516147060964, 41.81431859008098], [-72.71516147060964, 41.81431944368098], [-72.71516239180964, 41.81431944368098]], [[-72.71517252500963, 41.81436041648098], [-72.71517252500963, 41.81436127008098]], [[-72.71517252500963, 41.814330540480974], [-72.71517252500963, 41.81432883328098]], [[-72.71517344620963, 41.81432968688098], [-72.71517252500963, 41.81432968688098]], [[-72.71517344620963, 41.81435956288097], [-72.71517436740965, 41.81435956288097]], [[-72.71517252500963, 41.814371513280975], [-72.71517252500963, 41.81436980608098]], [[-72.71517344620963, 41.814371513280975], [-72.71517252500963, 41.814371513280975]], [[-72.71517252500963, 41.814371513280975], [-72.71517252500963, 41.81437919568098]], [[-72.71517252500963, 41.81436127008098], [-72.71517252500963, 41.81435956288097]], [[-72.71516331300964, 41.81431944368098], [-72.71516147060964, 41.81431944368098]], [[-72.71517344620963, 41.814339930080976], [-72.71517252500963, 41.814339930080976]], [[-72.71517252500963, 41.81431859008098], [-72.71516239180964, 41.81431859008098]], [[-72.71517344620963, 41.814330540480974], [-72.71517436740965, 41.814330540480974]], [[-72.71517344620963, 41.814339930080976], [-72.71517252500963, 41.814339930080976]], [[-72.71516239180964, 41.81431944368098], [-72.71516239180964, 41.81431859008098]], [[-72.71517344620963, 41.81432968688098], [-72.71517344620963, 41.81431944368098]], [[-72.71517344620963, 41.814371513280975], [-72.71517436740965, 41.814371513280975], [-72.71517436740965, 41.81436980608098], [-72.71517344620963, 41.81436980608098]], [[-72.71517436740965, 41.814330540480974], [-72.71517436740965, 41.81432883328098]], [[-72.71517344620963, 41.81434078368098], [-72.71517436740965, 41.81434078368098]], [[-72.71517252500963, 41.814339930080976], [-72.71517252500963, 41.81435017328098]], [[-72.71517436740965, 41.81434078368098], [-72.71517436740965, 41.81433907648098]], [[-72.71517252500963, 41.81432968688098], [-72.71517252500963, 41.814339930080976]], [[-72.71517344620963, 41.81437834208098], [-72.71517436740965, 41.81437834208098]], [[-72.71517344620963, 41.814339930080976], [-72.71517344620963, 41.81432968688098]], [[-72.71508040500964, 41.813802162080975], [-72.71508040500964, 41.81379789408098], [-72.71507579900963, 41.81379789408098], [-72.71507579900963, 41.813802162080975], [-72.71508040500964, 41.813802162080975]], [[-72.71433607540963, 41.814342490880975], [-72.71433239060964, 41.814342490880975], [-72.71433239060964, 41.81434078368098], [-72.71433331180964, 41.81434078368098], [-72.71433331180964, 41.81433822288098], [-72.71433607540963, 41.81433822288098], [-72.71433607540963, 41.81434078368098], [-72.71433607540963, 41.814342490880975]], [[-72.71433607540963, 41.81434078368098], [-72.71433331180964, 41.81434078368098]], [[-72.71433607540963, 41.81434163728098], [-72.71433515420964, 41.81434163728098]], [[-72.71433607540963, 41.81434163728098], [-72.71433515420964, 41.81434163728098]], [[-72.71433515420964, 41.81434163728098], [-72.71433423300964, 41.81434163728098]], [[-72.71433607540963, 41.81434163728098], [-72.71433515420964, 41.81434163728098]], [[-72.71433515420964, 41.81434163728098], [-72.71433423300964, 41.81434163728098]], [[-72.71433515420964, 41.81434163728098], [-72.71433423300964, 41.81434163728098]], [[-72.71433607540963, 41.814342490880975], [-72.71433515420964, 41.814342490880975]], [[-72.71556311380964, 41.81429554288098], [-72.71556956220964, 41.81429554288098]], [[-72.71556311380964, 41.81427847088098], [-72.71556311380964, 41.814298957280975]], [[-72.71557416820963, 41.814298957280975], [-72.71556956220964, 41.814298957280975]], [[-72.71556956220964, 41.81427847088098], [-72.71556956220964, 41.814298957280975]], [[-72.71557416820963, 41.81427847088098], [-72.71557416820963, 41.814298957280975]], [[-72.71556587740965, 41.81429639648098], [-72.71556679860963, 41.81429639648098]], [[-72.71556587740965, 41.814281031680984], [-72.71556679860963, 41.814281031680984]], [[-72.71556587740965, 41.814281031680984], [-72.71556679860963, 41.814281031680984]], [[-72.71556679860963, 41.81427847088098], [-72.71557232580963, 41.81427847088098]], [[-72.71555758660963, 41.81427847088098], [-72.71556587740965, 41.81427847088098]], [[-72.71556587740965, 41.81427847088098], [-72.71556587740965, 41.814298957280975]], [[-72.71556587740965, 41.814298957280975], [-72.71555758660963, 41.814298957280975]], [[-72.71555758660963, 41.814298957280975], [-72.71555758660963, 41.81427847088098]], [[-72.71556679860963, 41.814298957280975], [-72.71556679860963, 41.81427847088098]], [[-72.71557508940964, 41.814298957280975], [-72.71556679860963, 41.814298957280975]], [[-72.71556679860963, 41.81427847088098], [-72.71557508940964, 41.81427847088098]], [[-72.71556679860963, 41.81429554288098], [-72.71556679860963, 41.81429639648098]], [[-72.71556679860963, 41.81429639648098], [-72.71556587740965, 41.81429639648098]], [[-72.71556587740965, 41.81429639648098], [-72.71556587740965, 41.81429554288098]], [[-72.71556587740965, 41.81427847088098], [-72.71556679860963, 41.81427847088098]], [[-72.71556679860963, 41.814281031680984], [-72.71556587740965, 41.814281031680984]], [[-72.71556587740965, 41.814298957280975], [-72.71556679860963, 41.814298957280975]], [[-72.71556311380964, 41.81429639648098], [-72.71556956220964, 41.81429639648098]], [[-72.71556587740965, 41.81427847088098], [-72.71556035020964, 41.81427847088098]], [[-72.71556311380964, 41.81427847088098], [-72.71555850780963, 41.81427847088098]], [[-72.71556587740965, 41.81429554288098], [-72.71556679860963, 41.81429554288098]], [[-72.71556311380964, 41.814281031680984], [-72.71556956220964, 41.814281031680984]], [[-72.71557508940964, 41.81427847088098], [-72.71557508940964, 41.814298957280975]], [[-72.71556587740965, 41.81429554288098], [-72.71556679860963, 41.81429554288098]], [[-72.71555850780963, 41.81427847088098], [-72.71555850780963, 41.814298957280975]], [[-72.71557416820963, 41.81427847088098], [-72.71556956220964, 41.81427847088098]], [[-72.71556311380964, 41.814281031680984], [-72.71556956220964, 41.814281031680984]], [[-72.71556587740965, 41.814281031680984], [-72.71556679860963, 41.814281031680984]], [[-72.71556311380964, 41.814298957280975], [-72.71555850780963, 41.814298957280975]], [[-72.71457006020964, 41.81390630128098], [-72.71457006020964, 41.813901179680975], [-72.71456453300964, 41.813901179680975], [-72.71456453300964, 41.81390630128098], [-72.71457006020964, 41.81390630128098]], [[-72.71507303540963, 41.81373728848098], [-72.71502421180963, 41.81373728848098], [-72.71502421180963, 41.813730459680976], [-72.71507303540963, 41.813730459680976], [-72.71507303540963, 41.81373728848098]], [[-72.71535215900964, 41.813874718080974], [-72.71536781940964, 41.81386788928098]], [[-72.71536781940964, 41.81386788928098], [-72.71535492260963, 41.81383972048098]], [[-72.71535492260963, 41.81383972048098], [-72.71533926220962, 41.81384654928098]], [[-72.71533926220962, 41.81384654928098], [-72.71535215900964, 41.813874718080974]], [[-72.71536321340963, 41.81386106048098], [-72.71535031660963, 41.81386703568098]], [[-72.71535031660963, 41.81386703568098], [-72.71535031660963, 41.81386618208098]], [[-72.71535031660963, 41.81386618208098], [-72.71535584380965, 41.81386362128098]], [[-72.71535584380965, 41.81386362128098], [-72.71534755300964, 41.813844842080975]], [[-72.71534755300964, 41.813844842080975], [-72.71534847420963, 41.81384398848098]], [[-72.71534847420963, 41.81384398848098], [-72.71535676500963, 41.81386276768098]], [[-72.71535676500963, 41.81386276768098], [-72.71536321340963, 41.813860206880975]], [[-72.71536321340963, 41.813860206880975], [-72.71536321340963, 41.81386106048098]], [[-72.71536229220963, 41.81386106048098], [-72.71535400140964, 41.81384228128098]], [[-72.71535400140964, 41.81384228128098], [-72.71534847420963, 41.813844842080975]], [[-72.71534847420963, 41.813844842080975], [-72.71535676500963, 41.81386276768098]], [[-72.71535676500963, 41.81386276768098], [-72.71536229220963, 41.81386106048098]], [[-72.71535123780963, 41.81386532848098], [-72.71534294700965, 41.81384740288098]], [[-72.71534294700965, 41.81384740288098], [-72.71534755300964, 41.813844842080975]], [[-72.71534755300964, 41.813844842080975], [-72.71535584380965, 41.81386362128098]], [[-72.71535584380965, 41.81386362128098], [-72.71535123780963, 41.81386532848098]], [[-72.71434528740963, 41.814003611680974], [-72.71434528740963, 41.81399849008098], [-72.71434436620964, 41.81399849008098], [-72.71434436620964, 41.814003611680974], [-72.71434528740963, 41.814003611680974]], [[-72.71431488780964, 41.813968614080984], [-72.71431949380964, 41.813968614080984], [-72.71431949380964, 41.81397373568098], [-72.71431488780964, 41.81397373568098], [-72.71431488780964, 41.813968614080984]]]}}]}