{"type": "FeatureCollection", "name": "Lowes_aisle", "crs": {"type": "name", "properties": {"name": "urn:ogc:def:crs:EPSG::4326"}}, "features": [{"type": "Feature", "properties": {"fill": "#DCDEE2", "stroke-width": "0.5", "stroke": "#BBBBBB", "type": null, "name": null, "orientation": null}, "geometry": {"type": "MultiPolygon", "coordinates": [[[[-72.71429370020964, 41.813715094880976], [-72.71429554260963, 41.813715094880976], [-72.71429554260963, 41.81372704528098], [-72.71429370020964, 41.81372704528098], [-72.71429370020964, 41.813715094880976]]], [[[-72.71430199100963, 41.813715094880976], [-72.71430291220965, 41.813715094880976], [-72.71430291220965, 41.81372704528098], [-72.71430199100963, 41.81372704528098], [-72.71430199100963, 41.813715094880976]]], [[[-72.71430936060965, 41.813715094880976], [-72.71431028180963, 41.813715094880976], [-72.71431028180963, 41.81372704528098], [-72.71430936060965, 41.81372704528098], [-72.71430936060965, 41.813715094880976]]], [[[-72.71431673020963, 41.813715094880976], [-72.71431857260964, 41.813715094880976], [-72.71431857260964, 41.81372704528098], [-72.71431673020963, 41.81372704528098], [-72.71431673020963, 41.813715094880976]]], [[[-72.71432502100964, 41.813715094880976], [-72.71432594220964, 41.813715094880976], [-72.71432594220964, 41.81372704528098], [-72.71432502100964, 41.81372704528098], [-72.71432502100964, 41.813715094880976]]], [[[-72.71433239060964, 41.813715094880976], [-72.71433331180964, 41.813715094880976], [-72.71433331180964, 41.81372704528098], [-72.71433239060964, 41.81372704528098], [-72.71433239060964, 41.813715094880976]]], [[[-72.71433976020963, 41.813715094880976], [-72.71434160260964, 41.813715094880976], [-72.71434160260964, 41.81372704528098], [-72.71433976020963, 41.81372704528098], [-72.71433976020963, 41.813715094880976]]], [[[-72.71442174700962, 41.813715094880976], [-72.71442358940963, 41.813715094880976], [-72.71442358940963, 41.81372704528098], [-72.71442174700962, 41.81372704528098], [-72.71442174700962, 41.813715094880976]]], [[[-72.71443003780963, 41.813715094880976], [-72.71443095900963, 41.813715094880976], [-72.71443095900963, 41.81372704528098], [-72.71443003780963, 41.81372704528098], [-72.71443003780963, 41.813715094880976]]], [[[-72.71443740740963, 41.813715094880976], [-72.71443832860965, 41.813715094880976], [-72.71443832860965, 41.81372704528098], [-72.71443740740963, 41.81372704528098], [-72.71443740740963, 41.813715094880976]]], [[[-72.71444477700963, 41.813715094880976], [-72.71444661940963, 41.813715094880976], [-72.71444661940963, 41.81372704528098], [-72.71444477700963, 41.81372704528098], [-72.71444477700963, 41.813715094880976]]], [[[-72.71445306780963, 41.813715094880976], [-72.71445398900964, 41.813715094880976], [-72.71445398900964, 41.81372704528098], [-72.71445306780963, 41.81372704528098], [-72.71445306780963, 41.813715094880976]]], [[[-72.71446043740964, 41.813715094880976], [-72.71446135860964, 41.813715094880976], [-72.71446135860964, 41.81372704528098], [-72.71446043740964, 41.81372704528098], [-72.71446043740964, 41.813715094880976]]], [[[-72.71446780700964, 41.813715094880976], [-72.71446964940964, 41.813715094880976], [-72.71446964940964, 41.81372704528098], [-72.71446780700964, 41.81372704528098], [-72.71446780700964, 41.813715094880976]]], [[[-72.71447517660964, 41.813715094880976], [-72.71447701900964, 41.813715094880976], [-72.71447701900964, 41.81372704528098], [-72.71447517660964, 41.81372704528098], [-72.71447517660964, 41.813715094880976]]], [[[-72.71448346740964, 41.813715094880976], [-72.71448438860963, 41.813715094880976], [-72.71448438860963, 41.81372704528098], [-72.71448346740964, 41.81372704528098], [-72.71448346740964, 41.813715094880976]]], [[[-72.71448530980965, 41.813714241280984], [-72.71493209180963, 41.813714241280984], [-72.71493209180963, 41.81372448448098], [-72.71448530980965, 41.81372448448098], [-72.71448530980965, 41.813714241280984]]], [[[-72.71493209180963, 41.81371338768098], [-72.71497170340963, 41.81371338768098], [-72.71497170340963, 41.813730459680976], [-72.71493209180963, 41.813730459680976], [-72.71493209180963, 41.81371338768098]]], [[[-72.71498644260964, 41.81371338768098], [-72.71507303540963, 41.81371338768098], [-72.71507303540963, 41.813730459680976], [-72.71498644260964, 41.813730459680976], [-72.71498644260964, 41.81371338768098]]], [[[-72.71507395660964, 41.813714241280984], [-72.71547928460963, 41.813714241280984], [-72.71547928460963, 41.81372448448098], [-72.71507395660964, 41.81372448448098], [-72.71507395660964, 41.813714241280984]]], [[[-72.71533189260964, 41.81374582448098], [-72.71543967300963, 41.81374582448098], [-72.71543967300963, 41.81375436048098], [-72.71533189260964, 41.81375436048098], [-72.71533189260964, 41.81374582448098]]], [[[-72.71530057180964, 41.81386703568098], [-72.71530057180964, 41.81384996368098], [-72.71530886260965, 41.81384996368098], [-72.71530886260965, 41.81386703568098], [-72.71530057180964, 41.81386703568098]]], [[[-72.71531623220963, 41.81386703568098], [-72.71531623220963, 41.81384996368098], [-72.71530886260965, 41.81384996368098], [-72.71530886260965, 41.81386703568098], [-72.71531623220963, 41.81386703568098]]], [[[-72.71529965060964, 41.81386703568098], [-72.71530886260965, 41.81386703568098], [-72.71530886260965, 41.81390630128098], [-72.71529965060964, 41.81390630128098], [-72.71529965060964, 41.81386703568098]]], [[[-72.71530886260965, 41.81386703568098], [-72.71531807460964, 41.81386703568098], [-72.71531807460964, 41.81390630128098], [-72.71530886260965, 41.81390630128098], [-72.71530886260965, 41.81386703568098]]], [[[-72.71529965060964, 41.81391910528098], [-72.71531715340963, 41.81391910528098], [-72.71531715340963, 41.81391569088098], [-72.71529965060964, 41.81391569088098], [-72.71529965060964, 41.81391910528098]]], [[[-72.71531623220963, 41.814128237280975], [-72.71531623220963, 41.81411287248098], [-72.71530609900964, 41.81411287248098], [-72.71530609900964, 41.814128237280975], [-72.71531623220963, 41.814128237280975]]], [[[-72.71531715340963, 41.81411970128098], [-72.71545164860963, 41.81411970128098], [-72.71545164860963, 41.814129090880975], [-72.71531715340963, 41.814129090880975], [-72.71531715340963, 41.81411970128098]]], [[[-72.71530609900964, 41.81412994448098], [-72.71531623220963, 41.81412994448098], [-72.71531623220963, 41.814129090880975], [-72.71530609900964, 41.814129090880975], [-72.71530609900964, 41.81412994448098]]], [[[-72.71531715340963, 41.81414872368098], [-72.71545164860963, 41.81414872368098], [-72.71545164860963, 41.81415896688098], [-72.71531715340963, 41.81415896688098], [-72.71531715340963, 41.81414872368098]]], [[[-72.71452768500963, 41.81433139408098], [-72.71457098140964, 41.81433139408098], [-72.71457098140964, 41.81433651568098], [-72.71452768500963, 41.81433651568098], [-72.71452768500963, 41.81433139408098]]], [[[-72.71452768500963, 41.81434846608098], [-72.71457098140964, 41.81434846608098], [-72.71457098140964, 41.814353587680976], [-72.71452768500963, 41.814353587680976], [-72.71452768500963, 41.81434846608098]]], [[[-72.71554468980963, 41.81401983008098], [-72.71555574420964, 41.81401983008098], [-72.71555574420964, 41.814131651680974], [-72.71554468980963, 41.814131651680974], [-72.71554468980963, 41.81401983008098]]], [[[-72.71559074980964, 41.81401983008098], [-72.71560180420963, 41.81401983008098], [-72.71560180420963, 41.814131651680974], [-72.71559074980964, 41.814131651680974], [-72.71559074980964, 41.81401983008098]]], [[[-72.71561377980963, 41.81413250528098], [-72.71559074980964, 41.81413250528098], [-72.71559074980964, 41.814143602080975], [-72.71561377980963, 41.814143602080975], [-72.71561377980963, 41.81413250528098]]], [[[-72.71447701900964, 41.81403604848098], [-72.71448807340964, 41.81403604848098], [-72.71448807340964, 41.81427932448098], [-72.71447701900964, 41.81427932448098], [-72.71447701900964, 41.81403604848098]]], [[[-72.71451110340963, 41.814042877280976], [-72.71452123660963, 41.814042877280976], [-72.71452123660963, 41.81427932448098], [-72.71451110340963, 41.81427932448098], [-72.71451110340963, 41.814042877280976]]], [[[-72.71448807340964, 41.814281031680984], [-72.71446504340963, 41.814281031680984], [-72.71446504340963, 41.814287006880974], [-72.71448807340964, 41.814287006880974], [-72.71448807340964, 41.814281031680984]]], [[[-72.71440608660963, 41.813790211680974], [-72.71440608660963, 41.81376801808098], [-72.71441714100963, 41.81376801808098], [-72.71441714100963, 41.813790211680974], [-72.71440608660963, 41.813790211680974]]], [[[-72.71471192500964, 41.813972028480975], [-72.71472297940964, 41.813972028480975], [-72.71472297940964, 41.81397800368098], [-72.71471192500964, 41.81397800368098], [-72.71471192500964, 41.813972028480975]]], [[[-72.71473863980964, 41.813972028480975], [-72.71474969420963, 41.813972028480975], [-72.71474969420963, 41.81397800368098], [-72.71473863980964, 41.81397800368098], [-72.71473863980964, 41.813972028480975]]], [[[-72.71476535460964, 41.813972028480975], [-72.71477640900964, 41.813972028480975], [-72.71477640900964, 41.81397800368098], [-72.71476535460964, 41.81397800368098], [-72.71476535460964, 41.813972028480975]]], [[[-72.71479206940964, 41.813972028480975], [-72.71480312380963, 41.813972028480975], [-72.71480312380963, 41.81397800368098], [-72.71479206940964, 41.81397800368098], [-72.71479206940964, 41.813972028480975]]], [[[-72.71481786300964, 41.813972028480975], [-72.71482891740963, 41.813972028480975], [-72.71482891740963, 41.81397800368098], [-72.71481786300964, 41.81397800368098], [-72.71481786300964, 41.813972028480975]]], [[[-72.71471192500964, 41.81397800368098], [-72.71472297940964, 41.81397800368098], [-72.71472297940964, 41.813999343680976], [-72.71471192500964, 41.813999343680976], [-72.71471192500964, 41.81397800368098]]], [[[-72.71473863980964, 41.81397800368098], [-72.71474969420963, 41.81397800368098], [-72.71474969420963, 41.813999343680976], [-72.71473863980964, 41.813999343680976], [-72.71473863980964, 41.81397800368098]]], [[[-72.71476443340964, 41.81397800368098], [-72.71477640900964, 41.81397800368098], [-72.71477640900964, 41.813999343680976], [-72.71476443340964, 41.813999343680976], [-72.71476443340964, 41.81397800368098]]], [[[-72.71479114820963, 41.81397800368098], [-72.71480312380963, 41.81397800368098], [-72.71480312380963, 41.813999343680976], [-72.71479114820963, 41.813999343680976], [-72.71479114820963, 41.81397800368098]]], [[[-72.71481786300964, 41.81397800368098], [-72.71482983860965, 41.81397800368098], [-72.71482983860965, 41.813999343680976], [-72.71481786300964, 41.813999343680976], [-72.71481786300964, 41.81397800368098]]], [[[-72.71431396660964, 41.814272495680974], [-72.71431396660964, 41.81426737408098], [-72.71431949380964, 41.81426737408098], [-72.71431949380964, 41.814272495680974], [-72.71431396660964, 41.814272495680974]]], [[[-72.71471192500964, 41.813999343680976], [-72.71472297940964, 41.813999343680976], [-72.71472297940964, 41.81400446528098], [-72.71471192500964, 41.81400446528098], [-72.71471192500964, 41.813999343680976]]], [[[-72.71473863980964, 41.813999343680976], [-72.71474969420963, 41.813999343680976], [-72.71474969420963, 41.81400446528098], [-72.71473863980964, 41.81400446528098], [-72.71473863980964, 41.813999343680976]]], [[[-72.71476535460964, 41.813999343680976], [-72.71477640900964, 41.813999343680976], [-72.71477640900964, 41.81400446528098], [-72.71476535460964, 41.81400446528098], [-72.71476535460964, 41.813999343680976]]], [[[-72.71479206940964, 41.813999343680976], [-72.71480312380963, 41.813999343680976], [-72.71480312380963, 41.81400446528098], [-72.71479206940964, 41.81400446528098], [-72.71479206940964, 41.813999343680976]]], [[[-72.71481786300964, 41.813999343680976], [-72.71482891740963, 41.813999343680976], [-72.71482891740963, 41.81400446528098], [-72.71481786300964, 41.81400446528098], [-72.71481786300964, 41.813999343680976]]], [[[-72.71429370020964, 41.81435614848098], [-72.71432686340964, 41.81435614848098], [-72.71432686340964, 41.81436127008098], [-72.71429370020964, 41.81436127008098], [-72.71429370020964, 41.81435614848098]]], [[[-72.71438397780963, 41.81432200448098], [-72.71437937180964, 41.81432200448098], [-72.71437937180964, 41.81432115088098], [-72.71438397780963, 41.81432115088098], [-72.71438397780963, 41.81432200448098]]], [[[-72.71437937180964, 41.81432200448098], [-72.71438397780963, 41.81432200448098], [-72.71438397780963, 41.814326272480976], [-72.71437937180964, 41.814326272480976], [-72.71437937180964, 41.81432200448098]]], [[[-72.71439503220964, 41.81432115088098], [-72.71439963820963, 41.81432115088098], [-72.71439963820963, 41.814326272480976], [-72.71439503220964, 41.814326272480976], [-72.71439503220964, 41.81432115088098]]], [[[-72.71439411100964, 41.81432115088098], [-72.71439411100964, 41.81433139408098], [-72.71438489900964, 41.81433139408098], [-72.71438489900964, 41.81432115088098], [-72.71439411100964, 41.81432115088098]]], [[[-72.71438397780963, 41.81433651568098], [-72.71437937180964, 41.81433651568098], [-72.71437937180964, 41.814326272480976], [-72.71438397780963, 41.814326272480976], [-72.71438397780963, 41.81433651568098]]], [[[-72.71438397780963, 41.81434078368098], [-72.71437937180964, 41.81434078368098], [-72.71437937180964, 41.81433651568098], [-72.71438397780963, 41.81433651568098], [-72.71438397780963, 41.81434078368098]]], [[[-72.71439963820963, 41.81433310128097], [-72.71439503220964, 41.81433310128097], [-72.71439503220964, 41.814327979680975], [-72.71439963820963, 41.814327979680975], [-72.71439963820963, 41.81433310128097]]], [[[-72.71439963820963, 41.814339930080976], [-72.71439503220964, 41.814339930080976], [-72.71439503220964, 41.81433480848098], [-72.71439963820963, 41.81433480848098], [-72.71439963820963, 41.814339930080976]]], [[[-72.71496617620963, 41.813946420480974], [-72.71497723060963, 41.813946420480974], [-72.71497723060963, 41.81395068848098], [-72.71496617620963, 41.81395068848098], [-72.71496617620963, 41.813946420480974]]], [[[-72.71530149300963, 41.813946420480974], [-72.71531438980963, 41.813946420480974], [-72.71531438980963, 41.81395154208098], [-72.71530149300963, 41.81395154208098], [-72.71530149300963, 41.813946420480974]]], [[[-72.71496525500963, 41.81395068848098], [-72.71497815180963, 41.81395068848098], [-72.71497815180963, 41.81396349248097], [-72.71496525500963, 41.81396349248097], [-72.71496525500963, 41.81395068848098]]], [[[-72.71502052700964, 41.81395068848098], [-72.71503342380964, 41.81395068848098], [-72.71503342380964, 41.81396349248097], [-72.71502052700964, 41.81396349248097], [-72.71502052700964, 41.81395068848098]]], [[[-72.71496525500963, 41.81396349248097], [-72.71497815180963, 41.81396349248097], [-72.71497815180963, 41.813975442880974], [-72.71496525500963, 41.813975442880974], [-72.71496525500963, 41.81396349248097]]], [[[-72.71502052700964, 41.81396349248097], [-72.71503342380964, 41.81396349248097], [-72.71503342380964, 41.813975442880974], [-72.71502052700964, 41.813975442880974], [-72.71502052700964, 41.81396349248097]]], [[[-72.71496525500963, 41.813975442880974], [-72.71497815180963, 41.813975442880974], [-72.71497815180963, 41.81398824688098], [-72.71496525500963, 41.81398824688098], [-72.71496525500963, 41.813975442880974]]], [[[-72.71502052700964, 41.813975442880974], [-72.71503342380964, 41.813975442880974], [-72.71503342380964, 41.81398824688098], [-72.71502052700964, 41.81398824688098], [-72.71502052700964, 41.813975442880974]]], [[[-72.71502144820964, 41.813946420480974], [-72.71503250260963, 41.813946420480974], [-72.71503250260963, 41.81395068848098], [-72.71502144820964, 41.81395068848098], [-72.71502144820964, 41.813946420480974]]], [[[-72.71496525500963, 41.81398824688098], [-72.71497815180963, 41.81398824688098], [-72.71497815180963, 41.81400019728098], [-72.71496525500963, 41.81400019728098], [-72.71496525500963, 41.81398824688098]]], [[[-72.71502052700964, 41.81398824688098], [-72.71503342380964, 41.81398824688098], [-72.71503342380964, 41.81400019728098], [-72.71502052700964, 41.81400019728098], [-72.71502052700964, 41.81398824688098]]], [[[-72.71496617620963, 41.81400446528098], [-72.71497723060963, 41.81400446528098], [-72.71497723060963, 41.81400019728098], [-72.71496617620963, 41.81400019728098], [-72.71496617620963, 41.81400446528098]]], [[[-72.71505369020963, 41.81394215248098], [-72.71507672020964, 41.81394215248098], [-72.71507672020964, 41.81395068848098], [-72.71505369020963, 41.81395068848098], [-72.71505369020963, 41.81394215248098]]], [[[-72.71521674260963, 41.81383972048098], [-72.71523424540963, 41.81383972048098], [-72.71523424540963, 41.813830330880975], [-72.71521674260963, 41.813830330880975], [-72.71521674260963, 41.81383972048098]]], [[[-72.71505369020963, 41.81395239568098], [-72.71507672020964, 41.81395239568098], [-72.71507672020964, 41.813960931680974], [-72.71505369020963, 41.813960931680974], [-72.71505369020963, 41.81395239568098]]], [[[-72.71505369020963, 41.81396263888098], [-72.71507672020964, 41.81396263888098], [-72.71507672020964, 41.81397117488098], [-72.71505369020963, 41.81397117488098], [-72.71505369020963, 41.81396263888098]]], [[[-72.71524345740964, 41.813830330880975], [-72.71526188140965, 41.813830330880975], [-72.71526188140965, 41.81383801328098], [-72.71524345740964, 41.81383801328098], [-72.71524345740964, 41.813830330880975]]], [[[-72.71527201460964, 41.813830330880975], [-72.71528767500963, 41.813830330880975], [-72.71528767500963, 41.81383801328098], [-72.71527201460964, 41.81383801328098], [-72.71527201460964, 41.813830330880975]]], [[[-72.71505369020963, 41.813972882080975], [-72.71507672020964, 41.813972882080975], [-72.71507672020964, 41.81398227168098], [-72.71505369020963, 41.81398227168098], [-72.71505369020963, 41.813972882080975]]], [[[-72.71502144820964, 41.81400446528098], [-72.71503250260963, 41.81400446528098], [-72.71503250260963, 41.81400019728098], [-72.71502144820964, 41.81400019728098], [-72.71502144820964, 41.81400446528098]]], [[[-72.71505369020963, 41.813983125280984], [-72.71507672020964, 41.813983125280984], [-72.71507672020964, 41.81399251488098], [-72.71505369020963, 41.81399251488098], [-72.71505369020963, 41.813983125280984]]], [[[-72.71524622100964, 41.81384911008098], [-72.71525819660964, 41.81384911008098], [-72.71525819660964, 41.813855938880984], [-72.71524622100964, 41.813855938880984], [-72.71524622100964, 41.81384911008098]]], [[[-72.71521766380964, 41.813872157280976], [-72.71523056060964, 41.813872157280976], [-72.71523056060964, 41.81387898608098], [-72.71521766380964, 41.81387898608098], [-72.71521766380964, 41.813872157280976]]], [[[-72.71524622100964, 41.813855938880984], [-72.71525819660964, 41.813855938880984], [-72.71525819660964, 41.81386276768098], [-72.71524622100964, 41.81386276768098], [-72.71524622100964, 41.813855938880984]]], [[[-72.71535123780963, 41.81380984448098], [-72.71535584380965, 41.81380728368097], [-72.71534663180964, 41.81378935808098], [-72.71534202580963, 41.81379191888098], [-72.71535123780963, 41.81380984448098]]], [[[-72.71521766380964, 41.81387898608098], [-72.71523056060964, 41.81387898608098], [-72.71523056060964, 41.813885814880976], [-72.71521766380964, 41.813885814880976], [-72.71521766380964, 41.81387898608098]]], [[[-72.71506013860963, 41.81400446528098], [-72.71506013860963, 41.81399422208098], [-72.71506935060964, 41.81399422208098], [-72.71506935060964, 41.81400446528098], [-72.71506013860963, 41.81400446528098]]], [[[-72.71535676500963, 41.81380728368097], [-72.71536229220963, 41.813804722880974], [-72.71535308020964, 41.81378679728098], [-72.71534755300964, 41.81378935808098], [-72.71535676500963, 41.81380728368097]]], [[[-72.71524622100964, 41.81386276768098], [-72.71525819660964, 41.81386276768098], [-72.71525819660964, 41.81386959648098], [-72.71524622100964, 41.81386959648098], [-72.71524622100964, 41.81386276768098]]], [[[-72.71521766380964, 41.813885814880976], [-72.71523056060964, 41.813885814880976], [-72.71523056060964, 41.81389264368098], [-72.71521766380964, 41.81389264368098], [-72.71521766380964, 41.813885814880976]]], [[[-72.71524622100964, 41.81386959648098], [-72.71525819660964, 41.81386959648098], [-72.71525819660964, 41.813876425280974], [-72.71524622100964, 41.813876425280974], [-72.71524622100964, 41.81386959648098]]], [[[-72.71521766380964, 41.81389264368098], [-72.71523056060964, 41.81389264368098], [-72.71523056060964, 41.81389947248098], [-72.71521766380964, 41.81389947248098], [-72.71521766380964, 41.81389264368098]]], [[[-72.71510711980963, 41.81398227168098], [-72.71509606540964, 41.81398227168098], [-72.71509606540964, 41.81399166128098], [-72.71510711980963, 41.81399166128098], [-72.71510711980963, 41.81398227168098]]], [[[-72.71524622100964, 41.813876425280974], [-72.71525819660964, 41.813876425280974], [-72.71525819660964, 41.81388325408098], [-72.71524622100964, 41.81388325408098], [-72.71524622100964, 41.813876425280974]]], [[[-72.71521766380964, 41.81389947248098], [-72.71523056060964, 41.81389947248098], [-72.71523056060964, 41.81390630128098], [-72.71521766380964, 41.81390630128098], [-72.71521766380964, 41.81389947248098]]], [[[-72.71535308020964, 41.813815819680975], [-72.71536505580964, 41.81380984448098], [-72.71536321340963, 41.813804722880974], [-72.71535031660963, 41.81381069808098], [-72.71535308020964, 41.813815819680975]]], [[[-72.71524622100964, 41.81388325408098], [-72.71525819660964, 41.81388325408098], [-72.71525819660964, 41.81389008288098], [-72.71524622100964, 41.81389008288098], [-72.71524622100964, 41.81388325408098]]], [[[-72.71521766380964, 41.81390630128098], [-72.71523056060964, 41.81390630128098], [-72.71523056060964, 41.81391313008098], [-72.71521766380964, 41.81391313008098], [-72.71521766380964, 41.81390630128098]]], [[[-72.71510343500964, 41.814003611680974], [-72.71510343500964, 41.81399336848098], [-72.71511264700963, 41.81399336848098], [-72.71511264700963, 41.814003611680974], [-72.71510343500964, 41.814003611680974]]], [[[-72.71524622100964, 41.81389008288098], [-72.71525819660964, 41.81389008288098], [-72.71525819660964, 41.81389691168098], [-72.71524622100964, 41.81389691168098], [-72.71524622100964, 41.81389008288098]]], [[[-72.71524622100964, 41.81389691168098], [-72.71525819660964, 41.81389691168098], [-72.71525819660964, 41.81390374048098], [-72.71524622100964, 41.81390374048098], [-72.71524622100964, 41.81389691168098]]], [[[-72.71535123780963, 41.81386532848098], [-72.71535584380965, 41.81386362128098], [-72.71534755300964, 41.813844842080975], [-72.71534294700965, 41.81384740288098], [-72.71535123780963, 41.81386532848098]]], [[[-72.71535676500963, 41.81386276768098], [-72.71536229220963, 41.81386106048098], [-72.71535400140964, 41.81384228128098], [-72.71534847420963, 41.813844842080975], [-72.71535676500963, 41.81386276768098]]], [[[-72.71556771980963, 41.813714241280984], [-72.71553916260963, 41.813714241280984], [-72.71553916260963, 41.81372448448098], [-72.71556771980963, 41.81372448448098], [-72.71556771980963, 41.813714241280984]]], [[[-72.71529965060964, 41.81390630128098], [-72.71531807460964, 41.81390630128098], [-72.71531807460964, 41.81391569088098], [-72.71529965060964, 41.81391569088098], [-72.71529965060964, 41.81390630128098]]], [[[-72.71548941780964, 41.81377996848098], [-72.71548941780964, 41.81380045488098], [-72.71549494500964, 41.81380045488098], [-72.71549494500964, 41.81377996848098], [-72.71548941780964, 41.81377996848098]]], [[[-72.71538255860963, 41.81390374048098], [-72.71538255860963, 41.81389861888098], [-72.71534663180964, 41.81389861888098], [-72.71534663180964, 41.81390374048098], [-72.71538255860963, 41.81390374048098]]], [[[-72.71548941780964, 41.813801308480976], [-72.71548941780964, 41.81382777008098], [-72.71549494500964, 41.81382777008098], [-72.71549494500964, 41.813801308480976], [-72.71548941780964, 41.813801308480976]]], [[[-72.71530149300963, 41.81394044528098], [-72.71531438980963, 41.81394044528098], [-72.71531438980963, 41.813946420480974], [-72.71530149300963, 41.813946420480974], [-72.71530149300963, 41.81394044528098]]], [[[-72.71530149300963, 41.81395154208098], [-72.71531438980963, 41.81395154208098], [-72.71531438980963, 41.81395666368098], [-72.71530149300963, 41.81395666368098], [-72.71530149300963, 41.81395154208098]]], [[[-72.71536689820964, 41.81392678768098], [-72.71536689820964, 41.81391825168098], [-72.71534847420963, 41.81391825168098], [-72.71534847420963, 41.81392678768098], [-72.71536689820964, 41.81392678768098]]], [[[-72.71530149300963, 41.81395666368098], [-72.71531438980963, 41.81395666368098], [-72.71531438980963, 41.81396263888098], [-72.71530149300963, 41.81396263888098], [-72.71530149300963, 41.81395666368098]]], [[[-72.71530149300963, 41.81396263888098], [-72.71531438980963, 41.81396263888098], [-72.71531438980963, 41.81396776048098], [-72.71530149300963, 41.81396776048098], [-72.71530149300963, 41.81396263888098]]], [[[-72.71538900700963, 41.813929348480976], [-72.71538900700963, 41.81390459408098], [-72.71538347980965, 41.81390459408098], [-72.71538347980965, 41.813929348480976], [-72.71538900700963, 41.813929348480976]]], [[[-72.71530149300963, 41.81396776048098], [-72.71531438980963, 41.81396776048098], [-72.71531438980963, 41.813972882080975], [-72.71530149300963, 41.813972882080975], [-72.71530149300963, 41.81396776048098]]], [[[-72.71493393420964, 41.81424688768097], [-72.71494130380964, 41.81424688768097], [-72.71494130380964, 41.81423493728098], [-72.71493393420964, 41.81423493728098], [-72.71493393420964, 41.81424688768097]]], [[[-72.71548573300963, 41.81386362128098], [-72.71548573300963, 41.81384057408098], [-72.71550139340964, 41.81384057408098], [-72.71550139340964, 41.81386362128098], [-72.71548573300963, 41.81386362128098]]], [[[-72.71530149300963, 41.813972882080975], [-72.71531438980963, 41.813972882080975], [-72.71531438980963, 41.81397885728098], [-72.71530149300963, 41.81397885728098], [-72.71530149300963, 41.813972882080975]]], [[[-72.71530149300963, 41.81397885728098], [-72.71531438980963, 41.81397885728098], [-72.71531438980963, 41.81398397888098], [-72.71530149300963, 41.81398397888098], [-72.71530149300963, 41.81397885728098]]], [[[-72.71497907300963, 41.81422042608097], [-72.71498367900963, 41.81422042608097], [-72.71498367900963, 41.81421445088098], [-72.71497907300963, 41.81421445088098], [-72.71497907300963, 41.81422042608097]]], [[[-72.71530149300963, 41.81398397888098], [-72.71531438980963, 41.81398397888098], [-72.71531438980963, 41.813989954080974], [-72.71530149300963, 41.813989954080974], [-72.71530149300963, 41.81398397888098]]], [[[-72.71530149300963, 41.813989954080974], [-72.71531438980963, 41.813989954080974], [-72.71531438980963, 41.81399507568098], [-72.71530149300963, 41.81399507568098], [-72.71530149300963, 41.813989954080974]]], [[[-72.71537979500962, 41.81396519968098], [-72.71537979500962, 41.81395922448098], [-72.71534386820964, 41.81395922448098], [-72.71534386820964, 41.81396519968098], [-72.71537979500962, 41.81396519968098]]], [[[-72.71548573300963, 41.81388325408098], [-72.71548573300963, 41.81386703568098], [-72.71549586620964, 41.81386703568098], [-72.71549586620964, 41.81388325408098], [-72.71548573300963, 41.81388325408098]]], [[[-72.71495420060963, 41.814256277280975], [-72.71495972780963, 41.814256277280975], [-72.71495972780963, 41.81425371648098], [-72.71495420060963, 41.81425371648098], [-72.71495420060963, 41.814256277280975]]], [[[-72.71536505580964, 41.813987393280975], [-72.71536505580964, 41.81397885728098], [-72.71534663180964, 41.81397885728098], [-72.71534663180964, 41.813987393280975], [-72.71536505580964, 41.813987393280975]]], [[[-72.71548573300963, 41.81391056928098], [-72.71548573300963, 41.81388325408098], [-72.71549586620964, 41.81388325408098], [-72.71549586620964, 41.81391056928098], [-72.71548573300963, 41.81391056928098]]], [[[-72.71489708620963, 41.81431517568098], [-72.71490721940962, 41.81431517568098], [-72.71490721940962, 41.81431944368098], [-72.71489708620963, 41.81431944368098], [-72.71489708620963, 41.81431517568098]]], [[[-72.71497907300963, 41.81431517568098], [-72.71498920620964, 41.81431517568098], [-72.71498920620964, 41.81431944368098], [-72.71497907300963, 41.81431944368098], [-72.71497907300963, 41.81431517568098]]], [[[-72.71538716460964, 41.81399080768098], [-72.71538716460964, 41.81396605328098], [-72.71538071620964, 41.81396605328098], [-72.71538071620964, 41.81399080768098], [-72.71538716460964, 41.81399080768098]]], [[[-72.71490537700964, 41.81432029728098], [-72.71490814060964, 41.81432029728098], [-72.71490814060964, 41.814325418880976], [-72.71490537700964, 41.814325418880976], [-72.71490537700964, 41.81432029728098]]], [[[-72.71498091540964, 41.81432029728098], [-72.71498367900963, 41.81432029728098], [-72.71498367900963, 41.814325418880976], [-72.71498091540964, 41.814325418880976], [-72.71498091540964, 41.81432029728098]]], [[[-72.71538992820965, 41.81431859008098], [-72.71541111580963, 41.81431859008098], [-72.71541111580963, 41.81432712608098], [-72.71538992820965, 41.81432712608098], [-72.71538992820965, 41.81431859008098]]], [[[-72.71561193740963, 41.81384825648097], [-72.71561193740963, 41.81382179488097], [-72.71559811940963, 41.81382179488097], [-72.71559811940963, 41.81384825648097], [-72.71561193740963, 41.81384825648097]]], [[[-72.71490537700964, 41.814325418880976], [-72.71490814060964, 41.814325418880976], [-72.71490814060964, 41.814330540480974], [-72.71490537700964, 41.814330540480974], [-72.71490537700964, 41.814325418880976]]], [[[-72.71498091540964, 41.814325418880976], [-72.71498367900963, 41.814325418880976], [-72.71498367900963, 41.814330540480974], [-72.71498091540964, 41.814330540480974], [-72.71498091540964, 41.814325418880976]]], [[[-72.71548573300963, 41.81393788448098], [-72.71548573300963, 41.81391142288098], [-72.71549586620964, 41.81391142288098], [-72.71549586620964, 41.81393788448098], [-72.71548573300963, 41.81393788448098]]], [[[-72.71492656460964, 41.81431517568098], [-72.71493301300964, 41.81431517568098], [-72.71493301300964, 41.81432029728098], [-72.71492656460964, 41.81432029728098], [-72.71492656460964, 41.81431517568098]]], [[[-72.71495696420963, 41.81431517568098], [-72.71496249140964, 41.81431517568098], [-72.71496249140964, 41.81432029728098], [-72.71495696420963, 41.81432029728098], [-72.71495696420963, 41.81431517568098]]], [[[-72.71492564340963, 41.81432115088098], [-72.71492932820965, 41.81432115088098], [-72.71492932820965, 41.814326272480976], [-72.71492564340963, 41.814326272480976], [-72.71492564340963, 41.81432115088098]]], [[[-72.71496064900964, 41.81432115088098], [-72.71496341260963, 41.81432115088098], [-72.71496341260963, 41.814326272480976], [-72.71496064900964, 41.814326272480976], [-72.71496064900964, 41.81432115088098]]], [[[-72.71489063780963, 41.81436212368097], [-72.71489616500963, 41.81436212368097], [-72.71489616500963, 41.81435102688098], [-72.71489063780963, 41.81435102688098], [-72.71489063780963, 41.81436212368097]]], [[[-72.71561377980963, 41.81383289168098], [-72.71589843060964, 41.81383289168098], [-72.71589843060964, 41.81384911008098], [-72.71561377980963, 41.81384911008098], [-72.71561377980963, 41.81383289168098]]], [[[-72.71492932820965, 41.81434163728098], [-72.71492932820965, 41.81433651568098], [-72.71492564340963, 41.81433651568098], [-72.71492564340963, 41.81434163728098], [-72.71492932820965, 41.81434163728098]]], [[[-72.71489063780963, 41.81437236688098], [-72.71489616500963, 41.81437236688098], [-72.71489616500963, 41.81436212368097], [-72.71489063780963, 41.81436212368097], [-72.71489063780963, 41.81437236688098]]], [[[-72.71548573300963, 41.81396519968098], [-72.71548573300963, 41.81393873808098], [-72.71549586620964, 41.81393873808098], [-72.71549586620964, 41.81396519968098], [-72.71548573300963, 41.81396519968098]]], [[[-72.71496064900964, 41.81434163728098], [-72.71496064900964, 41.81433651568098], [-72.71496341260963, 41.81433651568098], [-72.71496341260963, 41.81434163728098], [-72.71496064900964, 41.81434163728098]]], [[[-72.71549678740963, 41.81395154208098], [-72.71559811940963, 41.81395154208098], [-72.71559811940963, 41.81396690688098], [-72.71549678740963, 41.81396690688098], [-72.71549678740963, 41.81395154208098]]], [[[-72.71498091540964, 41.81433566208098], [-72.71498091540964, 41.814330540480974], [-72.71498367900963, 41.814330540480974], [-72.71498367900963, 41.81433566208098], [-72.71498091540964, 41.81433566208098]]], [[[-72.71500302420964, 41.81431859008098], [-72.71511448940964, 41.81431859008098], [-72.71511448940964, 41.814325418880976], [-72.71500302420964, 41.814325418880976], [-72.71500302420964, 41.81431859008098]]], [[[-72.71498091540964, 41.81434078368098], [-72.71498091540964, 41.81433566208098], [-72.71498367900963, 41.81433566208098], [-72.71498367900963, 41.81434078368098], [-72.71498091540964, 41.81434078368098]]], [[[-72.71556495620963, 41.81393276288098], [-72.71559811940963, 41.81393276288098], [-72.71559811940963, 41.813917398080974], [-72.71556495620963, 41.813917398080974], [-72.71556495620963, 41.81393276288098]]], [[[-72.71500302420964, 41.814326272480976], [-72.71511448940964, 41.814326272480976], [-72.71511448940964, 41.81433224768098], [-72.71500302420964, 41.81433224768098], [-72.71500302420964, 41.814326272480976]]], [[[-72.71500210300964, 41.814339930080976], [-72.71500210300964, 41.81433480848098], [-72.71500763020964, 41.81433480848098], [-72.71500763020964, 41.814339930080976], [-72.71500210300964, 41.814339930080976]]], [[[-72.71556495620963, 41.81394983488098], [-72.71559811940963, 41.81394983488098], [-72.71559811940963, 41.81393447008097], [-72.71556495620963, 41.81393447008097], [-72.71556495620963, 41.81394983488098]]], [[[-72.71500302420964, 41.814354441280976], [-72.71511448940964, 41.814354441280976], [-72.71511448940964, 41.81436041648098], [-72.71500302420964, 41.81436041648098], [-72.71500302420964, 41.814354441280976]]], [[[-72.71564141580964, 41.81391056928098], [-72.71567457900963, 41.81391056928098], [-72.71567457900963, 41.81389520448098], [-72.71564141580964, 41.81389520448098], [-72.71564141580964, 41.81391056928098]]], [[[-72.71569300300963, 41.813870450080984], [-72.71582841940965, 41.813870450080984], [-72.71582841940965, 41.81388325408098], [-72.71569300300963, 41.81388325408098], [-72.71569300300963, 41.813870450080984]]], [[[-72.71564141580964, 41.81391227648098], [-72.71567457900963, 41.81391227648098], [-72.71567457900963, 41.81393873808098], [-72.71564141580964, 41.81393873808098], [-72.71564141580964, 41.81391227648098]]], [[[-72.71569208180964, 41.81391227648098], [-72.71572616620963, 41.81391227648098], [-72.71572616620963, 41.81393873808098], [-72.71569208180964, 41.81393873808098], [-72.71569208180964, 41.81391227648098]]], [[[-72.71574366900964, 41.81391227648098], [-72.71577775340963, 41.81391227648098], [-72.71577775340963, 41.81393873808098], [-72.71574366900964, 41.81393873808098], [-72.71574366900964, 41.81391227648098]]], [[[-72.71579525620963, 41.81391227648098], [-72.71582934060964, 41.81391227648098], [-72.71582934060964, 41.81393873808098], [-72.71579525620963, 41.81393873808098], [-72.71579525620963, 41.81391227648098]]], [[[-72.71569208180964, 41.81388496128098], [-72.71572616620963, 41.81388496128098], [-72.71572616620963, 41.81391142288098], [-72.71569208180964, 41.81391142288098], [-72.71569208180964, 41.81388496128098]]], [[[-72.71574366900964, 41.81388496128098], [-72.71577775340963, 41.81388496128098], [-72.71577775340963, 41.81391142288098], [-72.71574366900964, 41.81391142288098], [-72.71574366900964, 41.81388496128098]]], [[[-72.71579525620963, 41.81388496128098], [-72.71582934060964, 41.81388496128098], [-72.71582934060964, 41.81391142288098], [-72.71579525620963, 41.81391142288098], [-72.71579525620963, 41.81388496128098]]], [[[-72.71564141580964, 41.81393959168098], [-72.71567457900963, 41.81393959168098], [-72.71567457900963, 41.81396605328098], [-72.71564141580964, 41.81396605328098], [-72.71564141580964, 41.81393959168098]]], [[[-72.71569208180964, 41.81393959168098], [-72.71572616620963, 41.81393959168098], [-72.71572616620963, 41.81396605328098], [-72.71569208180964, 41.81396605328098], [-72.71569208180964, 41.81393959168098]]], [[[-72.71574366900964, 41.81393959168098], [-72.71577775340963, 41.81393959168098], [-72.71577775340963, 41.81396605328098], [-72.71574366900964, 41.81396605328098], [-72.71574366900964, 41.81393959168098]]], [[[-72.71579525620963, 41.81393959168098], [-72.71582934060964, 41.81393959168098], [-72.71582934060964, 41.81396605328098], [-72.71579525620963, 41.81396605328098], [-72.71579525620963, 41.81393959168098]]], [[[-72.71511448940964, 41.81435273408098], [-72.71511448940964, 41.81433651568098], [-72.71510896220964, 41.81433651568098], [-72.71510896220964, 41.81435273408098], [-72.71511448940964, 41.81435273408098]]], [[[-72.71586342500964, 41.81388752208098], [-72.71586342500964, 41.81386703568098], [-72.71584684340964, 41.81386703568098], [-72.71584684340964, 41.81388752208098], [-72.71586342500964, 41.81388752208098]]], [[[-72.71586434620964, 41.813874718080974], [-72.71588645500964, 41.813874718080974], [-72.71588645500964, 41.81386532848098], [-72.71586434620964, 41.81386532848098], [-72.71586434620964, 41.813874718080974]]], [[[-72.71586342500964, 41.813914837280976], [-72.71586342500964, 41.813888375680975], [-72.71584684340964, 41.813888375680975], [-72.71584684340964, 41.813914837280976], [-72.71586342500964, 41.813914837280976]]], [[[-72.71586342500964, 41.81394215248098], [-72.71586342500964, 41.81391569088098], [-72.71584684340964, 41.81391569088098], [-72.71584684340964, 41.81394215248098], [-72.71586342500964, 41.81394215248098]]], [[[-72.71586342500964, 41.81396605328098], [-72.71586342500964, 41.813943006080976], [-72.71584684340964, 41.813943006080976], [-72.71584684340964, 41.81396605328098], [-72.71586342500964, 41.81396605328098]]], [[[-72.71538992820965, 41.81432712608098], [-72.71538992820965, 41.81433566208098], [-72.71541111580963, 41.81433566208098], [-72.71541111580963, 41.81432712608098], [-72.71538992820965, 41.81432712608098]]], [[[-72.71538992820965, 41.81433566208098], [-72.71538992820965, 41.81434419808098], [-72.71541111580963, 41.81434419808098], [-72.71541111580963, 41.81433566208098], [-72.71538992820965, 41.81433566208098]]], [[[-72.71542217020964, 41.81431859008098], [-72.71543230340963, 41.81431859008098], [-72.71543230340963, 41.81432371168098], [-72.71542217020964, 41.81432371168098], [-72.71542217020964, 41.81431859008098]]], [[[-72.71544335780965, 41.81431859008098], [-72.71545441220964, 41.81431859008098], [-72.71545441220964, 41.81432371168098], [-72.71544335780965, 41.81432371168098], [-72.71544335780965, 41.81431859008098]]], [[[-72.71538992820965, 41.81434419808098], [-72.71541111580963, 41.81434419808098], [-72.71541111580963, 41.81434931968098], [-72.71538992820965, 41.81434931968098], [-72.71538992820965, 41.81434419808098]]], [[[-72.71542217020964, 41.81434419808098], [-72.71543230340963, 41.81434419808098], [-72.71543230340963, 41.81434931968098], [-72.71542217020964, 41.81434931968098], [-72.71542217020964, 41.81434419808098]]], [[[-72.71544335780965, 41.81434419808098], [-72.71545441220964, 41.81434419808098], [-72.71545441220964, 41.81434931968098], [-72.71544335780965, 41.81434931968098], [-72.71544335780965, 41.81434419808098]]], [[[-72.71542217020964, 41.81432371168098], [-72.71543230340963, 41.81432371168098], [-72.71543230340963, 41.81433395488098], [-72.71542217020964, 41.81433395488098], [-72.71542217020964, 41.81432371168098]]], [[[-72.71544335780965, 41.81432371168098], [-72.71545441220964, 41.81432371168098], [-72.71545441220964, 41.81433395488098], [-72.71544335780965, 41.81433395488098], [-72.71544335780965, 41.81432371168098]]], [[[-72.71542217020964, 41.81433395488098], [-72.71543230340963, 41.81433395488098], [-72.71543230340963, 41.81434419808098], [-72.71542217020964, 41.81434419808098], [-72.71542217020964, 41.81433395488098]]], [[[-72.71544335780965, 41.81433395488098], [-72.71545441220964, 41.81433395488098], [-72.71545441220964, 41.81434419808098], [-72.71544335780965, 41.81434419808098], [-72.71544335780965, 41.81433395488098]]], [[[-72.71566260340964, 41.81401983008098], [-72.71567365780963, 41.81401983008098], [-72.71567365780963, 41.814131651680974], [-72.71566260340964, 41.814131651680974], [-72.71566260340964, 41.81401983008098]]], [[[-72.71570866340963, 41.81401983008098], [-72.71571971780963, 41.81401983008098], [-72.71571971780963, 41.814131651680974], [-72.71570866340963, 41.814131651680974], [-72.71570866340963, 41.81401983008098]]], [[[-72.71573169340964, 41.81413250528098], [-72.71570958460964, 41.81413250528098], [-72.71570958460964, 41.814143602080975], [-72.71573169340964, 41.814143602080975], [-72.71573169340964, 41.81413250528098]]], [[[-72.71431949380964, 41.81377996848098], [-72.71432962700963, 41.81377996848098], [-72.71432962700963, 41.81399336848098], [-72.71431949380964, 41.81399336848098], [-72.71431949380964, 41.81377996848098]]], [[[-72.71456545420963, 41.81403434128098], [-72.71457927220963, 41.81403434128098], [-72.71457927220963, 41.81404031648098], [-72.71456545420963, 41.81404031648098], [-72.71456545420963, 41.81403434128098]]], [[[-72.71456545420963, 41.81428017808098], [-72.71457835100964, 41.81428017808098], [-72.71457835100964, 41.81428615328098], [-72.71456545420963, 41.81428615328098], [-72.71456545420963, 41.81428017808098]]], [[[-72.71457282380965, 41.814042877280976], [-72.71457927220963, 41.814042877280976], [-72.71457927220963, 41.81427932448098], [-72.71457282380965, 41.81427932448098], [-72.71457282380965, 41.814042877280976]]], [[[-72.71460138100964, 41.81404373088098], [-72.71460782940964, 41.81404373088098], [-72.71460782940964, 41.81427932448098], [-72.71460138100964, 41.81427932448098], [-72.71460138100964, 41.81404373088098]]], [[[-72.71498367900963, 41.81404031648098], [-72.71496986100964, 41.81404031648098], [-72.71496986100964, 41.81403434128098], [-72.71498367900963, 41.81403434128098], [-72.71498367900963, 41.81404031648098]]], [[[-72.71497723060963, 41.814042023680976], [-72.71498367900963, 41.814042023680976], [-72.71498367900963, 41.81419225728098], [-72.71497723060963, 41.81419225728098], [-72.71497723060963, 41.814042023680976]]], [[[-72.71500486660965, 41.81404373088098], [-72.71501131500963, 41.81404373088098], [-72.71501131500963, 41.81427932448098], [-72.71500486660965, 41.81427932448098], [-72.71500486660965, 41.81404373088098]]], [[[-72.71498367900963, 41.81419396448098], [-72.71496986100964, 41.81419396448098], [-72.71496986100964, 41.81419993968098], [-72.71498367900963, 41.81419993968098], [-72.71498367900963, 41.81419396448098]]], [[[-72.71432041500964, 41.81404543808098], [-72.71434344500963, 41.81404543808098], [-72.71434344500963, 41.81403604848098], [-72.71432041500964, 41.81403604848098], [-72.71432041500964, 41.81404543808098]]], [[[-72.71433146940964, 41.81405141328098], [-72.71434436620964, 41.81405141328098], [-72.71434436620964, 41.81405312048098], [-72.71433146940964, 41.81405312048098], [-72.71433146940964, 41.81405141328098]]], [[[-72.71433146940964, 41.814059095680975], [-72.71434436620964, 41.814059095680975], [-72.71434436620964, 41.81405994928098], [-72.71433146940964, 41.81405994928098], [-72.71433146940964, 41.814059095680975]]], [[[-72.71433146940964, 41.81406592448098], [-72.71434436620964, 41.81406592448098], [-72.71434436620964, 41.81406763168098], [-72.71433146940964, 41.81406763168098], [-72.71433146940964, 41.81406592448098]]], [[[-72.71433146940964, 41.814073606880974], [-72.71434436620964, 41.814073606880974], [-72.71434436620964, 41.81407446048098], [-72.71433146940964, 41.81407446048098], [-72.71433146940964, 41.814073606880974]]], [[[-72.71433146940964, 41.81408043568098], [-72.71434436620964, 41.81408043568098], [-72.71434436620964, 41.81408214288098], [-72.71433146940964, 41.81408214288098], [-72.71433146940964, 41.81408043568098]]], [[[-72.71433146940964, 41.814088118080974], [-72.71434436620964, 41.814088118080974], [-72.71434436620964, 41.81408897168098], [-72.71433146940964, 41.81408897168098], [-72.71433146940964, 41.814088118080974]]], [[[-72.71433146940964, 41.81409580048098], [-72.71434436620964, 41.81409580048098], [-72.71434436620964, 41.81409665408098], [-72.71433146940964, 41.81409665408098], [-72.71433146940964, 41.81409580048098]]], [[[-72.71433146940964, 41.814102629280974], [-72.71434436620964, 41.814102629280974], [-72.71434436620964, 41.81410433648098], [-72.71433146940964, 41.81410433648098], [-72.71433146940964, 41.814102629280974]]], [[[-72.71433146940964, 41.814110311680984], [-72.71434436620964, 41.814110311680984], [-72.71434436620964, 41.81411116528098], [-72.71433146940964, 41.81411116528098], [-72.71433146940964, 41.814110311680984]]], [[[-72.71433146940964, 41.814117140480974], [-72.71434436620964, 41.814117140480974], [-72.71434436620964, 41.81411884768098], [-72.71433146940964, 41.81411884768098], [-72.71433146940964, 41.814117140480974]]], [[[-72.71433146940964, 41.814124822880984], [-72.71434436620964, 41.814124822880984], [-72.71434436620964, 41.81412567648098], [-72.71433146940964, 41.81412567648098], [-72.71433146940964, 41.814124822880984]]], [[[-72.71433146940964, 41.814131651680974], [-72.71434436620964, 41.814131651680974], [-72.71434436620964, 41.81413335888098], [-72.71433146940964, 41.81413335888098], [-72.71433146940964, 41.814131651680974]]], [[[-72.71433146940964, 41.814139334080984], [-72.71434436620964, 41.814139334080984], [-72.71434436620964, 41.81414018768098], [-72.71433146940964, 41.81414018768098], [-72.71433146940964, 41.814139334080984]]], [[[-72.71433146940964, 41.81414701648098], [-72.71434436620964, 41.81414701648098], [-72.71434436620964, 41.81414787008098], [-72.71433146940964, 41.81414787008098], [-72.71433146940964, 41.81414701648098]]], [[[-72.71433146940964, 41.814153845280984], [-72.71434436620964, 41.814153845280984], [-72.71434436620964, 41.814155552480976], [-72.71433146940964, 41.814155552480976], [-72.71433146940964, 41.814153845280984]]], [[[-72.71433146940964, 41.81416152768098], [-72.71434436620964, 41.81416152768098], [-72.71434436620964, 41.81416238128098], [-72.71433146940964, 41.81416238128098], [-72.71433146940964, 41.81416152768098]]], [[[-72.71433146940964, 41.81416835648098], [-72.71434436620964, 41.81416835648098], [-72.71434436620964, 41.814170063680976], [-72.71433146940964, 41.814170063680976], [-72.71433146940964, 41.81416835648098]]], [[[-72.71433146940964, 41.81417603888098], [-72.71434436620964, 41.81417603888098], [-72.71434436620964, 41.81417689248098], [-72.71433146940964, 41.81417689248098], [-72.71433146940964, 41.81417603888098]]], [[[-72.71433146940964, 41.81418286768098], [-72.71434436620964, 41.81418286768098], [-72.71434436620964, 41.814184574880976], [-72.71433146940964, 41.814184574880976], [-72.71433146940964, 41.81418286768098]]], [[[-72.71433146940964, 41.81419055008098], [-72.71434436620964, 41.81419055008098], [-72.71434436620964, 41.81419140368098], [-72.71433146940964, 41.81419140368098], [-72.71433146940964, 41.81419055008098]]], [[[-72.71433146940964, 41.814198232480976], [-72.71434436620964, 41.814198232480976], [-72.71434436620964, 41.81419908608098], [-72.71433146940964, 41.81419908608098], [-72.71433146940964, 41.814198232480976]]], [[[-72.71433146940964, 41.81420506128098], [-72.71434436620964, 41.81420506128098], [-72.71434436620964, 41.81420676848098], [-72.71433146940964, 41.81420676848098], [-72.71433146940964, 41.81420506128098]]], [[[-72.71439134740965, 41.81403860928098], [-72.71440424420963, 41.81403860928098], [-72.71440424420963, 41.81403946288098], [-72.71439134740965, 41.81403946288098], [-72.71439134740965, 41.81403860928098]]], [[[-72.71439134740965, 41.81404543808098], [-72.71440424420963, 41.81404543808098], [-72.71440424420963, 41.81404714528097], [-72.71439134740965, 41.81404714528097], [-72.71439134740965, 41.81404543808098]]], [[[-72.71439134740965, 41.81405312048098], [-72.71440424420963, 41.81405312048098], [-72.71440424420963, 41.81405397408098], [-72.71439134740965, 41.81405397408098], [-72.71439134740965, 41.81405312048098]]], [[[-72.71439134740965, 41.81405994928098], [-72.71440424420963, 41.81405994928098], [-72.71440424420963, 41.81406165648097], [-72.71439134740965, 41.81406165648097], [-72.71439134740965, 41.81405994928098]]], [[[-72.71439134740965, 41.81406763168098], [-72.71440424420963, 41.81406763168098], [-72.71440424420963, 41.81406848528098], [-72.71439134740965, 41.81406848528098], [-72.71439134740965, 41.81406763168098]]], [[[-72.71439134740965, 41.81407531408098], [-72.71440424420963, 41.81407531408098], [-72.71440424420963, 41.81407616768097], [-72.71439134740965, 41.81407616768097], [-72.71439134740965, 41.81407531408098]]], [[[-72.71439134740965, 41.81408214288098], [-72.71440424420963, 41.81408214288098], [-72.71440424420963, 41.81408385008098], [-72.71439134740965, 41.81408385008098], [-72.71439134740965, 41.81408214288098]]], [[[-72.71439134740965, 41.81408982528098], [-72.71440424420963, 41.81408982528098], [-72.71440424420963, 41.81409067888097], [-72.71439134740965, 41.81409067888097], [-72.71439134740965, 41.81408982528098]]], [[[-72.71439134740965, 41.81409665408098], [-72.71440424420963, 41.81409665408098], [-72.71440424420963, 41.81409836128098], [-72.71439134740965, 41.81409836128098], [-72.71439134740965, 41.81409665408098]]], [[[-72.71439134740965, 41.81410433648098], [-72.71440424420963, 41.81410433648098], [-72.71440424420963, 41.81410519008097], [-72.71439134740965, 41.81410519008097], [-72.71439134740965, 41.81410433648098]]], [[[-72.71439134740965, 41.81411116528098], [-72.71440424420963, 41.81411116528098], [-72.71440424420963, 41.81411287248098], [-72.71439134740965, 41.81411287248098], [-72.71439134740965, 41.81411116528098]]], [[[-72.71439134740965, 41.81411884768098], [-72.71440424420963, 41.81411884768098], [-72.71440424420963, 41.81411970128098], [-72.71439134740965, 41.81411970128098], [-72.71439134740965, 41.81411884768098]]], [[[-72.71439134740965, 41.814126530080976], [-72.71440424420963, 41.814126530080976], [-72.71440424420963, 41.81412738368098], [-72.71439134740965, 41.81412738368098], [-72.71439134740965, 41.814126530080976]]], [[[-72.71439134740965, 41.81413335888098], [-72.71440424420963, 41.81413335888098], [-72.71440424420963, 41.81413506608098], [-72.71439134740965, 41.81413506608098], [-72.71439134740965, 41.81413335888098]]], [[[-72.71439134740965, 41.814141041280976], [-72.71440424420963, 41.814141041280976], [-72.71440424420963, 41.81414189488098], [-72.71439134740965, 41.81414189488098], [-72.71439134740965, 41.814141041280976]]], [[[-72.71439134740965, 41.81414787008098], [-72.71440424420963, 41.81414787008098], [-72.71440424420963, 41.81414957728098], [-72.71439134740965, 41.81414957728098], [-72.71439134740965, 41.81414787008098]]], [[[-72.71439134740965, 41.814155552480976], [-72.71440424420963, 41.814155552480976], [-72.71440424420963, 41.81415640608098], [-72.71439134740965, 41.81415640608098], [-72.71439134740965, 41.814155552480976]]], [[[-72.71439134740965, 41.81416238128098], [-72.71440424420963, 41.81416238128098], [-72.71440424420963, 41.81416408848098], [-72.71439134740965, 41.81416408848098], [-72.71439134740965, 41.81416238128098]]], [[[-72.71439134740965, 41.814170063680976], [-72.71440424420963, 41.814170063680976], [-72.71440424420963, 41.81417091728098], [-72.71439134740965, 41.81417091728098], [-72.71439134740965, 41.814170063680976]]], [[[-72.71439134740965, 41.81417774608098], [-72.71440424420963, 41.81417774608098], [-72.71440424420963, 41.81417859968098], [-72.71439134740965, 41.81417859968098], [-72.71439134740965, 41.81417774608098]]], [[[-72.71439134740965, 41.814184574880976], [-72.71440424420963, 41.814184574880976], [-72.71440424420963, 41.814186282080975], [-72.71439134740965, 41.814186282080975], [-72.71439134740965, 41.814184574880976]]], [[[-72.71439134740965, 41.81419225728098], [-72.71440424420963, 41.81419225728098], [-72.71440424420963, 41.81419311088098], [-72.71439134740965, 41.81419311088098], [-72.71439134740965, 41.81419225728098]]], [[[-72.71439134740965, 41.81419908608098], [-72.71440424420963, 41.81419908608098], [-72.71440424420963, 41.814200793280975], [-72.71439134740965, 41.814200793280975], [-72.71439134740965, 41.81419908608098]]], [[[-72.71439134740965, 41.81420676848098], [-72.71440424420963, 41.81420676848098], [-72.71440424420963, 41.81420762208098], [-72.71439134740965, 41.81420762208098], [-72.71439134740965, 41.81420676848098]]], [[[-72.71439134740965, 41.81421359728098], [-72.71440424420963, 41.81421359728098], [-72.71440424420963, 41.814215304480975], [-72.71439134740965, 41.814215304480975], [-72.71439134740965, 41.81421359728098]]], [[[-72.71439134740965, 41.81422127968098], [-72.71440424420963, 41.81422127968098], [-72.71440424420963, 41.81422213328098], [-72.71439134740965, 41.81422213328098], [-72.71439134740965, 41.81422127968098]]], [[[-72.71439134740965, 41.81422810848098], [-72.71440424420963, 41.81422810848098], [-72.71440424420963, 41.814229815680974], [-72.71439134740965, 41.814229815680974], [-72.71439134740965, 41.81422810848098]]], [[[-72.71439134740965, 41.81423579088098], [-72.71440424420963, 41.81423579088098], [-72.71440424420963, 41.81423749808098], [-72.71439134740965, 41.81423749808098], [-72.71439134740965, 41.81423579088098]]], [[[-72.71439134740965, 41.814243473280975], [-72.71440424420963, 41.814243473280975], [-72.71440424420963, 41.814244326880974], [-72.71439134740965, 41.814244326880974], [-72.71439134740965, 41.814243473280975]]], [[[-72.71439134740965, 41.81425030208098], [-72.71440424420963, 41.81425030208098], [-72.71440424420963, 41.814252009280985], [-72.71439134740965, 41.814252009280985], [-72.71439134740965, 41.81425030208098]]], [[[-72.71439134740965, 41.814257984480975], [-72.71440424420963, 41.814257984480975], [-72.71440424420963, 41.814258838080974], [-72.71439134740965, 41.814258838080974], [-72.71439134740965, 41.814257984480975]]], [[[-72.71433146940964, 41.81420847568098], [-72.71434160260964, 41.81420847568098], [-72.71434160260964, 41.814272495680974], [-72.71433146940964, 41.814272495680974], [-72.71433146940964, 41.81420847568098]]], [[[-72.71434252380963, 41.81420847568098], [-72.71435357820964, 41.81420847568098], [-72.71435357820964, 41.814272495680974], [-72.71434252380963, 41.814272495680974], [-72.71434252380963, 41.81420847568098]]], [[[-72.71433146940964, 41.81427420288098], [-72.71433054820963, 41.81427420288098], [-72.71433054820963, 41.814287006880974], [-72.71433146940964, 41.814287006880974], [-72.71433146940964, 41.81427420288098]]], [[[-72.71433976020963, 41.81427420288098], [-72.71433791780964, 41.81427420288098], [-72.71433791780964, 41.814287006880974], [-72.71433976020963, 41.814287006880974], [-72.71433976020963, 41.81427420288098]]], [[[-72.71434712980964, 41.81427420288098], [-72.71434528740963, 41.81427420288098], [-72.71434528740963, 41.814287006880974], [-72.71434712980964, 41.814287006880974], [-72.71434712980964, 41.81427420288098]]], [[[-72.71440240180964, 41.81427676368098], [-72.71440240180964, 41.81426395968098], [-72.71439134740965, 41.81426395968098], [-72.71439134740965, 41.81427676368098], [-72.71440240180964, 41.81427676368098]]], [[[-72.71508040500964, 41.81403690208098], [-72.71509882900965, 41.81403690208098], [-72.71509882900965, 41.814042877280976], [-72.71508040500964, 41.814042877280976], [-72.71508040500964, 41.81403690208098]]], [[[-72.71508040500964, 41.814281031680984], [-72.71509882900965, 41.814281031680984], [-72.71509882900965, 41.814287006880974], [-72.71508040500964, 41.814287006880974], [-72.71508040500964, 41.814281031680984]]], [[[-72.71508961700964, 41.814044584480975], [-72.71509975020963, 41.814044584480975], [-72.71509975020963, 41.81428017808098], [-72.71508961700964, 41.81428017808098], [-72.71508961700964, 41.814044584480975]]], [[[-72.71512093780964, 41.814044584480975], [-72.71513014980964, 41.814044584480975], [-72.71513014980964, 41.81428017808098], [-72.71512093780964, 41.81428017808098], [-72.71512093780964, 41.814044584480975]]], [[[-72.71454610900963, 41.813746678080975], [-72.71456176940963, 41.813746678080975], [-72.71456176940963, 41.81376204288098], [-72.71454610900963, 41.81376204288098], [-72.71454610900963, 41.813746678080975]]], [[[-72.71454426660964, 41.81399507568098], [-72.71456453300964, 41.81399507568098], [-72.71456453300964, 41.814003611680974], [-72.71454426660964, 41.814003611680974], [-72.71454426660964, 41.81399507568098]]], [[[-72.71455532100964, 41.81376375008097], [-72.71456453300964, 41.81376375008097], [-72.71456453300964, 41.81399422208098], [-72.71455532100964, 41.81399422208098], [-72.71455532100964, 41.81376375008097]]], [[[-72.71458572060963, 41.81376375008097], [-72.71459585380964, 41.81376375008097], [-72.71459585380964, 41.81391227648098], [-72.71458572060963, 41.81391227648098], [-72.71458572060963, 41.81376375008097]]], [[[-72.71456637540965, 41.814003611680974], [-72.71456637540965, 41.81399507568098], [-72.71456453300964, 41.81399507568098], [-72.71456453300964, 41.814003611680974], [-72.71456637540965, 41.814003611680974]]], [[[-72.71562759780963, 41.814170063680976], [-72.71563496740964, 41.814170063680976], [-72.71563496740964, 41.81418542848098], [-72.71562759780963, 41.81418542848098], [-72.71562759780963, 41.814170063680976]]], [[[-72.71562759780963, 41.81421871888098], [-72.71563496740964, 41.81421871888098], [-72.71563496740964, 41.81423408368098], [-72.71562759780963, 41.81423408368098], [-72.71562759780963, 41.81421871888098]]], [[[-72.71562759780963, 41.814241766080976], [-72.71563496740964, 41.814241766080976], [-72.71563496740964, 41.814257984480975], [-72.71562759780963, 41.814257984480975], [-72.71562759780963, 41.814241766080976]]], [[[-72.71559167100963, 41.81420591488097], [-72.71561101620964, 41.81420591488097], [-72.71561101620964, 41.814227254880976], [-72.71559167100963, 41.814227254880976], [-72.71559167100963, 41.81420591488097]]], [[[-72.71559167100963, 41.814258838080974], [-72.71561101620964, 41.814258838080974], [-72.71561101620964, 41.81432115088098], [-72.71559167100963, 41.81432115088098], [-72.71559167100963, 41.814258838080974]]], [[[-72.71562667660963, 41.81418542848098], [-72.71564510060963, 41.81418542848098], [-72.71564510060963, 41.814227254880976], [-72.71562667660963, 41.814227254880976], [-72.71562667660963, 41.81418542848098]]], [[[-72.71562667660963, 41.814257984480975], [-72.71564510060963, 41.814257984480975], [-72.71564510060963, 41.81431944368098], [-72.71562667660963, 41.81431944368098], [-72.71562667660963, 41.814257984480975]]], [[[-72.71559443460964, 41.81423408368098], [-72.71560088300964, 41.81423408368098], [-72.71560088300964, 41.81421871888098], [-72.71559443460964, 41.81421871888098], [-72.71559443460964, 41.81423408368098]]], [[[-72.71566168220963, 41.814170063680976], [-72.71566905180964, 41.814170063680976], [-72.71566905180964, 41.81418542848098], [-72.71566168220963, 41.81418542848098], [-72.71566168220963, 41.814170063680976]]], [[[-72.71566168220963, 41.81421871888098], [-72.71566905180964, 41.81421871888098], [-72.71566905180964, 41.81423408368098], [-72.71566168220963, 41.81423408368098], [-72.71566168220963, 41.81421871888098]]], [[[-72.71566168220963, 41.814241766080976], [-72.71566905180964, 41.814241766080976], [-72.71566905180964, 41.814257984480975], [-72.71566168220963, 41.814257984480975], [-72.71566168220963, 41.814241766080976]]], [[[-72.71566076100963, 41.81418542848098], [-72.71567918500963, 41.81418542848098], [-72.71567918500963, 41.814227254880976], [-72.71566076100963, 41.814227254880976], [-72.71566076100963, 41.81418542848098]]], [[[-72.71566076100963, 41.814257984480975], [-72.71567918500963, 41.814257984480975], [-72.71567918500963, 41.81431944368098], [-72.71566076100963, 41.81431944368098], [-72.71566076100963, 41.814257984480975]]], [[[-72.71569576660963, 41.814170063680976], [-72.71570313620964, 41.814170063680976], [-72.71570313620964, 41.81418542848098], [-72.71569576660963, 41.81418542848098], [-72.71569576660963, 41.814170063680976]]], [[[-72.71569576660963, 41.81421871888098], [-72.71570313620964, 41.81421871888098], [-72.71570313620964, 41.81423408368098], [-72.71569576660963, 41.81423408368098], [-72.71569576660963, 41.81421871888098]]], [[[-72.71569576660963, 41.814241766080976], [-72.71570313620964, 41.814241766080976], [-72.71570313620964, 41.814257984480975], [-72.71569576660963, 41.814257984480975], [-72.71569576660963, 41.814241766080976]]], [[[-72.71569484540964, 41.81418542848098], [-72.71571234820965, 41.81418542848098], [-72.71571234820965, 41.814227254880976], [-72.71569484540964, 41.814227254880976], [-72.71569484540964, 41.81418542848098]]], [[[-72.71569484540964, 41.814257984480975], [-72.71571234820965, 41.814257984480975], [-72.71571234820965, 41.81431944368098], [-72.71569484540964, 41.81431944368098], [-72.71569484540964, 41.814257984480975]]], [[[-72.71573077220962, 41.814170063680976], [-72.71573814180964, 41.814170063680976], [-72.71573814180964, 41.81418542848098], [-72.71573077220962, 41.81418542848098], [-72.71573077220962, 41.814170063680976]]], [[[-72.71573077220962, 41.81421871888098], [-72.71573814180964, 41.81421871888098], [-72.71573814180964, 41.81423408368098], [-72.71573077220962, 41.81423408368098], [-72.71573077220962, 41.81421871888098]]], [[[-72.71573077220962, 41.814241766080976], [-72.71573814180964, 41.814241766080976], [-72.71573814180964, 41.814257984480975], [-72.71573077220962, 41.814257984480975], [-72.71573077220962, 41.814241766080976]]], [[[-72.71572985100964, 41.81418542848098], [-72.71574827500963, 41.81418542848098], [-72.71574827500963, 41.814227254880976], [-72.71572985100964, 41.814227254880976], [-72.71572985100964, 41.81418542848098]]], [[[-72.71572985100964, 41.814257984480975], [-72.71574827500963, 41.814257984480975], [-72.71574827500963, 41.81431944368098], [-72.71572985100964, 41.81431944368098], [-72.71572985100964, 41.814257984480975]]], [[[-72.71576577780964, 41.81418542848098], [-72.71578328060963, 41.81418542848098], [-72.71578328060963, 41.814227254880976], [-72.71576577780964, 41.814227254880976], [-72.71576577780964, 41.81418542848098]]], [[[-72.71576577780964, 41.814257984480975], [-72.71578328060963, 41.814257984480975], [-72.71578328060963, 41.81431944368098], [-72.71576577780964, 41.81431944368098], [-72.71576577780964, 41.814257984480975]]], [[[-72.71580538940964, 41.81418542848098], [-72.71582381340963, 41.81418542848098], [-72.71582381340963, 41.814227254880976], [-72.71580538940964, 41.814227254880976], [-72.71580538940964, 41.81418542848098]]], [[[-72.71580538940964, 41.814257984480975], [-72.71582381340963, 41.814257984480975], [-72.71582381340963, 41.81431944368098], [-72.71580538940964, 41.81431944368098], [-72.71580538940964, 41.814257984480975]]], [[[-72.71576669900963, 41.81423408368098], [-72.71577406860963, 41.81423408368098], [-72.71577406860963, 41.81421871888098], [-72.71576669900963, 41.81421871888098], [-72.71576669900963, 41.81423408368098]]], [[[-72.71584131620963, 41.814170063680976], [-72.71584868580963, 41.814170063680976], [-72.71584868580963, 41.81418542848098], [-72.71584131620963, 41.81418542848098], [-72.71584131620963, 41.814170063680976]]], [[[-72.71584131620963, 41.81421871888098], [-72.71584868580963, 41.81421871888098], [-72.71584868580963, 41.81423408368098], [-72.71584131620963, 41.81423408368098], [-72.71584131620963, 41.81421871888098]]], [[[-72.71584131620963, 41.814241766080976], [-72.71584868580963, 41.814241766080976], [-72.71584868580963, 41.814257984480975], [-72.71584131620963, 41.814257984480975], [-72.71584131620963, 41.814241766080976]]], [[[-72.71584039500964, 41.81418542848098], [-72.71585881900963, 41.81418542848098], [-72.71585881900963, 41.814227254880976], [-72.71584039500964, 41.814227254880976], [-72.71584039500964, 41.81418542848098]]], [[[-72.71584039500964, 41.814257984480975], [-72.71585881900963, 41.814257984480975], [-72.71585881900963, 41.814339930080976], [-72.71584039500964, 41.814339930080976], [-72.71584039500964, 41.814257984480975]]], [[[-72.71580631060964, 41.81423408368098], [-72.71581368020964, 41.81423408368098], [-72.71581368020964, 41.81421871888098], [-72.71580631060964, 41.81421871888098], [-72.71580631060964, 41.81423408368098]]], [[[-72.71565154900964, 41.814354441280976], [-72.71566076100963, 41.814354441280976], [-72.71566076100963, 41.81441675408098], [-72.71565154900964, 41.81441675408098], [-72.71565154900964, 41.814354441280976]]], [[[-72.71567734260964, 41.814357002080975], [-72.71568655460963, 41.814357002080975], [-72.71568655460963, 41.81439626768098], [-72.71567734260964, 41.81439626768098], [-72.71567734260964, 41.814357002080975]]], [[[-72.71570405740964, 41.814354441280976], [-72.71571326940963, 41.814354441280976], [-72.71571326940963, 41.81441675408098], [-72.71570405740964, 41.81441675408098], [-72.71570405740964, 41.814354441280976]]], [[[-72.71571419060963, 41.814381756480984], [-72.71571419060963, 41.81436639168098], [-72.71572063900963, 41.81436639168098], [-72.71572063900963, 41.814381756480984], [-72.71571419060963, 41.814381756480984]]], [[[-72.71566076100963, 41.814412486080975], [-72.71566076100963, 41.81442102208098], [-72.71568194860964, 41.81442102208098], [-72.71568194860964, 41.814412486080975], [-72.71566076100963, 41.814412486080975]]], [[[-72.71568194860964, 41.814412486080975], [-72.71568194860964, 41.81442102208098], [-72.71570405740964, 41.81442102208098], [-72.71570405740964, 41.814412486080975], [-72.71568194860964, 41.814412486080975]]], [[[-72.71576854140963, 41.814381756480984], [-72.71576854140963, 41.81436639168098], [-72.71576209300963, 41.81436639168098], [-72.71576209300963, 41.814381756480984], [-72.71576854140963, 41.814381756480984]]], [[[-72.71576854140963, 41.814381756480984], [-72.71576854140963, 41.81436639168098], [-72.71577498980965, 41.81436639168098], [-72.71577498980965, 41.814381756480984], [-72.71576854140963, 41.814381756480984]]], [[[-72.71582657700964, 41.814354441280976], [-72.71583763140964, 41.814354441280976], [-72.71583763140964, 41.814411632480976], [-72.71582657700964, 41.814411632480976], [-72.71582657700964, 41.814354441280976]]], [[[-72.71521674260963, 41.81393020208098], [-72.71522411220964, 41.81393020208098], [-72.71522411220964, 41.81399507568098], [-72.71521674260963, 41.81399507568098], [-72.71521674260963, 41.81393020208098]]], [[[-72.71522503340964, 41.81393020208098], [-72.71523148180964, 41.81393020208098], [-72.71523148180964, 41.81399507568098], [-72.71522503340964, 41.81399507568098], [-72.71522503340964, 41.81393020208098]]], [[[-72.71468152540963, 41.813744970880975], [-72.71469534340964, 41.813744970880975], [-72.71469534340964, 41.81399336848098], [-72.71468152540963, 41.81399336848098], [-72.71468152540963, 41.813744970880975]]], [[[-72.71471745220964, 41.81375777488098], [-72.71473034900964, 41.81375777488098], [-72.71473034900964, 41.81394898128097], [-72.71471745220964, 41.81394898128097], [-72.71471745220964, 41.81375777488098]]], [[[-72.71469534340964, 41.81399507568098], [-72.71467231340964, 41.81399507568098], [-72.71467231340964, 41.814003611680974], [-72.71469534340964, 41.814003611680974], [-72.71469534340964, 41.81399507568098]]], [[[-72.71471929460964, 41.81403519488098], [-72.71473956100964, 41.81403519488098], [-72.71473956100964, 41.814041170080976], [-72.71471929460964, 41.814041170080976], [-72.71471929460964, 41.81403519488098]]], [[[-72.71471929460964, 41.81428017808098], [-72.71473956100964, 41.81428017808098], [-72.71473956100964, 41.81428615328098], [-72.71471929460964, 41.81428615328098], [-72.71471929460964, 41.81428017808098]]], [[[-72.71473034900964, 41.81404373088098], [-72.71473956100964, 41.81404373088098], [-72.71473956100964, 41.81427932448098], [-72.71473034900964, 41.81427932448098], [-72.71473034900964, 41.81404373088098]]], [[[-72.71476259100963, 41.81404373088098], [-72.71477180300964, 41.81404373088098], [-72.71477180300964, 41.81427932448098], [-72.71476259100963, 41.81427932448098], [-72.71476259100963, 41.81404373088098]]], [[[-72.71493946140964, 41.81376375008097], [-72.71492287980963, 41.81376375008097], [-72.71492287980963, 41.81375436048098], [-72.71493946140964, 41.81375436048098], [-72.71493946140964, 41.81376375008097]]], [[[-72.71493117060963, 41.81376545728098], [-72.71494038260964, 41.81376545728098], [-72.71494038260964, 41.813946420480974], [-72.71493117060963, 41.813946420480974], [-72.71493117060963, 41.81376545728098]]], [[[-72.71496709740964, 41.813771432480976], [-72.71497630940964, 41.813771432480976], [-72.71497630940964, 41.81391910528098], [-72.71496709740964, 41.81391910528098], [-72.71496709740964, 41.813771432480976]]], [[[-72.71524529980962, 41.81393020208098], [-72.71525174820962, 41.81393020208098], [-72.71525174820962, 41.81399507568098], [-72.71524529980962, 41.81399507568098], [-72.71524529980962, 41.81393020208098]]], [[[-72.71525266940964, 41.81393020208098], [-72.71525911780964, 41.81393020208098], [-72.71525911780964, 41.81399507568098], [-72.71525266940964, 41.81399507568098], [-72.71525266940964, 41.81393020208098]]], [[[-72.71488879540964, 41.814042877280976], [-72.71489800740964, 41.814042877280976], [-72.71489800740964, 41.81427932448098], [-72.71488879540964, 41.81427932448098], [-72.71488879540964, 41.814042877280976]]], [[[-72.71485747460964, 41.81407189968098], [-72.71486668660964, 41.81407189968098], [-72.71486668660964, 41.814184574880976], [-72.71485747460964, 41.814184574880976], [-72.71485747460964, 41.81407189968098]]], [[[-72.71485747460964, 41.81421103648098], [-72.71486668660964, 41.81421103648098], [-72.71486668660964, 41.81427505648098], [-72.71485747460964, 41.81427505648098], [-72.71485747460964, 41.81421103648098]]], [[[-72.71484642020964, 41.81420932928098], [-72.71486576540963, 41.81420932928098], [-72.71486576540963, 41.81420676848098], [-72.71484642020964, 41.81420676848098], [-72.71484642020964, 41.81420932928098]]], [[[-72.71486668660964, 41.81427591008098], [-72.71484734140964, 41.81427591008098], [-72.71484734140964, 41.81428188528098], [-72.71486668660964, 41.81428188528098], [-72.71486668660964, 41.81427591008098]]], [[[-72.71524437860964, 41.81375009248098], [-72.71525082700964, 41.81375009248098], [-72.71525082700964, 41.813830330880975], [-72.71524437860964, 41.813830330880975], [-72.71524437860964, 41.81375009248098]]], [[[-72.71525359060963, 41.81375009248098], [-72.71526096020963, 41.81375009248098], [-72.71526096020963, 41.813830330880975], [-72.71525359060963, 41.813830330880975], [-72.71525359060963, 41.81375009248098]]], [[[-72.71543046100965, 41.81375777488098], [-72.71544059420964, 41.81375777488098], [-72.71544059420964, 41.81393532368098], [-72.71543046100965, 41.81393532368098], [-72.71543046100965, 41.81375777488098]]], [[[-72.71548481180963, 41.81373899568098], [-72.71548481180963, 41.81372789888098], [-72.71547375740963, 41.81372789888098], [-72.71547375740963, 41.81373899568098], [-72.71548481180963, 41.81373899568098]]], [[[-72.71547283620964, 41.81377655408098], [-72.71548389060965, 41.81377655408098], [-72.71548389060965, 41.81399166128098], [-72.71547283620964, 41.81399166128098], [-72.71547283620964, 41.81377655408098]]], [[[-72.71521766380964, 41.81375009248098], [-72.71522411220964, 41.81375009248098], [-72.71522411220964, 41.813830330880975], [-72.71521766380964, 41.813830330880975], [-72.71521766380964, 41.81375009248098]]], [[[-72.71522687580965, 41.81375009248098], [-72.71523332420963, 41.81375009248098], [-72.71523332420963, 41.813830330880975], [-72.71522687580965, 41.813830330880975], [-72.71522687580965, 41.81375009248098]]], [[[-72.71458387820964, 41.81431261488098], [-72.71459401140963, 41.81431261488098], [-72.71459401140963, 41.81431517568098], [-72.71458387820964, 41.81431517568098], [-72.71458387820964, 41.81431261488098]]], [[[-72.71458387820964, 41.81435785568098], [-72.71459401140963, 41.81435785568098], [-72.71459401140963, 41.81436127008098], [-72.71458387820964, 41.81436127008098], [-72.71458387820964, 41.81435785568098]]], [[[-72.71458848420964, 41.814316029280974], [-72.71459401140963, 41.814316029280974], [-72.71459401140963, 41.81435785568098], [-72.71458848420964, 41.81435785568098], [-72.71458848420964, 41.814316029280974]]], [[[-72.71450465500963, 41.81431261488098], [-72.71451386700964, 41.81431261488098], [-72.71451386700964, 41.81431517568098], [-72.71450465500963, 41.81431517568098], [-72.71450465500963, 41.81431261488098]]], [[[-72.71450465500963, 41.81435785568098], [-72.71451386700964, 41.81435785568098], [-72.71451386700964, 41.81436127008098], [-72.71450465500963, 41.81436127008098], [-72.71450465500963, 41.81435785568098]]], [[[-72.71450926100962, 41.814316029280974], [-72.71451478820963, 41.814316029280974], [-72.71451478820963, 41.81435785568098], [-72.71450926100962, 41.81435785568098], [-72.71450926100962, 41.814316029280974]]], [[[-72.71531623220963, 41.81420847568098], [-72.71531623220963, 41.81419055008098], [-72.71530609900964, 41.81419055008098], [-72.71530609900964, 41.81420847568098], [-72.71531623220963, 41.81420847568098]]], [[[-72.71531715340963, 41.81419993968098], [-72.71545164860963, 41.81419993968098], [-72.71545164860963, 41.81420847568098], [-72.71531715340963, 41.81420847568098], [-72.71531715340963, 41.81419993968098]]], [[[-72.71530609900964, 41.81421018288098], [-72.71531623220963, 41.81421018288098], [-72.71531623220963, 41.81420847568098], [-72.71530609900964, 41.81420847568098], [-72.71530609900964, 41.81421018288098]]], [[[-72.71531715340963, 41.81423066928098], [-72.71545164860963, 41.81423066928098], [-72.71545164860963, 41.81424005888098], [-72.71531715340963, 41.81424005888098], [-72.71531715340963, 41.81423066928098]]], [[[-72.71503158140963, 41.813759482080975], [-72.71501131500963, 41.813759482080975], [-72.71501131500963, 41.81375350688098], [-72.71503158140963, 41.81375350688098], [-72.71503158140963, 41.813759482080975]]], [[[-72.71502236940964, 41.81376204288098], [-72.71503250260963, 41.81376204288098], [-72.71503250260963, 41.81391995888097], [-72.71502236940964, 41.81391995888097], [-72.71502236940964, 41.81376204288098]]], [[[-72.71505369020963, 41.81375606768098], [-72.71506382340964, 41.81375606768098], [-72.71506382340964, 41.81391313008098], [-72.71505369020963, 41.81391313008098], [-72.71505369020963, 41.81375606768098]]], [[[-72.71501131500963, 41.81393020208098], [-72.71503158140963, 41.81393020208098], [-72.71503158140963, 41.81392081248098], [-72.71501131500963, 41.81392081248098], [-72.71501131500963, 41.81393020208098]]], [[[-72.71503342380964, 41.81392081248098], [-72.71503342380964, 41.81393020208098], [-72.71503250260963, 41.81393020208098], [-72.71503250260963, 41.81392081248098], [-72.71503342380964, 41.81392081248098]]], [[[-72.71527109340964, 41.81375009248098], [-72.71527846300964, 41.81375009248098], [-72.71527846300964, 41.813830330880975], [-72.71527109340964, 41.813830330880975], [-72.71527109340964, 41.81375009248098]]], [[[-72.71528122660963, 41.81375009248098], [-72.71528767500963, 41.81375009248098], [-72.71528767500963, 41.813830330880975], [-72.71528122660963, 41.813830330880975], [-72.71528122660963, 41.81375009248098]]], [[[-72.71529872940962, 41.81375009248098], [-72.71530517780964, 41.81375009248098], [-72.71530517780964, 41.813830330880975], [-72.71529872940962, 41.813830330880975], [-72.71529872940962, 41.81375009248098]]], [[[-72.71530794140963, 41.81375009248098], [-72.71531438980963, 41.81375009248098], [-72.71531438980963, 41.813830330880975], [-72.71530794140963, 41.813830330880975], [-72.71530794140963, 41.81375009248098]]], [[[-72.71431765140963, 41.81377740768098], [-72.71434620860963, 41.81377740768098], [-72.71434620860963, 41.81376545728098], [-72.71431765140963, 41.81376545728098], [-72.71431765140963, 41.81377740768098]]], [[[-72.71521766380964, 41.81399592928098], [-72.71523056060964, 41.81399592928098], [-72.71523056060964, 41.81400275808098], [-72.71521766380964, 41.81400275808098], [-72.71521766380964, 41.81399592928098]]], [[[-72.71524529980962, 41.81399592928098], [-72.71525911780964, 41.81399592928098], [-72.71525911780964, 41.81400275808098], [-72.71524529980962, 41.81400275808098], [-72.71524529980962, 41.81399592928098]]], [[[-72.71527293580964, 41.81399592928098], [-72.71528675380964, 41.81399592928098], [-72.71528675380964, 41.81400275808098], [-72.71527293580964, 41.81400275808098], [-72.71527293580964, 41.81399592928098]]], [[[-72.71523148180964, 41.814368952480976], [-72.71545533340964, 41.814368952480976], [-72.71545533340964, 41.81437834208098], [-72.71523148180964, 41.81437834208098], [-72.71523148180964, 41.814368952480976]]], [[[-72.71468336780964, 41.81403519488098], [-72.71469626460963, 41.81403519488098], [-72.71469626460963, 41.814041170080976], [-72.71468336780964, 41.814041170080976], [-72.71468336780964, 41.81403519488098]]], [[[-72.71468336780964, 41.814281031680984], [-72.71469626460963, 41.814281031680984], [-72.71469626460963, 41.814287006880974], [-72.71468336780964, 41.814287006880974], [-72.71468336780964, 41.814281031680984]]], [[[-72.71469902820964, 41.81406251008098], [-72.71469902820964, 41.814042023680976], [-72.71470455540964, 41.814042023680976], [-72.71470455540964, 41.81406251008098], [-72.71469902820964, 41.81406251008098]]], [[[-72.71471837340964, 41.81404373088098], [-72.71472942780964, 41.81404373088098], [-72.71472942780964, 41.81427932448098], [-72.71471837340964, 41.81427932448098], [-72.71471837340964, 41.81404373088098]]], [[[-72.71468981620964, 41.81406507088098], [-72.71469626460963, 41.81406507088098], [-72.71469626460963, 41.81427932448098], [-72.71468981620964, 41.81427932448098], [-72.71468981620964, 41.81406507088098]]], [[[-72.71431949380964, 41.81404714528097], [-72.71432962700963, 41.81404714528097], [-72.71432962700963, 41.814272495680974], [-72.71431949380964, 41.814272495680974], [-72.71431949380964, 41.81404714528097]]], [[[-72.71512185900964, 41.81403690208098], [-72.71513844060964, 41.81403690208098], [-72.71513844060964, 41.814042877280976], [-72.71512185900964, 41.814042877280976], [-72.71512185900964, 41.81403690208098]]], [[[-72.71512185900964, 41.814282738880976], [-72.71513844060964, 41.814282738880976], [-72.71513844060964, 41.81428871408098], [-72.71512185900964, 41.81428871408098], [-72.71512185900964, 41.814282738880976]]], [[[-72.71513199220963, 41.814044584480975], [-72.71513844060964, 41.814044584480975], [-72.71513844060964, 41.81428017808098], [-72.71513199220963, 41.81428017808098], [-72.71513199220963, 41.814044584480975]]], [[[-72.71515962820963, 41.81404373088098], [-72.71516607660963, 41.81404373088098], [-72.71516607660963, 41.81427932448098], [-72.71515962820963, 41.81427932448098], [-72.71515962820963, 41.81404373088098]]], [[[-72.71440608660963, 41.813790211680974], [-72.71441714100963, 41.813790211680974], [-72.71441714100963, 41.81395922448098], [-72.71440608660963, 41.81395922448098], [-72.71440608660963, 41.813790211680974]]], [[[-72.71445214660963, 41.81377399328098], [-72.71446504340963, 41.81377399328098], [-72.71446504340963, 41.81377484688098], [-72.71445214660963, 41.81377484688098], [-72.71445214660963, 41.81377399328098]]], [[[-72.71445214660963, 41.81378082208098], [-72.71446504340963, 41.81378082208098], [-72.71446504340963, 41.81378252928098], [-72.71445214660963, 41.81378252928098], [-72.71445214660963, 41.81378082208098]]], [[[-72.71445214660963, 41.81378850448098], [-72.71446504340963, 41.81378850448098], [-72.71446504340963, 41.81378935808098], [-72.71445214660963, 41.81378935808098], [-72.71445214660963, 41.81378850448098]]], [[[-72.71445214660963, 41.81379533328098], [-72.71446504340963, 41.81379533328098], [-72.71446504340963, 41.81379704048098], [-72.71445214660963, 41.81379704048098], [-72.71445214660963, 41.81379533328098]]], [[[-72.71445214660963, 41.81380301568098], [-72.71446504340963, 41.81380301568098], [-72.71446504340963, 41.81380386928098], [-72.71445214660963, 41.81380386928098], [-72.71445214660963, 41.81380301568098]]], [[[-72.71445214660963, 41.81380984448098], [-72.71446504340963, 41.81380984448098], [-72.71446504340963, 41.81381155168098], [-72.71445214660963, 41.81381155168098], [-72.71445214660963, 41.81380984448098]]], [[[-72.71445214660963, 41.81381752688098], [-72.71446504340963, 41.81381752688098], [-72.71446504340963, 41.81381838048098], [-72.71445214660963, 41.81381838048098], [-72.71445214660963, 41.81381752688098]]], [[[-72.71445214660963, 41.81382520928098], [-72.71446504340963, 41.81382520928098], [-72.71446504340963, 41.81382606288098], [-72.71445214660963, 41.81382606288098], [-72.71445214660963, 41.81382520928098]]], [[[-72.71445214660963, 41.81383203808098], [-72.71446504340963, 41.81383203808098], [-72.71446504340963, 41.813833745280974], [-72.71445214660963, 41.813833745280974], [-72.71445214660963, 41.81383203808098]]], [[[-72.71445214660963, 41.81383972048098], [-72.71446504340963, 41.81383972048098], [-72.71446504340963, 41.81384057408098], [-72.71445214660963, 41.81384057408098], [-72.71445214660963, 41.81383972048098]]], [[[-72.71445214660963, 41.81384654928098], [-72.71446504340963, 41.81384654928098], [-72.71446504340963, 41.81384825648097], [-72.71445214660963, 41.81384825648097], [-72.71445214660963, 41.81384654928098]]], [[[-72.71445214660963, 41.81385423168098], [-72.71446504340963, 41.81385423168098], [-72.71446504340963, 41.81385508528098], [-72.71445214660963, 41.81385508528098], [-72.71445214660963, 41.81385423168098]]], [[[-72.71445214660963, 41.81386106048098], [-72.71446504340963, 41.81386106048098], [-72.71446504340963, 41.81386276768098], [-72.71445214660963, 41.81386276768098], [-72.71445214660963, 41.81386106048098]]], [[[-72.71445214660963, 41.81386874288098], [-72.71446504340963, 41.81386874288098], [-72.71446504340963, 41.81386959648098], [-72.71445214660963, 41.81386959648098], [-72.71445214660963, 41.81386874288098]]], [[[-72.71445214660963, 41.813876425280974], [-72.71446504340963, 41.813876425280974], [-72.71446504340963, 41.81387727888098], [-72.71445214660963, 41.81387727888098], [-72.71445214660963, 41.813876425280974]]], [[[-72.71445214660963, 41.81388325408098], [-72.71446504340963, 41.81388325408098], [-72.71446504340963, 41.81388496128098], [-72.71445214660963, 41.81388496128098], [-72.71445214660963, 41.81388325408098]]], [[[-72.71445214660963, 41.81389093648097], [-72.71446504340963, 41.81389093648097], [-72.71446504340963, 41.81389179008098], [-72.71445214660963, 41.81389179008098], [-72.71445214660963, 41.81389093648097]]], [[[-72.71445214660963, 41.81389776528098], [-72.71446504340963, 41.81389776528098], [-72.71446504340963, 41.81389947248098], [-72.71445214660963, 41.81389947248098], [-72.71445214660963, 41.81389776528098]]], [[[-72.71445214660963, 41.81390544768097], [-72.71446504340963, 41.81390544768097], [-72.71446504340963, 41.81390630128098], [-72.71445214660963, 41.81390630128098], [-72.71445214660963, 41.81390544768097]]], [[[-72.71445214660963, 41.81391227648098], [-72.71446504340963, 41.81391227648098], [-72.71446504340963, 41.813913983680976], [-72.71445214660963, 41.813913983680976], [-72.71445214660963, 41.81391227648098]]], [[[-72.71445214660963, 41.81391995888097], [-72.71446504340963, 41.81391995888097], [-72.71446504340963, 41.81392081248098], [-72.71445214660963, 41.81392081248098], [-72.71445214660963, 41.81391995888097]]], [[[-72.71441621980964, 41.813960931680974], [-72.71439318980963, 41.813960931680974], [-72.71439318980963, 41.81397117488098], [-72.71441621980964, 41.81397117488098], [-72.71441621980964, 41.813960931680974]]], [[[-72.71445491020964, 41.813927641280976], [-72.71446596460964, 41.813927641280976], [-72.71446596460964, 41.81399592928098], [-72.71445491020964, 41.81399592928098], [-72.71445491020964, 41.813927641280976]]], [[[-72.71441806220963, 41.81397117488098], [-72.71441806220963, 41.81396178528098], [-72.71441714100963, 41.81396178528098], [-72.71441714100963, 41.81397117488098], [-72.71441806220963, 41.81397117488098]]], [[[-72.71490906180964, 41.814041170080976], [-72.71488971660963, 41.814041170080976], [-72.71488971660963, 41.81403519488098], [-72.71490906180964, 41.81403519488098], [-72.71490906180964, 41.814041170080976]]], [[[-72.71489984980964, 41.814042877280976], [-72.71490906180964, 41.814042877280976], [-72.71490906180964, 41.81427932448098], [-72.71489984980964, 41.81427932448098], [-72.71489984980964, 41.814042877280976]]], [[[-72.71493024940963, 41.814042023680976], [-72.71493669780963, 41.814042023680976], [-72.71493669780963, 41.81419225728098], [-72.71493024940963, 41.81419225728098], [-72.71493024940963, 41.814042023680976]]], [[[-72.71489063780963, 41.814287006880974], [-72.71490721940962, 41.814287006880974], [-72.71490721940962, 41.814281031680984], [-72.71489063780963, 41.814281031680984], [-72.71489063780963, 41.814287006880974]]], [[[-72.71449083700965, 41.81431859008098], [-72.71447978260963, 41.81431859008098], [-72.71447978260963, 41.814313468480975], [-72.71449083700965, 41.814313468480975], [-72.71449083700965, 41.81431859008098]]], [[[-72.71448530980965, 41.81432029728098], [-72.71449083700965, 41.81432029728098], [-72.71449083700965, 41.81436127008098], [-72.71448530980965, 41.81436127008098], [-72.71448530980965, 41.81432029728098]]], [[[-72.71450373380964, 41.814316029280974], [-72.71450926100962, 41.814316029280974], [-72.71450926100962, 41.81435785568098], [-72.71450373380964, 41.81435785568098], [-72.71450373380964, 41.814316029280974]]], [[[-72.71451202460963, 41.81374753168098], [-72.71452123660963, 41.81374753168098], [-72.71452123660963, 41.81399422208098], [-72.71451202460963, 41.81399422208098], [-72.71451202460963, 41.81374753168098]]], [[[-72.71454334540964, 41.81376375008097], [-72.71455347860964, 41.81376375008097], [-72.71455347860964, 41.81399422208098], [-72.71454334540964, 41.81399422208098], [-72.71454334540964, 41.81376375008097]]], [[[-72.71452123660963, 41.81399507568098], [-72.71450097020964, 41.81399507568098], [-72.71450097020964, 41.814003611680974], [-72.71452123660963, 41.814003611680974], [-72.71452123660963, 41.81399507568098]]], [[[-72.71452307900964, 41.814003611680974], [-72.71452307900964, 41.81399507568098], [-72.71452123660963, 41.81399507568098], [-72.71452123660963, 41.814003611680974], [-72.71452307900964, 41.814003611680974]]], [[[-72.71486300180963, 41.81431517568098], [-72.71486300180963, 41.81431944368098], [-72.71487405620964, 41.81431944368098], [-72.71487405620964, 41.81431517568098], [-72.71486300180963, 41.81431517568098]]], [[[-72.71486945020963, 41.81432200448098], [-72.71487497740964, 41.81432200448098], [-72.71487497740964, 41.81435870928098], [-72.71486945020963, 41.81435870928098], [-72.71486945020963, 41.81432200448098]]], [[[-72.71489155900963, 41.81432029728098], [-72.71489708620963, 41.81432029728098], [-72.71489708620963, 41.81435102688098], [-72.71489155900963, 41.81435102688098], [-72.71489155900963, 41.81432029728098]]], [[[-72.71490537700964, 41.814330540480974], [-72.71490814060964, 41.814330540480974], [-72.71490814060964, 41.81434078368098], [-72.71490537700964, 41.81434078368098], [-72.71490537700964, 41.814330540480974]]], [[[-72.71458848420964, 41.813746678080975], [-72.71460506580964, 41.813746678080975], [-72.71460506580964, 41.81376204288098], [-72.71458848420964, 41.81376204288098], [-72.71458848420964, 41.813746678080975]]], [[[-72.71458756300963, 41.813913983680976], [-72.71460598700963, 41.813913983680976], [-72.71460598700963, 41.81392251968098], [-72.71458756300963, 41.81392251968098], [-72.71458756300963, 41.813913983680976]]], [[[-72.71459677500962, 41.81376375008097], [-72.71460598700963, 41.81376375008097], [-72.71460598700963, 41.81391227648098], [-72.71459677500962, 41.81391227648098], [-72.71459677500962, 41.81376375008097]]], [[[-72.71462809580963, 41.81376375008097], [-72.71463730780964, 41.81376375008097], [-72.71463730780964, 41.81393447008097], [-72.71462809580963, 41.81393447008097], [-72.71462809580963, 41.81376375008097]]], [[[-72.71460782940964, 41.81392251968098], [-72.71460782940964, 41.813913983680976], [-72.71460598700963, 41.813913983680976], [-72.71460598700963, 41.81392251968098], [-72.71460782940964, 41.81392251968098]]], [[[-72.71451202460963, 41.81403434128098], [-72.71453321220963, 41.81403434128098], [-72.71453321220963, 41.81404031648098], [-72.71451202460963, 41.81404031648098], [-72.71451202460963, 41.81403434128098]]], [[[-72.71451202460963, 41.81428017808098], [-72.71453321220963, 41.81428017808098], [-72.71453321220963, 41.81428615328098], [-72.71451202460963, 41.81428615328098], [-72.71451202460963, 41.81428017808098]]], [[[-72.71452492140963, 41.814042877280976], [-72.71453413340963, 41.814042877280976], [-72.71453413340963, 41.81413250528098], [-72.71452492140963, 41.81413250528098], [-72.71452492140963, 41.814042877280976]]], [[[-72.71456361180964, 41.814042877280976], [-72.71457190260963, 41.814042877280976], [-72.71457190260963, 41.81427932448098], [-72.71456361180964, 41.81427932448098], [-72.71456361180964, 41.814042877280976]]], [[[-72.71452307900964, 41.81413677328098], [-72.71453413340963, 41.81413677328098], [-72.71453413340963, 41.81413762688098], [-72.71452307900964, 41.81413762688098], [-72.71452307900964, 41.81413677328098]]], [[[-72.71452307900964, 41.814143602080975], [-72.71453413340963, 41.814143602080975], [-72.71453413340963, 41.814145309280974], [-72.71452307900964, 41.814145309280974], [-72.71452307900964, 41.814143602080975]]], [[[-72.71452307900964, 41.81415128448098], [-72.71453413340963, 41.81415128448098], [-72.71453413340963, 41.81415213808098], [-72.71452307900964, 41.81415213808098], [-72.71452307900964, 41.81415128448098]]], [[[-72.71452307900964, 41.814158113280975], [-72.71453413340963, 41.814158113280975], [-72.71453413340963, 41.814159820480974], [-72.71452307900964, 41.814159820480974], [-72.71452307900964, 41.814158113280975]]], [[[-72.71452307900964, 41.81416579568098], [-72.71453413340963, 41.81416579568098], [-72.71453413340963, 41.81416750288098], [-72.71452307900964, 41.81416750288098], [-72.71452307900964, 41.81416579568098]]], [[[-72.71452307900964, 41.81417347808098], [-72.71453413340963, 41.81417347808098], [-72.71453413340963, 41.814174331680974], [-72.71452307900964, 41.814174331680974], [-72.71452307900964, 41.81417347808098]]], [[[-72.71452307900964, 41.81418030688098], [-72.71453413340963, 41.81418030688098], [-72.71453413340963, 41.81418201408098], [-72.71452307900964, 41.81418201408098], [-72.71452307900964, 41.81418030688098]]], [[[-72.71452307900964, 41.81418798928098], [-72.71453413340963, 41.81418798928098], [-72.71453413340963, 41.814188842880974], [-72.71452307900964, 41.814188842880974], [-72.71452307900964, 41.81418798928098]]], [[[-72.71452307900964, 41.81419481808098], [-72.71453413340963, 41.81419481808098], [-72.71453413340963, 41.81419652528098], [-72.71452307900964, 41.81419652528098], [-72.71452307900964, 41.81419481808098]]], [[[-72.71452307900964, 41.81420250048098], [-72.71453413340963, 41.81420250048098], [-72.71453413340963, 41.81420335408097], [-72.71452307900964, 41.81420335408097], [-72.71452307900964, 41.81420250048098]]], [[[-72.71452307900964, 41.81420932928098], [-72.71453413340963, 41.81420932928098], [-72.71453413340963, 41.81421103648098], [-72.71452307900964, 41.81421103648098], [-72.71452307900964, 41.81420932928098]]], [[[-72.71452307900964, 41.81421701168098], [-72.71453413340963, 41.81421701168098], [-72.71453413340963, 41.81421871888098], [-72.71452307900964, 41.81421871888098], [-72.71452307900964, 41.81421701168098]]], [[[-72.71452307900964, 41.81422469408098], [-72.71453413340963, 41.81422469408098], [-72.71453413340963, 41.814225547680984], [-72.71452307900964, 41.814225547680984], [-72.71452307900964, 41.81422469408098]]], [[[-72.71452307900964, 41.81423152288098], [-72.71453413340963, 41.81423152288098], [-72.71453413340963, 41.81423323008098], [-72.71452307900964, 41.81423323008098], [-72.71452307900964, 41.81423152288098]]], [[[-72.71452307900964, 41.81423920528098], [-72.71453413340963, 41.81423920528098], [-72.71453413340963, 41.81424005888098], [-72.71452307900964, 41.81424005888098], [-72.71452307900964, 41.81423920528098]]], [[[-72.71452307900964, 41.81424603408098], [-72.71453413340963, 41.81424603408098], [-72.71453413340963, 41.81424774128098], [-72.71452307900964, 41.81424774128098], [-72.71452307900964, 41.81424603408098]]], [[[-72.71452307900964, 41.81425371648098], [-72.71453413340963, 41.81425371648098], [-72.71453413340963, 41.81425457008098], [-72.71452307900964, 41.81425457008098], [-72.71452307900964, 41.81425371648098]]], [[[-72.71452307900964, 41.81426054528098], [-72.71453413340963, 41.81426054528098], [-72.71453413340963, 41.81426225248098], [-72.71452307900964, 41.81426225248098], [-72.71452307900964, 41.81426054528098]]], [[[-72.71452307900964, 41.81426822768098], [-72.71453413340963, 41.81426822768098], [-72.71453413340963, 41.814269934880976], [-72.71452307900964, 41.814269934880976], [-72.71452307900964, 41.81426822768098]]], [[[-72.71452307900964, 41.81427591008098], [-72.71453413340963, 41.81427591008098], [-72.71453413340963, 41.81427676368098], [-72.71452307900964, 41.81427676368098], [-72.71452307900964, 41.81427591008098]]], [[[-72.71505737500964, 41.814042023680976], [-72.71504079340963, 41.814042023680976], [-72.71504079340963, 41.81403604848098], [-72.71505737500964, 41.81403604848098], [-72.71505737500964, 41.814042023680976]]], [[[-72.71505092660963, 41.81404373088098], [-72.71505737500964, 41.81404373088098], [-72.71505737500964, 41.81427932448098], [-72.71505092660963, 41.81427932448098], [-72.71505092660963, 41.81404373088098]]], [[[-72.71507948380963, 41.814044584480975], [-72.71508869580963, 41.814044584480975], [-72.71508869580963, 41.81428017808098], [-72.71507948380963, 41.81428017808098], [-72.71507948380963, 41.814044584480975]]], [[[-72.71484642020964, 41.81374923888097], [-72.71486300180963, 41.81374923888097], [-72.71486300180963, 41.813758628480976], [-72.71484642020964, 41.813758628480976], [-72.71484642020964, 41.81374923888097]]], [[[-72.71484642020964, 41.81399849008098], [-72.71486300180963, 41.81399849008098], [-72.71486300180963, 41.81400446528098], [-72.71484642020964, 41.81400446528098], [-72.71484642020964, 41.81399849008098]]], [[[-72.71485655340963, 41.81376033568098], [-72.71486300180963, 41.81376033568098], [-72.71486300180963, 41.81399678288098], [-72.71485655340963, 41.81399678288098], [-72.71485655340963, 41.81376033568098]]], [[[-72.71488511060963, 41.81375521408098], [-72.71489063780963, 41.81375521408098], [-72.71489063780963, 41.81392678768098], [-72.71488511060963, 41.81392678768098], [-72.71488511060963, 41.81375521408098]]], [[[-72.71440332300965, 41.81437236688098], [-72.71483628700963, 41.81437236688098], [-72.71483628700963, 41.81437834208098], [-72.71440332300965, 41.81437834208098], [-72.71440332300965, 41.81437236688098]]], [[[-72.71452768500963, 41.814353587680976], [-72.71457098140964, 41.814353587680976], [-72.71457098140964, 41.81435870928098], [-72.71452768500963, 41.81435870928098], [-72.71452768500963, 41.814353587680976]]], [[[-72.71467876180964, 41.814353587680976], [-72.71476535460964, 41.814353587680976], [-72.71476535460964, 41.81435870928098], [-72.71467876180964, 41.81435870928098], [-72.71467876180964, 41.814353587680976]]], [[[-72.71476627580962, 41.81435956288097], [-72.71476627580962, 41.81434846608098], [-72.71477180300964, 41.81434846608098], [-72.71477180300964, 41.81435956288097], [-72.71476627580962, 41.81435956288097]]], [[[-72.71523977260964, 41.81403348768098], [-72.71544151540964, 41.81403348768098], [-72.71544151540964, 41.81403946288098], [-72.71523977260964, 41.81403946288098], [-72.71523977260964, 41.81403348768098]]], [[[-72.71519831860964, 41.81375606768098], [-72.71518265820963, 41.81375606768098], [-72.71518265820963, 41.81375009248098], [-72.71519831860964, 41.81375009248098], [-72.71519831860964, 41.81375606768098]]], [[[-72.71518910660963, 41.81375777488098], [-72.71519831860964, 41.81375777488098], [-72.71519831860964, 41.81399336848098], [-72.71518910660963, 41.81399336848098], [-72.71518910660963, 41.81375777488098]]], [[[-72.71519831860964, 41.81399507568098], [-72.71518173700963, 41.81399507568098], [-72.71518173700963, 41.81400446528098], [-72.71519831860964, 41.81400446528098], [-72.71519831860964, 41.81399507568098]]], [[[-72.71520016100963, 41.81400446528098], [-72.71520016100963, 41.81399507568098], [-72.71519831860964, 41.81399507568098], [-72.71519831860964, 41.81400446528098], [-72.71520016100963, 41.81400446528098]]], [[[-72.71440424420963, 41.81403860928098], [-72.71441714100963, 41.81403860928098], [-72.71441714100963, 41.81403946288098], [-72.71440424420963, 41.81403946288098], [-72.71440424420963, 41.81403860928098]]], [[[-72.71440424420963, 41.81404543808098], [-72.71441714100963, 41.81404543808098], [-72.71441714100963, 41.81404714528097], [-72.71440424420963, 41.81404714528097], [-72.71440424420963, 41.81404543808098]]], [[[-72.71440424420963, 41.81405312048098], [-72.71441714100963, 41.81405312048098], [-72.71441714100963, 41.81405397408098], [-72.71440424420963, 41.81405397408098], [-72.71440424420963, 41.81405312048098]]], [[[-72.71440424420963, 41.81405994928098], [-72.71441714100963, 41.81405994928098], [-72.71441714100963, 41.81406165648097], [-72.71440424420963, 41.81406165648097], [-72.71440424420963, 41.81405994928098]]], [[[-72.71440424420963, 41.81406763168098], [-72.71441714100963, 41.81406763168098], [-72.71441714100963, 41.81406848528098], [-72.71440424420963, 41.81406848528098], [-72.71440424420963, 41.81406763168098]]], [[[-72.71440424420963, 41.81407531408098], [-72.71441714100963, 41.81407531408098], [-72.71441714100963, 41.81407616768097], [-72.71440424420963, 41.81407616768097], [-72.71440424420963, 41.81407531408098]]], [[[-72.71440424420963, 41.81408214288098], [-72.71441714100963, 41.81408214288098], [-72.71441714100963, 41.81408385008098], [-72.71440424420963, 41.81408385008098], [-72.71440424420963, 41.81408214288098]]], [[[-72.71440424420963, 41.81408982528098], [-72.71441714100963, 41.81408982528098], [-72.71441714100963, 41.81409067888097], [-72.71440424420963, 41.81409067888097], [-72.71440424420963, 41.81408982528098]]], [[[-72.71440424420963, 41.81409665408098], [-72.71441714100963, 41.81409665408098], [-72.71441714100963, 41.81409836128098], [-72.71440424420963, 41.81409836128098], [-72.71440424420963, 41.81409665408098]]], [[[-72.71440424420963, 41.81410433648098], [-72.71441714100963, 41.81410433648098], [-72.71441714100963, 41.81410519008097], [-72.71440424420963, 41.81410519008097], [-72.71440424420963, 41.81410433648098]]], [[[-72.71440424420963, 41.81411116528098], [-72.71441714100963, 41.81411116528098], [-72.71441714100963, 41.81411287248098], [-72.71440424420963, 41.81411287248098], [-72.71440424420963, 41.81411116528098]]], [[[-72.71440424420963, 41.81411884768098], [-72.71441714100963, 41.81411884768098], [-72.71441714100963, 41.81411970128098], [-72.71440424420963, 41.81411970128098], [-72.71440424420963, 41.81411884768098]]], [[[-72.71440424420963, 41.814126530080976], [-72.71441714100963, 41.814126530080976], [-72.71441714100963, 41.81412738368098], [-72.71440424420963, 41.81412738368098], [-72.71440424420963, 41.814126530080976]]], [[[-72.71440424420963, 41.81413335888098], [-72.71441714100963, 41.81413335888098], [-72.71441714100963, 41.81413506608098], [-72.71440424420963, 41.81413506608098], [-72.71440424420963, 41.81413335888098]]], [[[-72.71440424420963, 41.814141041280976], [-72.71441714100963, 41.814141041280976], [-72.71441714100963, 41.81414189488098], [-72.71440424420963, 41.81414189488098], [-72.71440424420963, 41.814141041280976]]], [[[-72.71440424420963, 41.81414787008098], [-72.71441714100963, 41.81414787008098], [-72.71441714100963, 41.81414957728098], [-72.71440424420963, 41.81414957728098], [-72.71440424420963, 41.81414787008098]]], [[[-72.71440424420963, 41.814155552480976], [-72.71441714100963, 41.814155552480976], [-72.71441714100963, 41.81415640608098], [-72.71440424420963, 41.81415640608098], [-72.71440424420963, 41.814155552480976]]], [[[-72.71440424420963, 41.81416238128098], [-72.71441714100963, 41.81416238128098], [-72.71441714100963, 41.81416408848098], [-72.71440424420963, 41.81416408848098], [-72.71440424420963, 41.81416238128098]]], [[[-72.71440424420963, 41.814170063680976], [-72.71441714100963, 41.814170063680976], [-72.71441714100963, 41.81417091728098], [-72.71440424420963, 41.81417091728098], [-72.71440424420963, 41.814170063680976]]], [[[-72.71440424420963, 41.81417774608098], [-72.71441714100963, 41.81417774608098], [-72.71441714100963, 41.81417859968098], [-72.71440424420963, 41.81417859968098], [-72.71440424420963, 41.81417774608098]]], [[[-72.71440424420963, 41.814184574880976], [-72.71441714100963, 41.814184574880976], [-72.71441714100963, 41.814186282080975], [-72.71440424420963, 41.814186282080975], [-72.71440424420963, 41.814184574880976]]], [[[-72.71440424420963, 41.81419225728098], [-72.71441714100963, 41.81419225728098], [-72.71441714100963, 41.81419311088098], [-72.71440424420963, 41.81419311088098], [-72.71440424420963, 41.81419225728098]]], [[[-72.71440424420963, 41.81419908608098], [-72.71441714100963, 41.81419908608098], [-72.71441714100963, 41.814200793280975], [-72.71440424420963, 41.814200793280975], [-72.71440424420963, 41.81419908608098]]], [[[-72.71440424420963, 41.81420676848098], [-72.71441714100963, 41.81420676848098], [-72.71441714100963, 41.81420762208098], [-72.71440424420963, 41.81420762208098], [-72.71440424420963, 41.81420676848098]]], [[[-72.71440424420963, 41.81421359728098], [-72.71441714100963, 41.81421359728098], [-72.71441714100963, 41.814215304480975], [-72.71440424420963, 41.814215304480975], [-72.71440424420963, 41.81421359728098]]], [[[-72.71440424420963, 41.81422127968098], [-72.71441714100963, 41.81422127968098], [-72.71441714100963, 41.81422213328098], [-72.71440424420963, 41.81422213328098], [-72.71440424420963, 41.81422127968098]]], [[[-72.71440424420963, 41.81422810848098], [-72.71441714100963, 41.81422810848098], [-72.71441714100963, 41.814229815680974], [-72.71440424420963, 41.814229815680974], [-72.71440424420963, 41.81422810848098]]], [[[-72.71440424420963, 41.81423579088098], [-72.71441714100963, 41.81423579088098], [-72.71441714100963, 41.81423749808098], [-72.71440424420963, 41.81423749808098], [-72.71440424420963, 41.81423579088098]]], [[[-72.71440424420963, 41.814243473280975], [-72.71441714100963, 41.814243473280975], [-72.71441714100963, 41.814244326880974], [-72.71440424420963, 41.814244326880974], [-72.71440424420963, 41.814243473280975]]], [[[-72.71440424420963, 41.81425030208098], [-72.71441714100963, 41.81425030208098], [-72.71441714100963, 41.814252009280985], [-72.71440424420963, 41.814252009280985], [-72.71440424420963, 41.81425030208098]]], [[[-72.71440424420963, 41.814257984480975], [-72.71441714100963, 41.814257984480975], [-72.71441714100963, 41.814258838080974], [-72.71440424420963, 41.814258838080974], [-72.71440424420963, 41.814257984480975]]], [[[-72.71440424420963, 41.81426481328098], [-72.71441714100963, 41.81426481328098], [-72.71441714100963, 41.814266520480984], [-72.71440424420963, 41.814266520480984], [-72.71440424420963, 41.81426481328098]]], [[[-72.71440424420963, 41.814272495680974], [-72.71441714100963, 41.814272495680974], [-72.71441714100963, 41.814273349280974], [-72.71440424420963, 41.814273349280974], [-72.71440424420963, 41.814272495680974]]], [[[-72.71447609780964, 41.81404373088098], [-72.71445583140964, 41.81404373088098], [-72.71445583140964, 41.81403434128098], [-72.71447609780964, 41.81403434128098], [-72.71447609780964, 41.81404373088098]]], [[[-72.71445583140964, 41.81404629168098], [-72.71446504340963, 41.81404629168098], [-72.71446504340963, 41.81413591968098], [-72.71445583140964, 41.81413591968098], [-72.71445583140964, 41.81404629168098]]], [[[-72.71446688580964, 41.81404714528097], [-72.71447609780964, 41.81404714528097], [-72.71447609780964, 41.814102629280974], [-72.71446688580964, 41.814102629280974], [-72.71446688580964, 41.81404714528097]]], [[[-72.71445030420963, 41.81411628688098], [-72.71445030420963, 41.814110311680984], [-72.71445583140964, 41.814110311680984], [-72.71445583140964, 41.81411628688098], [-72.71445030420963, 41.81411628688098]]], [[[-72.71446964940964, 41.81410433648098], [-72.71447609780964, 41.81410433648098], [-72.71447609780964, 41.81417091728098], [-72.71446964940964, 41.81417091728098], [-72.71446964940964, 41.81410433648098]]], [[[-72.71445491020964, 41.814139334080984], [-72.71446780700964, 41.814139334080984], [-72.71446780700964, 41.81414018768098], [-72.71445491020964, 41.81414018768098], [-72.71445491020964, 41.814139334080984]]], [[[-72.71445491020964, 41.81414616288098], [-72.71446780700964, 41.81414616288098], [-72.71446780700964, 41.81414787008098], [-72.71445491020964, 41.81414787008098], [-72.71445491020964, 41.81414616288098]]], [[[-72.71445491020964, 41.814153845280984], [-72.71446780700964, 41.814153845280984], [-72.71446780700964, 41.81415469888098], [-72.71445491020964, 41.81415469888098], [-72.71445491020964, 41.814153845280984]]], [[[-72.71445491020964, 41.81416067408098], [-72.71446780700964, 41.81416067408098], [-72.71446780700964, 41.81416238128098], [-72.71445491020964, 41.81416238128098], [-72.71445491020964, 41.81416067408098]]], [[[-72.71445491020964, 41.81416835648098], [-72.71446780700964, 41.81416835648098], [-72.71446780700964, 41.814169210080976], [-72.71445491020964, 41.814169210080976], [-72.71445491020964, 41.81416835648098]]], [[[-72.71445398900964, 41.814171770880975], [-72.71446412220963, 41.814171770880975], [-72.71446412220963, 41.81428017808098], [-72.71445398900964, 41.81428017808098], [-72.71445398900964, 41.814171770880975]]], [[[-72.71446504340963, 41.814171770880975], [-72.71447609780964, 41.814171770880975], [-72.71447609780964, 41.81428017808098], [-72.71446504340963, 41.81428017808098], [-72.71446504340963, 41.814171770880975]]], [[[-72.71439318980963, 41.81427847088098], [-72.71439226860963, 41.81427847088098], [-72.71439226860963, 41.814287006880974], [-72.71439318980963, 41.814287006880974], [-72.71439318980963, 41.81427847088098]]], [[[-72.71440055940964, 41.81427847088098], [-72.71439963820963, 41.81427847088098], [-72.71439963820963, 41.814287006880974], [-72.71440055940964, 41.814287006880974], [-72.71440055940964, 41.81427847088098]]], [[[-72.71440885020964, 41.81427847088098], [-72.71440700780964, 41.81427847088098], [-72.71440700780964, 41.814287006880974], [-72.71440885020964, 41.814287006880974], [-72.71440885020964, 41.81427847088098]]], [[[-72.71441621980964, 41.81427847088098], [-72.71441529860964, 41.81427847088098], [-72.71441529860964, 41.814287006880974], [-72.71441621980964, 41.814287006880974], [-72.71441621980964, 41.81427847088098]]], [[[-72.71523885140964, 41.81405055968098], [-72.71523885140964, 41.81403519488098], [-72.71522963940963, 41.81403519488098], [-72.71522963940963, 41.81405055968098], [-72.71523885140964, 41.81405055968098]]], [[[-72.71523977260964, 41.814041170080976], [-72.71544151540964, 41.814041170080976], [-72.71544151540964, 41.81404970608098], [-72.71523977260964, 41.81404970608098], [-72.71523977260964, 41.814041170080976]]], [[[-72.71522963940963, 41.81405226688098], [-72.71523885140964, 41.81405226688098], [-72.71523885140964, 41.81405055968098], [-72.71522963940963, 41.81405055968098], [-72.71522963940963, 41.81405226688098]]], [[[-72.71527293580964, 41.814070192480976], [-72.71545164860963, 41.814070192480976], [-72.71545164860963, 41.81407872848097], [-72.71527293580964, 41.81407872848097], [-72.71527293580964, 41.814070192480976]]], [[[-72.71544335780965, 41.81404970608098], [-72.71544335780965, 41.81403434128098], [-72.71545256980964, 41.81403434128098], [-72.71545256980964, 41.81404970608098], [-72.71544335780965, 41.81404970608098]]], [[[-72.71588829740963, 41.81402068368098], [-72.71590487900964, 41.81402068368098], [-72.71590487900964, 41.814139334080984], [-72.71588829740963, 41.814139334080984], [-72.71588829740963, 41.81402068368098]]], [[[-72.71589382460964, 41.814184574880976], [-72.71590395780964, 41.814184574880976], [-72.71590395780964, 41.81442102208098], [-72.71589382460964, 41.81442102208098], [-72.71589382460964, 41.814184574880976]]], [[[-72.71561746460964, 41.814397974880976], [-72.71561746460964, 41.81437578128098], [-72.71562667660963, 41.81437578128098], [-72.71562667660963, 41.814397974880976], [-72.71561746460964, 41.814397974880976]]], [[[-72.71561746460964, 41.81442016848098], [-72.71561746460964, 41.814397974880976], [-72.71562667660963, 41.814397974880976], [-72.71562667660963, 41.81442016848098], [-72.71561746460964, 41.81442016848098]]], [[[-72.71517436740965, 41.814041170080976], [-72.71516054940963, 41.814041170080976], [-72.71516054940963, 41.81403519488098], [-72.71517436740965, 41.81403519488098], [-72.71517436740965, 41.814041170080976]]], [[[-72.71516884020964, 41.81404373088098], [-72.71517528860963, 41.81404373088098], [-72.71517528860963, 41.81427932448098], [-72.71516884020964, 41.81427932448098], [-72.71516884020964, 41.81404373088098]]], [[[-72.71517436740965, 41.814281031680984], [-72.71516147060964, 41.814281031680984], [-72.71516147060964, 41.814287006880974], [-72.71517436740965, 41.814287006880974], [-72.71517436740965, 41.814281031680984]]], [[[-72.71553087180965, 41.81401983008098], [-72.71554192620964, 41.81401983008098], [-72.71554192620964, 41.814131651680974], [-72.71553087180965, 41.814131651680974], [-72.71553087180965, 41.81401983008098]]], [[[-72.71555482300964, 41.81413250528098], [-72.71553179300963, 41.81413250528098], [-72.71553179300963, 41.814143602080975], [-72.71555482300964, 41.814143602080975], [-72.71555482300964, 41.81413250528098]]], [[[-72.71428909420963, 41.81406763168098], [-72.71428909420963, 41.81406251008098], [-72.71428448820964, 41.81406251008098], [-72.71428448820964, 41.81406763168098], [-72.71428909420963, 41.81406763168098]]], [[[-72.71547467860964, 41.814032634080974], [-72.71548389060965, 41.814032634080974], [-72.71548389060965, 41.81429042128098], [-72.71547467860964, 41.81429042128098], [-72.71547467860964, 41.814032634080974]]], [[[-72.71560272540964, 41.81401983008098], [-72.71561377980963, 41.81401983008098], [-72.71561377980963, 41.814131651680974], [-72.71560272540964, 41.814131651680974], [-72.71560272540964, 41.81401983008098]]], [[[-72.71564878540963, 41.81401983008098], [-72.71565983980965, 41.81401983008098], [-72.71565983980965, 41.814131651680974], [-72.71564878540963, 41.814131651680974], [-72.71564878540963, 41.81401983008098]]], [[[-72.71567273660963, 41.81413250528098], [-72.71565062780964, 41.81413250528098], [-72.71565062780964, 41.814143602080975], [-72.71567273660963, 41.814143602080975], [-72.71567273660963, 41.81413250528098]]], [[[-72.71572063900963, 41.81401983008098], [-72.71573169340964, 41.81401983008098], [-72.71573169340964, 41.814131651680974], [-72.71572063900963, 41.814131651680974], [-72.71572063900963, 41.81401983008098]]], [[[-72.71576669900963, 41.81401983008098], [-72.71577775340963, 41.81401983008098], [-72.71577775340963, 41.814131651680974], [-72.71576669900963, 41.814131651680974], [-72.71576669900963, 41.81401983008098]]], [[[-72.71579065020964, 41.81413335888098], [-72.71576854140963, 41.81413335888098], [-72.71576854140963, 41.814143602080975], [-72.71579065020964, 41.814143602080975], [-72.71579065020964, 41.81413335888098]]], [[[-72.71501868460963, 41.814042023680976], [-72.71500578780963, 41.814042023680976], [-72.71500578780963, 41.81403604848098], [-72.71501868460963, 41.81403604848098], [-72.71501868460963, 41.814042023680976]]], [[[-72.71501223620963, 41.81404373088098], [-72.71501868460963, 41.81404373088098], [-72.71501868460963, 41.81427932448098], [-72.71501223620963, 41.81427932448098], [-72.71501223620963, 41.81404373088098]]], [[[-72.71504079340963, 41.81404373088098], [-72.71505000540964, 41.81404373088098], [-72.71505000540964, 41.81427932448098], [-72.71504079340963, 41.81427932448098], [-72.71504079340963, 41.81404373088098]]], [[[-72.71501868460963, 41.81428017808098], [-72.71500486660965, 41.81428017808098], [-72.71500486660965, 41.81428615328098], [-72.71501868460963, 41.81428615328098], [-72.71501868460963, 41.81428017808098]]], [[[-72.71506658700963, 41.81375521408098], [-72.71507579900963, 41.81375521408098], [-72.71507579900963, 41.81391313008098], [-72.71506658700963, 41.81391313008098], [-72.71506658700963, 41.81375521408098]]], [[[-72.71509790780964, 41.81375606768098], [-72.71510711980963, 41.81375606768098], [-72.71510711980963, 41.81375777488098], [-72.71509790780964, 41.81375777488098], [-72.71509790780964, 41.81375606768098]]], [[[-72.71509790780964, 41.81376375008097], [-72.71510711980963, 41.81376375008097], [-72.71510711980963, 41.81376460368098], [-72.71509790780964, 41.81376460368098], [-72.71509790780964, 41.81376375008097]]], [[[-72.71509790780964, 41.81376887168098], [-72.71510711980963, 41.81376887168098], [-72.71510711980963, 41.81398141808098], [-72.71509790780964, 41.81398141808098], [-72.71509790780964, 41.81376887168098]]], [[[-72.71505369020963, 41.81392337328098], [-72.71507579900963, 41.81392337328098], [-72.71507579900963, 41.813914837280976], [-72.71505369020963, 41.813914837280976], [-72.71505369020963, 41.81392337328098]]], [[[-72.71460598700963, 41.81431944368098], [-72.71461151420964, 41.81431944368098], [-72.71461151420964, 41.81432968688098], [-72.71460598700963, 41.81432968688098], [-72.71460598700963, 41.81431944368098]]], [[[-72.71476627580962, 41.81431944368098], [-72.71477180300964, 41.81431944368098], [-72.71477180300964, 41.81432968688098], [-72.71476627580962, 41.81432968688098], [-72.71476627580962, 41.81431944368098]]], [[[-72.71461335660965, 41.81432456528098], [-72.71476535460964, 41.81432456528098], [-72.71476535460964, 41.81432968688098], [-72.71461335660965, 41.81432968688098], [-72.71461335660965, 41.81432456528098]]], [[[-72.71467876180964, 41.81434846608098], [-72.71476535460964, 41.81434846608098], [-72.71476535460964, 41.814353587680976], [-72.71467876180964, 41.814353587680976], [-72.71467876180964, 41.81434846608098]]], [[[-72.71553363540963, 41.81437578128098], [-72.71554284740964, 41.81437578128098], [-72.71554284740964, 41.814397974880976], [-72.71553363540963, 41.814397974880976], [-72.71553363540963, 41.81437578128098]]], [[[-72.71556403500963, 41.81437578128098], [-72.71557416820963, 41.81437578128098], [-72.71557416820963, 41.814397974880976], [-72.71556403500963, 41.814397974880976], [-72.71556403500963, 41.81437578128098]]], [[[-72.71558430140963, 41.81437407408097], [-72.71556587740965, 41.81437407408097], [-72.71556587740965, 41.81436468448098], [-72.71558430140963, 41.81436468448098], [-72.71558430140963, 41.81437407408097]]], [[[-72.71553363540963, 41.814397974880976], [-72.71554284740964, 41.814397974880976], [-72.71554284740964, 41.81442016848098], [-72.71553363540963, 41.81442016848098], [-72.71553363540963, 41.814397974880976]]], [[[-72.71556403500963, 41.814397974880976], [-72.71557416820963, 41.814397974880976], [-72.71557416820963, 41.81442016848098], [-72.71556403500963, 41.81442016848098], [-72.71556403500963, 41.814397974880976]]], [[[-72.71531623220963, 41.81424944848098], [-72.71531623220963, 41.81423152288098], [-72.71530609900964, 41.81423152288098], [-72.71530609900964, 41.81424944848098], [-72.71531623220963, 41.81424944848098]]], [[[-72.71531715340963, 41.814240912480976], [-72.71545164860963, 41.814240912480976], [-72.71545164860963, 41.81425030208098], [-72.71531715340963, 41.81425030208098], [-72.71531715340963, 41.814240912480976]]], [[[-72.71494775220962, 41.814041170080976], [-72.71493117060963, 41.814041170080976], [-72.71493117060963, 41.81403519488098], [-72.71494775220962, 41.81403519488098], [-72.71494775220962, 41.814041170080976]]], [[[-72.71493854020963, 41.814042023680976], [-72.71494775220962, 41.814042023680976], [-72.71494775220962, 41.81419225728098], [-72.71493854020963, 41.81419225728098], [-72.71493854020963, 41.814042023680976]]], [[[-72.71496893980964, 41.814042023680976], [-72.71497538820964, 41.814042023680976], [-72.71497538820964, 41.81419225728098], [-72.71496893980964, 41.81419225728098], [-72.71496893980964, 41.814042023680976]]], [[[-72.71494775220962, 41.81419396448098], [-72.71493117060963, 41.81419396448098], [-72.71493117060963, 41.81419993968098], [-72.71494775220962, 41.81419993968098], [-72.71494775220962, 41.81419396448098]]], [[[-72.71478193620963, 41.814041170080976], [-72.71476351220964, 41.814041170080976], [-72.71476351220964, 41.81403519488098], [-72.71478193620963, 41.81403519488098], [-72.71478193620963, 41.814041170080976]]], [[[-72.71477272420964, 41.81404373088098], [-72.71478285740965, 41.81404373088098], [-72.71478285740965, 41.81427932448098], [-72.71477272420964, 41.81427932448098], [-72.71477272420964, 41.81404373088098]]], [[[-72.71480496620964, 41.81404543808098], [-72.71481417820964, 41.81404543808098], [-72.71481417820964, 41.814184574880976], [-72.71480496620964, 41.814184574880976], [-72.71480496620964, 41.81404543808098]]], [[[-72.71480496620964, 41.81421103648098], [-72.71481417820964, 41.81421103648098], [-72.71481417820964, 41.81427505648098], [-72.71480496620964, 41.81427505648098], [-72.71480496620964, 41.81421103648098]]], [[[-72.71478193620963, 41.81428017808098], [-72.71476351220964, 41.81428017808098], [-72.71476351220964, 41.81428615328098], [-72.71478193620963, 41.81428615328098], [-72.71478193620963, 41.81428017808098]]], [[[-72.71445583140964, 41.813761189280974], [-72.71447886140965, 41.813761189280974], [-72.71447886140965, 41.81376887168098], [-72.71445583140964, 41.81376887168098], [-72.71445583140964, 41.813761189280974]]], [[[-72.71445675260964, 41.81399678288098], [-72.71447701900964, 41.81399678288098], [-72.71447701900964, 41.814003611680974], [-72.71445675260964, 41.814003611680974], [-72.71445675260964, 41.81399678288098]]], [[[-72.71450004900963, 41.81374582448098], [-72.71451018220964, 41.81374582448098], [-72.71451018220964, 41.81399422208098], [-72.71450004900963, 41.81399422208098], [-72.71450004900963, 41.81374582448098]]], [[[-72.71446688580964, 41.81377057888098], [-72.71447794020963, 41.81377057888098], [-72.71447794020963, 41.81399592928098], [-72.71446688580964, 41.81399592928098], [-72.71446688580964, 41.81377057888098]]], [[[-72.71466033780965, 41.81404031648098], [-72.71463822900964, 41.81404031648098], [-72.71463822900964, 41.81403434128098], [-72.71466033780965, 41.81403434128098], [-72.71466033780965, 41.81404031648098]]], [[[-72.71464928340963, 41.814042877280976], [-72.71466033780965, 41.814042877280976], [-72.71466033780965, 41.81427932448098], [-72.71464928340963, 41.81427932448098], [-72.71464928340963, 41.814042877280976]]], [[[-72.71468244660964, 41.81406336368098], [-72.71468889500964, 41.81406336368098], [-72.71468889500964, 41.81427932448098], [-72.71468244660964, 41.81427932448098], [-72.71468244660964, 41.81406336368098]]], [[[-72.71466033780965, 41.81428017808098], [-72.71463822900964, 41.81428017808098], [-72.71463822900964, 41.81428615328098], [-72.71466033780965, 41.81428615328098], [-72.71466033780965, 41.81428017808098]]], [[[-72.71527109340964, 41.81408897168098], [-72.71527109340964, 41.814071046080976], [-72.71526188140965, 41.814071046080976], [-72.71526188140965, 41.81408897168098], [-72.71527109340964, 41.81408897168098]]], [[[-72.71527293580964, 41.81408043568098], [-72.71545164860963, 41.81408043568098], [-72.71545164860963, 41.81408982528098], [-72.71527293580964, 41.81408982528098], [-72.71527293580964, 41.81408043568098]]], [[[-72.71526188140965, 41.81409067888097], [-72.71527109340964, 41.81409067888097], [-72.71527109340964, 41.81408897168098], [-72.71526188140965, 41.81408897168098], [-72.71526188140965, 41.81409067888097]]], [[[-72.71531715340963, 41.81410945808098], [-72.71545164860963, 41.81410945808098], [-72.71545164860963, 41.81411884768098], [-72.71531715340963, 41.81411884768098], [-72.71531715340963, 41.81410945808098]]], [[[-72.71545441220964, 41.814070192480976], [-72.71545441220964, 41.814088118080974], [-72.71546362420963, 41.814088118080974], [-72.71546362420963, 41.814070192480976], [-72.71545441220964, 41.814070192480976]]], [[[-72.71583947380964, 41.81401983008098], [-72.71584960700963, 41.81401983008098], [-72.71584960700963, 41.814131651680974], [-72.71583947380964, 41.814131651680974], [-72.71583947380964, 41.81401983008098]]], [[[-72.71522411220964, 41.813871303680976], [-72.71522411220964, 41.81384996368098], [-72.71521766380964, 41.81384996368098], [-72.71521766380964, 41.813871303680976], [-72.71522411220964, 41.813871303680976]]], [[[-72.71522503340964, 41.813871303680976], [-72.71522503340964, 41.81384996368098], [-72.71523148180964, 41.81384996368098], [-72.71523148180964, 41.813871303680976], [-72.71522503340964, 41.813871303680976]]], [[[-72.71481417820964, 41.81374582448098], [-72.71482431140964, 41.81374582448098], [-72.71482431140964, 41.81392593408098], [-72.71481417820964, 41.81392593408098], [-72.71481417820964, 41.81374582448098]]], [[[-72.71484549900964, 41.81376033568098], [-72.71485563220963, 41.81376033568098], [-72.71485563220963, 41.81399678288098], [-72.71484549900964, 41.81399678288098], [-72.71484549900964, 41.81376033568098]]], [[[-72.71480312380963, 41.813927641280976], [-72.71482339020965, 41.813927641280976], [-72.71482339020965, 41.81393361648098], [-72.71480312380963, 41.81393361648098], [-72.71480312380963, 41.813927641280976]]], [[[-72.71531623220963, 41.814169210080976], [-72.71531623220963, 41.81414957728098], [-72.71530609900964, 41.81414957728098], [-72.71530609900964, 41.814169210080976], [-72.71531623220963, 41.814169210080976]]], [[[-72.71531715340963, 41.81416067408098], [-72.71545164860963, 41.81416067408098], [-72.71545164860963, 41.814169210080976], [-72.71531715340963, 41.814169210080976], [-72.71531715340963, 41.81416067408098]]], [[[-72.71530609900964, 41.81417091728098], [-72.71531623220963, 41.81417091728098], [-72.71531623220963, 41.814169210080976], [-72.71530609900964, 41.814169210080976], [-72.71530609900964, 41.81417091728098]]], [[[-72.71531715340963, 41.81418969648098], [-72.71545164860963, 41.81418969648098], [-72.71545164860963, 41.814198232480976], [-72.71531715340963, 41.814198232480976], [-72.71531715340963, 41.81418969648098]]], [[[-72.71578051700963, 41.81401983008098], [-72.71579157140964, 41.81401983008098], [-72.71579157140964, 41.814131651680974], [-72.71578051700963, 41.814131651680974], [-72.71578051700963, 41.81401983008098]]], [[[-72.71582657700964, 41.81401983008098], [-72.71583763140964, 41.81401983008098], [-72.71583763140964, 41.814131651680974], [-72.71582657700964, 41.814131651680974], [-72.71582657700964, 41.81401983008098]]], [[[-72.71584960700963, 41.81413335888098], [-72.71582657700964, 41.81413335888098], [-72.71582657700964, 41.814143602080975], [-72.71584960700963, 41.814143602080975], [-72.71584960700963, 41.81413335888098]]], [[[-72.71474048220963, 41.81375436048098], [-72.71471837340964, 41.81375436048098], [-72.71471837340964, 41.81374582448098], [-72.71474048220963, 41.81374582448098], [-72.71474048220963, 41.81375436048098]]], [[[-72.71473219140964, 41.81375777488098], [-72.71473863980964, 41.81375777488098], [-72.71473863980964, 41.81394898128097], [-72.71473219140964, 41.81394898128097], [-72.71473219140964, 41.81375777488098]]], [[[-72.71475982740964, 41.81374582448098], [-72.71476996060964, 41.81374582448098], [-72.71476996060964, 41.81392593408098], [-72.71475982740964, 41.81392593408098], [-72.71475982740964, 41.81374582448098]]], [[[-72.71471837340964, 41.81395068848098], [-72.71473679740963, 41.81395068848098], [-72.71473679740963, 41.81395922448098], [-72.71471837340964, 41.81395922448098], [-72.71471837340964, 41.81395068848098]]], [[[-72.71486852900964, 41.81435870928098], [-72.71486852900964, 41.81434334448098], [-72.71486300180963, 41.81434334448098], [-72.71486300180963, 41.81435870928098], [-72.71486852900964, 41.81435870928098]]], [[[-72.71486852900964, 41.814342490880975], [-72.71486852900964, 41.81432200448098], [-72.71486300180963, 41.81432200448098], [-72.71486300180963, 41.814342490880975], [-72.71486852900964, 41.814342490880975]]], [[[-72.71549218140963, 41.813972028480975], [-72.71589658820963, 41.813972028480975], [-72.71589658820963, 41.81398227168098], [-72.71549218140963, 41.81398227168098], [-72.71549218140963, 41.813972028480975]]], [[[-72.71527293580964, 41.81393703088098], [-72.71527938420964, 41.81393703088098], [-72.71527938420964, 41.81399507568098], [-72.71527293580964, 41.81399507568098], [-72.71527293580964, 41.81393703088098]]], [[[-72.71528030540964, 41.81393703088098], [-72.71528675380964, 41.81393703088098], [-72.71528675380964, 41.81399507568098], [-72.71528030540964, 41.81399507568098], [-72.71528030540964, 41.81393703088098]]], [[[-72.71433146940964, 41.81377911488098], [-72.71434436620964, 41.81377911488098], [-72.71434436620964, 41.81378082208098], [-72.71433146940964, 41.81378082208098], [-72.71433146940964, 41.81377911488098]]], [[[-72.71433146940964, 41.81378679728098], [-72.71434436620964, 41.81378679728098], [-72.71434436620964, 41.813787650880975], [-72.71433146940964, 41.813787650880975], [-72.71433146940964, 41.81378679728098]]], [[[-72.71433146940964, 41.81379362608098], [-72.71434436620964, 41.81379362608098], [-72.71434436620964, 41.81379533328098], [-72.71433146940964, 41.81379533328098], [-72.71433146940964, 41.81379362608098]]], [[[-72.71433146940964, 41.813801308480976], [-72.71434436620964, 41.813801308480976], [-72.71434436620964, 41.813802162080975], [-72.71433146940964, 41.813802162080975], [-72.71433146940964, 41.813801308480976]]], [[[-72.71433146940964, 41.81380813728098], [-72.71434436620964, 41.81380813728098], [-72.71434436620964, 41.81380984448098], [-72.71433146940964, 41.81380984448098], [-72.71433146940964, 41.81380813728098]]], [[[-72.71433146940964, 41.813815819680975], [-72.71434436620964, 41.813815819680975], [-72.71434436620964, 41.813816673280975], [-72.71433146940964, 41.813816673280975], [-72.71433146940964, 41.813815819680975]]], [[[-72.71433146940964, 41.81382264848098], [-72.71434436620964, 41.81382264848098], [-72.71434436620964, 41.81382435568098], [-72.71433146940964, 41.81382435568098], [-72.71433146940964, 41.81382264848098]]], [[[-72.71433146940964, 41.813830330880975], [-72.71434436620964, 41.813830330880975], [-72.71434436620964, 41.81383203808098], [-72.71433146940964, 41.81383203808098], [-72.71433146940964, 41.813830330880975]]], [[[-72.71433146940964, 41.81383801328098], [-72.71434436620964, 41.81383801328098], [-72.71434436620964, 41.81383886688098], [-72.71433146940964, 41.81383886688098], [-72.71433146940964, 41.81383801328098]]], [[[-72.71433146940964, 41.813844842080975], [-72.71434436620964, 41.813844842080975], [-72.71434436620964, 41.81384654928098], [-72.71433146940964, 41.81384654928098], [-72.71433146940964, 41.813844842080975]]], [[[-72.71433146940964, 41.81385252448098], [-72.71434436620964, 41.81385252448098], [-72.71434436620964, 41.81385337808098], [-72.71433146940964, 41.81385337808098], [-72.71433146940964, 41.81385252448098]]], [[[-72.71433146940964, 41.813859353280975], [-72.71434436620964, 41.813859353280975], [-72.71434436620964, 41.81386106048098], [-72.71433146940964, 41.81386106048098], [-72.71433146940964, 41.813859353280975]]], [[[-72.71433146940964, 41.81386703568098], [-72.71434436620964, 41.81386703568098], [-72.71434436620964, 41.81386788928098], [-72.71433146940964, 41.81386788928098], [-72.71433146940964, 41.81386703568098]]], [[[-72.71433146940964, 41.813873864480975], [-72.71434436620964, 41.813873864480975], [-72.71434436620964, 41.81387557168098], [-72.71433146940964, 41.81387557168098], [-72.71433146940964, 41.813873864480975]]], [[[-72.71433146940964, 41.81388154688098], [-72.71434436620964, 41.81388154688098], [-72.71434436620964, 41.81388325408098], [-72.71433146940964, 41.81388325408098], [-72.71433146940964, 41.81388154688098]]], [[[-72.71433146940964, 41.81388922928098], [-72.71434436620964, 41.81388922928098], [-72.71434436620964, 41.81389008288098], [-72.71433146940964, 41.81389008288098], [-72.71433146940964, 41.81388922928098]]], [[[-72.71433146940964, 41.81389605808098], [-72.71434436620964, 41.81389605808098], [-72.71434436620964, 41.81389776528098], [-72.71433146940964, 41.81389776528098], [-72.71433146940964, 41.81389605808098]]], [[[-72.71433146940964, 41.81390374048098], [-72.71434436620964, 41.81390374048098], [-72.71434436620964, 41.81390459408098], [-72.71433146940964, 41.81390459408098], [-72.71433146940964, 41.81390374048098]]], [[[-72.71433146940964, 41.81391056928098], [-72.71434436620964, 41.81391056928098], [-72.71434436620964, 41.81391227648098], [-72.71433146940964, 41.81391227648098], [-72.71433146940964, 41.81391056928098]]], [[[-72.71433146940964, 41.81391825168098], [-72.71434436620964, 41.81391825168098], [-72.71434436620964, 41.81391910528098], [-72.71433146940964, 41.81391910528098], [-72.71433146940964, 41.81391825168098]]], [[[-72.71433146940964, 41.81392508048098], [-72.71434436620964, 41.81392508048098], [-72.71434436620964, 41.81392678768098], [-72.71433146940964, 41.81392678768098], [-72.71433146940964, 41.81392508048098]]], [[[-72.71433146940964, 41.81393276288098], [-72.71434436620964, 41.81393276288098], [-72.71434436620964, 41.81393447008097], [-72.71433146940964, 41.81393447008097], [-72.71433146940964, 41.81393276288098]]], [[[-72.71433146940964, 41.81394044528098], [-72.71434436620964, 41.81394044528098], [-72.71434436620964, 41.81394129888098], [-72.71433146940964, 41.81394129888098], [-72.71433146940964, 41.81394044528098]]], [[[-72.71433146940964, 41.81394727408098], [-72.71434436620964, 41.81394727408098], [-72.71434436620964, 41.81394898128097], [-72.71433146940964, 41.81394898128097], [-72.71433146940964, 41.81394727408098]]], [[[-72.71433146940964, 41.81395495648098], [-72.71434436620964, 41.81395495648098], [-72.71434436620964, 41.81395581008098], [-72.71433146940964, 41.81395581008098], [-72.71433146940964, 41.81395495648098]]], [[[-72.71433146940964, 41.81396178528098], [-72.71434436620964, 41.81396178528098], [-72.71434436620964, 41.81396349248097], [-72.71433146940964, 41.81396349248097], [-72.71433146940964, 41.81396178528098]]], [[[-72.71433146940964, 41.81396946768098], [-72.71434436620964, 41.81396946768098], [-72.71434436620964, 41.813970321280976], [-72.71433146940964, 41.813970321280976], [-72.71433146940964, 41.81396946768098]]], [[[-72.71433146940964, 41.81397629648098], [-72.71434436620964, 41.81397629648098], [-72.71434436620964, 41.81397800368098], [-72.71433146940964, 41.81397800368098], [-72.71433146940964, 41.81397629648098]]], [[[-72.71433146940964, 41.81398397888098], [-72.71434436620964, 41.81398397888098], [-72.71434436620964, 41.813984832480976], [-72.71433146940964, 41.813984832480976], [-72.71433146940964, 41.81398397888098]]], [[[-72.71433146940964, 41.81399166128098], [-72.71434436620964, 41.81399166128098], [-72.71434436620964, 41.81399251488098], [-72.71433146940964, 41.81399251488098], [-72.71433146940964, 41.81399166128098]]], [[[-72.71439134740965, 41.813761189280974], [-72.71440424420963, 41.813761189280974], [-72.71440424420963, 41.81376204288098], [-72.71439134740965, 41.81376204288098], [-72.71439134740965, 41.813761189280974]]], [[[-72.71439134740965, 41.81376801808098], [-72.71440424420963, 41.81376801808098], [-72.71440424420963, 41.81376972528098], [-72.71439134740965, 41.81376972528098], [-72.71439134740965, 41.81376801808098]]], [[[-72.71439134740965, 41.813775700480974], [-72.71440424420963, 41.813775700480974], [-72.71440424420963, 41.81377655408098], [-72.71439134740965, 41.81377655408098], [-72.71439134740965, 41.813775700480974]]], [[[-72.71439134740965, 41.81378252928098], [-72.71440424420963, 41.81378252928098], [-72.71440424420963, 41.81378423648098], [-72.71439134740965, 41.81378423648098], [-72.71439134740965, 41.81378252928098]]], [[[-72.71439134740965, 41.813790211680974], [-72.71440424420963, 41.813790211680974], [-72.71440424420963, 41.81379106528098], [-72.71439134740965, 41.81379106528098], [-72.71439134740965, 41.813790211680974]]], [[[-72.71439134740965, 41.81379704048098], [-72.71440424420963, 41.81379704048098], [-72.71440424420963, 41.81379874768098], [-72.71439134740965, 41.81379874768098], [-72.71439134740965, 41.81379704048098]]], [[[-72.71439134740965, 41.813804722880974], [-72.71440424420963, 41.813804722880974], [-72.71440424420963, 41.81380557648098], [-72.71439134740965, 41.81380557648098], [-72.71439134740965, 41.813804722880974]]], [[[-72.71439134740965, 41.81381240528098], [-72.71440424420963, 41.81381240528098], [-72.71440424420963, 41.81381325888098], [-72.71439134740965, 41.81381325888098], [-72.71439134740965, 41.81381240528098]]], [[[-72.71439134740965, 41.813819234080974], [-72.71440424420963, 41.813819234080974], [-72.71440424420963, 41.81382094128098], [-72.71439134740965, 41.81382094128098], [-72.71439134740965, 41.813819234080974]]], [[[-72.71439134740965, 41.813826916480984], [-72.71440424420963, 41.813826916480984], [-72.71440424420963, 41.81382777008098], [-72.71439134740965, 41.81382777008098], [-72.71439134740965, 41.813826916480984]]], [[[-72.71439134740965, 41.813833745280974], [-72.71440424420963, 41.813833745280974], [-72.71440424420963, 41.81383545248098], [-72.71439134740965, 41.81383545248098], [-72.71439134740965, 41.813833745280974]]], [[[-72.71439134740965, 41.813841427680984], [-72.71440424420963, 41.813841427680984], [-72.71440424420963, 41.81384228128098], [-72.71439134740965, 41.81384228128098], [-72.71439134740965, 41.813841427680984]]], [[[-72.71439134740965, 41.81384825648097], [-72.71440424420963, 41.81384825648097], [-72.71440424420963, 41.81384996368098], [-72.71439134740965, 41.81384996368098], [-72.71439134740965, 41.81384825648097]]], [[[-72.71439134740965, 41.813855938880984], [-72.71440424420963, 41.813855938880984], [-72.71440424420963, 41.813856792480976], [-72.71439134740965, 41.813856792480976], [-72.71439134740965, 41.813855938880984]]], [[[-72.71439134740965, 41.81386276768098], [-72.71440424420963, 41.81386276768098], [-72.71440424420963, 41.81386447488098], [-72.71439134740965, 41.81386447488098], [-72.71439134740965, 41.81386276768098]]], [[[-72.71439134740965, 41.813870450080984], [-72.71440424420963, 41.813870450080984], [-72.71440424420963, 41.813872157280976], [-72.71439134740965, 41.813872157280976], [-72.71439134740965, 41.813870450080984]]], [[[-72.71439134740965, 41.81387813248098], [-72.71440424420963, 41.81387813248098], [-72.71440424420963, 41.81387898608098], [-72.71439134740965, 41.81387898608098], [-72.71439134740965, 41.81387813248098]]], [[[-72.71439134740965, 41.81388496128098], [-72.71440424420963, 41.81388496128098], [-72.71440424420963, 41.813886668480976], [-72.71439134740965, 41.813886668480976], [-72.71439134740965, 41.81388496128098]]], [[[-72.71439134740965, 41.81389264368098], [-72.71440424420963, 41.81389264368098], [-72.71440424420963, 41.81389349728098], [-72.71439134740965, 41.81389349728098], [-72.71439134740965, 41.81389264368098]]], [[[-72.71439134740965, 41.81389947248098], [-72.71440424420963, 41.81389947248098], [-72.71440424420963, 41.813901179680975], [-72.71439134740965, 41.813901179680975], [-72.71439134740965, 41.81389947248098]]], [[[-72.71439134740965, 41.81390715488098], [-72.71440424420963, 41.81390715488098], [-72.71440424420963, 41.81390800848098], [-72.71439134740965, 41.81390800848098], [-72.71439134740965, 41.81390715488098]]], [[[-72.71439134740965, 41.813913983680976], [-72.71440424420963, 41.813913983680976], [-72.71440424420963, 41.81391569088098], [-72.71439134740965, 41.81391569088098], [-72.71439134740965, 41.813913983680976]]], [[[-72.71439134740965, 41.81392166608098], [-72.71440424420963, 41.81392166608098], [-72.71440424420963, 41.81392337328098], [-72.71439134740965, 41.81392337328098], [-72.71439134740965, 41.81392166608098]]], [[[-72.71439134740965, 41.813929348480976], [-72.71440424420963, 41.813929348480976], [-72.71440424420963, 41.81393020208098], [-72.71439134740965, 41.81393020208098], [-72.71439134740965, 41.813929348480976]]], [[[-72.71439134740965, 41.81393617728098], [-72.71440424420963, 41.81393617728098], [-72.71440424420963, 41.81393788448098], [-72.71439134740965, 41.81393788448098], [-72.71439134740965, 41.81393617728098]]], [[[-72.71439134740965, 41.813943859680975], [-72.71440424420963, 41.813943859680975], [-72.71440424420963, 41.81394471328098], [-72.71439134740965, 41.81394471328098], [-72.71439134740965, 41.813943859680975]]], [[[-72.71439134740965, 41.81395068848098], [-72.71440424420963, 41.81395068848098], [-72.71440424420963, 41.81395239568098], [-72.71439134740965, 41.81395239568098], [-72.71439134740965, 41.81395068848098]]], [[[-72.71439134740965, 41.813958370880975], [-72.71440424420963, 41.813958370880975], [-72.71440424420963, 41.81395922448098], [-72.71439134740965, 41.81395922448098], [-72.71439134740965, 41.813958370880975]]], [[[-72.71434344500963, 41.81399507568098], [-72.71432133620964, 41.81399507568098], [-72.71432133620964, 41.814003611680974], [-72.71434344500963, 41.814003611680974], [-72.71434344500963, 41.81399507568098]]], [[[-72.71527385700965, 41.813856792480976], [-72.71527938420964, 41.813856792480976], [-72.71527938420964, 41.81389776528098], [-72.71527385700965, 41.81389776528098], [-72.71527385700965, 41.813856792480976]]], [[[-72.71528030540964, 41.813856792480976], [-72.71528583260964, 41.813856792480976], [-72.71528583260964, 41.81389776528098], [-72.71528030540964, 41.81389776528098], [-72.71528030540964, 41.813856792480976]]], [[[-72.71541756420963, 41.81386788928098], [-72.71542861860964, 41.81386788928098], [-72.71542861860964, 41.81393532368098], [-72.71541756420963, 41.81393532368098], [-72.71541756420963, 41.81386788928098]]], [[[-72.71541756420963, 41.81393617728098], [-72.71543967300963, 41.81393617728098], [-72.71543967300963, 41.813946420480974], [-72.71541756420963, 41.813946420480974], [-72.71541756420963, 41.81393617728098]]], [[[-72.71464651980963, 41.81376204288098], [-72.71462993820964, 41.81376204288098], [-72.71462993820964, 41.813746678080975], [-72.71464651980963, 41.813746678080975], [-72.71464651980963, 41.81376204288098]]], [[[-72.71463915020963, 41.81376375008097], [-72.71464836220964, 41.81376375008097], [-72.71464836220964, 41.81393447008097], [-72.71463915020963, 41.81393447008097], [-72.71463915020963, 41.81376375008097]]], [[[-72.71467139220964, 41.81374582448098], [-72.71468060420963, 41.81374582448098], [-72.71468060420963, 41.81399422208098], [-72.71467139220964, 41.81399422208098], [-72.71467139220964, 41.81374582448098]]], [[[-72.71464744100965, 41.81393532368098], [-72.71462901700964, 41.81393532368098], [-72.71462901700964, 41.81394471328098], [-72.71464744100965, 41.81394471328098], [-72.71464744100965, 41.81393532368098]]], [[[-72.71464928340963, 41.81394471328098], [-72.71464928340963, 41.81393532368098], [-72.71464836220964, 41.81393532368098], [-72.71464836220964, 41.81394471328098], [-72.71464928340963, 41.81394471328098]]], [[[-72.71482431140964, 41.814042877280976], [-72.71480588740964, 41.814042877280976], [-72.71480588740964, 41.81403690208098], [-72.71482431140964, 41.81403690208098], [-72.71482431140964, 41.814042877280976]]], [[[-72.71481509940963, 41.81404543808098], [-72.71482523260963, 41.81404543808098], [-72.71482523260963, 41.814184574880976], [-72.71481509940963, 41.814184574880976], [-72.71481509940963, 41.81404543808098]]], [[[-72.71481509940963, 41.81421103648098], [-72.71482523260963, 41.81421103648098], [-72.71482523260963, 41.81427505648098], [-72.71481509940963, 41.81427505648098], [-72.71481509940963, 41.81421103648098]]], [[[-72.71484642020964, 41.81407189968098], [-72.71485563220963, 41.81407189968098], [-72.71485563220963, 41.814184574880976], [-72.71484642020964, 41.814184574880976], [-72.71484642020964, 41.81407189968098]]], [[[-72.71484642020964, 41.81421103648098], [-72.71485563220963, 41.81421103648098], [-72.71485563220963, 41.81427505648098], [-72.71484642020964, 41.81427505648098], [-72.71484642020964, 41.81421103648098]]], [[[-72.71480496620964, 41.81420932928098], [-72.71482339020965, 41.81420932928098], [-72.71482339020965, 41.81420676848098], [-72.71480496620964, 41.81420676848098], [-72.71480496620964, 41.81420932928098]]], [[[-72.71484642020964, 41.81418542848098], [-72.71486576540963, 41.81418542848098], [-72.71486576540963, 41.81419055008098], [-72.71484642020964, 41.81419055008098], [-72.71484642020964, 41.81418542848098]]], [[[-72.71482431140964, 41.81427591008098], [-72.71480588740964, 41.81427591008098], [-72.71480588740964, 41.81428188528098], [-72.71482431140964, 41.81428188528098], [-72.71482431140964, 41.81427591008098]]], [[[-72.71477088180964, 41.81374582448098], [-72.71478009380964, 41.81374582448098], [-72.71478009380964, 41.81392593408098], [-72.71477088180964, 41.81392593408098], [-72.71477088180964, 41.81374582448098]]], [[[-72.71480220260963, 41.81374582448098], [-72.71481325700962, 41.81374582448098], [-72.71481325700962, 41.81392593408098], [-72.71480220260963, 41.81392593408098], [-72.71480220260963, 41.81374582448098]]], [[[-72.71476259100963, 41.813927641280976], [-72.71477917260964, 41.813927641280976], [-72.71477917260964, 41.81393703088098], [-72.71476259100963, 41.81393703088098], [-72.71476259100963, 41.813927641280976]]], [[[-72.71445398900964, 41.81431859008098], [-72.71446504340963, 41.81431859008098], [-72.71446504340963, 41.814313468480975], [-72.71445398900964, 41.814313468480975], [-72.71445398900964, 41.81431859008098]]], [[[-72.71446043740964, 41.81432029728098], [-72.71446504340963, 41.81432029728098], [-72.71446504340963, 41.81434078368098], [-72.71446043740964, 41.81434078368098], [-72.71446043740964, 41.81432029728098]]], [[[-72.71447886140965, 41.81432029728098], [-72.71448438860963, 41.81432029728098], [-72.71448438860963, 41.81434078368098], [-72.71447886140965, 41.81434078368098], [-72.71447886140965, 41.81432029728098]]], [[[-72.71446043740964, 41.81434078368098], [-72.71446504340963, 41.81434078368098], [-72.71446504340963, 41.81436127008098], [-72.71446043740964, 41.81436127008098], [-72.71446043740964, 41.81434078368098]]], [[[-72.71447886140965, 41.81434078368098], [-72.71448438860963, 41.81434078368098], [-72.71448438860963, 41.81436127008098], [-72.71447886140965, 41.81436127008098], [-72.71447886140965, 41.81434078368098]]], [[[-72.71515962820963, 41.81375606768098], [-72.71514028300963, 41.81375606768098], [-72.71514028300963, 41.81375009248098], [-72.71515962820963, 41.81375009248098], [-72.71515962820963, 41.81375606768098]]], [[[-72.71515041620964, 41.81375777488098], [-72.71515962820963, 41.81375777488098], [-72.71515962820963, 41.813972028480975], [-72.71515041620964, 41.813972028480975], [-72.71515041620964, 41.81375777488098]]], [[[-72.71518173700963, 41.81375777488098], [-72.71518726420963, 41.81375777488098], [-72.71518726420963, 41.81399336848098], [-72.71518173700963, 41.81399336848098], [-72.71518173700963, 41.81375777488098]]], [[[-72.71461519900963, 41.81404031648098], [-72.71460230220964, 41.81404031648098], [-72.71460230220964, 41.81403434128098], [-72.71461519900963, 41.81403434128098], [-72.71461519900963, 41.81404031648098]]], [[[-72.71460875060963, 41.814042877280976], [-72.71461519900963, 41.814042877280976], [-72.71461519900963, 41.81427932448098], [-72.71460875060963, 41.81427932448098], [-72.71460875060963, 41.814042877280976]]], [[[-72.71463730780964, 41.81404373088098], [-72.71464836220964, 41.81404373088098], [-72.71464836220964, 41.81427932448098], [-72.71463730780964, 41.81427932448098], [-72.71463730780964, 41.81404373088098]]], [[[-72.71461519900963, 41.81428017808098], [-72.71460138100964, 41.81428017808098], [-72.71460138100964, 41.81428615328098], [-72.71461519900963, 41.81428615328098], [-72.71461519900963, 41.81428017808098]]], [[[-72.71510711980963, 41.81375606768098], [-72.71511633180964, 41.81375606768098], [-72.71511633180964, 41.81375777488098], [-72.71510711980963, 41.81375777488098], [-72.71510711980963, 41.81375606768098]]], [[[-72.71510711980963, 41.81376375008097], [-72.71511633180964, 41.81376375008097], [-72.71511633180964, 41.81376460368098], [-72.71510711980963, 41.81376460368098], [-72.71510711980963, 41.81376375008097]]], [[[-72.71510804100964, 41.81376716448098], [-72.71511817420964, 41.81376716448098], [-72.71511817420964, 41.81398141808098], [-72.71510804100964, 41.81398141808098], [-72.71510804100964, 41.81376716448098]]], [[[-72.71513936180965, 41.81375777488098], [-72.71514857380964, 41.81375777488098], [-72.71514857380964, 41.813972028480975], [-72.71513936180965, 41.813972028480975], [-72.71513936180965, 41.81375777488098]]], [[[-72.71489984980964, 41.81375350688098], [-72.71488603180964, 41.81375350688098], [-72.71488603180964, 41.81374582448098], [-72.71489984980964, 41.81374582448098], [-72.71489984980964, 41.81375350688098]]], [[[-72.71489248020964, 41.81375521408098], [-72.71489984980964, 41.81375521408098], [-72.71489984980964, 41.81392678768098], [-72.71489248020964, 41.81392678768098], [-72.71489248020964, 41.81375521408098]]], [[[-72.71492195860964, 41.81376545728098], [-72.71492932820965, 41.81376545728098], [-72.71492932820965, 41.81394812768098], [-72.71492195860964, 41.81394812768098], [-72.71492195860964, 41.81376545728098]]], [[[-72.71498828500962, 41.81376972528098], [-72.71496801860964, 41.81376972528098], [-72.71496801860964, 41.81375436048098], [-72.71498828500962, 41.81375436048098], [-72.71498828500962, 41.81376972528098]]], [[[-72.71497815180963, 41.813773139680976], [-72.71498920620964, 41.813773139680976], [-72.71498920620964, 41.81391910528098], [-72.71497815180963, 41.81391910528098], [-72.71497815180963, 41.813773139680976]]], [[[-72.71501039380964, 41.81376204288098], [-72.71502144820964, 41.81376204288098], [-72.71502144820964, 41.81391995888097], [-72.71501039380964, 41.81391995888097], [-72.71501039380964, 41.81376204288098]]], [[[-72.71496709740964, 41.813929348480976], [-72.71498828500962, 41.813929348480976], [-72.71498828500962, 41.81392081248098], [-72.71496709740964, 41.81392081248098], [-72.71496709740964, 41.813929348480976]]], [[[-72.71479022700963, 41.81434078368098], [-72.71479022700963, 41.81432029728098], [-72.71478469980963, 41.81432029728098], [-72.71478469980963, 41.81434078368098], [-72.71479022700963, 41.81434078368098]]], [[[-72.71479022700963, 41.81436127008098], [-72.71479022700963, 41.81434078368098], [-72.71478469980963, 41.81434078368098], [-72.71478469980963, 41.81436127008098], [-72.71479022700963, 41.81436127008098]]], [[[-72.71549033900965, 41.81404031648098], [-72.71550047220964, 41.81404031648098], [-72.71550047220964, 41.81428786048098], [-72.71549033900965, 41.81428786048098], [-72.71549033900965, 41.81404031648098]]], [[[-72.71549033900965, 41.814330540480974], [-72.71550047220964, 41.814330540480974], [-72.71550047220964, 41.81442016848098], [-72.71549033900965, 41.81442016848098], [-72.71549033900965, 41.814330540480974]]], [[[-72.71458295700964, 41.814316029280974], [-72.71458848420964, 41.814316029280974], [-72.71458848420964, 41.81435785568098], [-72.71458295700964, 41.81435785568098], [-72.71458295700964, 41.814316029280974]]], [[[-72.71530149300963, 41.81393361648098], [-72.71531438980963, 41.81393361648098], [-72.71531438980963, 41.81394044528098], [-72.71530149300963, 41.81394044528098], [-72.71530149300963, 41.81393361648098]]], [[[-72.71530149300963, 41.81399507568098], [-72.71531438980963, 41.81399507568098], [-72.71531438980963, 41.814001904480975], [-72.71530149300963, 41.814001904480975], [-72.71530149300963, 41.81399507568098]]], [[[-72.71461335660965, 41.81431859008098], [-72.71476535460964, 41.81431859008098], [-72.71476535460964, 41.81432371168098], [-72.71461335660965, 41.81432371168098], [-72.71461335660965, 41.81431859008098]]], [[[-72.71427343380964, 41.81374923888097], [-72.71428448820964, 41.81374923888097], [-72.71428448820964, 41.81433480848098], [-72.71427343380964, 41.81433480848098], [-72.71427343380964, 41.81374923888097]]], [[[-72.71478469980963, 41.81431859008098], [-72.71479575420963, 41.81431859008098], [-72.71479575420963, 41.814313468480975], [-72.71478469980963, 41.814313468480975], [-72.71478469980963, 41.81431859008098]]], [[[-72.71479114820963, 41.81434078368098], [-72.71479114820963, 41.81432029728098], [-72.71479667540963, 41.81432029728098], [-72.71479667540963, 41.81434078368098], [-72.71479114820963, 41.81434078368098]]], [[[-72.71479114820963, 41.81436127008098], [-72.71479114820963, 41.81434078368098], [-72.71479667540963, 41.81434078368098], [-72.71479667540963, 41.81436127008098], [-72.71479114820963, 41.81436127008098]]], [[[-72.71557508940964, 41.81437578128098], [-72.71558430140963, 41.81437578128098], [-72.71558430140963, 41.814397974880976], [-72.71557508940964, 41.814397974880976], [-72.71557508940964, 41.81437578128098]]], [[[-72.71560641020965, 41.81437578128098], [-72.71561562220964, 41.81437578128098], [-72.71561562220964, 41.814397974880976], [-72.71560641020965, 41.814397974880976], [-72.71560641020965, 41.81437578128098]]], [[[-72.71562667660963, 41.81437407408097], [-72.71560733140964, 41.81437407408097], [-72.71560733140964, 41.81436468448098], [-72.71562667660963, 41.81436468448098], [-72.71562667660963, 41.81437407408097]]], [[[-72.71557508940964, 41.814397974880976], [-72.71558430140963, 41.814397974880976], [-72.71558430140963, 41.81442016848098], [-72.71557508940964, 41.81442016848098], [-72.71557508940964, 41.814397974880976]]], [[[-72.71560641020965, 41.814397974880976], [-72.71561562220964, 41.814397974880976], [-72.71561562220964, 41.81442016848098], [-72.71560641020965, 41.81442016848098], [-72.71560641020965, 41.814397974880976]]], [[[-72.71553179300963, 41.814397974880976], [-72.71553179300963, 41.81437578128098], [-72.71552258100964, 41.81437578128098], [-72.71552258100964, 41.814397974880976], [-72.71553179300963, 41.814397974880976]]], [[[-72.71554284740964, 41.81437407408097], [-72.71552350220963, 41.81437407408097], [-72.71552350220963, 41.81436468448098], [-72.71554284740964, 41.81436468448098], [-72.71554284740964, 41.81437407408097]]], [[[-72.71553179300963, 41.81442016848098], [-72.71553179300963, 41.814397974880976], [-72.71552258100964, 41.814397974880976], [-72.71552258100964, 41.81442016848098], [-72.71553179300963, 41.81442016848098]]], [[[-72.71457098140964, 41.814330540480974], [-72.71454979380964, 41.814330540480974], [-72.71454979380964, 41.814325418880976], [-72.71457098140964, 41.814325418880976], [-72.71457098140964, 41.814330540480974]]], [[[-72.71454887260964, 41.814330540480974], [-72.71452768500963, 41.814330540480974], [-72.71452768500963, 41.814325418880976], [-72.71454887260964, 41.814325418880976], [-72.71454887260964, 41.814330540480974]]], [[[-72.71548389060965, 41.81437748848098], [-72.71548389060965, 41.81435614848098], [-72.71547467860964, 41.81435614848098], [-72.71547467860964, 41.81437748848098], [-72.71548389060965, 41.81437748848098]]], [[[-72.71548389060965, 41.81435614848098], [-72.71548389060965, 41.81433480848098], [-72.71547467860964, 41.81433480848098], [-72.71547467860964, 41.81435614848098], [-72.71548389060965, 41.81435614848098]]], [[[-72.71510896220964, 41.81398227168098], [-72.71511909540963, 41.81398227168098], [-72.71511909540963, 41.81399166128098], [-72.71510896220964, 41.81399166128098], [-72.71510896220964, 41.81398227168098]]], [[[-72.71445951620964, 41.81436127008098], [-72.71445951620964, 41.81434078368098], [-72.71445398900964, 41.81434078368098], [-72.71445398900964, 41.81436127008098], [-72.71445951620964, 41.81436127008098]]], [[[-72.71445951620964, 41.81434078368098], [-72.71445951620964, 41.81432029728098], [-72.71445398900964, 41.81432029728098], [-72.71445398900964, 41.81434078368098], [-72.71445951620964, 41.81434078368098]]], [[[-72.71532912900963, 41.81375606768098], [-72.71532912900963, 41.813761189280974], [-72.71542217020964, 41.813761189280974], [-72.71542217020964, 41.81375606768098], [-72.71532912900963, 41.81375606768098]]], [[[-72.71552350220963, 41.813732166880975], [-72.71552350220963, 41.81373131328098], [-72.71552258100964, 41.81373131328098], [-72.71552165980964, 41.81373131328098], [-72.71552073860963, 41.81373131328098], [-72.71552073860963, 41.813732166880975], [-72.71552073860963, 41.813733020480974], [-72.71552073860963, 41.81373387408098], [-72.71552165980964, 41.81373387408098], [-72.71552258100964, 41.81373387408098], [-72.71552350220963, 41.81373387408098], [-72.71552350220963, 41.813733020480974], [-72.71552350220963, 41.813732166880975]]], [[[-72.71427711860963, 41.81435102688098], [-72.71427711860963, 41.81435017328098], [-72.71427619740963, 41.81434931968098], [-72.71427527620963, 41.81434931968098], [-72.71427435500964, 41.81434931968098], [-72.71427343380964, 41.81434931968098], [-72.71427343380964, 41.81435017328098], [-72.71427343380964, 41.81435102688098], [-72.71427343380964, 41.81435188048098], [-72.71427435500964, 41.81435188048098], [-72.71427527620963, 41.81435188048098], [-72.71427619740963, 41.81435188048098], [-72.71427711860963, 41.81435102688098]]], [[[-72.71458940540964, 41.81394129888098], [-72.71458848420964, 41.81394129888098], [-72.71458848420964, 41.81394044528098], [-72.71458848420964, 41.81394129888098], [-72.71458940540964, 41.81394129888098]]]]}}]}