{"type": "FeatureCollection", "name": "Lowes_aisle_line", "crs": {"type": "name", "properties": {"name": "urn:ogc:def:crs:EPSG::4326"}}, "features": [{"type": "Feature", "properties": {"fill": null, "stroke-width": "0.5", "stroke": null, "type": null, "name": null, "orientation": null}, "geometry": {"type": "MultiLineString", "coordinates": [[[-72.71527150946218, 41.81405458103539], [-72.71527769992618, 41.81405458103539], [-72.71527769992618, 41.814050398395395], [-72.71527150946218, 41.814050398395395], [-72.71527150946218, 41.81405458103539]], [[-72.71480368725419, 41.8143557311154], [-72.71479838114217, 41.8143557311154], [-72.71479838114217, 41.81435405805939], [-72.71480368725419, 41.81435405805939], [-72.71480368725419, 41.8143557311154]], [[-72.7143685860702, 41.8143314718034], [-72.71436239560617, 41.8143314718034], [-72.71436239560617, 41.81432812569139], [-72.7143685860702, 41.81432812569139], [-72.7143685860702, 41.8143314718034]], [[-72.71452069461418, 41.81430888554739], [-72.71452069461418, 41.8143139047154], [-72.71452246331819, 41.8143139047154], [-72.71452246331819, 41.81430888554739], [-72.71452069461418, 41.81430888554739]], [[-72.71500266645417, 41.814252001643396], [-72.71499647599018, 41.814252001643396], [-72.71499647599018, 41.8142453094194], [-72.71500266645417, 41.8142453094194], [-72.71500266645417, 41.814252001643396]], [[-72.7149549114462, 41.81432143346739], [-72.7149549114462, 41.8143164142994]], [[-72.7149549114462, 41.8143164142994], [-72.71495137403818, 41.8143164142994]], [[-72.71495137403818, 41.8143164142994], [-72.71495137403818, 41.81432143346739]], [[-72.71495137403818, 41.81432143346739], [-72.7149549114462, 41.81432143346739]], [[-72.71491599995818, 41.813942486283395], [-72.71491246255017, 41.813942486283395], [-72.71491246255017, 41.8139391401714], [-72.71491599995818, 41.8139391401714], [-72.71491599995818, 41.813942486283395]], [[-72.71492395912618, 41.81436325986739], [-72.71492395912618, 41.8143624233394]], [[-72.71492484347819, 41.814315577771396], [-72.71492484347819, 41.8143164142994]], [[-72.71492395912618, 41.8143164142994], [-72.71492395912618, 41.814315577771396]], [[-72.71492484347819, 41.814332308331394], [-72.71492484347819, 41.8143331448594]], [[-72.71492484347819, 41.81432143346739], [-72.71492484347819, 41.814323106523396]], [[-72.71492484347819, 41.8143732982034], [-72.71492484347819, 41.814371625147395]], [[-72.71492395912618, 41.814371625147395], [-72.71492307477418, 41.814371625147395]], [[-72.71492395912618, 41.8143732982034], [-72.71492307477418, 41.8143732982034]], [[-72.71492395912618, 41.8143724616754], [-72.71492484347819, 41.8143724616754]], [[-72.71492395912618, 41.81434234666739], [-72.71492484347819, 41.81434234666739]], [[-72.71492395912618, 41.8143431831954], [-72.71492484347819, 41.8143431831954]], [[-72.71492484347819, 41.8143523850034], [-72.71492484347819, 41.8143532215314]], [[-72.71492395912618, 41.8143523850034], [-72.71492307477418, 41.8143523850034]], [[-72.71492484347819, 41.8143624233394], [-72.71492484347819, 41.81436325986739]], [[-72.71492484347819, 41.8143532215314], [-72.71492484347819, 41.8143624233394]], [[-72.71492484347819, 41.8143431831954], [-72.71492484347819, 41.8143523850034]], [[-72.71492484347819, 41.814315577771396], [-72.71492484347819, 41.8143164142994]], [[-72.71492307477418, 41.814332308331394], [-72.71492307477418, 41.8143331448594]], [[-72.71492484347819, 41.8143724616754], [-72.71492484347819, 41.8143732982034], [-72.71492395912618, 41.8143732982034], [-72.71492395912618, 41.8143724616754]], [[-72.71492395912618, 41.814332308331394], [-72.71492307477418, 41.814332308331394]], [[-72.71492395912618, 41.81436325986739], [-72.71492484347819, 41.81436325986739]], [[-72.71492395912618, 41.814332308331394], [-72.71492484347819, 41.814332308331394]], [[-72.71492484347819, 41.8143624233394], [-72.71492484347819, 41.81436325986739]], [[-72.71492484347819, 41.814332308331394], [-72.71492484347819, 41.8143331448594]], [[-72.71492307477418, 41.814315577771396], [-72.71492307477418, 41.8143164142994]], [[-72.71492484347819, 41.8143523850034], [-72.71492484347819, 41.8143532215314]], [[-72.71492395912618, 41.814323106523396], [-72.71492395912618, 41.8143222699954]], [[-72.71492395912618, 41.8143724616754], [-72.71492395912618, 41.81436325986739]], [[-72.71492395912618, 41.814323106523396], [-72.71492484347819, 41.814323106523396]], [[-72.71492395912618, 41.8143164142994], [-72.71492307477418, 41.8143164142994]], [[-72.71492484347819, 41.8143331448594], [-72.71492484347819, 41.81434234666739]], [[-72.71492395912618, 41.8143222699954], [-72.71492395912618, 41.8143164142994]], [[-72.71492395912618, 41.8143532215314], [-72.71492395912618, 41.8143523850034]], [[-72.71492484347819, 41.81436325986739], [-72.71492484347819, 41.8143724616754]], [[-72.71492395912618, 41.814315577771396], [-72.71492307477418, 41.814315577771396]], [[-72.71492307477418, 41.8143624233394], [-72.71492307477418, 41.81436325986739]], [[-72.71492307477418, 41.81434234666739], [-72.71492307477418, 41.8143431831954]], [[-72.71492484347819, 41.8143164142994], [-72.71492484347819, 41.8143222699954]], [[-72.71492395912618, 41.81434234666739], [-72.71492307477418, 41.81434234666739]], [[-72.71492395912618, 41.8143624233394], [-72.71492307477418, 41.8143624233394]], [[-72.71492395912618, 41.8143431831954], [-72.71492307477418, 41.8143431831954]], [[-72.71492395912618, 41.814332308331394], [-72.71492395912618, 41.814323106523396]], [[-72.71492395912618, 41.8143624233394], [-72.71492395912618, 41.8143532215314]], [[-72.71492395912618, 41.8143532215314], [-72.71492484347819, 41.8143532215314]], [[-72.71492395912618, 41.8143523850034], [-72.71492395912618, 41.8143431831954]], [[-72.71492484347819, 41.81434234666739], [-72.71492484347819, 41.8143431831954]], [[-72.71492307477418, 41.8143732982034], [-72.71492307477418, 41.814371625147395]], [[-72.71492395912618, 41.8143331448594], [-72.71492395912618, 41.814332308331394]], [[-72.71492395912618, 41.814315577771396], [-72.71492484347819, 41.814315577771396]], [[-72.71492395912618, 41.8143222699954], [-72.71492484347819, 41.8143222699954]], [[-72.71492395912618, 41.8143431831954], [-72.71492395912618, 41.81434234666739]], [[-72.71492307477418, 41.8143523850034], [-72.71492307477418, 41.8143532215314]], [[-72.71492484347819, 41.8143222699954], [-72.71492484347819, 41.814323106523396]], [[-72.71492395912618, 41.8143164142994], [-72.71492395912618, 41.814315577771396], [-72.71492484347819, 41.814315577771396], [-72.71492484347819, 41.8143164142994]], [[-72.71492395912618, 41.814323106523396], [-72.71492307477418, 41.814323106523396]], [[-72.71492484347819, 41.814323106523396], [-72.71492484347819, 41.814332308331394]], [[-72.71492395912618, 41.8143624233394], [-72.71492484347819, 41.8143624233394]], [[-72.71492395912618, 41.8143523850034], [-72.71492484347819, 41.8143523850034]], [[-72.71492395912618, 41.81432143346739], [-72.71492307477418, 41.81432143346739]], [[-72.71492395912618, 41.81434234666739], [-72.71492395912618, 41.8143331448594]], [[-72.71492395912618, 41.81436325986739], [-72.71492307477418, 41.81436325986739]], [[-72.71492395912618, 41.8143331448594], [-72.71492484347819, 41.8143331448594]], [[-72.71492484347819, 41.81434234666739], [-72.71492484347819, 41.8143431831954]], [[-72.71492395912618, 41.8143532215314], [-72.71492307477418, 41.8143532215314]], [[-72.71492307477418, 41.81432143346739], [-72.71492307477418, 41.814323106523396]], [[-72.71492395912618, 41.8143331448594], [-72.71492307477418, 41.8143331448594]], [[-72.71492395912618, 41.8143164142994], [-72.71492484347819, 41.8143164142994]], [[-72.71456668091818, 41.8143532215314], [-72.71456668091818, 41.8143482023634], [-72.71456844962218, 41.8143482023634], [-72.71456844962218, 41.8143532215314], [-72.71456668091818, 41.8143532215314]], [[-72.71500797256618, 41.81432561610739], [-72.71500885691817, 41.81432561610739]], [[-72.71500797256618, 41.8143264526354], [-72.71500797256618, 41.8143306352754]], [[-72.71500708821418, 41.8143264526354], [-72.71500708821418, 41.81432561610739]], [[-72.71500797256618, 41.8143306352754], [-72.71500797256618, 41.8143314718034]], [[-72.71500708821418, 41.8143306352754], [-72.71500708821418, 41.8143264526354]], [[-72.71500797256618, 41.8143314718034], [-72.71500797256618, 41.814335654443404]], [[-72.71500797256618, 41.814320596939396], [-72.71500797256618, 41.81432143346739]], [[-72.71500797256618, 41.81432143346739], [-72.71500797256618, 41.81432561610739]], [[-72.71500708821418, 41.814319760411394], [-72.71500708821418, 41.81432143346739]], [[-72.71500797256618, 41.81432143346739], [-72.71500885691817, 41.81432143346739]], [[-72.71500797256618, 41.814319760411394], [-72.71500885691817, 41.814319760411394]], [[-72.71500797256618, 41.814320596939396], [-72.71500708821418, 41.814320596939396]], [[-72.71500797256618, 41.81432143346739], [-72.71500708821418, 41.81432143346739]], [[-72.71500708821418, 41.814335654443404], [-72.71500708821418, 41.814337327499395]], [[-72.71500797256618, 41.8143164142994], [-72.71500797256618, 41.814320596939396]], [[-72.71500797256618, 41.81432561610739], [-72.71500708821418, 41.81432561610739]], [[-72.71500708821418, 41.8143364909714], [-72.71500708821418, 41.814335654443404]], [[-72.71500885691817, 41.814319760411394], [-72.71500885691817, 41.81432143346739]], [[-72.71500797256618, 41.8143314718034], [-72.71500708821418, 41.8143314718034]], [[-72.71500708821418, 41.81432561610739], [-72.71500708821418, 41.8143264526354]], [[-72.71500797256618, 41.8143164142994], [-72.71500708821418, 41.8143164142994]], [[-72.71500708821418, 41.81432143346739], [-72.71500708821418, 41.814320596939396]], [[-72.71500266645417, 41.8143364909714], [-72.71500266645417, 41.814337327499395]], [[-72.71500708821418, 41.81432561610739], [-72.71500708821418, 41.81432143346739]], [[-72.71500708821418, 41.814337327499395], [-72.71500885691817, 41.814337327499395]], [[-72.71500266645417, 41.814337327499395], [-72.71500178210218, 41.814337327499395]], [[-72.71500266645417, 41.814337327499395], [-72.71500178210218, 41.814337327499395], [-72.71500178210218, 41.8143364909714], [-72.71500266645417, 41.8143364909714]], [[-72.71500797256618, 41.814335654443404], [-72.71500797256618, 41.814337327499395]], [[-72.71500708821418, 41.814335654443404], [-72.71500708821418, 41.8143314718034]], [[-72.71500708821418, 41.8143314718034], [-72.71500708821418, 41.8143306352754]], [[-72.71500797256618, 41.814315577771396], [-72.71500885691817, 41.814315577771396]], [[-72.71500797256618, 41.8143264526354], [-72.71500885691817, 41.8143264526354]], [[-72.71500708821418, 41.814335654443404], [-72.71500885691817, 41.814335654443404]], [[-72.71500266645417, 41.814335654443404], [-72.71500178210218, 41.814335654443404]], [[-72.71500797256618, 41.8143314718034], [-72.71500885691817, 41.8143314718034]], [[-72.71500266645417, 41.814335654443404], [-72.71500266645417, 41.8143364909714]], [[-72.71500797256618, 41.8143164142994], [-72.71500885691817, 41.8143164142994]], [[-72.71500885691817, 41.8143306352754], [-72.71500885691817, 41.8143314718034]], [[-72.71500797256618, 41.814337327499395], [-72.71500708821418, 41.814337327499395]], [[-72.71500797256618, 41.8143264526354], [-72.71500708821418, 41.8143264526354]], [[-72.71500708821418, 41.8143306352754], [-72.71500708821418, 41.8143314718034]], [[-72.71500797256618, 41.8143306352754], [-72.71500885691817, 41.8143306352754]], [[-72.71500708821418, 41.814337327499395], [-72.71500266645417, 41.814337327499395]], [[-72.71500708821418, 41.814315577771396], [-72.71500708821418, 41.8143164142994]], [[-72.71500885691817, 41.814315577771396], [-72.71500885691817, 41.8143164142994]], [[-72.71500178210218, 41.814335654443404], [-72.71500178210218, 41.8143364909714]], [[-72.71500885691817, 41.814335654443404], [-72.71500885691817, 41.814337327499395]], [[-72.71500797256618, 41.8143306352754], [-72.71500708821418, 41.8143306352754]], [[-72.71500708821418, 41.814320596939396], [-72.71500708821418, 41.8143164142994]], [[-72.71500266645417, 41.8143364909714], [-72.71500708821418, 41.8143364909714]], [[-72.71500708821418, 41.8143164142994], [-72.71500708821418, 41.814315577771396], [-72.71500797256618, 41.814315577771396], [-72.71500797256618, 41.8143164142994]], [[-72.71500797256618, 41.81432561610739], [-72.71500797256618, 41.8143264526354]], [[-72.71500797256618, 41.8143264526354], [-72.71500708821418, 41.8143264526354]], [[-72.71500885691817, 41.81432561610739], [-72.71500885691817, 41.8143264526354]], [[-72.71516273416619, 41.8143440197234], [-72.71516273416619, 41.814354894587396], [-72.7151565437022, 41.814354894587396], [-72.7151565437022, 41.8143440197234], [-72.71516273416619, 41.8143440197234]], [[-72.71500266645417, 41.8143147412434], [-72.71500266645417, 41.8143122316594]], [[-72.71501239432618, 41.8143147412434], [-72.71501239432618, 41.8143122316594]], [[-72.71501239432618, 41.8143147412434], [-72.71500266645417, 41.8143147412434], [-72.71500266645417, 41.814315577771396], [-72.71501239432618, 41.814315577771396], [-72.71501239432618, 41.8143147412434]], [[-72.71495844885419, 41.814315577771396], [-72.71495844885419, 41.8143122316594]], [[-72.71495225839018, 41.814315577771396], [-72.71495225839018, 41.8143122316594]], [[-72.71495225839018, 41.814315577771396], [-72.71495844885419, 41.814315577771396], [-72.71495225839018, 41.814315577771396]], [[-72.71443844987819, 41.814339837083395], [-72.71444110293419, 41.814339837083395], [-72.71444110293419, 41.8143364909714], [-72.71443844987819, 41.8143364909714], [-72.71443844987819, 41.814339837083395]], [[-72.7144322594142, 41.814339837083395], [-72.71443579682219, 41.814339837083395], [-72.71443579682219, 41.8143364909714], [-72.7144322594142, 41.8143364909714], [-72.7144322594142, 41.814339837083395]], [[-72.71498409506218, 41.8142160309394], [-72.71498409506218, 41.8142210501074], [-72.71497878895018, 41.8142210501074], [-72.71497878895018, 41.8142160309394], [-72.71498409506218, 41.8142160309394]], [[-72.7151565437022, 41.814339837083395], [-72.7151565437022, 41.8143406736114]], [[-72.7151565437022, 41.8143406736114], [-72.7151565437022, 41.8143415101394]], [[-72.7151565437022, 41.8143406736114], [-72.7151565437022, 41.814339837083395]], [[-72.71515742805418, 41.8143390005554], [-72.71515742805418, 41.81434234666739], [-72.7151565437022, 41.81434234666739], [-72.7151565437022, 41.8143431831954], [-72.71516096546219, 41.8143431831954], [-72.71516096546219, 41.8143390005554], [-72.7151565437022, 41.8143390005554], [-72.71515742805418, 41.8143390005554]], [[-72.7151565437022, 41.8143390005554], [-72.7151565437022, 41.8143431831954]], [[-72.71515742805418, 41.814339837083395], [-72.71515742805418, 41.8143406736114]], [[-72.71515742805418, 41.8143406736114], [-72.71515742805418, 41.8143415101394]], [[-72.71493457135018, 41.81432561610739], [-72.71493457135018, 41.814320596939396]], [[-72.71493457135018, 41.814320596939396], [-72.71493191829418, 41.814320596939396]], [[-72.71493191829418, 41.814320596939396], [-72.71493191829418, 41.81432561610739]], [[-72.71493191829418, 41.81432561610739], [-72.71493457135018, 41.81432561610739]], [[-72.71498497941418, 41.8143364909714], [-72.71498497941418, 41.8143314718034]], [[-72.71498763247018, 41.8143364909714], [-72.71498497941418, 41.8143364909714]], [[-72.71498763247018, 41.8143314718034], [-72.71498763247018, 41.8143364909714]], [[-72.71498497941418, 41.8143314718034], [-72.71498763247018, 41.8143314718034]], [[-72.71500443515818, 41.8143306352754], [-72.71500443515818, 41.81432561610739]], [[-72.71500443515818, 41.81432561610739], [-72.71500708821418, 41.81432561610739]], [[-72.71500708821418, 41.81432561610739], [-72.71500708821418, 41.8143306352754]], [[-72.71500708821418, 41.8143306352754], [-72.71500443515818, 41.8143306352754]], [[-72.71478776891817, 41.81382118972339], [-72.71478776891817, 41.8138161705554], [-72.71479219067818, 41.8138161705554], [-72.71479219067818, 41.81382118972339], [-72.71478776891817, 41.81382118972339]], [[-72.71478776891817, 41.8137768537394], [-72.71478776891817, 41.8137718345714], [-72.71479219067818, 41.8137718345714], [-72.71479219067818, 41.8137768537394], [-72.71478776891817, 41.8137768537394]], [[-72.71493634005418, 41.814315577771396], [-72.71493634005418, 41.8143105586034], [-72.71493368699817, 41.8143105586034], [-72.71493368699817, 41.814315577771396], [-72.71493634005418, 41.814315577771396]], [[-72.71508933295019, 41.8143498754194], [-72.71509287035818, 41.8143498754194], [-72.71509287035818, 41.8143532215314], [-72.71508933295019, 41.8143532215314], [-72.71508933295019, 41.8143498754194]], [[-72.71480368725419, 41.81431139513139], [-72.71479838114217, 41.81431139513139], [-72.71479838114217, 41.8143139047154], [-72.71480368725419, 41.8143139047154], [-72.71480368725419, 41.81431139513139]], [[-72.7146904901982, 41.8138513047314], [-72.7146904901982, 41.8138462855634], [-72.71468518408619, 41.8138462855634], [-72.71468518408619, 41.8138513047314], [-72.7146904901982, 41.8138513047314]], [[-72.71508314248618, 41.8142570208114], [-72.71508314248618, 41.814252001643396], [-72.71507783637418, 41.814252001643396], [-72.71507783637418, 41.8142570208114], [-72.71508314248618, 41.8142570208114]], [[-72.71478776891817, 41.81384377597939], [-72.71478776891817, 41.8138379202834], [-72.71479219067818, 41.8138379202834], [-72.71479219067818, 41.81384377597939], [-72.71478776891817, 41.81384377597939]], [[-72.71539885615017, 41.813871381403395], [-72.71540062485418, 41.813886438907396]], [[-72.71540946837418, 41.81388560237939], [-72.71540769967018, 41.8138705448754]], [[-72.71540150920619, 41.8138872754354], [-72.71540858402219, 41.8138872754354]], [[-72.71540769967018, 41.8138705448754], [-72.71539885615017, 41.813871381403395]], [[-72.71478776891817, 41.813929938363394], [-72.71478776891817, 41.8139240826674], [-72.71479219067818, 41.8139240826674], [-72.71479219067818, 41.813929938363394], [-72.71478776891817, 41.813929938363394]], [[-72.71462062639017, 41.8139592168434], [-72.71462062639017, 41.8139583803154], [-72.71462151074219, 41.8139583803154], [-72.71462239509418, 41.8139583803154], [-72.71462151074219, 41.8139583803154], [-72.71462062639017, 41.8139583803154], [-72.71462062639017, 41.8139592168434], [-72.71462151074219, 41.8139592168434], [-72.71462062639017, 41.8139592168434]], [[-72.71462062639017, 41.8139592168434], [-72.71462151074219, 41.8139592168434], [-72.71462151074219, 41.8139583803154]], [[-72.71462151074219, 41.8139583803154], [-72.71462239509418, 41.8139583803154]], [[-72.71566946786217, 41.81412986855539], [-72.71567477397419, 41.81412986855539]], [[-72.71567477397419, 41.814131541611395], [-72.71567477397419, 41.8141240128594], [-72.71566946786217, 41.8141240128594], [-72.71566946786217, 41.814131541611395], [-72.71567477397419, 41.814131541611395]], [[-72.71502477525418, 41.8142821166514], [-72.71502477525418, 41.814277097483405], [-72.71502654395817, 41.814277097483405], [-72.71502654395817, 41.8142821166514], [-72.71502477525418, 41.8142821166514]], [[-72.71529892437418, 41.8138354106994], [-72.71528389039018, 41.8138354106994]], [[-72.71528389039018, 41.8138354106994], [-72.71528389039018, 41.8138404298674]], [[-72.71528389039018, 41.8138404298674], [-72.71528389039018, 41.8138354106994]], [[-72.71529892437418, 41.8138354106994], [-72.71529892437418, 41.8138404298674]], [[-72.71529892437418, 41.8138404298674], [-72.71529804002218, 41.8138404298674]], [[-72.71529804002218, 41.8138404298674], [-72.71529804002218, 41.8138354106994]], [[-72.71528389039018, 41.8138404298674], [-72.71528389039018, 41.8138429394514]], [[-72.71528389039018, 41.8138429394514], [-72.71529892437418, 41.8138429394514]], [[-72.71529892437418, 41.8138429394514], [-72.71529892437418, 41.8138404298674]], [[-72.71528389039018, 41.8138404298674], [-72.71528389039018, 41.813842102923395]], [[-72.71528389039018, 41.813842102923395], [-72.71529096520618, 41.813842102923395]], [[-72.71529096520618, 41.813842102923395], [-72.71529096520618, 41.8138404298674]], [[-72.71529096520618, 41.8138404298674], [-72.71529184955818, 41.8138404298674]], [[-72.71529184955818, 41.813842102923395], [-72.71529804002218, 41.813842102923395]], [[-72.71529804002218, 41.813842102923395], [-72.71529804002218, 41.8138404298674]], [[-72.71529184955818, 41.8138404298674], [-72.71529184955818, 41.8138354106994]], [[-72.71529804002218, 41.8138404298674], [-72.71529184955818, 41.8138404298674]], [[-72.71529184955818, 41.8138404298674], [-72.71529184955818, 41.813842102923395]], [[-72.71528389039018, 41.8138354106994], [-72.71529804002218, 41.8138354106994]], [[-72.71529096520618, 41.8138404298674], [-72.71529096520618, 41.8138354106994]], [[-72.71449858581418, 41.814276260955396], [-72.71449858581418, 41.8142704052594], [-72.71449416405419, 41.8142704052594], [-72.71449416405419, 41.814276260955396], [-72.71449858581418, 41.814276260955396]], [[-72.71473205474217, 41.81400522588339], [-72.71473205474217, 41.8139993701874], [-72.71473028603819, 41.8139993701874], [-72.71473028603819, 41.81400522588339], [-72.71473205474217, 41.81400522588339]], [[-72.71493191829418, 41.813827045419394], [-72.71493191829418, 41.813822026251394], [-72.71492661218218, 41.813822026251394], [-72.71492661218218, 41.813827045419394], [-72.71493191829418, 41.813827045419394]], [[-72.71529892437418, 41.814099753547396], [-72.71530423048618, 41.814099753547396], [-72.71530423048618, 41.81410477271539], [-72.71529892437418, 41.81410477271539], [-72.71529892437418, 41.814099753547396]], [[-72.71579681455019, 41.814183406347404], [-72.71579681455019, 41.814178387179396]], [[-72.71581273288619, 41.814183406347404], [-72.71579681455019, 41.814183406347404]], [[-72.71581273288619, 41.814178387179396], [-72.71581273288619, 41.814183406347404]], [[-72.71579681455019, 41.814178387179396], [-72.71581273288619, 41.814178387179396]], [[-72.71532280187819, 41.8141106284114], [-72.71532014882217, 41.8141106284114], [-72.71532014882217, 41.814107282299396], [-72.71532280187819, 41.814107282299396], [-72.71532280187819, 41.8141106284114]], [[-72.71543423023019, 41.8137684884594], [-72.71542803976618, 41.8137684884594], [-72.71543423023019, 41.8137684884594]], [[-72.71485321096618, 41.8139901683794], [-72.71485321096618, 41.8139801300434]], [[-72.71485321096618, 41.8139801300434], [-72.71484790485418, 41.8139801300434]], [[-72.71484790485418, 41.8139801300434], [-72.71484790485418, 41.8139901683794]], [[-72.71485321096618, 41.8139901683794], [-72.71484790485418, 41.8139901683794]], [[-72.71485321096618, 41.8139901683794], [-72.71485321096618, 41.8139801300434]], [[-72.71539089698219, 41.813929938363394], [-72.71539443439018, 41.813929938363394], [-72.71539443439018, 41.8139265922514], [-72.71539089698219, 41.8139265922514], [-72.71539089698219, 41.813929938363394]], [[-72.71574994389418, 41.814359913755396], [-72.71576055611817, 41.814359913755396], [-72.71576055611817, 41.81435405805939], [-72.71574994389418, 41.81435405805939], [-72.71574994389418, 41.814359913755396]], [[-72.71481518383017, 41.8142821166514], [-72.71481518383017, 41.814277097483405], [-72.71481429947819, 41.814277097483405], [-72.71481429947819, 41.8142821166514], [-72.71481518383017, 41.8142821166514]], [[-72.71504246229419, 41.8142821166514], [-72.71504246229419, 41.814277097483405], [-72.71504157794217, 41.814277097483405], [-72.71504157794217, 41.8142821166514], [-72.71504246229419, 41.8142821166514]], [[-72.71455164693417, 41.8142821166514], [-72.71455164693417, 41.814277097483405], [-72.71455341563818, 41.814277097483405], [-72.71455341563818, 41.8142821166514], [-72.71455164693417, 41.8142821166514]], [[-72.71524321019817, 41.814052907979395], [-72.71524321019817, 41.8140512349234]], [[-72.71524321019817, 41.8140512349234], [-72.71525205371819, 41.8140512349234]], [[-72.71525205371819, 41.8140512349234], [-72.71525205371819, 41.814052907979395]], [[-72.71524321019817, 41.814052907979395], [-72.71525205371819, 41.814052907979395]], [[-72.71464627259819, 41.813925755723396], [-72.71464450389418, 41.813925755723396]], [[-72.71464450389418, 41.813925755723396], [-72.71464450389418, 41.81391739044339]], [[-72.71464450389418, 41.81391739044339], [-72.71464627259819, 41.81391739044339]], [[-72.71464627259819, 41.813925755723396], [-72.71464627259819, 41.81391739044339]], [[-72.71468606843817, 41.8139475054514], [-72.71468518408619, 41.8139475054514]], [[-72.71468518408619, 41.8139475054514], [-72.71468518408619, 41.8139383036434]], [[-72.71468518408619, 41.8139383036434], [-72.71468606843817, 41.8139383036434]], [[-72.71468606843817, 41.8139475054514], [-72.71468606843817, 41.8139383036434]], [[-72.71531661141418, 41.814207665659396], [-72.71531661141418, 41.8142059926034]], [[-72.71531661141418, 41.8142059926034], [-72.71532633928618, 41.8142059926034]], [[-72.71532633928618, 41.8142059926034], [-72.71532633928618, 41.814207665659396]], [[-72.71531661141418, 41.814207665659396], [-72.71532633928618, 41.814207665659396]], [[-72.71543334587818, 41.8138697083474], [-72.71543246152618, 41.8138697083474], [-72.71543246152618, 41.8138086418034], [-72.71542980847018, 41.8138094783314], [-72.71542980847018, 41.813787728603394], [-72.71543246152618, 41.813786055547396], [-72.71543246152618, 41.8137827094354], [-72.71543334587818, 41.8137827094354], [-72.71543334587818, 41.8138697083474]], [[-72.71562436591017, 41.8143147412434], [-72.71564205295017, 41.8143147412434], [-72.71564205295017, 41.814320596939396], [-72.71564205295017, 41.81432143346739], [-72.71564116859818, 41.81432143346739], [-72.71564116859818, 41.8143222699954], [-72.71564116859818, 41.814323106523396], [-72.71564028424616, 41.814323106523396], [-72.71563939989419, 41.814323106523396], [-72.71563939989419, 41.8143239430514], [-72.71563851554218, 41.8143239430514], [-72.71562790331818, 41.8143239430514], [-72.71562701896619, 41.8143239430514], [-72.71562613461418, 41.814323106523396], [-72.71562525026218, 41.8143222699954], [-72.71562525026218, 41.81432143346739], [-72.71562436591017, 41.814320596939396], [-72.71562436591017, 41.8143147412434]], [[-72.71556334562219, 41.81420097343539], [-72.71556953608618, 41.81420097343539]], [[-72.71556334562219, 41.81420097343539], [-72.71556953608618, 41.81420097343539]], [[-72.71556334562219, 41.8141859159314], [-72.71556953608618, 41.8141859159314]], [[-72.71555892386218, 41.814183406347404], [-72.71555892386218, 41.81420348301939]], [[-72.71556688303018, 41.81420097343539], [-72.71556599867819, 41.81420097343539]], [[-72.71556599867819, 41.81418675245939], [-72.71556599867819, 41.8141859159314]], [[-72.71557484219818, 41.814183406347404], [-72.71557484219818, 41.81420348301939]], [[-72.71556599867819, 41.81418675245939], [-72.71556688303018, 41.81418675245939]], [[-72.71556334562219, 41.81420348301939], [-72.71555892386218, 41.81420348301939]], [[-72.71556334562219, 41.81418675245939], [-72.71556953608618, 41.81418675245939]], [[-72.71556599867819, 41.8141859159314], [-72.71556688303018, 41.8141859159314]], [[-72.71555803951019, 41.81420348301939], [-72.71555803951019, 41.814183406347404]], [[-72.71556688303018, 41.814183406347404], [-72.71557218914218, 41.814183406347404]], [[-72.71556334562219, 41.814183406347404], [-72.71555892386218, 41.814183406347404]], [[-72.71556688303018, 41.814183406347404], [-72.71557484219818, 41.814183406347404]], [[-72.71555803951019, 41.814183406347404], [-72.71556599867819, 41.814183406347404]], [[-72.71556334562219, 41.814183406347404], [-72.71556334562219, 41.81420348301939]], [[-72.71556599867819, 41.814183406347404], [-72.71556599867819, 41.81420348301939]], [[-72.71556599867819, 41.81420348301939], [-72.71555803951019, 41.81420348301939]], [[-72.71556953608618, 41.814183406347404], [-72.71556953608618, 41.81420348301939]], [[-72.71556599867819, 41.81420348301939], [-72.71556688303018, 41.81420348301939]], [[-72.71556688303018, 41.81418675245939], [-72.71556599867819, 41.81418675245939]], [[-72.71556599867819, 41.81420097343539], [-72.71556688303018, 41.81420097343539]], [[-72.71557395784617, 41.81420348301939], [-72.71556953608618, 41.81420348301939]], [[-72.71557484219818, 41.81420348301939], [-72.71556688303018, 41.81420348301939]], [[-72.71556688303018, 41.8141859159314], [-72.71556688303018, 41.81418675245939]], [[-72.71556688303018, 41.81420348301939], [-72.71556688303018, 41.814183406347404]], [[-72.71556599867819, 41.81420097343539], [-72.71556688303018, 41.81420097343539]], [[-72.71556599867819, 41.8141859159314], [-72.71556688303018, 41.8141859159314]], [[-72.71557395784617, 41.814183406347404], [-72.71556953608618, 41.814183406347404]], [[-72.71556599867819, 41.814183406347404], [-72.71556069256619, 41.814183406347404]], [[-72.71557395784617, 41.814183406347404], [-72.71557395784617, 41.81420348301939]], [[-72.71556599867819, 41.81420097343539], [-72.71556688303018, 41.81420097343539]], [[-72.71556599867819, 41.814183406347404], [-72.71556688303018, 41.814183406347404]], [[-72.71439069487018, 41.8143314718034], [-72.71438185135018, 41.8143314718034], [-72.71438185135018, 41.8143272891634], [-72.71439069487018, 41.8143272891634], [-72.71439069487018, 41.8143314718034]], [[-72.71496110191018, 41.8137358638674], [-72.71499205423018, 41.8137358638674]], [[-72.71496110191018, 41.8137224794194], [-72.71499205423018, 41.8137224794194]], [[-72.71499382293418, 41.81372498900339], [-72.71499382293418, 41.81373335428339]], [[-72.71495756450217, 41.81372498900339], [-72.71495844885419, 41.81372498900339]], [[-72.71496110191018, 41.813731681227395], [-72.71496110191018, 41.8137266620594]], [[-72.71499205423018, 41.8137325177554], [-72.71499382293418, 41.8137325177554]], [[-72.71497259848617, 41.8137241524754], [-72.71497348283818, 41.81372498900339]], [[-72.71497348283818, 41.81372498900339], [-72.71497348283818, 41.81372331594739]], [[-72.71497348283818, 41.81372331594739], [-72.71497436719018, 41.81372331594739]], [[-72.71497436719018, 41.81372331594739], [-72.71497436719018, 41.8137241524754]], [[-72.71497525154219, 41.81372331594739], [-72.71497613589419, 41.81372331594739]], [[-72.71497613589419, 41.8137241524754], [-72.71497525154219, 41.8137241524754]], [[-72.71498055765419, 41.81372331594739], [-72.71498144200618, 41.81372498900339]], [[-72.71498321071017, 41.81372331594739], [-72.71498321071017, 41.81372498900339]], [[-72.71496729237418, 41.8137241524754], [-72.71496729237418, 41.81372331594739]], [[-72.71496994543018, 41.8137241524754], [-72.71496994543018, 41.81372498900339]], [[-72.71498763247018, 41.81372498900339], [-72.71498674811818, 41.81372498900339]], [[-72.71497259848617, 41.81372331594739], [-72.71497348283818, 41.81372331594739]], [[-72.71496110191018, 41.813731681227395], [-72.71496110191018, 41.8137358638674]], [[-72.71498321071017, 41.8137241524754], [-72.71498409506218, 41.8137241524754]], [[-72.71499382293418, 41.81373335428339], [-72.71499559163817, 41.81373335428339]], [[-72.71495756450217, 41.81373753692339], [-72.71499559163817, 41.81373753692339]], [[-72.71499205423018, 41.81372582553139], [-72.71499382293418, 41.81372582553139]], [[-72.7149823263582, 41.8137241524754], [-72.7149823263582, 41.81372331594739]], [[-72.71495756450217, 41.81372080636339], [-72.71499559163817, 41.81372080636339]], [[-72.71496110191018, 41.8137325177554], [-72.71495844885419, 41.8137325177554]], [[-72.71498144200618, 41.8137241524754], [-72.71498144200618, 41.81372498900339]], [[-72.71497171413418, 41.81372331594739], [-72.71497171413418, 41.81372498900339]], [[-72.71499205423018, 41.813731681227395], [-72.71496110191018, 41.813731681227395]], [[-72.71499205423018, 41.8137358638674], [-72.71499205423018, 41.813731681227395]], [[-72.71495844885419, 41.81373335428339], [-72.71495756450217, 41.81373335428339]], [[-72.71495844885419, 41.81373335428339], [-72.71496110191018, 41.81373335428339]], [[-72.71498497941418, 41.81372498900339], [-72.71498497941418, 41.81372331594739]], [[-72.71495844885419, 41.81372498900339], [-72.71495844885419, 41.81373335428339]], [[-72.71498055765419, 41.81372498900339], [-72.71498055765419, 41.81372331594739]], [[-72.71498055765419, 41.81372498900339], [-72.71498144200618, 41.81372498900339]], [[-72.71499382293418, 41.81372498900339], [-72.71499205423018, 41.81372498900339]], [[-72.71499205423018, 41.813729171643395], [-72.71499382293418, 41.813729171643395]], [[-72.71497878895018, 41.81372498900339], [-72.71497878895018, 41.81372331594739]], [[-72.71495844885419, 41.81372498900339], [-72.71496110191018, 41.81372498900339]], [[-72.71496552367019, 41.8137241524754], [-72.71496552367019, 41.81372331594739]], [[-72.71496110191018, 41.81372582553139], [-72.71495844885419, 41.81372582553139]], [[-72.71499205423018, 41.8137224794194], [-72.71499205423018, 41.8137266620594]], [[-72.71496640802218, 41.81372331594739], [-72.71496640802218, 41.8137241524754]], [[-72.71499559163817, 41.81373753692339], [-72.71499559163817, 41.81372080636339]], [[-72.71498586376619, 41.81372498900339], [-72.71498586376619, 41.81372331594739]], [[-72.71498409506218, 41.81372331594739], [-72.71498409506218, 41.81372498900339]], [[-72.71495756450217, 41.81372080636339], [-72.71495756450217, 41.81373753692339]], [[-72.71496110191018, 41.813729171643395], [-72.71495844885419, 41.813729171643395]], [[-72.71497082978219, 41.81372331594739], [-72.71496994543018, 41.81372331594739]], [[-72.71496110191018, 41.8137266620594], [-72.71499205423018, 41.8137266620594]], [[-72.71497613589419, 41.81372498900339], [-72.71497525154219, 41.81372498900339]], [[-72.71498674811818, 41.81372331594739], [-72.71498763247018, 41.81372331594739]], [[-72.71497436719018, 41.8137241524754], [-72.71497348283818, 41.8137241524754]], [[-72.71498144200618, 41.81372498900339], [-72.7149823263582, 41.81372498900339]], [[-72.71497967330218, 41.81372498900339], [-72.71497967330218, 41.81372331594739]], [[-72.71498497941418, 41.81372331594739], [-72.71498586376619, 41.81372498900339]], [[-72.71497348283818, 41.8137241524754], [-72.71497259848617, 41.8137241524754]], [[-72.71499382293418, 41.8137283351154], [-72.71499205423018, 41.8137283351154]], [[-72.7149823263582, 41.81372331594739], [-72.71498144200618, 41.81372331594739]], [[-72.71499382293418, 41.81373335428339], [-72.71499205423018, 41.81373335428339]], [[-72.71497259848617, 41.81372498900339], [-72.71497259848617, 41.81372331594739]], [[-72.71497348283818, 41.81372331594739], [-72.71497348283818, 41.8137241524754]], [[-72.71496640802218, 41.81372498900339], [-72.71496729237418, 41.8137241524754]], [[-72.71498409506218, 41.81372331594739], [-72.71498409506218, 41.81372498900339]], [[-72.71496994543018, 41.81372331594739], [-72.71496994543018, 41.8137241524754]], [[-72.71497082978219, 41.81372498900339], [-72.71497171413418, 41.81372331594739]], [[-72.71499559163817, 41.81372498900339], [-72.71499382293418, 41.81372498900339]], [[-72.71496994543018, 41.81372498900339], [-72.71497082978219, 41.81372498900339]], [[-72.71497082978219, 41.8137241524754], [-72.71497082978219, 41.81372331594739]], [[-72.71496729237418, 41.81372331594739], [-72.71496640802218, 41.81372331594739]], [[-72.71498674811818, 41.81372498900339], [-72.71498674811818, 41.81372331594739]], [[-72.71497967330218, 41.81372331594739], [-72.71497967330218, 41.81372498900339]], [[-72.71496110191018, 41.8137266620594], [-72.71496110191018, 41.8137224794194]], [[-72.71497878895018, 41.81372331594739], [-72.71497967330218, 41.81372498900339]], [[-72.71498144200618, 41.81372331594739], [-72.71498144200618, 41.8137241524754]], [[-72.7149770202462, 41.81372331594739], [-72.7149770202462, 41.81372498900339]], [[-72.71497613589419, 41.81372331594739], [-72.7149770202462, 41.81372331594739]], [[-72.71499205423018, 41.8137266620594], [-72.71499205423018, 41.813731681227395]], [[-72.71497525154219, 41.81372498900339], [-72.71497525154219, 41.81372331594739]], [[-72.71496729237418, 41.81372498900339], [-72.71496640802218, 41.81372498900339]], [[-72.71495844885419, 41.813729171643395], [-72.71496110191018, 41.813729171643395]], [[-72.71496552367019, 41.81372331594739], [-72.71496552367019, 41.81372498900339]], [[-72.71499559163817, 41.81372080636339], [-72.71495756450217, 41.81372080636339]], [[-72.71511940091817, 41.814282953179394], [-72.71511940091817, 41.81427793401139], [-72.71511851656618, 41.81427793401139], [-72.71511851656618, 41.814282953179394], [-72.71511940091817, 41.814282953179394]], [[-72.71508933295019, 41.8137325177554], [-72.71509198600617, 41.8137325177554]], [[-72.71505042146218, 41.81372582553139], [-72.71504865275818, 41.81372582553139]], [[-72.71506103368618, 41.81372331594739], [-72.71506014933419, 41.81372331594739]], [[-72.71506014933419, 41.8137241524754], [-72.71506103368618, 41.8137241524754]], [[-72.71506103368618, 41.8137241524754], [-72.71506103368618, 41.81372498900339]], [[-72.71506633979818, 41.81372498900339], [-72.71506633979818, 41.81372331594739]], [[-72.71505042146218, 41.813731681227395], [-72.71505042146218, 41.8137358638674]], [[-72.71505042146218, 41.8137358638674], [-72.71508933295019, 41.8137358638674]], [[-72.71508933295019, 41.8137358638674], [-72.71508933295019, 41.813731681227395]], [[-72.71505042146218, 41.8137266620594], [-72.71505042146218, 41.8137224794194]], [[-72.71505042146218, 41.8137224794194], [-72.71508933295019, 41.8137224794194]], [[-72.71508933295019, 41.8137224794194], [-72.71508933295019, 41.8137266620594]], [[-72.71509287035818, 41.81372498900339], [-72.71509198600617, 41.81372498900339]], [[-72.71509198600617, 41.81372498900339], [-72.71509198600617, 41.81373335428339]], [[-72.71509198600617, 41.81373335428339], [-72.71509287035818, 41.81373335428339]], [[-72.71509198600617, 41.81372498900339], [-72.71508933295019, 41.81372498900339]], [[-72.71509198600617, 41.81373335428339], [-72.71508933295019, 41.81373335428339]], [[-72.71504776840618, 41.81372498900339], [-72.71504865275818, 41.81372498900339]], [[-72.71504865275818, 41.81372498900339], [-72.71504865275818, 41.81373335428339]], [[-72.71504865275818, 41.81373335428339], [-72.71504776840618, 41.81373335428339]], [[-72.71504776840618, 41.81373753692339], [-72.71509287035818, 41.81373753692339]], [[-72.71509287035818, 41.81373753692339], [-72.71509287035818, 41.81372080636339]], [[-72.71508933295019, 41.813731681227395], [-72.71505042146218, 41.813731681227395]], [[-72.71506987720619, 41.81372498900339], [-72.71506899285417, 41.81372498900339]], [[-72.71506899285417, 41.81372498900339], [-72.71506899285417, 41.81372331594739]], [[-72.71506987720619, 41.8137241524754], [-72.71506899285417, 41.8137241524754]], [[-72.71507253026219, 41.81372498900339], [-72.71507253026219, 41.81372331594739]], [[-72.71507341461418, 41.81372331594739], [-72.71507341461418, 41.81372498900339]], [[-72.71505042146218, 41.8137266620594], [-72.71508933295019, 41.8137266620594]], [[-72.71506633979818, 41.8137241524754], [-72.71506722415019, 41.81372498900339]], [[-72.71504776840618, 41.81372080636339], [-72.71509287035818, 41.81372080636339]], [[-72.71509287035818, 41.81372080636339], [-72.71504776840618, 41.81372080636339]], [[-72.71507695202219, 41.8137241524754], [-72.71507783637418, 41.8137241524754]], [[-72.71506545544618, 41.81372331594739], [-72.71506633979818, 41.81372498900339]], [[-72.71508933295019, 41.813729171643395], [-72.71509198600617, 41.813729171643395]], [[-72.71507518331819, 41.81372498900339], [-72.71507606767018, 41.81372498900339]], [[-72.71506722415019, 41.81372498900339], [-72.71506722415019, 41.81372331594739]], [[-72.71509198600617, 41.8137283351154], [-72.71508933295019, 41.8137283351154]], [[-72.71504865275818, 41.813729171643395], [-72.71505042146218, 41.813729171643395]], [[-72.71508933295019, 41.8137266620594], [-72.71508933295019, 41.813731681227395]], [[-72.71506103368618, 41.81372498900339], [-72.71506014933419, 41.81372498900339]], [[-72.71506457109417, 41.81372331594739], [-72.71506368674218, 41.81372331594739]], [[-72.71506722415019, 41.81372331594739], [-72.71506810850218, 41.81372331594739]], [[-72.71506368674218, 41.81372498900339], [-72.71506457109417, 41.81372498900339]], [[-72.71507341461418, 41.81372498900339], [-72.71507341461418, 41.81372331594739]], [[-72.71504865275818, 41.81372498900339], [-72.71505042146218, 41.81372498900339]], [[-72.71507429896617, 41.81372498900339], [-72.71507518331819, 41.81372498900339]], [[-72.71506457109417, 41.81372498900339], [-72.71506545544618, 41.81372331594739]], [[-72.71508048943018, 41.81372498900339], [-72.71508048943018, 41.81372331594739]], [[-72.71507872072618, 41.81372331594739], [-72.71507960507817, 41.81372498900339]], [[-72.71506368674218, 41.8137241524754], [-72.71506368674218, 41.81372498900339]], [[-72.71507695202219, 41.81372331594739], [-72.71507695202219, 41.81372498900339]], [[-72.71506368674218, 41.81372331594739], [-72.71506368674218, 41.8137241524754]], [[-72.71506014933419, 41.81372331594739], [-72.71506014933419, 41.8137241524754]], [[-72.71507429896617, 41.81372331594739], [-72.71507518331819, 41.81372498900339]], [[-72.71506810850218, 41.8137241524754], [-72.71506722415019, 41.8137241524754]], [[-72.71505042146218, 41.813729171643395], [-72.71504865275818, 41.813729171643395]], [[-72.71507429896617, 41.81372498900339], [-72.71507429896617, 41.81372331594739]], [[-72.71505926498217, 41.81372331594739], [-72.71505926498217, 41.81372498900339]], [[-72.71507960507817, 41.81372498900339], [-72.71507960507817, 41.81372331594739]], [[-72.71506722415019, 41.8137241524754], [-72.71506633979818, 41.8137241524754]], [[-72.71507076155818, 41.81372331594739], [-72.71507076155818, 41.81372498900339]], [[-72.71504865275818, 41.81373335428339], [-72.71505042146218, 41.81373335428339]], [[-72.71506899285417, 41.8137241524754], [-72.71506810850218, 41.8137241524754]], [[-72.71504776840618, 41.81372080636339], [-72.71504776840618, 41.81373753692339]], [[-72.71508048943018, 41.81372331594739], [-72.71508137378218, 41.81372331594739]], [[-72.71507606767018, 41.81372331594739], [-72.71507518331819, 41.81372331594739]], [[-72.71506457109417, 41.8137241524754], [-72.71506457109417, 41.81372331594739]], [[-72.71507253026219, 41.81372331594739], [-72.71507341461418, 41.81372498900339]], [[-72.71507518331819, 41.8137241524754], [-72.71507518331819, 41.81372498900339]], [[-72.71508933295019, 41.81372582553139], [-72.71509198600617, 41.81372582553139]], [[-72.71506722415019, 41.81372331594739], [-72.71506722415019, 41.8137241524754]], [[-72.71507518331819, 41.81372331594739], [-72.71507518331819, 41.8137241524754]], [[-72.71507872072618, 41.81372498900339], [-72.71507872072618, 41.81372331594739]], [[-72.71506633979818, 41.81372331594739], [-72.71506722415019, 41.81372331594739]], [[-72.71507783637418, 41.81372331594739], [-72.71507783637418, 41.81372498900339]], [[-72.71505042146218, 41.813731681227395], [-72.71505042146218, 41.8137266620594]], [[-72.71507872072618, 41.81372331594739], [-72.71507872072618, 41.81372498900339]], [[-72.71506810850218, 41.81372331594739], [-72.71506899285417, 41.8137241524754]], [[-72.71506899285417, 41.81372331594739], [-72.71506987720619, 41.81372331594739]], [[-72.71505042146218, 41.8137325177554], [-72.71504865275818, 41.8137325177554]], [[-72.71508137378218, 41.81372498900339], [-72.71508048943018, 41.81372498900339]], [[-72.71505926498217, 41.8137241524754], [-72.71505926498217, 41.81372331594739]], [[-72.71506987720619, 41.81372331594739], [-72.71507076155818, 41.81372331594739]], [[-72.71507606767018, 41.8137241524754], [-72.71507606767018, 41.81372331594739]], [[-72.71471967381417, 41.814045379227395], [-72.71472144251818, 41.814045379227395]], [[-72.71472144251818, 41.814045379227395], [-72.71472144251818, 41.8140470522834]], [[-72.71472232687017, 41.8140470522834], [-72.71472232687017, 41.814045379227395]], [[-72.71471967381417, 41.814050398395395], [-72.71472409557418, 41.814050398395395]], [[-72.71473028603819, 41.81406210978739], [-72.71473028603819, 41.8140612732594]], [[-72.71472055816618, 41.8140612732594], [-72.71472055816618, 41.814062946315396]], [[-72.71472055816618, 41.814062946315396], [-72.71473028603819, 41.814062946315396]], [[-72.71473028603819, 41.814062946315396], [-72.71473293909419, 41.814062946315396]], [[-72.71473293909419, 41.814047888811395], [-72.71473382344618, 41.814047888811395]], [[-72.71473382344618, 41.814047888811395], [-72.71473293909419, 41.814047888811395]], [[-72.71472144251818, 41.8140445426994], [-72.71472144251818, 41.814045379227395]], [[-72.71472055816618, 41.814042869643394], [-72.71472055816618, 41.8140445426994]], [[-72.71471967381417, 41.81405709061939], [-72.71472409557418, 41.81405709061939]], [[-72.71472144251818, 41.81405960020339], [-72.71472144251818, 41.8140612732594]], [[-72.71471967381417, 41.8140579271474], [-72.71471967381417, 41.8140587636754]], [[-72.71472409557418, 41.814050398395395], [-72.71472232687017, 41.814050398395395]], [[-72.71472144251818, 41.8140537445074], [-72.71472144251818, 41.814055417563395]], [[-72.71472232687017, 41.8140562540914], [-72.71472232687017, 41.814055417563395]], [[-72.71472232687017, 41.81405960020339], [-72.71472232687017, 41.8140587636754]], [[-72.71471967381417, 41.8140562540914], [-72.71471967381417, 41.81405709061939]], [[-72.71472232687017, 41.81405709061939], [-72.71472232687017, 41.8140579271474]], [[-72.71473293909419, 41.814047888811395], [-72.71473293909419, 41.814042869643394]], [[-72.71473293909419, 41.814042869643394], [-72.71473028603819, 41.814042869643394]], [[-72.71472232687017, 41.8140587636754], [-72.71472409557418, 41.8140587636754]], [[-72.71472409557418, 41.8140579271474], [-72.71471967381417, 41.8140579271474]], [[-72.71473028603819, 41.8140612732594], [-72.71472055816618, 41.8140612732594]], [[-72.71472232687017, 41.814052907979395], [-72.71472232687017, 41.8140520714514]], [[-72.71473293909419, 41.8140579271474], [-72.71473382344618, 41.8140579271474]], [[-72.71472144251818, 41.8140487253394], [-72.71472144251818, 41.814050398395395]], [[-72.71471613640618, 41.814042869643394], [-72.71472055816618, 41.814042869643394]], [[-72.71471967381417, 41.81405960020339], [-72.71472409557418, 41.81405960020339]], [[-72.71471967381417, 41.8140520714514], [-72.71472144251818, 41.8140520714514]], [[-72.71472409557418, 41.8140487253394], [-72.71471967381417, 41.8140487253394]], [[-72.71472144251818, 41.814050398395395], [-72.71472144251818, 41.8140520714514]], [[-72.71472055816618, 41.8140445426994], [-72.71473028603819, 41.8140445426994]], [[-72.71471613640618, 41.814042869643394], [-72.71471613640618, 41.814062946315396]], [[-72.71472232687017, 41.814055417563395], [-72.71472409557418, 41.814055417563395]], [[-72.71471967381417, 41.8140470522834], [-72.71472409557418, 41.8140470522834]], [[-72.71471967381417, 41.814052907979395], [-72.71471967381417, 41.8140537445074]], [[-72.71472232687017, 41.814045379227395], [-72.71472409557418, 41.814045379227395]], [[-72.71472409557418, 41.81405960020339], [-72.71472232687017, 41.81405960020339]], [[-72.71472144251818, 41.814055417563395], [-72.71472144251818, 41.8140562540914]], [[-72.71473028603819, 41.814042869643394], [-72.71472055816618, 41.814042869643394]], [[-72.71472055816618, 41.814062946315396], [-72.71471613640618, 41.814062946315396]], [[-72.71472409557418, 41.8140587636754], [-72.71472409557418, 41.8140579271474]], [[-72.71473028603819, 41.8140445426994], [-72.71473028603819, 41.8140437061714]], [[-72.71471967381417, 41.8140587636754], [-72.71472144251818, 41.8140587636754]], [[-72.71472232687017, 41.814050398395395], [-72.71472232687017, 41.8140520714514]], [[-72.71472144251818, 41.81405960020339], [-72.71471967381417, 41.81405960020339]], [[-72.71473205474217, 41.8140437061714], [-72.71473205474217, 41.81406210978739]], [[-72.71471967381417, 41.8140537445074], [-72.71472409557418, 41.8140537445074]], [[-72.71472409557418, 41.8140520714514], [-72.71471967381417, 41.8140520714514]], [[-72.71472232687017, 41.814050398395395], [-72.71472232687017, 41.8140487253394]], [[-72.71471967381417, 41.814055417563395], [-72.71472144251818, 41.814055417563395]], [[-72.71472144251818, 41.8140587636754], [-72.71472144251818, 41.81405960020339]], [[-72.71472144251818, 41.8140520714514], [-72.71472144251818, 41.814052907979395]], [[-72.71472232687017, 41.8140445426994], [-72.71472232687017, 41.814045379227395]], [[-72.71472144251818, 41.8140562540914], [-72.71471967381417, 41.8140562540914]], [[-72.71472144251818, 41.81405709061939], [-72.71472144251818, 41.8140579271474]], [[-72.71472409557418, 41.8140470522834], [-72.71472232687017, 41.8140470522834]], [[-72.71472232687017, 41.81405960020339], [-72.71472232687017, 41.8140612732594]], [[-72.71472232687017, 41.8140470522834], [-72.71472232687017, 41.8140487253394]], [[-72.71472409557418, 41.814055417563395], [-72.71471967381417, 41.814055417563395]], [[-72.71472409557418, 41.814052907979395], [-72.71472232687017, 41.814052907979395]], [[-72.71472409557418, 41.814045379227395], [-72.71471967381417, 41.814045379227395]], [[-72.71472409557418, 41.8140562540914], [-72.71472232687017, 41.8140562540914]], [[-72.71473382344618, 41.81405709061939], [-72.71473293909419, 41.81405709061939]], [[-72.71473205474217, 41.81406210978739], [-72.71473028603819, 41.81406210978739]], [[-72.71472232687017, 41.8140487253394], [-72.71472409557418, 41.8140487253394]], [[-72.71472144251818, 41.8140470522834], [-72.71471967381417, 41.8140470522834]], [[-72.71472144251818, 41.814050398395395], [-72.71471967381417, 41.814050398395395]], [[-72.71472144251818, 41.8140470522834], [-72.71472144251818, 41.8140487253394]], [[-72.71473382344618, 41.8140579271474], [-72.71473382344618, 41.81405709061939]], [[-72.71471967381417, 41.8140487253394], [-72.71472144251818, 41.8140487253394]], [[-72.71472409557418, 41.8140537445074], [-72.71472409557418, 41.814052907979395]], [[-72.71472232687017, 41.8140520714514], [-72.71472409557418, 41.8140520714514]], [[-72.71472409557418, 41.81405709061939], [-72.71472409557418, 41.8140562540914]], [[-72.71473028603819, 41.8140437061714], [-72.71473205474217, 41.8140437061714]], [[-72.71472144251818, 41.814052907979395], [-72.71471967381417, 41.814052907979395]], [[-72.71472232687017, 41.8140537445074], [-72.71472232687017, 41.814055417563395]], [[-72.71473293909419, 41.81405709061939], [-72.71473293909419, 41.814047888811395]], [[-72.71473293909419, 41.814062946315396], [-72.71473293909419, 41.8140579271474]], [[-72.71463919778219, 41.8142821166514], [-72.71463919778219, 41.814277097483405], [-72.71463654472618, 41.814277097483405], [-72.71463654472618, 41.8142821166514], [-72.71463919778219, 41.8142821166514]], [[-72.71461885768618, 41.8142821166514], [-72.71461885768618, 41.814277097483405], [-72.71462151074219, 41.814277097483405], [-72.71462151074219, 41.8142821166514], [-72.71461885768618, 41.8142821166514]], [[-72.71465511611818, 41.8142821166514], [-72.71465511611818, 41.814277097483405], [-72.71465334741417, 41.814277097483405], [-72.71465334741417, 41.8142821166514], [-72.71465511611818, 41.8142821166514]], [[-72.71566946786217, 41.8140202833874], [-72.71566239304617, 41.8140202833874], [-72.71566239304617, 41.8140144276914], [-72.71566946786217, 41.8140144276914], [-72.71566946786217, 41.8140202833874]], [[-72.71547844783018, 41.814323106523396], [-72.71548906005417, 41.814323106523396], [-72.71548906005417, 41.8143289622194], [-72.71547844783018, 41.8143289622194], [-72.71547844783018, 41.814323106523396]], [[-72.71485940143019, 41.8139901683794], [-72.71485940143019, 41.814001043243394]], [[-72.71485321096618, 41.814001043243394], [-72.71485940143019, 41.814001043243394]], [[-72.71485321096618, 41.8139901683794], [-72.71485940143019, 41.8139901683794]], [[-72.71485409531819, 41.814001043243394], [-72.71485409531819, 41.8139901683794]], [[-72.71485321096618, 41.814001043243394], [-72.71485321096618, 41.8139901683794]], [[-72.71475681659818, 41.8139801300434], [-72.71474620437418, 41.8139801300434]], [[-72.71474620437418, 41.813974274347395], [-72.71475681659818, 41.813974274347395]], [[-72.71475681659818, 41.8139801300434], [-72.71474620437418, 41.8139801300434]], [[-72.71474620437418, 41.8139801300434], [-72.71474620437418, 41.813974274347395]], [[-72.71475681659818, 41.8139801300434], [-72.71475681659818, 41.813974274347395]], [[-72.71485321096618, 41.814001043243394], [-72.71485321096618, 41.8139901683794]], [[-72.71484790485418, 41.8139901683794], [-72.71484790485418, 41.814001043243394]], [[-72.71485321096618, 41.814001043243394], [-72.71485321096618, 41.8139901683794]], [[-72.71485321096618, 41.814001043243394], [-72.71484790485418, 41.814001043243394]], [[-72.71485321096618, 41.8139901683794], [-72.71484790485418, 41.8139901683794]], [[-72.71482844911017, 41.8139901683794], [-72.71482844911017, 41.8139801300434]], [[-72.71483375522217, 41.8139801300434], [-72.71483375522217, 41.8139901683794]], [[-72.71482844911017, 41.8139901683794], [-72.71482844911017, 41.8139801300434]], [[-72.71482844911017, 41.8139801300434], [-72.71483375522217, 41.8139801300434]], [[-72.71482844911017, 41.8139901683794], [-72.71483375522217, 41.8139901683794]], [[-72.71482844911017, 41.814001043243394], [-72.71482844911017, 41.8139901683794]], [[-72.71482225864618, 41.8139901683794], [-72.71482225864618, 41.814001043243394]], [[-72.71482756475818, 41.814001043243394], [-72.71482756475818, 41.8139901683794]], [[-72.71482844911017, 41.8139901683794], [-72.71482225864618, 41.8139901683794]], [[-72.71482844911017, 41.814001043243394], [-72.71482225864618, 41.814001043243394]], [[-72.71480810901419, 41.8140060624114], [-72.71479749679018, 41.8140060624114]], [[-72.71479749679018, 41.814001043243394], [-72.71479749679018, 41.8140060624114]], [[-72.71479749679018, 41.814001043243394], [-72.71480810901419, 41.814001043243394]], [[-72.71479749679018, 41.814001043243394], [-72.71480810901419, 41.814001043243394]], [[-72.71480810901419, 41.814001043243394], [-72.71480810901419, 41.8140060624114]], [[-72.71485321096618, 41.8139901683794], [-72.71485321096618, 41.8139801300434]], [[-72.71485940143019, 41.8139801300434], [-72.71485940143019, 41.8139901683794]], [[-72.71485409531819, 41.8139901683794], [-72.71485409531819, 41.8139801300434]], [[-72.71485321096618, 41.8139801300434], [-72.71485940143019, 41.8139801300434]], [[-72.71485321096618, 41.8139901683794], [-72.71485940143019, 41.8139901683794]], [[-72.71482844911017, 41.8139901683794], [-72.71482844911017, 41.8139801300434]], [[-72.71482225864618, 41.8139801300434], [-72.71482225864618, 41.8139901683794]], [[-72.71482756475818, 41.8139901683794], [-72.71482756475818, 41.8139801300434]], [[-72.71482844911017, 41.8139801300434], [-72.71482225864618, 41.8139801300434]], [[-72.71482844911017, 41.8139901683794], [-72.71482225864618, 41.8139901683794]], [[-72.71477715669417, 41.8139901683794], [-72.71477715669417, 41.8139801300434]], [[-72.71478246280617, 41.8139801300434], [-72.71478246280617, 41.8139901683794]], [[-72.71477715669417, 41.8139901683794], [-72.71477715669417, 41.8139801300434]], [[-72.71477715669417, 41.8139801300434], [-72.71478246280617, 41.8139801300434]], [[-72.71477715669417, 41.8139901683794], [-72.71478246280617, 41.8139901683794]], [[-72.71477715669417, 41.814001043243394], [-72.71477715669417, 41.8139901683794]], [[-72.71477185058218, 41.8139901683794], [-72.71477185058218, 41.814001043243394]], [[-72.71477715669417, 41.814001043243394], [-72.71477715669417, 41.8139901683794]], [[-72.71477715669417, 41.8139901683794], [-72.71477185058218, 41.8139901683794]], [[-72.71477715669417, 41.814001043243394], [-72.71477185058218, 41.814001043243394]], [[-72.71480280290218, 41.814001043243394], [-72.71480280290218, 41.8139901683794]], [[-72.71480280290218, 41.814001043243394], [-72.71479661243819, 41.814001043243394]], [[-72.71479661243819, 41.8139901683794], [-72.71479661243819, 41.814001043243394]], [[-72.7148019185502, 41.814001043243394], [-72.7148019185502, 41.8139901683794]], [[-72.71480280290218, 41.8139901683794], [-72.71479661243819, 41.8139901683794]], [[-72.71478246280617, 41.8139801300434], [-72.71477185058218, 41.8139801300434]], [[-72.71477185058218, 41.813974274347395], [-72.71478246280617, 41.813974274347395]], [[-72.71478246280617, 41.8139801300434], [-72.71478246280617, 41.813974274347395]], [[-72.71477185058218, 41.8139801300434], [-72.71477185058218, 41.813974274347395]], [[-72.71478246280617, 41.8139801300434], [-72.71477185058218, 41.8139801300434]], [[-72.71475151048618, 41.8139901683794], [-72.71475151048618, 41.8139801300434]], [[-72.71475681659818, 41.8139801300434], [-72.71475681659818, 41.8139901683794]], [[-72.71475151048618, 41.8139901683794], [-72.71475151048618, 41.8139801300434]], [[-72.71475151048618, 41.8139801300434], [-72.71475681659818, 41.8139801300434]], [[-72.71475151048618, 41.8139901683794], [-72.71475681659818, 41.8139901683794]], [[-72.71475151048618, 41.814001043243394], [-72.71475151048618, 41.8139901683794]], [[-72.71474620437418, 41.8139901683794], [-72.71474620437418, 41.814001043243394]], [[-72.71475151048618, 41.814001043243394], [-72.71475151048618, 41.8139901683794]], [[-72.71475151048618, 41.8139901683794], [-72.71474620437418, 41.8139901683794]], [[-72.71475151048618, 41.814001043243394], [-72.71474620437418, 41.814001043243394]], [[-72.71475151048618, 41.814001043243394], [-72.71475151048618, 41.8139901683794]], [[-72.71475681659818, 41.8139901683794], [-72.71475681659818, 41.814001043243394]], [[-72.71475151048618, 41.8139901683794], [-72.71475681659818, 41.8139901683794]], [[-72.71475151048618, 41.814001043243394], [-72.71475681659818, 41.814001043243394]], [[-72.71475151048618, 41.814001043243394], [-72.71475151048618, 41.8139901683794]], [[-72.71474620437418, 41.814001043243394], [-72.71475681659818, 41.814001043243394]], [[-72.71475681659818, 41.8140060624114], [-72.71474620437418, 41.8140060624114]], [[-72.71474620437418, 41.814001043243394], [-72.71475681659818, 41.814001043243394]], [[-72.71475681659818, 41.814001043243394], [-72.71475681659818, 41.8140060624114]], [[-72.71474620437418, 41.814001043243394], [-72.71474620437418, 41.8140060624114]], [[-72.71477715669417, 41.814001043243394], [-72.71477715669417, 41.8139901683794]], [[-72.71477715669417, 41.814001043243394], [-72.71477715669417, 41.8139901683794]], [[-72.71477715669417, 41.8139901683794], [-72.71478246280617, 41.8139901683794]], [[-72.71478246280617, 41.8139901683794], [-72.71478246280617, 41.814001043243394]], [[-72.71477715669417, 41.814001043243394], [-72.71478246280617, 41.814001043243394]], [[-72.7153192644702, 41.813871381403395], [-72.7153192644702, 41.813881419739396]], [[-72.7153192644702, 41.813881419739396], [-72.71531042095019, 41.813881419739396]], [[-72.71531042095019, 41.813881419739396], [-72.71531042095019, 41.813871381403395]], [[-72.71531042095019, 41.813871381403395], [-72.7153192644702, 41.813871381403395]], [[-72.71531572706219, 41.813871381403395], [-72.71531572706219, 41.813881419739396]], [[-72.71501946914218, 41.8139976971314], [-72.71501858479019, 41.813996860603396], [-72.71501593173419, 41.8139935144914], [-72.71501593173419, 41.8139926779634], [-72.71501858479019, 41.813989331851396], [-72.71501946914218, 41.813989331851396], [-72.71502300655017, 41.8139910049074], [-72.71502389090217, 41.813991841435396], [-72.71502389090217, 41.8139951875474], [-72.71502300655017, 41.813996024075394], [-72.71501946914218, 41.8139976971314]], [[-72.71452246331819, 41.81400522588339], [-72.71452246331819, 41.81400020671539], [-72.71452157896618, 41.81400020671539], [-72.71452157896618, 41.81400522588339], [-72.71452246331819, 41.81400522588339]], [[-72.71515742805418, 41.814037850475394], [-72.71515742805418, 41.814042869643394], [-72.71515565935017, 41.814042869643394], [-72.71515565935017, 41.814037850475394], [-72.71515742805418, 41.814037850475394]], [[-72.71507960507817, 41.8140370139474], [-72.71507960507817, 41.81404203311539], [-72.71507783637418, 41.81404203311539], [-72.71507783637418, 41.8140370139474], [-72.71507960507817, 41.8140370139474]], [[-72.71473293909419, 41.814282953179394], [-72.71473293909419, 41.81427793401139], [-72.71473205474217, 41.81427793401139], [-72.71473205474217, 41.814282953179394], [-72.71473293909419, 41.814282953179394]], [[-72.71460293935017, 41.8142821166514], [-72.71460293935017, 41.814277097483405], [-72.71460470805418, 41.814277097483405], [-72.71460470805418, 41.8142821166514], [-72.71460293935017, 41.8142821166514]], [[-72.71497436719018, 41.8141976273234], [-72.71497436719018, 41.814192608155395], [-72.71497259848617, 41.814192608155395], [-72.71497259848617, 41.8141976273234], [-72.71497436719018, 41.8141976273234]], [[-72.71469844936617, 41.8140353408914], [-72.71469844936617, 41.814040360059394], [-72.71469668066219, 41.814040360059394], [-72.71469668066219, 41.8140353408914], [-72.71469844936617, 41.8140353408914]], [[-72.71460382370218, 41.81423610761139], [-72.71460382370218, 41.8142310884434], [-72.71459940194218, 41.8142310884434], [-72.71459940194218, 41.81423610761139], [-72.71460382370218, 41.81423610761139]], [[-72.71549259746219, 41.813989331851396], [-72.71549790357419, 41.813989331851396], [-72.71549790357419, 41.813984312683395], [-72.71549259746219, 41.813984312683395], [-72.71549259746219, 41.813989331851396]], [[-72.71473293909419, 41.814036177419396], [-72.71473293909419, 41.8140411965874], [-72.71473205474217, 41.8140411965874], [-72.71473205474217, 41.814036177419396], [-72.71473293909419, 41.814036177419396]], [[-72.71485586402218, 41.814037850475394], [-72.71485586402218, 41.814042869643394], [-72.71485409531819, 41.814042869643394], [-72.71485409531819, 41.814037850475394], [-72.71485586402218, 41.814037850475394]], [[-72.71457640879018, 41.8140353408914], [-72.71457640879018, 41.814040360059394], [-72.71457552443817, 41.814040360059394], [-72.71457552443817, 41.8140353408914], [-72.71457640879018, 41.8140353408914]], [[-72.71542892411817, 41.8137684884594], [-72.71542715541418, 41.8137684884594]], [[-72.71542715541418, 41.81378187290739], [-72.71542892411817, 41.81378187290739]], [[-72.71542715541418, 41.8137684884594], [-72.71542715541418, 41.81378187290739]], [[-72.71542892411817, 41.81378187290739], [-72.71542892411817, 41.8137684884594], [-72.71543423023019, 41.8137684884594], [-72.71543423023019, 41.81378187290739], [-72.71542892411817, 41.81378187290739]], [[-72.71492307477418, 41.814356567643394], [-72.71492307477418, 41.8143456927794]], [[-72.71491776866218, 41.8143456927794], [-72.71491776866218, 41.814356567643394]], [[-72.71491776866218, 41.814356567643394], [-72.71492307477418, 41.814356567643394]], [[-72.71492307477418, 41.8143456927794], [-72.71491776866218, 41.8143456927794]], [[-72.71491688431018, 41.8139617264274], [-72.71492219042219, 41.8139617264274], [-72.71492219042219, 41.813957543787396], [-72.71491688431018, 41.813957543787396], [-72.71491688431018, 41.8139617264274]], [[-72.71485586402218, 41.81427793401139], [-72.71485586402218, 41.8142729148434], [-72.71485497967018, 41.8142729148434], [-72.71485497967018, 41.81427793401139], [-72.71485586402218, 41.81427793401139]], [[-72.71493634005418, 41.814347365835395], [-72.71493634005418, 41.8143498754194], [-72.71493368699817, 41.8143498754194], [-72.71493368699817, 41.814347365835395]], [[-72.71493280264617, 41.814347365835395], [-72.71493722440619, 41.814347365835395], [-72.71493722440619, 41.814337327499395], [-72.71493280264617, 41.814337327499395], [-72.71493280264617, 41.814347365835395]], [[-72.71489123810218, 41.81396088989939], [-72.71489123810218, 41.81395168809139], [-72.71489654421418, 41.81395168809139], [-72.71489654421418, 41.81396088989939], [-72.71489123810218, 41.81396088989939]], [[-72.71488504763818, 41.813960053371396], [-72.71490096597418, 41.813960053371396], [-72.71490096597418, 41.8139592168434], [-72.71488504763818, 41.8139592168434], [-72.71488504763818, 41.813960053371396]], [[-72.71488504763818, 41.813996024075394], [-72.71490096597418, 41.813996024075394], [-72.71488504763818, 41.813996024075394]], [[-72.71488504763818, 41.81398849532339], [-72.71490096597418, 41.81398849532339], [-72.71490096597418, 41.8139876587954], [-72.71488504763818, 41.8139876587954], [-72.71488504763818, 41.81398849532339]], [[-72.71488504763818, 41.8139751108754], [-72.71490096597418, 41.8139751108754], [-72.71490096597418, 41.813974274347395], [-72.71488504763818, 41.813974274347395], [-72.71488504763818, 41.8139751108754]], [[-72.71576144047019, 41.8143239430514], [-72.71577116834219, 41.8143239430514], [-72.71577116834219, 41.8143147412434], [-72.71576144047019, 41.8143147412434], [-72.71576144047019, 41.8143239430514]], [[-72.71525824418217, 41.81397762045939], [-72.71526443464617, 41.81397762045939]], [[-72.71525824418217, 41.813965072539396], [-72.71526443464617, 41.813965072539396]], [[-72.71525824418217, 41.813952524619395], [-72.71526443464617, 41.813952524619395]], [[-72.71525824418217, 41.8139592168434], [-72.71526443464617, 41.8139592168434]], [[-72.71525824418217, 41.813971764763394], [-72.71526443464617, 41.813971764763394]], [[-72.71525824418217, 41.813984312683395], [-72.71526443464617, 41.813984312683395]], [[-72.71526531899818, 41.8139926779634], [-72.71526531899818, 41.813933284475404]], [[-72.71527150946218, 41.8139901683794], [-72.71526531899818, 41.8139901683794]], [[-72.71527150946218, 41.81397762045939], [-72.71526531899818, 41.81397762045939]], [[-72.71527150946218, 41.813965072539396], [-72.71526531899818, 41.813965072539396]], [[-72.71527150946218, 41.813952524619395], [-72.71526531899818, 41.813952524619395]], [[-72.71527150946218, 41.813939976699395], [-72.71526531899818, 41.813939976699395]], [[-72.71527150946218, 41.8139592168434], [-72.71526531899818, 41.8139592168434]], [[-72.71527150946218, 41.8139458323954], [-72.71526531899818, 41.8139458323954]], [[-72.71527150946218, 41.813971764763394], [-72.71526531899818, 41.813971764763394]], [[-72.71527150946218, 41.813984312683395], [-72.71526531899818, 41.813984312683395]], [[-72.71526443464617, 41.8139926779634], [-72.71526443464617, 41.813933284475404]], [[-72.71525824418217, 41.813933284475404], [-72.71527150946218, 41.813933284475404]], [[-72.71527150946218, 41.813933284475404], [-72.71527150946218, 41.813996860603396]], [[-72.71527150946218, 41.813996860603396], [-72.71525824418217, 41.813996860603396]], [[-72.71525824418217, 41.8139901683794], [-72.71526443464617, 41.8139901683794]], [[-72.71525824418217, 41.8139458323954], [-72.71526443464617, 41.8139458323954]], [[-72.71525824418217, 41.813939976699395], [-72.71526443464617, 41.813939976699395]], [[-72.71525824418217, 41.813996860603396], [-72.71525824418217, 41.813933284475404]], [[-72.71524497890218, 41.813933284475404], [-72.71524497890218, 41.813996860603396]], [[-72.71523082927017, 41.813952524619395], [-72.71523790408618, 41.813952524619395]], [[-72.71523082927017, 41.8139458323954], [-72.71523790408618, 41.8139458323954]], [[-72.71523082927017, 41.813971764763394], [-72.71523790408618, 41.813971764763394]], [[-72.71523878843819, 41.8139926779634], [-72.71523878843819, 41.813933284475404]], [[-72.71524497890218, 41.8139901683794], [-72.71523878843819, 41.8139901683794]], [[-72.71524497890218, 41.81397762045939], [-72.71523878843819, 41.81397762045939]], [[-72.71524497890218, 41.813965072539396], [-72.71523878843819, 41.813965072539396]], [[-72.71524497890218, 41.813952524619395], [-72.71523878843819, 41.813952524619395]], [[-72.71524497890218, 41.813939976699395], [-72.71523878843819, 41.813939976699395]], [[-72.71524497890218, 41.8139592168434], [-72.71523878843819, 41.8139592168434]], [[-72.71524497890218, 41.8139458323954], [-72.71523878843819, 41.8139458323954]], [[-72.71524497890218, 41.813971764763394], [-72.71523878843819, 41.813971764763394]], [[-72.71524497890218, 41.813984312683395], [-72.71523878843819, 41.813984312683395]], [[-72.71523082927017, 41.813965072539396], [-72.71523790408618, 41.813965072539396]], [[-72.71523082927017, 41.813933284475404], [-72.71524497890218, 41.813933284475404]], [[-72.71524497890218, 41.813996860603396], [-72.71523082927017, 41.813996860603396]], [[-72.71523082927017, 41.813996860603396], [-72.71523082927017, 41.813933284475404]], [[-72.71523082927017, 41.813984312683395], [-72.71523790408618, 41.813984312683395]], [[-72.71523082927017, 41.813939976699395], [-72.71523790408618, 41.813939976699395]], [[-72.71523082927017, 41.81397762045939], [-72.71523790408618, 41.81397762045939]], [[-72.71523082927017, 41.8139592168434], [-72.71523790408618, 41.8139592168434]], [[-72.71523790408618, 41.8139926779634], [-72.71523790408618, 41.813933284475404]], [[-72.71523082927017, 41.8139901683794], [-72.71523790408618, 41.8139901683794]], [[-72.71526443464617, 41.813873890987395], [-72.71525912853419, 41.813873890987395]], [[-72.71526443464617, 41.8138605065394], [-72.71525912853419, 41.8138605065394]], [[-72.71525912853419, 41.8139073521074], [-72.71525912853419, 41.8138538143154]], [[-72.71525912853419, 41.8138538143154], [-72.71527062511018, 41.8138538143154]], [[-72.71526531899818, 41.8138605065394], [-72.71527062511018, 41.8138605065394]], [[-72.71526531899818, 41.813900659883394], [-72.71527062511018, 41.813900659883394]], [[-72.71526531899818, 41.81388058321139], [-72.71527062511018, 41.81388058321139]], [[-72.71526443464617, 41.813893967659396], [-72.71525912853419, 41.813893967659396]], [[-72.71526443464617, 41.8138671987634], [-72.71525912853419, 41.8138671987634]], [[-72.71526443464617, 41.81388058321139], [-72.71525912853419, 41.81388058321139]], [[-72.71527062511018, 41.8138538143154], [-72.71527062511018, 41.8139073521074]], [[-72.71526531899818, 41.813873890987395], [-72.71527062511018, 41.813873890987395]], [[-72.71526531899818, 41.8138671987634], [-72.71527062511018, 41.8138671987634]], [[-72.71526443464617, 41.8138872754354], [-72.71525912853419, 41.8138872754354]], [[-72.71526531899818, 41.8138872754354], [-72.71527062511018, 41.8138872754354]], [[-72.71526531899818, 41.813893967659396], [-72.71527062511018, 41.813893967659396]], [[-72.71526443464617, 41.813900659883394], [-72.71525912853419, 41.813900659883394]], [[-72.71526531899818, 41.8139040059954], [-72.71526531899818, 41.8138538143154]], [[-72.71527062511018, 41.8139073521074], [-72.71525912853419, 41.8139073521074]], [[-72.71526443464617, 41.8139040059954], [-72.71526443464617, 41.8138538143154]], [[-72.71581007983018, 41.8143615868114], [-72.71581450159017, 41.8143615868114], [-72.71581450159017, 41.8143774808434], [-72.71581007983018, 41.8143774808434], [-72.71581007983018, 41.8143615868114]], [[-72.71488504763818, 41.81394666892339], [-72.71490096597418, 41.81394666892339], [-72.71490096597418, 41.8139458323954], [-72.71488504763818, 41.8139458323954], [-72.71488504763818, 41.81394666892339]], [[-72.71488504763818, 41.81391739044339], [-72.71490096597418, 41.81391739044339], [-72.71488504763818, 41.81391739044339]], [[-72.71511940091817, 41.814037850475394], [-72.71511940091817, 41.814042869643394], [-72.71511851656618, 41.814042869643394], [-72.71511851656618, 41.814037850475394], [-72.71511940091817, 41.814037850475394]], [[-72.71528565909419, 41.8139014964114], [-72.71528565909419, 41.813861343067394]], [[-72.71528565909419, 41.813861343067394], [-72.71529715567019, 41.813861343067394]], [[-72.71529715567019, 41.813861343067394], [-72.71529715567019, 41.8139014964114]], [[-72.71529715567019, 41.8139014964114], [-72.71528565909419, 41.8139014964114]], [[-72.71529096520618, 41.81389480418739], [-72.71528565909419, 41.81389480418739]], [[-72.71529096520618, 41.813888111963394], [-72.71528565909419, 41.813888111963394]], [[-72.71529096520618, 41.813898150299394], [-72.71529096520618, 41.813861343067394]], [[-72.71529096520618, 41.813881419739396], [-72.71528565909419, 41.813881419739396]], [[-72.71529096520618, 41.813874727515405], [-72.71528565909419, 41.813874727515405]], [[-72.71529096520618, 41.8138680352914], [-72.71528565909419, 41.8138680352914]], [[-72.71529096520618, 41.813861343067394], [-72.71528565909419, 41.813861343067394]], [[-72.71529184955818, 41.81389480418739], [-72.71529715567019, 41.81389480418739]], [[-72.71529184955818, 41.813888111963394], [-72.71529715567019, 41.813888111963394]], [[-72.71529184955818, 41.813898150299394], [-72.71529184955818, 41.813861343067394]], [[-72.71529184955818, 41.813881419739396], [-72.71529715567019, 41.813881419739396]], [[-72.71529184955818, 41.813874727515405], [-72.71529715567019, 41.813874727515405]], [[-72.71529184955818, 41.8138680352914], [-72.71529715567019, 41.8138680352914]], [[-72.71529184955818, 41.813861343067394], [-72.71529715567019, 41.813861343067394]], [[-72.71533606715818, 41.8137684884594], [-72.71533606715818, 41.8137525944274], [-72.71533872021418, 41.8137525944274], [-72.71533872021418, 41.8137684884594], [-72.71533606715818, 41.8137684884594]], [[-72.71500266645417, 41.8142352710834], [-72.71499647599018, 41.8142352710834], [-72.71499647599018, 41.8142260692754], [-72.71500266645417, 41.8142260692754], [-72.71500266645417, 41.8142352710834]], [[-72.71442783765418, 41.8143482023634], [-72.71443049071019, 41.8143482023634], [-72.71443049071019, 41.8143456927794], [-72.71442783765418, 41.8143456927794], [-72.71442783765418, 41.8143482023634]], [[-72.71444287163818, 41.8143406736114], [-72.71444287163818, 41.814335654443404]], [[-72.71443049071019, 41.814344856251395], [-72.71443049071019, 41.8143431831954], [-72.71442783765418, 41.8143431831954], [-72.71442695330218, 41.8143431831954], [-72.71442695330218, 41.814344856251395], [-72.71442783765418, 41.814344856251395], [-72.71443049071019, 41.814344856251395]], [[-72.71443668117418, 41.8143364909714], [-72.71443579682219, 41.8143364909714], [-72.71443668117418, 41.8143364909714]], [[-72.71443137506218, 41.814335654443404], [-72.71442695330218, 41.814335654443404], [-72.71442695330218, 41.8143456927794], [-72.71443137506218, 41.8143456927794], [-72.71443137506218, 41.8143406736114]], [[-72.71444287163818, 41.8143406736114], [-72.71443137506218, 41.8143406736114]], [[-72.71444552469417, 41.8143482023634], [-72.71444375599019, 41.8143482023634], [-72.71444375599019, 41.8143456927794], [-72.71444552469417, 41.8143456927794], [-72.71444552469417, 41.8143482023634]], [[-72.71444287163818, 41.814335654443404], [-72.71444640904618, 41.814335654443404], [-72.71444640904618, 41.8143456927794], [-72.71444287163818, 41.8143456927794], [-72.71444287163818, 41.8143406736114]], [[-72.71443137506218, 41.8143431831954], [-72.71444287163818, 41.8143431831954]], [[-72.71444287163818, 41.814344856251395], [-72.71444287163818, 41.8143431831954], [-72.71444640904618, 41.8143431831954], [-72.71444640904618, 41.814344856251395], [-72.71444287163818, 41.814344856251395]], [[-72.71443137506218, 41.814335654443404], [-72.71444287163818, 41.814335654443404]], [[-72.71443137506218, 41.8143406736114], [-72.71443137506218, 41.814335654443404]], [[-72.71443137506218, 41.814335654443404], [-72.71444287163818, 41.814335654443404]], [[-72.71496640802218, 41.814221886635394], [-72.71496021755819, 41.814221886635394], [-72.71496021755819, 41.8142118482994], [-72.71496640802218, 41.8142118482994], [-72.71496640802218, 41.814221886635394]], [[-72.71503273442218, 41.8137601231794], [-72.71503273442218, 41.813770998043395]], [[-72.71503008136618, 41.81376514234739], [-72.71503008136618, 41.81376263276339], [-72.71503273442218, 41.81376263276339], [-72.71503273442218, 41.81376765193139], [-72.71503273442218, 41.81376514234739], [-72.71503008136618, 41.81376514234739]], [[-72.71487355106217, 41.8141884255154], [-72.71487355106217, 41.8141850794034], [-72.71487531976618, 41.8141850794034], [-72.71487531976618, 41.8141884255154], [-72.71487355106217, 41.8141884255154]], [[-72.71481429947819, 41.81430888554739], [-72.71481429947819, 41.8143139047154], [-72.71481518383017, 41.8143139047154], [-72.71481518383017, 41.81430888554739], [-72.71481429947819, 41.81430888554739]], [[-72.71528477474219, 41.81397762045939], [-72.71529096520618, 41.81397762045939]], [[-72.71528477474219, 41.813984312683395], [-72.71529096520618, 41.813984312683395]], [[-72.71529804002218, 41.813952524619395], [-72.71529184955818, 41.813952524619395]], [[-72.71529804002218, 41.813939976699395], [-72.71529804002218, 41.813996860603396]], [[-72.71529804002218, 41.813965072539396], [-72.71529184955818, 41.813965072539396]], [[-72.71528477474219, 41.8139592168434], [-72.71529096520618, 41.8139592168434]], [[-72.71528477474219, 41.813971764763394], [-72.71529096520618, 41.813971764763394]], [[-72.71529804002218, 41.8139592168434], [-72.71529184955818, 41.8139592168434]], [[-72.71528477474219, 41.8139901683794], [-72.71529096520618, 41.8139901683794]], [[-72.71529096520618, 41.8139926779634], [-72.71529096520618, 41.813939976699395]], [[-72.71528477474219, 41.8139458323954], [-72.71529096520618, 41.8139458323954]], [[-72.71528477474219, 41.813965072539396], [-72.71529096520618, 41.813965072539396]], [[-72.71529804002218, 41.81397762045939], [-72.71529184955818, 41.81397762045939]], [[-72.71528477474219, 41.813939976699395], [-72.71529804002218, 41.813939976699395]], [[-72.71528477474219, 41.813996860603396], [-72.71528477474219, 41.813939976699395]], [[-72.71529804002218, 41.8139458323954], [-72.71529184955818, 41.8139458323954]], [[-72.71529804002218, 41.8139901683794], [-72.71529184955818, 41.8139901683794]], [[-72.71529804002218, 41.813971764763394], [-72.71529184955818, 41.813971764763394]], [[-72.71529184955818, 41.8139926779634], [-72.71529184955818, 41.813939976699395]], [[-72.71528477474219, 41.813952524619395], [-72.71529096520618, 41.813952524619395]], [[-72.71529804002218, 41.813984312683395], [-72.71529184955818, 41.813984312683395]], [[-72.71529804002218, 41.813996860603396], [-72.71528477474219, 41.813996860603396]], [[-72.71526355029418, 41.8139291018354], [-72.71525824418217, 41.8139291018354], [-72.71525824418217, 41.813933284475404], [-72.71526355029418, 41.813933284475404], [-72.71526355029418, 41.8139291018354]], [[-72.71477185058218, 41.814001043243394], [-72.71478246280617, 41.814001043243394]], [[-72.71478246280617, 41.8140060624114], [-72.71477185058218, 41.8140060624114]], [[-72.71477185058218, 41.814001043243394], [-72.71478246280617, 41.814001043243394]], [[-72.71478246280617, 41.814001043243394], [-72.71478246280617, 41.8140060624114]], [[-72.71477185058218, 41.814001043243394], [-72.71477185058218, 41.8140060624114]], [[-72.71505838063018, 41.813881419739396], [-72.71505838063018, 41.813876400571395], [-72.71505395887017, 41.813876400571395], [-72.71505395887017, 41.813881419739396], [-72.71505838063018, 41.813881419739396]], [[-72.71500001339818, 41.81421770399539], [-72.71500178210218, 41.81421770399539], [-72.71500178210218, 41.814212684827396], [-72.71500001339818, 41.814212684827396]], [[-72.71499736034218, 41.8142168674674], [-72.71499736034218, 41.8142135213554], [-72.71500089775017, 41.8142135213554], [-72.71500089775017, 41.8142168674674], [-72.71499736034218, 41.8142168674674]], [[-72.71539885615017, 41.8137977669394], [-72.71540062485418, 41.81381282444339]], [[-72.71540150920619, 41.8138136609714], [-72.71540858402219, 41.81381282444339]], [[-72.71540946837418, 41.8138119879154], [-72.71540769967018, 41.8137969304114]], [[-72.71540769967018, 41.8137969304114], [-72.71539885615017, 41.8137977669394]], [[-72.71523171362219, 41.8139165539154], [-72.71523171362219, 41.813876400571395]], [[-72.71523171362219, 41.813876400571395], [-72.71524409455019, 41.813876400571395]], [[-72.71524409455019, 41.813876400571395], [-72.71524409455019, 41.8139165539154]], [[-72.71524409455019, 41.8139165539154], [-72.71523171362219, 41.8139165539154]], [[-72.71523790408618, 41.8139098616914], [-72.71523171362219, 41.8139098616914]], [[-72.71523790408618, 41.8139031694674], [-72.71523171362219, 41.8139031694674]], [[-72.71523790408618, 41.813913207803395], [-72.71523790408618, 41.813876400571395]], [[-72.71523790408618, 41.8138964772434], [-72.71523171362219, 41.8138964772434]], [[-72.71523790408618, 41.81388978501939], [-72.71523171362219, 41.81388978501939]], [[-72.71523790408618, 41.8138830927954], [-72.71523171362219, 41.8138830927954]], [[-72.71523790408618, 41.8139098616914], [-72.71524409455019, 41.8139098616914]], [[-72.71523790408618, 41.8139031694674], [-72.71524409455019, 41.8139031694674]], [[-72.71523790408618, 41.813913207803395], [-72.71523790408618, 41.813876400571395]], [[-72.71523790408618, 41.8138964772434], [-72.71524409455019, 41.8138964772434]], [[-72.71523790408618, 41.81388978501939], [-72.71524409455019, 41.81388978501939]], [[-72.71523790408618, 41.8138830927954], [-72.71524409455019, 41.8138830927954]], [[-72.71475151048618, 41.8139901683794], [-72.71475151048618, 41.8139801300434]], [[-72.71474620437418, 41.8139801300434], [-72.71474620437418, 41.8139901683794]], [[-72.71475151048618, 41.8139901683794], [-72.71475151048618, 41.8139801300434]], [[-72.71475151048618, 41.8139901683794], [-72.71474620437418, 41.8139901683794]], [[-72.71475151048618, 41.8139801300434], [-72.71474620437418, 41.8139801300434]], [[-72.71483198651818, 41.8139366305874], [-72.71483198651818, 41.81393161141939], [-72.71483287087018, 41.81393161141939], [-72.71483287087018, 41.8139366305874], [-72.71483198651818, 41.8139366305874]], [[-72.71504865275818, 41.81397762045939], [-72.71505484322219, 41.81397762045939]], [[-72.71504865275818, 41.8139901683794], [-72.71504865275818, 41.81397762045939]], [[-72.71504246229419, 41.81397762045939], [-72.71504246229419, 41.8139901683794]], [[-72.71505484322219, 41.8139901683794], [-72.71504865275818, 41.8139901683794]], [[-72.71504865275818, 41.81397762045939], [-72.71504246229419, 41.81397762045939]], [[-72.71505484322219, 41.81397762045939], [-72.71505484322219, 41.8139901683794]], [[-72.71504246229419, 41.8139901683794], [-72.71504865275818, 41.8139901683794]], [[-72.71504865275818, 41.8139901683794], [-72.71504865275818, 41.81397762045939]], [[-72.71493722440619, 41.8143732982034], [-72.71494783663019, 41.8143732982034], [-72.71494783663019, 41.8143666059794], [-72.71493722440619, 41.8143666059794], [-72.71493722440619, 41.8143732982034]], [[-72.71439069487018, 41.814244472891396], [-72.71440307579819, 41.814244472891396]], [[-72.71439157922218, 41.814244472891396], [-72.71439069487018, 41.814244472891396]], [[-72.71439069487018, 41.81424363636339], [-72.71439069487018, 41.814244472891396]], [[-72.71439069487018, 41.814244472891396], [-72.71439069487018, 41.81424363636339]], [[-72.71440307579819, 41.814244472891396], [-72.71440307579819, 41.81424363636339]], [[-72.71439069487018, 41.814244472891396], [-72.71439069487018, 41.81424363636339]], [[-72.71440307579819, 41.814244472891396], [-72.71440396015018, 41.814244472891396], [-72.71440396015018, 41.81424363636339], [-72.71440307579819, 41.81424363636339]], [[-72.71440307579819, 41.81424363636339], [-72.71440307579819, 41.814244472891396]], [[-72.71440307579819, 41.81424363636339], [-72.71440219144618, 41.81424363636339]], [[-72.71439069487018, 41.81424363636339], [-72.71439157922218, 41.81424363636339]], [[-72.71440219144618, 41.814244472891396], [-72.71440307579819, 41.814244472891396]], [[-72.71440307579819, 41.81424363636339], [-72.71439069487018, 41.81424363636339]], [[-72.71577470575018, 41.814178387179396], [-72.71577470575018, 41.814183406347404]], [[-72.71575790306218, 41.814178387179396], [-72.71577470575018, 41.814178387179396]], [[-72.71575790306218, 41.814183406347404], [-72.71575790306218, 41.814178387179396]], [[-72.71577470575018, 41.814183406347404], [-72.71575790306218, 41.814183406347404]], [[-72.71551470626218, 41.813745902203394], [-72.71552089672619, 41.813745902203394], [-72.71552089672619, 41.8137500848434], [-72.71551470626218, 41.8137500848434], [-72.71551470626218, 41.813745902203394]], [[-72.71577735880618, 41.8143808269554], [-72.71577735880618, 41.81438835570739]], [[-72.71578178056619, 41.81438835570739], [-72.71578178056619, 41.8143808269554]], [[-72.71577735880618, 41.81438835570739], [-72.71578178056619, 41.81438835570739]], [[-72.71577735880618, 41.8143758077874], [-72.71577735880618, 41.81438250001139]], [[-72.71578178056619, 41.81438835570739], [-72.71577735880618, 41.81438835570739], [-72.71577735880618, 41.8143900287634], [-72.71578178056619, 41.8143900287634], [-72.71578178056619, 41.81438835570739]], [[-72.71577116834219, 41.8143758077874], [-72.71577735880618, 41.8143758077874]], [[-72.71577116834219, 41.81438250001139], [-72.71577116834219, 41.8143758077874]], [[-72.71577735880618, 41.81438250001139], [-72.71577116834219, 41.81438250001139]], [[-72.71578178056619, 41.8143808269554], [-72.71577735880618, 41.8143808269554]], [[-72.71571899157418, 41.8143758077874], [-72.71572518203818, 41.8143758077874]], [[-72.71572518203818, 41.81438250001139], [-72.71571899157418, 41.81438250001139]], [[-72.71572518203818, 41.8143808269554], [-72.71572518203818, 41.81438835570739]], [[-72.71572960379817, 41.81438835570739], [-72.71572960379817, 41.8143808269554]], [[-72.71572518203818, 41.81438835570739], [-72.71572960379817, 41.81438835570739]], [[-72.71572960379817, 41.8143808269554], [-72.71572518203818, 41.8143808269554]], [[-72.71572518203818, 41.8143758077874], [-72.71572518203818, 41.81438250001139]], [[-72.71571899157418, 41.81438250001139], [-72.71571899157418, 41.8143758077874]], [[-72.71572960379817, 41.81438835570739], [-72.71572518203818, 41.81438835570739], [-72.71572518203818, 41.8143900287634], [-72.71572960379817, 41.8143900287634], [-72.71572960379817, 41.81438835570739]], [[-72.71556157691818, 41.814224396219394], [-72.71556157691818, 41.8142260692754]], [[-72.71556157691818, 41.814224396219394], [-72.71556157691818, 41.8142260692754]], [[-72.71555892386218, 41.814229415387395], [-72.71555892386218, 41.814225232747404]], [[-72.71557130479019, 41.814224396219394], [-72.71557130479019, 41.8142260692754]], [[-72.71557395784617, 41.8142310884434], [-72.71557395784617, 41.814224396219394]], [[-72.71555892386218, 41.8142310884434], [-72.71555892386218, 41.814224396219394]], [[-72.71555892386218, 41.8142285788594], [-72.71557395784617, 41.8142285788594]], [[-72.71557130479019, 41.814224396219394], [-72.71557130479019, 41.8142260692754]], [[-72.71557395784617, 41.8142260692754], [-72.71555892386218, 41.8142260692754]], [[-72.71555892386218, 41.814224396219394], [-72.71557395784617, 41.814224396219394]], [[-72.71555892386218, 41.8142310884434], [-72.71557395784617, 41.8142310884434]], [[-72.71557484219818, 41.8142745878994], [-72.71556688303018, 41.8142745878994]], [[-72.71557484219818, 41.8142545112274], [-72.71557484219818, 41.8142745878994]], [[-72.71556688303018, 41.8142720783154], [-72.71556599867819, 41.8142720783154]], [[-72.71556688303018, 41.8142570208114], [-72.71556599867819, 41.8142570208114]], [[-72.71556599867819, 41.8142570208114], [-72.71556688303018, 41.8142570208114]], [[-72.71556599867819, 41.8142745878994], [-72.71556688303018, 41.8142745878994]], [[-72.71556599867819, 41.8142720783154], [-72.71556688303018, 41.8142720783154]], [[-72.71557395784617, 41.8142545112274], [-72.71557395784617, 41.8142745878994]], [[-72.71556953608618, 41.8142545112274], [-72.71556953608618, 41.8142745878994]], [[-72.71556599867819, 41.8142570208114], [-72.71556688303018, 41.8142570208114]], [[-72.71556334562219, 41.814271241787395], [-72.71556953608618, 41.814271241787395]], [[-72.71556599867819, 41.8142745878994], [-72.71555803951019, 41.8142745878994]], [[-72.71556334562219, 41.8142720783154], [-72.71556953608618, 41.8142720783154]], [[-72.71556599867819, 41.814271241787395], [-72.71556688303018, 41.814271241787395]], [[-72.71555803951019, 41.8142545112274], [-72.71556599867819, 41.8142545112274]], [[-72.71556334562219, 41.8142545112274], [-72.71556334562219, 41.8142745878994]], [[-72.71556599867819, 41.8142545112274], [-72.71556069256619, 41.8142545112274]], [[-72.71557395784617, 41.8142545112274], [-72.71556953608618, 41.8142545112274]], [[-72.71556599867819, 41.8142570208114], [-72.71556688303018, 41.8142570208114]], [[-72.71556599867819, 41.8142545112274], [-72.71556599867819, 41.8142745878994]], [[-72.71556688303018, 41.8142545112274], [-72.71557218914218, 41.8142545112274]], [[-72.71556688303018, 41.8142745878994], [-72.71556688303018, 41.8142545112274]], [[-72.71555803951019, 41.8142745878994], [-72.71555803951019, 41.8142545112274]], [[-72.71556688303018, 41.8142545112274], [-72.71557484219818, 41.8142545112274]], [[-72.71556334562219, 41.8142545112274], [-72.71555892386218, 41.8142545112274]], [[-72.71556334562219, 41.8142570208114], [-72.71556953608618, 41.8142570208114]], [[-72.71557395784617, 41.8142745878994], [-72.71556953608618, 41.8142745878994]], [[-72.71556334562219, 41.8142570208114], [-72.71556953608618, 41.8142570208114]], [[-72.71556688303018, 41.814271241787395], [-72.71556688303018, 41.8142720783154]], [[-72.71555892386218, 41.8142545112274], [-72.71555892386218, 41.8142745878994]], [[-72.71556599867819, 41.8142720783154], [-72.71556599867819, 41.814271241787395]], [[-72.71556599867819, 41.8142545112274], [-72.71556688303018, 41.8142545112274]], [[-72.71556334562219, 41.8142745878994], [-72.71555892386218, 41.8142745878994]], [[-72.71556599867819, 41.814271241787395], [-72.71556688303018, 41.814271241787395]], [[-72.71515742805418, 41.8142846262354], [-72.71515742805418, 41.8142796070674], [-72.71515565935017, 41.8142796070674], [-72.71515565935017, 41.8142846262354], [-72.71515742805418, 41.8142846262354]], [[-72.71552531848619, 41.81429466457139], [-72.71554212117418, 41.81429466457139], [-72.71554212117418, 41.814300520267395], [-72.71554212117418, 41.8143013567954], [-72.71554123682219, 41.8143021933234], [-72.71554035247017, 41.814303029851395], [-72.71553946811818, 41.814303029851395], [-72.71553946811818, 41.8143038663794], [-72.71552797154217, 41.8143038663794], [-72.7155270871902, 41.814303029851395], [-72.71552620283819, 41.814303029851395], [-72.71552620283819, 41.8143021933234], [-72.71552531848619, 41.8143021933234], [-72.71552531848619, 41.8143013567954], [-72.71552531848619, 41.814300520267395], [-72.71552531848619, 41.81429466457139]], [[-72.71579593019818, 41.8143147412434], [-72.71581361723817, 41.8143147412434], [-72.71581361723817, 41.814320596939396], [-72.71581361723817, 41.81432143346739], [-72.71581273288619, 41.8143222699954], [-72.71581273288619, 41.814323106523396], [-72.71581184853419, 41.814323106523396], [-72.71581096418218, 41.8143239430514], [-72.71579946760617, 41.8143239430514], [-72.71579858325418, 41.8143239430514], [-72.71579858325418, 41.814323106523396], [-72.71579769890218, 41.814323106523396], [-72.71579769890218, 41.8143222699954], [-72.71579681455019, 41.8143222699954], [-72.71579681455019, 41.81432143346739], [-72.71579681455019, 41.814320596939396], [-72.71579593019818, 41.814320596939396], [-72.71579593019818, 41.8143147412434]], [[-72.71446586479018, 41.81427542442739], [-72.71446851784619, 41.814277097483405], [-72.71446851784619, 41.8142821166514], [-72.71446586479018, 41.814282953179394], [-72.71446586479018, 41.81427542442739]], [[-72.71434736162217, 41.814334817915395], [-72.71434736162217, 41.8143331448594], [-72.71434205551019, 41.8143331448594], [-72.71434205551019, 41.814334817915395]], [[-72.71434647727018, 41.8143364909714], [-72.71434293986219, 41.8143364909714], [-72.71434293986219, 41.8143331448594], [-72.71434647727018, 41.8143331448594], [-72.71434647727018, 41.8143364909714]], [[-72.71539885615017, 41.81383373764339], [-72.71540062485418, 41.8138487951474]], [[-72.71540150920619, 41.813849631675396], [-72.71540858402219, 41.8138487951474]], [[-72.71540946837418, 41.81384795861939], [-72.71540769967018, 41.8138329011154]], [[-72.71540769967018, 41.8138329011154], [-72.71539885615017, 41.81383373764339]], [[-72.71531572706219, 41.813764305819404], [-72.71530953659817, 41.813764305819404]], [[-72.71531838011818, 41.8137567770674], [-72.71531838011818, 41.813764305819404]], [[-72.71531838011818, 41.813764305819404], [-72.71532457058218, 41.813764305819404]], [[-72.71530953659817, 41.813764305819404], [-72.71531572706219, 41.813764305819404]], [[-72.71531572706219, 41.813764305819404], [-72.71531572706219, 41.8137718345714]], [[-72.71531572706219, 41.8137718345714], [-72.71530953659817, 41.8137718345714]], [[-72.71532457058218, 41.813764305819404], [-72.71531838011818, 41.813764305819404]], [[-72.71531838011818, 41.813764305819404], [-72.71531838011818, 41.8137718345714]], [[-72.71531838011818, 41.8137718345714], [-72.71532457058218, 41.8137718345714]], [[-72.71530953659817, 41.8137726710994], [-72.71531572706219, 41.8137726710994]], [[-72.71531572706219, 41.8137726710994], [-72.71531572706219, 41.8137801998514]], [[-72.71531572706219, 41.8137801998514], [-72.71530953659817, 41.8137801998514]], [[-72.71532457058218, 41.8137726710994], [-72.71531838011818, 41.8137726710994]], [[-72.71531838011818, 41.8137726710994], [-72.71531838011818, 41.8137801998514]], [[-72.71530953659817, 41.8137801998514], [-72.71531572706219, 41.8137801998514]], [[-72.71531572706219, 41.8137801998514], [-72.71531572706219, 41.813787728603394]], [[-72.71531572706219, 41.813787728603394], [-72.71530953659817, 41.813787728603394]], [[-72.71531838011818, 41.8137801998514], [-72.71531838011818, 41.813787728603394]], [[-72.71531572706219, 41.8137885651314], [-72.71531572706219, 41.81379609388339]], [[-72.71531572706219, 41.81379609388339], [-72.71530953659817, 41.81379609388339]], [[-72.71532457058218, 41.8137885651314], [-72.71531838011818, 41.8137885651314]], [[-72.71531572706219, 41.8138036226354], [-72.71530953659817, 41.8138036226354]], [[-72.71532457058218, 41.81379609388339], [-72.71531838011818, 41.81379609388339]], [[-72.71530953659817, 41.8138036226354], [-72.71531572706219, 41.8138036226354]], [[-72.71531572706219, 41.8138036226354], [-72.71531572706219, 41.8138111513874]], [[-72.71531838011818, 41.8138036226354], [-72.71531838011818, 41.8138111513874]], [[-72.71531572706219, 41.813819516667394], [-72.71530953659817, 41.813819516667394]], [[-72.71532457058218, 41.8138119879154], [-72.71531838011818, 41.8138119879154]], [[-72.71531838011818, 41.813819516667394], [-72.71531838011818, 41.813827045419394]], [[-72.71531838011818, 41.813827045419394], [-72.71532457058218, 41.813827045419394]], [[-72.71531572706219, 41.8138354106994], [-72.71531572706219, 41.8138278819474]], [[-72.71531572706219, 41.8138278819474], [-72.71530953659817, 41.8138278819474]], [[-72.71531838011818, 41.8138354106994], [-72.71531838011818, 41.8138278819474]], [[-72.71530953659817, 41.8137567770674], [-72.71532457058218, 41.8137567770674]], [[-72.71532457058218, 41.8137567770674], [-72.71532457058218, 41.8138354106994]], [[-72.71532457058218, 41.8138354106994], [-72.71530953659817, 41.8138354106994]], [[-72.71530953659817, 41.8138354106994], [-72.71530953659817, 41.8137567770674]], [[-72.71532457058218, 41.8138036226354], [-72.71531838011818, 41.8138036226354]], [[-72.71531838011818, 41.8138036226354], [-72.71532457058218, 41.8138036226354]], [[-72.71531838011818, 41.8138111513874], [-72.71532457058218, 41.8138111513874]], [[-72.71531838011818, 41.81379609388339], [-72.71531838011818, 41.8138036226354]], [[-72.71531838011818, 41.8138278819474], [-72.71532457058218, 41.8138278819474]], [[-72.71531572706219, 41.813827045419394], [-72.71530953659817, 41.813827045419394]], [[-72.71531572706219, 41.8138111513874], [-72.71530953659817, 41.8138111513874]], [[-72.71531838011818, 41.81379609388339], [-72.71532457058218, 41.81379609388339]], [[-72.71530953659817, 41.81379609388339], [-72.71531572706219, 41.81379609388339]], [[-72.71531838011818, 41.8137801998514], [-72.71532457058218, 41.8137801998514]], [[-72.71531572706219, 41.813819516667394], [-72.71531572706219, 41.813827045419394]], [[-72.71530953659817, 41.813819516667394], [-72.71531572706219, 41.813819516667394]], [[-72.71530953659817, 41.8138119879154], [-72.71531572706219, 41.8138119879154]], [[-72.71532457058218, 41.8137801998514], [-72.71531838011818, 41.8137801998514]], [[-72.71531838011818, 41.8138119879154], [-72.71531838011818, 41.813819516667394]], [[-72.71530953659817, 41.8137885651314], [-72.71531572706219, 41.8137885651314]], [[-72.71531838011818, 41.813819516667394], [-72.71532457058218, 41.813819516667394]], [[-72.71531572706219, 41.8138119879154], [-72.71531572706219, 41.813819516667394]], [[-72.71531838011818, 41.813787728603394], [-72.71532457058218, 41.813787728603394]], [[-72.71532457058218, 41.813819516667394], [-72.71531838011818, 41.813819516667394]], [[-72.71531572706219, 41.81379609388339], [-72.71531572706219, 41.8138036226354]], [[-72.71531572706219, 41.8137567770674], [-72.71531572706219, 41.813764305819404]], [[-72.71531838011818, 41.8137885651314], [-72.71531838011818, 41.81379609388339]], [[-72.71524763195818, 41.8138354106994], [-72.71524763195818, 41.813842102923395]], [[-72.71524763195818, 41.813842102923395], [-72.71524763195818, 41.8138354106994]], [[-72.71524763195818, 41.8138354106994], [-72.71523082927017, 41.8138354106994]], [[-72.71523967279018, 41.8138429394514], [-72.71523967279018, 41.813842102923395]], [[-72.71524674760617, 41.813842102923395], [-72.71523967279018, 41.813842102923395]], [[-72.71523082927017, 41.813842102923395], [-72.71523082927017, 41.813844612507395]], [[-72.71523967279018, 41.8138429394514], [-72.71524674760617, 41.8138429394514]], [[-72.71523082927017, 41.8138354106994], [-72.71523082927017, 41.813842102923395]], [[-72.71524674760617, 41.8138429394514], [-72.71524674760617, 41.813842102923395]], [[-72.71524674760617, 41.813842102923395], [-72.71524763195818, 41.813842102923395]], [[-72.71523082927017, 41.813842102923395], [-72.71523082927017, 41.8138429394514]], [[-72.71523082927017, 41.8138354106994], [-72.71524763195818, 41.8138354106994]], [[-72.71523082927017, 41.813842102923395], [-72.71523082927017, 41.8138354106994]], [[-72.71524763195818, 41.813844612507395], [-72.71524763195818, 41.813842102923395]], [[-72.71523082927017, 41.813844612507395], [-72.71524763195818, 41.813844612507395]], [[-72.71523082927017, 41.8138429394514], [-72.71523967279018, 41.8138429394514]], [[-72.71523967279018, 41.813842102923395], [-72.71523967279018, 41.8138429394514]], [[-72.71523967279018, 41.813842102923395], [-72.71523967279018, 41.8138354106994]], [[-72.71531218965418, 41.8139433228114], [-72.71532457058218, 41.8139433228114]], [[-72.71532457058218, 41.8139433228114], [-72.71532457058218, 41.8139366305874]], [[-72.71532457058218, 41.8139366305874], [-72.71531218965418, 41.8139366305874]], [[-72.71531218965418, 41.8139366305874], [-72.71531218965418, 41.8139433228114]], [[-72.71531838011818, 41.8139433228114], [-72.71531838011818, 41.813939976699395]], [[-72.7153192644702, 41.8138998233554], [-72.7153192644702, 41.8139098616914]], [[-72.7153192644702, 41.8139098616914], [-72.71531042095019, 41.8139098616914]], [[-72.71531042095019, 41.8139098616914], [-72.71531042095019, 41.8138998233554]], [[-72.71531042095019, 41.8138998233554], [-72.7153192644702, 41.8138998233554]], [[-72.71531572706219, 41.8138998233554], [-72.71531572706219, 41.8139098616914]], [[-72.7153192644702, 41.813871381403395], [-72.7153192644702, 41.813881419739396]], [[-72.7153192644702, 41.813881419739396], [-72.71532810799019, 41.813881419739396]], [[-72.71532810799019, 41.813881419739396], [-72.71532810799019, 41.813871381403395]], [[-72.71532810799019, 41.813871381403395], [-72.7153192644702, 41.813871381403395]], [[-72.71532280187819, 41.813871381403395], [-72.71532280187819, 41.813881419739396]], [[-72.71482314299818, 41.814001043243394], [-72.71483375522217, 41.814001043243394]], [[-72.71483375522217, 41.8140060624114], [-72.71482314299818, 41.8140060624114]], [[-72.71482314299818, 41.814001043243394], [-72.71483375522217, 41.814001043243394]], [[-72.71483375522217, 41.814001043243394], [-72.71483375522217, 41.8140060624114]], [[-72.71482314299818, 41.814001043243394], [-72.71482314299818, 41.8140060624114]], [[-72.71507872072618, 41.8139951875474], [-72.71507872072618, 41.81394415933939]], [[-72.71508491119017, 41.8139951875474], [-72.71508491119017, 41.81394415933939]], [[-72.71508579554218, 41.8139951875474], [-72.71508579554218, 41.81394415933939]], [[-72.71507960507817, 41.8140018797714], [-72.71507960507817, 41.8139951875474]], [[-72.71507960507817, 41.8139951875474], [-72.71509021730218, 41.8139951875474]], [[-72.71509021730218, 41.8139951875474], [-72.71508579554218, 41.8139951875474]], [[-72.71509198600617, 41.8139951875474], [-72.71509198600617, 41.81394415933939]], [[-72.71507872072618, 41.8139951875474], [-72.71507960507817, 41.8139951875474]], [[-72.71509021730218, 41.8139951875474], [-72.71509198600617, 41.8139951875474]], [[-72.71508491119017, 41.8139951875474], [-72.71507960507817, 41.8139951875474]], [[-72.71509021730218, 41.8140018797714], [-72.71509021730218, 41.8139951875474]], [[-72.71507960507817, 41.8140018797714], [-72.71509021730218, 41.8140018797714]], [[-72.71508491119017, 41.813985149211405], [-72.71508402683818, 41.813985149211405]], [[-72.71508402683818, 41.8139642360114], [-72.71508491119017, 41.8139642360114]], [[-72.71508402683818, 41.813985149211405], [-72.71508402683818, 41.813984312683395]], [[-72.71509021730218, 41.813996024075394], [-72.71509021730218, 41.8139951875474]], [[-72.71507960507817, 41.8139951875474], [-72.71507960507817, 41.813996024075394]], [[-72.71508579554218, 41.81394415933939], [-72.71509198600617, 41.81394415933939]], [[-72.71507960507817, 41.813996024075394], [-72.71508048943018, 41.813996024075394]], [[-72.71508579554218, 41.8139751108754], [-72.71508579554218, 41.813974274347395]], [[-72.71508314248618, 41.81394415933939], [-72.71508491119017, 41.81394415933939]], [[-72.71508402683818, 41.8139751108754], [-72.71508402683818, 41.813974274347395]], [[-72.71508579554218, 41.813985149211405], [-72.71508579554218, 41.813984312683395]], [[-72.71508491119017, 41.81394415933939], [-72.71508579554218, 41.81394415933939]], [[-72.71508491119017, 41.81394415933939], [-72.71507872072618, 41.81394415933939]], [[-72.71508667989417, 41.81394415933939], [-72.71508579554218, 41.81394415933939]], [[-72.71508048943018, 41.813996024075394], [-72.71508048943018, 41.8139951875474]], [[-72.71508402683818, 41.813974274347395], [-72.71508491119017, 41.813974274347395]], [[-72.71508667989417, 41.81394415933939], [-72.71508579554218, 41.81394415933939]], [[-72.71509021730218, 41.8139951875474], [-72.71509021730218, 41.813996024075394]], [[-72.71508491119017, 41.8139541976754], [-72.71508402683818, 41.8139541976754]], [[-72.71508491119017, 41.8139642360114], [-72.71508402683818, 41.8139642360114]], [[-72.71508491119017, 41.8139751108754], [-72.71508402683818, 41.8139751108754]], [[-72.71508402683818, 41.8139541976754], [-72.71508491119017, 41.8139541976754]], [[-72.71508314248618, 41.81394415933939], [-72.71508491119017, 41.81394415933939]], [[-72.71508402683818, 41.813984312683395], [-72.71508491119017, 41.813984312683395]], [[-72.71504246229419, 41.8140370139474], [-72.71504246229419, 41.81404203311539], [-72.71504157794217, 41.81404203311539], [-72.71504157794217, 41.8140370139474], [-72.71504246229419, 41.8140370139474]], [[-72.71439069487018, 41.8142511651154], [-72.71439069487018, 41.814252001643396]], [[-72.71439069487018, 41.8142511651154], [-72.71440307579819, 41.8142511651154]], [[-72.71440307579819, 41.81425283817139], [-72.71440307579819, 41.8142511651154]], [[-72.71439157922218, 41.8142511651154], [-72.71439069487018, 41.8142511651154]], [[-72.71440307579819, 41.8142511651154], [-72.71440307579819, 41.814252001643396]], [[-72.71439069487018, 41.81425283817139], [-72.71439157922218, 41.81425283817139], [-72.71439157922218, 41.814252001643396]], [[-72.71440307579819, 41.81425283817139], [-72.71440219144618, 41.81425283817139], [-72.71440219144618, 41.814252001643396]], [[-72.71439069487018, 41.8142511651154], [-72.71439069487018, 41.81425283817139]], [[-72.71440307579819, 41.8142511651154], [-72.71440396015018, 41.8142511651154], [-72.71440396015018, 41.81425283817139], [-72.71440307579819, 41.81425283817139]], [[-72.71440307579819, 41.814252001643396], [-72.71439069487018, 41.814252001643396]], [[-72.71440219144618, 41.8142511651154], [-72.71440307579819, 41.8142511651154]], [[-72.71439069487018, 41.81425283817139], [-72.71439069487018, 41.8142511651154]], [[-72.71499028552617, 41.8140060624114], [-72.71499028552617, 41.8140018797714]], [[-72.71499028552617, 41.8140018797714], [-72.71500089775017, 41.8140018797714]], [[-72.71500089775017, 41.8140018797714], [-72.71500089775017, 41.8140060624114]], [[-72.71500089775017, 41.8140060624114], [-72.71499028552617, 41.8140060624114]], [[-72.71499028552617, 41.81400271629939], [-72.71500089775017, 41.81400271629939]], [[-72.7151565437022, 41.8137567770674], [-72.7151565437022, 41.813760959707395], [-72.71515212194217, 41.813760959707395], [-72.71515212194217, 41.8137567770674], [-72.7151565437022, 41.8137567770674]], [[-72.71516273416619, 41.8143147412434], [-72.71516273416619, 41.8143247795794], [-72.7151565437022, 41.8143247795794], [-72.7151565437022, 41.8143147412434], [-72.71516273416619, 41.8143147412434]], [[-72.71434117115818, 41.81432561610739], [-72.71435178338218, 41.81432561610739], [-72.71435178338218, 41.8143314718034], [-72.71434117115818, 41.8143314718034], [-72.71434117115818, 41.81432561610739]], [[-72.71435178338218, 41.81432561610739], [-72.71435178338218, 41.8143314718034], [-72.71434205551019, 41.8143314718034], [-72.71434205551019, 41.81432561610739]], [[-72.71553062459819, 41.814277097483405], [-72.71553681506218, 41.814277097483405]], [[-72.71553681506218, 41.8142745878994], [-72.71553681506218, 41.81429466457139]], [[-72.71553416200618, 41.81429466457139], [-72.71553416200618, 41.8142745878994]], [[-72.71553327765417, 41.8142745878994], [-72.71553416200618, 41.8142745878994]], [[-72.71554212117418, 41.8142745878994], [-72.71554212117418, 41.81429466457139]], [[-72.71553327765417, 41.814277097483405], [-72.71553416200618, 41.814277097483405]], [[-72.71553062459819, 41.8142745878994], [-72.71553062459819, 41.81429466457139]], [[-72.71552620283819, 41.8142745878994], [-72.71552620283819, 41.81429466457139]], [[-72.71553416200618, 41.8142745878994], [-72.71553946811818, 41.8142745878994]], [[-72.71553327765417, 41.81429215498739], [-72.71553416200618, 41.81429215498739]], [[-72.71554035247017, 41.81429466457139], [-72.71553681506218, 41.81429466457139]], [[-72.71552531848619, 41.81429466457139], [-72.71552531848619, 41.8142745878994]], [[-72.71553416200618, 41.814277097483405], [-72.71553327765417, 41.814277097483405]], [[-72.71553327765417, 41.81429215498739], [-72.71553327765417, 41.8142913184594]], [[-72.71553062459819, 41.814277097483405], [-72.71553681506218, 41.814277097483405]], [[-72.71554035247017, 41.8142745878994], [-72.71554035247017, 41.81429466457139]], [[-72.71553062459819, 41.81429466457139], [-72.71552620283819, 41.81429466457139]], [[-72.71553327765417, 41.8142913184594], [-72.71553416200618, 41.8142913184594]], [[-72.71553062459819, 41.81429215498739], [-72.71553681506218, 41.81429215498739]], [[-72.71553327765417, 41.8142913184594], [-72.71553416200618, 41.8142913184594]], [[-72.71553327765417, 41.8142745878994], [-72.71553327765417, 41.81429466457139]], [[-72.71553327765417, 41.81429466457139], [-72.71552531848619, 41.81429466457139]], [[-72.71553327765417, 41.81429466457139], [-72.71553416200618, 41.81429466457139]], [[-72.71552531848619, 41.8142745878994], [-72.71553327765417, 41.8142745878994]], [[-72.71553416200618, 41.81429215498739], [-72.71553327765417, 41.81429215498739]], [[-72.71553327765417, 41.814277097483405], [-72.71553416200618, 41.814277097483405]], [[-72.71553062459819, 41.8142745878994], [-72.71552620283819, 41.8142745878994]], [[-72.71553416200618, 41.8142913184594], [-72.71553416200618, 41.81429215498739]], [[-72.71553327765417, 41.814277097483405], [-72.71553416200618, 41.814277097483405]], [[-72.71553416200618, 41.8142745878994], [-72.71554212117418, 41.8142745878994]], [[-72.71554035247017, 41.8142745878994], [-72.71553681506218, 41.8142745878994]], [[-72.71553327765417, 41.8142745878994], [-72.71552797154217, 41.8142745878994]], [[-72.71554212117418, 41.81429466457139], [-72.71553416200618, 41.81429466457139]], [[-72.71553062459819, 41.8142913184594], [-72.71553681506218, 41.8142913184594]], [[-72.71483552392618, 41.814182569819394], [-72.71484525179818, 41.814182569819394], [-72.71484525179818, 41.81418675245939], [-72.71483552392618, 41.81418675245939], [-72.71483552392618, 41.814182569819394]], [[-72.71574994389418, 41.8143758077874], [-72.71574375343019, 41.8143758077874]], [[-72.71574375343019, 41.81438250001139], [-72.71574994389418, 41.81438250001139]], [[-72.71574375343019, 41.8143808269554], [-72.71574375343019, 41.81438835570739]], [[-72.71573933167018, 41.81438835570739], [-72.71573933167018, 41.8143808269554]], [[-72.71574375343019, 41.81438835570739], [-72.71573933167018, 41.81438835570739]], [[-72.71573933167018, 41.8143808269554], [-72.71574375343019, 41.8143808269554]], [[-72.71574375343019, 41.8143758077874], [-72.71574375343019, 41.81438250001139]], [[-72.71574994389418, 41.81438250001139], [-72.71574994389418, 41.8143758077874]], [[-72.71573933167018, 41.81438835570739], [-72.71574375343019, 41.81438835570739], [-72.71574375343019, 41.8143900287634], [-72.71573933167018, 41.8143900287634], [-72.71573933167018, 41.81438835570739]], [[-72.71519191778218, 41.814036177419396], [-72.71519191778218, 41.8140411965874], [-72.7151901490782, 41.8140411965874], [-72.7151901490782, 41.814036177419396], [-72.71519191778218, 41.814036177419396]], [[-72.71555803951019, 41.8143147412434], [-72.71557484219818, 41.8143147412434], [-72.71557484219818, 41.814320596939396], [-72.71557484219818, 41.81432143346739], [-72.71557395784617, 41.8143222699954], [-72.71557395784617, 41.814323106523396], [-72.71557307349417, 41.814323106523396], [-72.71557218914218, 41.8143239430514], [-72.71556069256619, 41.8143239430514], [-72.7155598082142, 41.814323106523396], [-72.71555892386218, 41.814323106523396], [-72.71555892386218, 41.8143222699954], [-72.71555803951019, 41.8143222699954], [-72.71555803951019, 41.81432143346739], [-72.71555803951019, 41.814320596939396], [-72.71555803951019, 41.8143147412434]], [[-72.71502654395817, 41.8139826396274], [-72.71503008136618, 41.8139826396274], [-72.71503008136618, 41.8139792935154], [-72.71502654395817, 41.8139792935154], [-72.71502654395817, 41.8139826396274]], [[-72.71483375522217, 41.8139801300434], [-72.71482314299818, 41.8139801300434]], [[-72.71482314299818, 41.813974274347395], [-72.71483375522217, 41.813974274347395]], [[-72.71483375522217, 41.8139801300434], [-72.71482314299818, 41.8139801300434]], [[-72.71482314299818, 41.8139801300434], [-72.71482314299818, 41.813974274347395]], [[-72.71483375522217, 41.8139801300434], [-72.71483375522217, 41.813974274347395]], [[-72.71499559163817, 41.81396590906739], [-72.71499559163817, 41.8139533611474]], [[-72.71499559163817, 41.8139533611474], [-72.71500178210218, 41.8139533611474]], [[-72.71500178210218, 41.8139533611474], [-72.71500178210218, 41.81396590906739]], [[-72.71500178210218, 41.81396590906739], [-72.71499559163817, 41.81396590906739]], [[-72.71499559163817, 41.81396590906739], [-72.71499559163817, 41.8139533611474]], [[-72.71499559163817, 41.8139533611474], [-72.71498940117418, 41.8139533611474]], [[-72.71498940117418, 41.8139533611474], [-72.71498940117418, 41.81396590906739]], [[-72.71498940117418, 41.81396590906739], [-72.71499559163817, 41.81396590906739]], [[-72.71496552367019, 41.813819516667394], [-72.71496552367019, 41.8138136609714], [-72.71496906107818, 41.8138136609714], [-72.71496906107818, 41.813819516667394], [-72.71496552367019, 41.813819516667394]], [[-72.71496640802218, 41.813819516667394], [-72.71496640802218, 41.8138136609714]], [[-72.71542627106219, 41.8138705448754], [-72.71543334587818, 41.8138705448754], [-72.71543423023019, 41.8138697083474], [-72.71543423023019, 41.8137827094354], [-72.71543334587818, 41.81378187290739], [-72.71542627106219, 41.81378187290739], [-72.71542627106219, 41.8137827094354], [-72.71543334587818, 41.8137827094354], [-72.71543334587818, 41.8138697083474], [-72.71542627106219, 41.8138697083474], [-72.71542627106219, 41.8138705448754]], [[-72.71509729211819, 41.814282953179394], [-72.71509729211819, 41.81427793401139], [-72.71509906082218, 41.81427793401139], [-72.71509906082218, 41.814282953179394], [-72.71509729211819, 41.814282953179394]], [[-72.71463300731817, 41.8143523850034], [-72.71463300731817, 41.81431139513139]], [[-72.71463300731817, 41.81431139513139], [-72.71462239509418, 41.81431139513139]], [[-72.71462239509418, 41.81431139513139], [-72.71462239509418, 41.8143523850034]], [[-72.71462239509418, 41.8143523850034], [-72.71463300731817, 41.8143523850034]], [[-72.71462770120618, 41.8143523850034], [-72.71462770120618, 41.81431139513139]], [[-72.71462858555819, 41.8143523850034], [-72.71462858555819, 41.81431139513139]], [[-72.71462239509418, 41.81432143346739], [-72.71463300731817, 41.81432143346739]], [[-72.71462239509418, 41.8143314718034], [-72.71463300731817, 41.8143314718034]], [[-72.71462239509418, 41.81434234666739], [-72.71463300731817, 41.81434234666739]], [[-72.71516273416619, 41.81433398138739], [-72.71516273416619, 41.8143440197234], [-72.7151565437022, 41.8143440197234], [-72.7151565437022, 41.81433398138739], [-72.71516273416619, 41.81433398138739]], [[-72.71493368699817, 41.8143147412434], [-72.71492395912618, 41.8143147412434]], [[-72.71492395912618, 41.8143147412434], [-72.71492395912618, 41.8143105586034]], [[-72.71492395912618, 41.8143105586034], [-72.71493368699817, 41.8143105586034]], [[-72.71493368699817, 41.8143105586034], [-72.71493368699817, 41.8143147412434]], [[-72.71488504763818, 41.8139675821234], [-72.71490096597418, 41.8139675821234], [-72.71490096597418, 41.8139667455954], [-72.71488504763818, 41.8139667455954], [-72.71488504763818, 41.8139675821234]], [[-72.71450035451818, 41.814070475067396], [-72.71450035451818, 41.8140662924274], [-72.71449770146218, 41.8140662924274], [-72.71449770146218, 41.814070475067396], [-72.71450035451818, 41.814070475067396]], [[-72.7149310339422, 41.814335654443404], [-72.7149310339422, 41.814337327499395]], [[-72.71493191829418, 41.814335654443404], [-72.7149310339422, 41.814335654443404]], [[-72.71493191829418, 41.814335654443404], [-72.71493191829418, 41.814337327499395]], [[-72.7149310339422, 41.8143314718034], [-72.71493191829418, 41.8143314718034]], [[-72.71493191829418, 41.81432561610739], [-72.71493191829418, 41.8143264526354]], [[-72.71493634005418, 41.814337327499395], [-72.71493722440619, 41.814337327499395]], [[-72.71493634005418, 41.814335654443404], [-72.71493634005418, 41.8143364909714]], [[-72.71493722440619, 41.8143364909714], [-72.71493722440619, 41.814337327499395]], [[-72.71493191829418, 41.8143264526354], [-72.71493191829418, 41.81432561610739]], [[-72.71493722440619, 41.8143364909714], [-72.71493191829418, 41.8143364909714]], [[-72.71493191829418, 41.8143164142994], [-72.71493191829418, 41.814315577771396], [-72.7149310339422, 41.814315577771396], [-72.7149310339422, 41.8143164142994]], [[-72.7149310339422, 41.8143164142994], [-72.7149310339422, 41.814320596939396]], [[-72.7149310339422, 41.814315577771396], [-72.7149310339422, 41.8143164142994]], [[-72.71493191829418, 41.814315577771396], [-72.71493191829418, 41.8143164142994]], [[-72.71493191829418, 41.81432561610739], [-72.71493191829418, 41.81432143346739]], [[-72.71493191829418, 41.81432143346739], [-72.71493191829418, 41.814320596939396]], [[-72.7149310339422, 41.814320596939396], [-72.7149310339422, 41.81432143346739]], [[-72.7149310339422, 41.81432143346739], [-72.7149310339422, 41.81432561610739]], [[-72.7149310339422, 41.814319760411394], [-72.7149310339422, 41.81432143346739]], [[-72.71493191829418, 41.814319760411394], [-72.71493191829418, 41.81432143346739]], [[-72.7149310339422, 41.814320596939396], [-72.71493191829418, 41.814320596939396]], [[-72.7149310339422, 41.81432143346739], [-72.71493191829418, 41.81432143346739]], [[-72.7149310339422, 41.8143306352754], [-72.71493191829418, 41.8143306352754]], [[-72.71493191829418, 41.814337327499395], [-72.7149310339422, 41.814337327499395]], [[-72.7149310339422, 41.81432561610739], [-72.7149310339422, 41.8143264526354]], [[-72.7149310339422, 41.8143306352754], [-72.7149310339422, 41.8143314718034]], [[-72.7149310339422, 41.8143164142994], [-72.71493191829418, 41.8143164142994]], [[-72.71493634005418, 41.814335654443404], [-72.71493722440619, 41.814335654443404]], [[-72.71493191829418, 41.8143314718034], [-72.71493191829418, 41.8143306352754]], [[-72.71493191829418, 41.814320596939396], [-72.71493191829418, 41.8143164142994]], [[-72.71493191829418, 41.814337327499395], [-72.71493722440619, 41.814337327499395]], [[-72.7149310339422, 41.81432561610739], [-72.7149310339422, 41.8143264526354]], [[-72.7149310339422, 41.8143264526354], [-72.71493191829418, 41.8143264526354]], [[-72.7149310339422, 41.814337327499395], [-72.71493191829418, 41.814337327499395]], [[-72.71493191829418, 41.8143306352754], [-72.71493191829418, 41.8143314718034]], [[-72.71493722440619, 41.814337327499395], [-72.71493722440619, 41.8143364909714]], [[-72.71493191829418, 41.8143306352754], [-72.71493191829418, 41.8143264526354]], [[-72.7149310339422, 41.81432561610739], [-72.71493191829418, 41.81432561610739]], [[-72.7149310339422, 41.8143264526354], [-72.7149310339422, 41.8143306352754]], [[-72.71493191829418, 41.8143364909714], [-72.71493191829418, 41.814335654443404]], [[-72.7149310339422, 41.8143314718034], [-72.7149310339422, 41.814335654443404]], [[-72.7149310339422, 41.8143306352754], [-72.7149310339422, 41.8143314718034]], [[-72.7149310339422, 41.8143264526354], [-72.71493191829418, 41.8143264526354]], [[-72.71493191829418, 41.814335654443404], [-72.71493191829418, 41.8143314718034]], [[-72.7149310339422, 41.814335654443404], [-72.7149310339422, 41.814337327499395]], [[-72.71493722440619, 41.814335654443404], [-72.71493722440619, 41.8143364909714]], [[-72.71504865275818, 41.81396590906739], [-72.71504246229419, 41.81396590906739]], [[-72.71504246229419, 41.81396590906739], [-72.71504246229419, 41.81397762045939]], [[-72.71504246229419, 41.81397762045939], [-72.71504865275818, 41.81397762045939]], [[-72.71504865275818, 41.81396590906739], [-72.71505484322219, 41.81396590906739]], [[-72.71505484322219, 41.81396590906739], [-72.71505484322219, 41.81397762045939]], [[-72.71505484322219, 41.81397762045939], [-72.71504865275818, 41.81397762045939]], [[-72.71505484322219, 41.81397762045939], [-72.71505484322219, 41.81396590906739]], [[-72.71505484322219, 41.81396590906739], [-72.71504865275818, 41.81396590906739]], [[-72.71504865275818, 41.81396590906739], [-72.71504865275818, 41.81397762045939]], [[-72.71504865275818, 41.81397762045939], [-72.71505484322219, 41.81397762045939]], [[-72.71504246229419, 41.81397762045939], [-72.71504246229419, 41.81396590906739]], [[-72.71504246229419, 41.81396590906739], [-72.71504865275818, 41.81396590906739]], [[-72.71504865275818, 41.81396590906739], [-72.71504865275818, 41.81397762045939]], [[-72.71504865275818, 41.81397762045939], [-72.71504246229419, 41.81397762045939]], [[-72.71504865275818, 41.81397762045939], [-72.71504865275818, 41.81396590906739]], [[-72.71504865275818, 41.81397762045939], [-72.71504865275818, 41.81396590906739]], [[-72.71535906031018, 41.8138705448754], [-72.71537144123818, 41.8138655257074], [-72.71537144123818, 41.8138663622354], [-72.71535994466217, 41.813871381403395], [-72.71535906031018, 41.8138705448754]], [[-72.71468695279017, 41.814003552827394], [-72.71468606843817, 41.814003552827394]], [[-72.71468695279017, 41.81400271629939], [-72.71468695279017, 41.814003552827394]], [[-72.71468695279017, 41.81400271629939], [-72.71468783714218, 41.81400271629939], [-72.71468783714218, 41.814003552827394], [-72.71468695279017, 41.814003552827394], [-72.71468606843817, 41.814003552827394], [-72.71468695279017, 41.814003552827394], [-72.71468695279017, 41.81400271629939]], [[-72.71491776866218, 41.814277097483405], [-72.71492572783019, 41.814277097483405]], [[-72.71492572783019, 41.814277097483405], [-72.71493368699817, 41.814277097483405]], [[-72.71493368699817, 41.814277097483405], [-72.71493368699817, 41.814282953179394]], [[-72.71493368699817, 41.814282953179394], [-72.71491776866218, 41.814282953179394]], [[-72.71491776866218, 41.814282953179394], [-72.71491776866218, 41.814277097483405]], [[-72.71491776866218, 41.81428044359539], [-72.71491953736619, 41.81428044359539]], [[-72.71491953736619, 41.81428044359539], [-72.71491953736619, 41.814277097483405]], [[-72.71493368699817, 41.81428044359539], [-72.71493191829418, 41.81428044359539]], [[-72.71493191829418, 41.81428044359539], [-72.71493191829418, 41.814277097483405]], [[-72.71523171362219, 41.813996860603396], [-72.71523171362219, 41.8139976971314]], [[-72.71523171362219, 41.8139976971314], [-72.71524409455019, 41.8139976971314]], [[-72.71524409455019, 41.8139976971314], [-72.71524409455019, 41.813996860603396]], [[-72.71524409455019, 41.813996860603396], [-72.71523171362219, 41.813996860603396]], [[-72.71523171362219, 41.8139976971314], [-72.71524409455019, 41.8139976971314]], [[-72.71524409455019, 41.8139976971314], [-72.71524409455019, 41.8140043893554]], [[-72.71524409455019, 41.8140043893554], [-72.71523171362219, 41.8140043893554]], [[-72.71523171362219, 41.8140043893554], [-72.71523171362219, 41.8139976971314]], [[-72.71523790408618, 41.8140043893554], [-72.71523790408618, 41.8139976971314]], [[-72.71488504763818, 41.8139809665714], [-72.71490096597418, 41.8139809665714], [-72.71490096597418, 41.8139801300434], [-72.71488504763818, 41.8139801300434], [-72.71488504763818, 41.8139809665714]], [[-72.71529008085419, 41.813764305819404], [-72.71528300603819, 41.813764305819404]], [[-72.71528300603819, 41.813764305819404], [-72.71529008085419, 41.813764305819404]], [[-72.71529273391018, 41.813764305819404], [-72.71529273391018, 41.8137718345714]], [[-72.71529892437418, 41.8137885651314], [-72.71529273391018, 41.8137885651314]], [[-72.71529008085419, 41.8138111513874], [-72.71528300603819, 41.8138111513874]], [[-72.71529273391018, 41.8138036226354], [-72.71529273391018, 41.8138111513874]], [[-72.71529008085419, 41.8138119879154], [-72.71529008085419, 41.813819516667394]], [[-72.71529892437418, 41.8138119879154], [-72.71529273391018, 41.8138119879154]], [[-72.71529008085419, 41.813827045419394], [-72.71528300603819, 41.813827045419394]], [[-72.71528300603819, 41.8137567770674], [-72.71529892437418, 41.8137567770674]], [[-72.71529892437418, 41.8137567770674], [-72.71529892437418, 41.8138354106994]], [[-72.71529892437418, 41.8138354106994], [-72.71528300603819, 41.8138354106994]], [[-72.71529008085419, 41.813819516667394], [-72.71529008085419, 41.813827045419394]], [[-72.71529008085419, 41.8137801998514], [-72.71528300603819, 41.8137801998514]], [[-72.71528300603819, 41.8137726710994], [-72.71529008085419, 41.8137726710994]], [[-72.71529273391018, 41.8137801998514], [-72.71529273391018, 41.813787728603394]], [[-72.71528300603819, 41.813819516667394], [-72.71529008085419, 41.813819516667394]], [[-72.71529273391018, 41.8138354106994], [-72.71529273391018, 41.8138278819474]], [[-72.71529008085419, 41.8137718345714], [-72.71528300603819, 41.8137718345714]], [[-72.71529273391018, 41.8137718345714], [-72.71529892437418, 41.8137718345714]], [[-72.71529273391018, 41.813819516667394], [-72.71529892437418, 41.813819516667394]], [[-72.71529892437418, 41.8138036226354], [-72.71529273391018, 41.8138036226354]], [[-72.71529008085419, 41.8138036226354], [-72.71528300603819, 41.8138036226354]], [[-72.71529892437418, 41.81379609388339], [-72.71529273391018, 41.81379609388339]], [[-72.71529273391018, 41.8138278819474], [-72.71529892437418, 41.8138278819474]], [[-72.71529008085419, 41.81379609388339], [-72.71529008085419, 41.8138036226354]], [[-72.71528300603819, 41.8137885651314], [-72.71529008085419, 41.8137885651314]], [[-72.71529008085419, 41.8137567770674], [-72.71529008085419, 41.813764305819404]], [[-72.71529273391018, 41.8138119879154], [-72.71529273391018, 41.813819516667394]], [[-72.71529008085419, 41.8137801998514], [-72.71529008085419, 41.813787728603394]], [[-72.71529892437418, 41.8137726710994], [-72.71529273391018, 41.8137726710994]], [[-72.71529273391018, 41.8138036226354], [-72.71529892437418, 41.8138036226354]], [[-72.71529008085419, 41.81379609388339], [-72.71528300603819, 41.81379609388339]], [[-72.71529273391018, 41.81379609388339], [-72.71529273391018, 41.8138036226354]], [[-72.71529273391018, 41.813819516667394], [-72.71529273391018, 41.813827045419394]], [[-72.71529008085419, 41.8138354106994], [-72.71529008085419, 41.8138278819474]], [[-72.71529008085419, 41.8137885651314], [-72.71529008085419, 41.81379609388339]], [[-72.71529273391018, 41.8137726710994], [-72.71529273391018, 41.8137801998514]], [[-72.71529273391018, 41.8137885651314], [-72.71529273391018, 41.81379609388339]], [[-72.71529273391018, 41.8137567770674], [-72.71529273391018, 41.813764305819404]], [[-72.71529008085419, 41.813787728603394], [-72.71528300603819, 41.813787728603394]], [[-72.71529892437418, 41.813819516667394], [-72.71529273391018, 41.813819516667394]], [[-72.71529892437418, 41.8137801998514], [-72.71529273391018, 41.8137801998514]], [[-72.71528300603819, 41.8137801998514], [-72.71529008085419, 41.8137801998514]], [[-72.71529273391018, 41.813827045419394], [-72.71529892437418, 41.813827045419394]], [[-72.71529892437418, 41.813764305819404], [-72.71529273391018, 41.813764305819404]], [[-72.71529273391018, 41.81379609388339], [-72.71529892437418, 41.81379609388339]], [[-72.71529273391018, 41.813787728603394], [-72.71529892437418, 41.813787728603394]], [[-72.71528300603819, 41.8138036226354], [-72.71529008085419, 41.8138036226354]], [[-72.71529008085419, 41.8138036226354], [-72.71529008085419, 41.8138111513874]], [[-72.71529273391018, 41.813764305819404], [-72.71529892437418, 41.813764305819404]], [[-72.71528300603819, 41.8138119879154], [-72.71529008085419, 41.8138119879154]], [[-72.71529273391018, 41.8138111513874], [-72.71529892437418, 41.8138111513874]], [[-72.71529008085419, 41.8137726710994], [-72.71529008085419, 41.8137801998514]], [[-72.71528300603819, 41.8138354106994], [-72.71528300603819, 41.8137567770674]], [[-72.71529008085419, 41.813764305819404], [-72.71529008085419, 41.8137718345714]], [[-72.71529008085419, 41.8138278819474], [-72.71528300603819, 41.8138278819474]], [[-72.71529008085419, 41.813819516667394], [-72.71528300603819, 41.813819516667394]], [[-72.71529273391018, 41.8137801998514], [-72.71529892437418, 41.8137801998514]], [[-72.71528300603819, 41.81379609388339], [-72.71529008085419, 41.81379609388339]], [[-72.71540062485418, 41.81376765193139], [-72.71542803976618, 41.81376765193139]], [[-72.71542803976618, 41.81376765193139], [-72.71542803976618, 41.8137684884594]], [[-72.71542803976618, 41.8137684884594], [-72.71542803976618, 41.81376263276339]], [[-72.71542803976618, 41.81376263276339], [-72.71540062485418, 41.81376263276339]], [[-72.71540062485418, 41.81376263276339], [-72.71540062485418, 41.813763469291395]], [[-72.71540062485418, 41.813763469291395], [-72.71536613512617, 41.813763469291395]], [[-72.71536613512617, 41.813763469291395], [-72.71536613512617, 41.81376263276339]], [[-72.71536613512617, 41.81376263276339], [-72.71533872021418, 41.81376263276339]], [[-72.71538382216617, 41.81376765193139], [-72.71538824392618, 41.813763469291395]], [[-72.71538824392618, 41.813763469291395], [-72.71539178133419, 41.81376765193139]], [[-72.71537940040619, 41.813763469291395], [-72.71538293781418, 41.81376765193139]], [[-72.71539266568618, 41.81376765193139], [-72.71539708744619, 41.813763469291395]], [[-72.71542803976618, 41.81377016151539], [-72.71533872021418, 41.81377016151539]], [[-72.71538293781418, 41.81376765193139], [-72.71538382216617, 41.81376765193139]], [[-72.71537055688619, 41.813763469291395], [-72.71537409429419, 41.81376765193139]], [[-72.71540593096618, 41.81376263276339], [-72.71540593096618, 41.81376765193139]], [[-72.71539178133419, 41.81376765193139], [-72.71539266568618, 41.81376765193139]], [[-72.71533872021418, 41.81376765193139], [-72.71536613512617, 41.81376765193139]], [[-72.71533872021418, 41.8137684884594], [-72.71533872021418, 41.81376765193139]], [[-72.71536171336618, 41.81376263276339], [-72.71536171336618, 41.81376765193139]], [[-72.71537409429419, 41.81376765193139], [-72.71537497864618, 41.81376765193139]], [[-72.71540062485418, 41.813763469291395], [-72.71540062485418, 41.81376765193139]], [[-72.71534137327019, 41.81376263276339], [-72.71534137327019, 41.81376765193139]], [[-72.71542803976618, 41.8137684884594], [-72.71542803976618, 41.81377016151539]], [[-72.71539708744619, 41.813763469291395], [-72.71540062485418, 41.81376765193139]], [[-72.71533872021418, 41.81377016151539], [-72.71533872021418, 41.8137684884594]], [[-72.71536613512617, 41.813763469291395], [-72.71536613512617, 41.81376765193139]], [[-72.71542538671018, 41.81376263276339], [-72.71542538671018, 41.81376765193139]], [[-72.71536613512617, 41.81376765193139], [-72.71537055688619, 41.813763469291395]], [[-72.71537497864618, 41.81376765193139], [-72.71537940040619, 41.813763469291395]], [[-72.71533872021418, 41.81376263276339], [-72.71533872021418, 41.8137684884594]], [[-72.7150274283102, 41.81413070508339], [-72.7150274283102, 41.81412568591539], [-72.71502389090217, 41.81412568591539], [-72.71502389090217, 41.81413070508339], [-72.7150274283102, 41.81413070508339]], [[-72.71511674786218, 41.81377769026739], [-72.71511674786218, 41.8137743441554], [-72.71511232610217, 41.8137743441554], [-72.71511232610217, 41.81377769026739], [-72.71511674786218, 41.81377769026739]], [[-72.71480810901419, 41.8139801300434], [-72.71479749679018, 41.8139801300434]], [[-72.71479749679018, 41.813974274347395], [-72.71480810901419, 41.813974274347395]], [[-72.71480810901419, 41.8139801300434], [-72.71479749679018, 41.8139801300434]], [[-72.71479749679018, 41.8139801300434], [-72.71479749679018, 41.813974274347395]], [[-72.71480810901419, 41.8139801300434], [-72.71480810901419, 41.813974274347395]], [[-72.71577470575018, 41.8142545112274], [-72.71575790306218, 41.8142545112274]], [[-72.71575790306218, 41.8142545112274], [-72.71575790306218, 41.8142486555314]], [[-72.71575790306218, 41.8142486555314], [-72.71577470575018, 41.8142486555314]], [[-72.71577470575018, 41.8142486555314], [-72.71577470575018, 41.8142545112274]], [[-72.71466661269419, 41.813998533659394], [-72.71466572834217, 41.8139976971314], [-72.71466572834217, 41.813996860603396]], [[-72.71466661269419, 41.813985149211405], [-72.71466661269419, 41.813984312683395], [-72.71466749704618, 41.813985149211405]], [[-72.71466661269419, 41.813986822267395], [-72.71466572834217, 41.81398598573939]], [[-72.71468341538218, 41.813996860603396], [-72.71468429973419, 41.813996024075394]], [[-72.71468518408619, 41.813996860603396], [-72.71468518408619, 41.8139976971314], [-72.71468429973419, 41.813998533659394]], [[-72.71466661269419, 41.813996024075394], [-72.71466749704618, 41.813996860603396]], [[-72.71468341538218, 41.813985149211405], [-72.71468429973419, 41.813984312683395], [-72.71468429973419, 41.813985149211405]], [[-72.71468518408619, 41.81398598573939], [-72.71468429973419, 41.813985149211405], [-72.71467545621418, 41.8139901683794], [-72.71466661269419, 41.813985149211405], [-72.71466572834217, 41.81398598573939], [-72.71467545621418, 41.8139910049074], [-72.71467545621418, 41.814001043243394], [-72.71466661269419, 41.813996024075394], [-72.71466572834217, 41.813996860603396], [-72.71467457186219, 41.8140018797714], [-72.71467457186219, 41.81400271629939], [-72.71467634056619, 41.81400271629939], [-72.71467634056619, 41.8140018797714], [-72.71467545621418, 41.8140018797714], [-72.71468518408619, 41.813996860603396], [-72.71468429973419, 41.813996024075394], [-72.71467545621418, 41.814001043243394], [-72.71467545621418, 41.8139910049074], [-72.71468518408619, 41.81398598573939]], [[-72.71468518408619, 41.81398598573939], [-72.71468429973419, 41.813986822267395]], [[-72.7148930068062, 41.8140060624114], [-72.7148930068062, 41.814001043243394], [-72.71489123810218, 41.814001043243394], [-72.71489123810218, 41.8140060624114], [-72.7148930068062, 41.8140060624114]], [[-72.71462327944619, 41.813960053371396], [-72.71462327944619, 41.8139759474034], [-72.71463212296618, 41.8139759474034], [-72.71463212296618, 41.813974274347395], [-72.71462504815018, 41.813974274347395], [-72.71462504815018, 41.813960053371396], [-72.71462327944619, 41.813960053371396]], [[-72.7146453882462, 41.8139759474034], [-72.7146453882462, 41.81396088989939], [-72.71463123861417, 41.81396088989939], [-72.71463123861417, 41.813960053371396], [-72.71464715695018, 41.813960053371396], [-72.71464715695018, 41.8139759474034], [-72.7146453882462, 41.8139759474034]], [[-72.71464715695018, 41.813996024075394], [-72.7146453882462, 41.813996024075394], [-72.7146453882462, 41.8140018797714], [-72.71464096648619, 41.8140018797714], [-72.71464096648619, 41.81400271629939], [-72.71464715695018, 41.81400271629939], [-72.71464715695018, 41.813996024075394]], [[-72.71462327944619, 41.813986822267395], [-72.71462327944619, 41.81400271629939], [-72.71463212296618, 41.81400271629939], [-72.71463212296618, 41.8140018797714], [-72.71462504815018, 41.8140018797714], [-72.71462504815018, 41.813986822267395], [-72.71462327944619, 41.813986822267395]], [[-72.71490185032619, 41.8143147412434], [-72.71490185032619, 41.8143122316594]], [[-72.71489123810218, 41.8143147412434], [-72.71489123810218, 41.8143122316594]], [[-72.71489123810218, 41.8143147412434], [-72.71490185032619, 41.8143147412434], [-72.71490185032619, 41.814315577771396], [-72.71489123810218, 41.814315577771396], [-72.71489123810218, 41.8143147412434]], [[-72.71532722363817, 41.8139224096114], [-72.71532722363817, 41.8139190634994]], [[-72.71532722363817, 41.8139190634994], [-72.71531042095019, 41.8139190634994]], [[-72.71531042095019, 41.8139190634994], [-72.71531042095019, 41.8139224096114]], [[-72.71531042095019, 41.8139224096114], [-72.71532722363817, 41.8139224096114]], [[-72.71525735983019, 41.8138412663954], [-72.71525735983019, 41.8138354106994]], [[-72.71527327816618, 41.8138354106994], [-72.71527327816618, 41.8138412663954]], [[-72.71525647547818, 41.8138429394514], [-72.71527327816618, 41.8138429394514]], [[-72.71525735983019, 41.8138412663954], [-72.71525735983019, 41.8138429394514]], [[-72.71525735983019, 41.8138429394514], [-72.71526531899818, 41.8138429394514]], [[-72.71526531899818, 41.8138429394514], [-72.71526531899818, 41.8138412663954]], [[-72.71527239381417, 41.8138412663954], [-72.71527327816618, 41.8138412663954]], [[-72.71526531899818, 41.813842102923395], [-72.71526531899818, 41.8138354106994]], [[-72.71526620335018, 41.8138412663954], [-72.71526620335018, 41.8138429394514]], [[-72.71525647547818, 41.8138354106994], [-72.71525647547818, 41.8138412663954]], [[-72.71526531899818, 41.8138412663954], [-72.71526620335018, 41.8138412663954]], [[-72.71525647547818, 41.8138412663954], [-72.71525735983019, 41.8138412663954]], [[-72.71527327816618, 41.8138429394514], [-72.71527327816618, 41.8138412663954]], [[-72.71525647547818, 41.8138412663954], [-72.71525647547818, 41.8138429394514]], [[-72.71526620335018, 41.8138429394514], [-72.71527239381417, 41.8138429394514]], [[-72.71527327816618, 41.8138354106994], [-72.71525647547818, 41.8138354106994]], [[-72.71527239381417, 41.8138412663954], [-72.71526620335018, 41.8138412663954]], [[-72.71527327816618, 41.8138412663954], [-72.71527327816618, 41.8138354106994]], [[-72.71525735983019, 41.8138354106994], [-72.71527327816618, 41.8138354106994]], [[-72.71527239381417, 41.8138429394514], [-72.71527239381417, 41.8138412663954]], [[-72.71492395912618, 41.8143147412434], [-72.71492395912618, 41.8143122316594]], [[-72.71493368699817, 41.8143147412434], [-72.71493368699817, 41.8143122316594]], [[-72.71493368699817, 41.8143147412434], [-72.71492395912618, 41.8143147412434], [-72.71492395912618, 41.814315577771396], [-72.71493368699817, 41.814315577771396], [-72.71493368699817, 41.8143147412434]], [[-72.71550763144617, 41.813800276523395], [-72.71551382191018, 41.813800276523395]], [[-72.71551382191018, 41.813800276523395], [-72.71551382191018, 41.8137994399954]], [[-72.71551382191018, 41.8138094783314], [-72.71551382191018, 41.813810314859396]], [[-72.71551470626218, 41.81379860346739], [-72.71552089672619, 41.81379860346739]], [[-72.71551470626218, 41.813810314859396], [-72.71552089672619, 41.813810314859396]], [[-72.71552089672619, 41.8137994399954], [-72.71552089672619, 41.813800276523395]], [[-72.71552089672619, 41.8138094783314], [-72.71552089672619, 41.813810314859396]], [[-72.71551735931818, 41.8138011130514], [-72.71552620283819, 41.8138011130514], [-72.71552620283819, 41.8138019495794], [-72.71551735931818, 41.8138019495794]], [[-72.71551735931818, 41.813807805275395], [-72.71552620283819, 41.813807805275395], [-72.71552620283819, 41.81380696874739], [-72.71551735931818, 41.81380696874739]], [[-72.71551735931818, 41.81380696874739], [-72.71551735931818, 41.8138019495794]], [[-72.71551735931818, 41.8138011130514], [-72.71551735931818, 41.813800276523395], [-72.71552089672619, 41.813800276523395]], [[-72.71551735931818, 41.813807805275395], [-72.71551735931818, 41.8138086418034], [-72.71552089672619, 41.8138086418034]], [[-72.71551470626218, 41.81379860346739], [-72.71551382191018, 41.8137994399954]], [[-72.71551382191018, 41.813810314859396], [-72.71551470626218, 41.813810314859396]], [[-72.71551382191018, 41.8138094783314], [-72.71550763144617, 41.8138094783314]], [[-72.7149549114462, 41.8143364909714], [-72.7149549114462, 41.8143314718034]], [[-72.71495137403818, 41.8143314718034], [-72.71495137403818, 41.8143364909714]], [[-72.7149549114462, 41.8143314718034], [-72.71495137403818, 41.8143314718034]], [[-72.71495137403818, 41.8143364909714], [-72.7149549114462, 41.8143364909714]], [[-72.71578266491818, 41.81414241647539], [-72.71578266491818, 41.8141323781394], [-72.71578531797418, 41.8141323781394], [-72.71578531797418, 41.81414241647539], [-72.71578266491818, 41.81414241647539]], [[-72.71572341333419, 41.8143147412434], [-72.71574110037417, 41.8143147412434], [-72.71574110037417, 41.814320596939396], [-72.71574110037417, 41.81432143346739], [-72.7157402160222, 41.8143222699954], [-72.7157402160222, 41.814323106523396], [-72.71573933167018, 41.814323106523396], [-72.71573844731819, 41.814323106523396], [-72.71573844731819, 41.8143239430514], [-72.71572695074218, 41.8143239430514], [-72.71572606639018, 41.8143239430514], [-72.71572606639018, 41.814323106523396], [-72.71572518203818, 41.814323106523396], [-72.71572429768617, 41.8143222699954], [-72.71572429768617, 41.81432143346739], [-72.71572341333419, 41.814320596939396], [-72.71572341333419, 41.8143147412434]], [[-72.71556334562219, 41.8142210501074], [-72.71556953608618, 41.8142210501074]], [[-72.71556334562219, 41.8142210501074], [-72.71556953608618, 41.8142210501074]], [[-72.71556334562219, 41.81420682913139], [-72.71556953608618, 41.81420682913139]], [[-72.71556334562219, 41.81420682913139], [-72.71556953608618, 41.81420682913139]], [[-72.71556334562219, 41.814224396219394], [-72.71555892386218, 41.814224396219394]], [[-72.71556334562219, 41.81420348301939], [-72.71556334562219, 41.814224396219394]], [[-72.71556599867819, 41.814224396219394], [-72.71555803951019, 41.814224396219394]], [[-72.71555803951019, 41.814224396219394], [-72.71555803951019, 41.81420348301939]], [[-72.71556688303018, 41.81420682913139], [-72.71556599867819, 41.81420682913139]], [[-72.71556599867819, 41.8142210501074], [-72.71556688303018, 41.8142210501074]], [[-72.71557395784617, 41.814224396219394], [-72.71556953608618, 41.814224396219394]], [[-72.71556599867819, 41.8142210501074], [-72.71556688303018, 41.8142210501074]], [[-72.71556334562219, 41.81420348301939], [-72.71555892386218, 41.81420348301939]], [[-72.71556599867819, 41.814224396219394], [-72.71556688303018, 41.814224396219394]], [[-72.71557484219818, 41.814224396219394], [-72.71556688303018, 41.814224396219394]], [[-72.71556599867819, 41.81420682913139], [-72.71556688303018, 41.81420682913139]], [[-72.71556953608618, 41.81420348301939], [-72.71556953608618, 41.814224396219394]], [[-72.71555803951019, 41.81420348301939], [-72.71556599867819, 41.81420348301939]], [[-72.71557395784617, 41.81420348301939], [-72.71556953608618, 41.81420348301939]], [[-72.71556688303018, 41.8142210501074], [-72.71556599867819, 41.8142210501074]], [[-72.71556688303018, 41.81420348301939], [-72.71557484219818, 41.81420348301939]], [[-72.71556599867819, 41.81420348301939], [-72.71556069256619, 41.81420348301939]], [[-72.71556688303018, 41.81420348301939], [-72.71557218914218, 41.81420348301939]], [[-72.71556599867819, 41.81420348301939], [-72.71556599867819, 41.814224396219394]], [[-72.71556599867819, 41.81420682913139], [-72.71556688303018, 41.81420682913139]], [[-72.71557395784617, 41.81420348301939], [-72.71557395784617, 41.814224396219394]], [[-72.71555892386218, 41.81420348301939], [-72.71555892386218, 41.814224396219394]], [[-72.71556599867819, 41.8142210501074], [-72.71556688303018, 41.8142210501074]], [[-72.71557484219818, 41.81420348301939], [-72.71557484219818, 41.814224396219394]], [[-72.71556599867819, 41.81420682913139], [-72.71556688303018, 41.81420682913139]], [[-72.71556688303018, 41.814224396219394], [-72.71556688303018, 41.81420348301939]], [[-72.71556599867819, 41.81420348301939], [-72.71556688303018, 41.81420348301939]], [[-72.71484790485418, 41.814001043243394], [-72.71485851707818, 41.814001043243394]], [[-72.71485851707818, 41.8140060624114], [-72.71484790485418, 41.8140060624114]], [[-72.71484790485418, 41.814001043243394], [-72.71485851707818, 41.814001043243394]], [[-72.71485851707818, 41.814001043243394], [-72.71485851707818, 41.8140060624114]], [[-72.71484790485418, 41.814001043243394], [-72.71484790485418, 41.8140060624114]], [[-72.71509552341418, 41.8137551040114], [-72.71508756424619, 41.8137551040114], [-72.71508756424619, 41.813760959707395], [-72.71509552341418, 41.813760959707395], [-72.71509552341418, 41.8137551040114]], [[-72.71508933295019, 41.8137551040114], [-72.71508933295019, 41.813760959707395]], [[-72.71509021730218, 41.8137551040114], [-72.71509021730218, 41.813760959707395]], [[-72.71509021730218, 41.8137551040114], [-72.71509021730218, 41.813760959707395]], [[-72.71508933295019, 41.8137576135954], [-72.71508756424619, 41.8137576135954]], [[-72.71509110165418, 41.8137551040114], [-72.71509110165418, 41.813760959707395]], [[-72.71509552341418, 41.813760959707395], [-72.71508756424619, 41.813760959707395]], [[-72.71509198600617, 41.8137551040114], [-72.71509198600617, 41.813760959707395]], [[-72.71475062613419, 41.8139617264274], [-72.71475062613419, 41.8139558707314], [-72.71475151048618, 41.8139558707314], [-72.71475151048618, 41.8139617264274], [-72.71475062613419, 41.8139617264274]], [[-72.71498674811818, 41.814315577771396], [-72.71498674811818, 41.8143122316594]], [[-72.71498144200618, 41.814315577771396], [-72.71498144200618, 41.8143122316594]], [[-72.71498144200618, 41.814315577771396], [-72.71498674811818, 41.814315577771396], [-72.71498144200618, 41.814315577771396]], [[-72.71463477602218, 41.813952524619395], [-72.71463566037417, 41.813952524619395], [-72.71463566037417, 41.8139541976754], [-72.71463477602218, 41.8139541976754], [-72.71463566037417, 41.8139541976754], [-72.71463566037417, 41.813952524619395], [-72.71463477602218, 41.813952524619395]], [[-72.71463389167019, 41.813952524619395], [-72.71463389167019, 41.81395168809139], [-72.71463477602218, 41.81395168809139], [-72.71463477602218, 41.8139508515634], [-72.71463566037417, 41.8139508515634], [-72.71463654472618, 41.8139508515634], [-72.71463654472618, 41.81395168809139], [-72.71463742907818, 41.81395168809139], [-72.71463742907818, 41.813952524619395], [-72.71463742907818, 41.8139533611474], [-72.71463654472618, 41.8139533611474], [-72.71463654472618, 41.8139541976754], [-72.71463566037417, 41.8139541976754], [-72.71463477602218, 41.8139541976754], [-72.71463389167019, 41.8139541976754], [-72.71463389167019, 41.8139533611474], [-72.71463389167019, 41.813952524619395]], [[-72.71498409506218, 41.8143440197234], [-72.7149823263582, 41.8143440197234]], [[-72.71498409506218, 41.8143440197234], [-72.7149823263582, 41.8143431831954]], [[-72.71498409506218, 41.8143431831954], [-72.7149823263582, 41.8143431831954]], [[-72.71498321071017, 41.8143415101394], [-72.71498321071017, 41.8143431831954]], [[-72.71498321071017, 41.8143440197234], [-72.71498321071017, 41.814344856251395]], [[-72.71498144200618, 41.8143415101394], [-72.71498144200618, 41.814344856251395]], [[-72.7149823263582, 41.8143415101394], [-72.71498144200618, 41.8143415101394]], [[-72.71498144200618, 41.814344856251395], [-72.7149823263582, 41.814344856251395]], [[-72.7149823263582, 41.8143456927794], [-72.71498674811818, 41.8143456927794]], [[-72.71498409506218, 41.8143415101394], [-72.7149823263582, 41.8143415101394]], [[-72.71498321071017, 41.814344856251395], [-72.71498321071017, 41.8143440197234]], [[-72.7149823263582, 41.8143415101394], [-72.7149823263582, 41.8143431831954]], [[-72.71498409506218, 41.8143415101394], [-72.7149823263582, 41.8143415101394]], [[-72.71498409506218, 41.814344856251395], [-72.7149823263582, 41.814344856251395]], [[-72.7149823263582, 41.814344856251395], [-72.7149823263582, 41.8143440197234]], [[-72.71498409506218, 41.8143431831954], [-72.7149823263582, 41.8143431831954]], [[-72.71498674811818, 41.8143406736114], [-72.71498674811818, 41.8143456927794], [-72.7149823263582, 41.8143456927794], [-72.7149823263582, 41.8143406736114], [-72.71498674811818, 41.8143406736114]], [[-72.71498409506218, 41.8143406736114], [-72.71498409506218, 41.8143456927794]], [[-72.71498409506218, 41.814344856251395], [-72.71498409506218, 41.8143440197234]], [[-72.71498409506218, 41.8143431831954], [-72.7149823263582, 41.8143431831954]], [[-72.71498409506218, 41.8143415101394], [-72.71498409506218, 41.8143431831954]], [[-72.71498409506218, 41.8143431831954], [-72.7149823263582, 41.8143431831954]], [[-72.71498409506218, 41.8143440197234], [-72.7149823263582, 41.8143440197234]], [[-72.71498409506218, 41.814344856251395], [-72.7149823263582, 41.814344856251395]], [[-72.71498674811818, 41.8143406736114], [-72.71498321071017, 41.8143406736114]], [[-72.7149823263582, 41.814344856251395], [-72.71498409506218, 41.814344856251395]], [[-72.71498321071017, 41.8143415101394], [-72.71498321071017, 41.8143431831954]], [[-72.71498409506218, 41.8143415101394], [-72.7149823263582, 41.8143415101394]], [[-72.71480280290218, 41.8139901683794], [-72.71480280290218, 41.8139801300434]], [[-72.7148019185502, 41.8139901683794], [-72.7148019185502, 41.8139801300434]], [[-72.71480280290218, 41.8139901683794], [-72.71479661243819, 41.8139901683794]], [[-72.71480280290218, 41.8139801300434], [-72.71479661243819, 41.8139801300434]], [[-72.71479661243819, 41.8139801300434], [-72.71479661243819, 41.8139901683794]], [[-72.71455164693417, 41.8143523850034], [-72.71455164693417, 41.81431139513139]], [[-72.71454634082218, 41.81434234666739], [-72.71455695304617, 41.81434234666739]], [[-72.71455695304617, 41.8143523850034], [-72.71455695304617, 41.81431139513139]], [[-72.71454634082218, 41.81431139513139], [-72.71454634082218, 41.8143523850034]], [[-72.71454634082218, 41.8143523850034], [-72.71455695304617, 41.8143523850034]], [[-72.71455164693417, 41.8143523850034], [-72.71455164693417, 41.81431139513139]], [[-72.71454634082218, 41.8143314718034], [-72.71455695304617, 41.8143314718034]], [[-72.71454634082218, 41.81432143346739], [-72.71455695304617, 41.81432143346739]], [[-72.71455695304617, 41.81431139513139], [-72.71454634082218, 41.81431139513139]], [[-72.7150097412702, 41.8141976273234], [-72.7150097412702, 41.8141909350994], [-72.71500708821418, 41.8141909350994], [-72.71500708821418, 41.8141976273234], [-72.7150097412702, 41.8141976273234]], [[-72.71531661141418, 41.814107282299396], [-72.71532633928618, 41.814107282299396], [-72.71532633928618, 41.814111464939394], [-72.71531661141418, 41.814111464939394], [-72.71531661141418, 41.814107282299396]], [[-72.71552620283819, 41.8142545112274], [-72.71554123682219, 41.8142545112274]], [[-72.71552620283819, 41.8142486555314], [-72.71552620283819, 41.81425283817139]], [[-72.71552620283819, 41.814246982475396], [-72.71554123682219, 41.814246982475396]], [[-72.71554123682219, 41.814246982475396], [-72.71554123682219, 41.8142545112274]], [[-72.71552620283819, 41.814249492059396], [-72.71554123682219, 41.814249492059396]], [[-72.71553858376618, 41.8142545112274], [-72.71553858376618, 41.814252001643396]], [[-72.71552885589418, 41.8142536746994], [-72.71552885589418, 41.8142545112274]], [[-72.71553858376618, 41.8142545112274], [-72.71553858376618, 41.814252001643396]], [[-72.71553858376618, 41.8142545112274], [-72.71553858376618, 41.8142536746994]], [[-72.71552885589418, 41.8142545112274], [-72.71552885589418, 41.814252001643396]], [[-72.71552620283819, 41.814246982475396], [-72.71552620283819, 41.8142545112274]], [[-72.71552885589418, 41.8142545112274], [-72.71552885589418, 41.814252001643396]], [[-72.71554123682219, 41.814252001643396], [-72.71552620283819, 41.814252001643396]], [[-72.71553858376618, 41.8142536746994], [-72.71553858376618, 41.8142545112274]], [[-72.71552885589418, 41.8142545112274], [-72.71552885589418, 41.8142536746994]], [[-72.7155270871902, 41.813745902203394], [-72.7155270871902, 41.813734190811395], [-72.71552089672619, 41.813734190811395], [-72.71552089672619, 41.813745902203394], [-72.7155270871902, 41.813745902203394]], [[-72.71436770171817, 41.8137810363794], [-72.71439511663017, 41.8137810363794]], [[-72.71439600098218, 41.813764305819404], [-72.71439600098218, 41.813763469291395]], [[-72.71439511663017, 41.813763469291395], [-72.71439423227817, 41.813763469291395]], [[-72.71439423227817, 41.813764305819404], [-72.71439423227817, 41.81376514234739]], [[-72.71436770171817, 41.8137718345714], [-72.71439511663017, 41.8137718345714]], [[-72.71439511663017, 41.813783545963396], [-72.71436770171817, 41.813783545963396]], [[-72.71439511663017, 41.8137718345714], [-72.71439511663017, 41.81376514234739]], [[-72.71439423227817, 41.813764305819404], [-72.7143685860702, 41.813764305819404]], [[-72.71436770171817, 41.8137718345714], [-72.71436770171817, 41.81376514234739]], [[-72.71436681736618, 41.813763469291395], [-72.71436681736618, 41.813764305819404]], [[-72.7143685860702, 41.81376514234739], [-72.7143685860702, 41.813764305819404]], [[-72.71439423227817, 41.813763469291395], [-72.71439423227817, 41.813764305819404]], [[-72.71436770171817, 41.81376514234739], [-72.7143685860702, 41.81376514234739]], [[-72.7143685860702, 41.813764305819404], [-72.7143685860702, 41.813763469291395]], [[-72.7143685860702, 41.813763469291395], [-72.71436770171817, 41.813763469291395]], [[-72.71439600098218, 41.813763469291395], [-72.71439511663017, 41.813763469291395]], [[-72.71439423227817, 41.81376514234739], [-72.71439511663017, 41.81376514234739]], [[-72.71439511663017, 41.81376514234739], [-72.71439600098218, 41.813764305819404]], [[-72.71436770171817, 41.813763469291395], [-72.71436681736618, 41.813763469291395]], [[-72.71439511663017, 41.8137718345714], [-72.71439511663017, 41.813783545963396]], [[-72.71436770171817, 41.813783545963396], [-72.71436770171817, 41.8137718345714]], [[-72.71436681736618, 41.813764305819404], [-72.71436770171817, 41.81376514234739]], [[-72.71456668091818, 41.814320596939396], [-72.71456668091818, 41.81432561610739], [-72.71456844962218, 41.81432561610739], [-72.71456844962218, 41.814320596939396], [-72.71456668091818, 41.814320596939396]], [[-72.71496640802218, 41.8142628765074], [-72.71496021755819, 41.8142628765074], [-72.71496021755819, 41.81425283817139], [-72.71496640802218, 41.81425283817139], [-72.71496640802218, 41.8142628765074]], [[-72.71500885691817, 41.8140353408914], [-72.71500885691817, 41.814040360059394], [-72.71500708821418, 41.814040360059394], [-72.71500708821418, 41.8140353408914], [-72.71500885691817, 41.8140353408914]], [[-72.7149310339422, 41.8137852190194], [-72.7149310339422, 41.81377936332339], [-72.71492661218218, 41.81377936332339], [-72.71492661218218, 41.8137852190194], [-72.7149310339422, 41.8137852190194]], [[-72.71493722440619, 41.814036177419396], [-72.71493722440619, 41.8140411965874], [-72.71493545570218, 41.8140411965874], [-72.71493545570218, 41.814036177419396], [-72.71493722440619, 41.814036177419396]], [[-72.71443933423018, 41.8139734378194], [-72.71443933423018, 41.8139675821234], [-72.71443579682219, 41.8139675821234], [-72.71443579682219, 41.8139734378194], [-72.71443933423018, 41.8139734378194]], [[-72.71531130530218, 41.813871381403395], [-72.71531130530218, 41.813854650843396]], [[-72.71531130530218, 41.813854650843396], [-72.7153192644702, 41.813854650843396]], [[-72.7153192644702, 41.813854650843396], [-72.7153192644702, 41.813871381403395]], [[-72.7153192644702, 41.813871381403395], [-72.71531130530218, 41.813871381403395]], [[-72.71531130530218, 41.8138630161234], [-72.7153192644702, 41.8138630161234]], [[-72.71531838011818, 41.8139433228114], [-72.71531838011818, 41.8139926779634]], [[-72.71531218965418, 41.8139433228114], [-72.71532457058218, 41.8139433228114]], [[-72.71531218965418, 41.81394917850739], [-72.71532457058218, 41.81394917850739]], [[-72.71531218965418, 41.8139541976754], [-72.71532457058218, 41.8139541976754]], [[-72.71531218965418, 41.8139592168434], [-72.71532457058218, 41.8139592168434]], [[-72.71531218965418, 41.8139700917074], [-72.71532457058218, 41.8139700917074]], [[-72.71531218965418, 41.8139751108754], [-72.71532457058218, 41.8139751108754]], [[-72.71531218965418, 41.8139809665714], [-72.71532457058218, 41.8139809665714]], [[-72.71531218965418, 41.813991841435396], [-72.71532457058218, 41.813991841435396]], [[-72.71531218965418, 41.8139433228114], [-72.71532457058218, 41.8139433228114]], [[-72.71532457058218, 41.8139433228114], [-72.71532457058218, 41.813996860603396]], [[-72.71532457058218, 41.813996860603396], [-72.71531218965418, 41.813996860603396]], [[-72.71531218965418, 41.813996860603396], [-72.71531218965418, 41.8139433228114]], [[-72.71531218965418, 41.81398598573939], [-72.71532457058218, 41.81398598573939]], [[-72.71531218965418, 41.813965072539396], [-72.71532457058218, 41.813965072539396]], [[-72.71462062639017, 41.8140353408914], [-72.71462062639017, 41.814040360059394], [-72.71461885768618, 41.814040360059394], [-72.71461885768618, 41.8140353408914], [-72.71462062639017, 41.8140353408914]], [[-72.71453572859818, 41.81430888554739], [-72.71453572859818, 41.8143139047154], [-72.7145339598942, 41.8143139047154], [-72.7145339598942, 41.81430888554739], [-72.71453572859818, 41.81430888554739]], [[-72.71538205346218, 41.8139926779634], [-72.71538735957417, 41.8139926779634], [-72.71538735957417, 41.8139684186514], [-72.71535286984619, 41.8139684186514], [-72.71535286984619, 41.8139734378194], [-72.71538205346218, 41.8139734378194], [-72.71538205346218, 41.8139926779634]], [[-72.71531218965418, 41.813996860603396], [-72.71532457058218, 41.813996860603396]], [[-72.71532457058218, 41.813996860603396], [-72.71532457058218, 41.814003552827394]], [[-72.71532457058218, 41.814003552827394], [-72.71531218965418, 41.814003552827394]], [[-72.71531218965418, 41.814003552827394], [-72.71531218965418, 41.813996860603396]], [[-72.71531838011818, 41.813996860603396], [-72.71531838011818, 41.81400020671539]], [[-72.71551647496617, 41.8138228627794], [-72.71551647496617, 41.813822026251394], [-72.71552266543017, 41.813822026251394], [-72.71552266543017, 41.8138236993074]], [[-72.71552266543017, 41.813829555003394], [-72.71552266543017, 41.8138312280594], [-72.71551647496617, 41.8138312280594], [-72.71551647496617, 41.813829555003394]], [[-72.71552266543017, 41.813824535835394], [-72.71552266543017, 41.8138287184754]], [[-72.71552266543017, 41.813824535835394], [-72.71553062459819, 41.813824535835394], [-72.71553150895018, 41.813824535835394], [-72.71553150895018, 41.8138236993074], [-72.71553062459819, 41.8138236993074], [-72.71552266543017, 41.8138236993074]], [[-72.71552266543017, 41.813829555003394], [-72.71553062459819, 41.813829555003394], [-72.71553150895018, 41.813829555003394], [-72.71553150895018, 41.8138287184754], [-72.71553062459819, 41.8138287184754], [-72.71552266543017, 41.8138287184754]], [[-72.71551647496617, 41.8138228627794], [-72.71551559061419, 41.8138228627794], [-72.71550851579819, 41.8138228627794], [-72.71550763144617, 41.8138228627794], [-72.71550674709418, 41.8138236993074], [-72.71550674709418, 41.8138287184754], [-72.71550763144617, 41.8138303915314], [-72.71550851579819, 41.8138303915314], [-72.71551559061419, 41.8138303915314], [-72.71551647496617, 41.8138303915314], [-72.71551647496617, 41.813829555003394]], [[-72.71500620386219, 41.8143415101394], [-72.71500620386219, 41.8143381640274], [-72.71500266645417, 41.8143381640274], [-72.71500266645417, 41.8143415101394], [-72.71500620386219, 41.8143415101394]], [[-72.71558899183019, 41.8137300081714], [-72.71558722312619, 41.8137300081714]], [[-72.71557395784617, 41.81373335428339], [-72.71558722312619, 41.81373335428339], [-72.71558722312619, 41.8137300081714]], [[-72.71557572655018, 41.81373335428339], [-72.71557572655018, 41.8137433926194]], [[-72.71557484219818, 41.8137433926194], [-72.71557572655018, 41.8137433926194]], [[-72.71557484219818, 41.81373335428339], [-72.71557484219818, 41.8137433926194]], [[-72.71558899183019, 41.8137300081714], [-72.71558899183019, 41.8137274985874], [-72.71558722312619, 41.8137274985874]], [[-72.71558722312619, 41.8137274985874], [-72.71558722312619, 41.8137241524754], [-72.71557395784617, 41.8137241524754], [-72.71557395784617, 41.81373335428339]], [[-72.71558722312619, 41.81373335428339], [-72.7155925292382, 41.81373335428339], [-72.7155925292382, 41.81372080636339], [-72.71557042043818, 41.81372080636339], [-72.71557042043818, 41.81373335428339], [-72.71557395784617, 41.81373335428339]], [[-72.71449681711017, 41.814313068187396], [-72.71449681711017, 41.8143080490194], [-72.71449858581418, 41.8143080490194], [-72.71449858581418, 41.814313068187396], [-72.71449681711017, 41.814313068187396]], [[-72.71577116834219, 41.814359913755396], [-72.71576055611817, 41.814359913755396], [-72.71576055611817, 41.81435405805939], [-72.71577116834219, 41.81435405805939], [-72.71577116834219, 41.814359913755396]], [[-72.71524321019817, 41.813933284475404], [-72.71523790408618, 41.813933284475404]], [[-72.71524321019817, 41.813930774891396], [-72.71523790408618, 41.813930774891396]], [[-72.71524321019817, 41.8139291018354], [-72.71523790408618, 41.8139291018354]], [[-72.71523790408618, 41.813928265307396], [-72.71524321019817, 41.813928265307396], [-72.71524321019817, 41.813933284475404], [-72.71523790408618, 41.813933284475404], [-72.71523790408618, 41.813928265307396]], [[-72.71551647496617, 41.81381282444339], [-72.71551647496617, 41.8138111513874], [-72.71552266543017, 41.8138111513874], [-72.71552266543017, 41.81381282444339]], [[-72.71552266543017, 41.8138136609714], [-72.71552266543017, 41.813817843611396]], [[-72.71551647496617, 41.81381282444339], [-72.71551647496617, 41.8138119879154], [-72.71551559061419, 41.8138119879154], [-72.71550851579819, 41.8138119879154], [-72.71550763144617, 41.8138119879154], [-72.71550674709418, 41.8138136609714], [-72.71550674709418, 41.8138186801394], [-72.71550763144617, 41.813819516667394], [-72.71550851579819, 41.813819516667394], [-72.71551559061419, 41.813819516667394], [-72.71551647496617, 41.813819516667394]], [[-72.71552266543017, 41.8138186801394], [-72.71552266543017, 41.8138203531954], [-72.71551647496617, 41.8138203531954], [-72.71551647496617, 41.813819516667394]], [[-72.71552266543017, 41.8138186801394], [-72.71553062459819, 41.8138186801394], [-72.71553150895018, 41.8138186801394], [-72.71553150895018, 41.813817843611396], [-72.71553062459819, 41.813817843611396], [-72.71552266543017, 41.813817843611396]], [[-72.71552266543017, 41.8138136609714], [-72.71553062459819, 41.8138136609714], [-72.71553150895018, 41.8138136609714], [-72.71553150895018, 41.81381282444339], [-72.71553062459819, 41.81381282444339], [-72.71552266543017, 41.81381282444339]], [[-72.71495402709418, 41.8143247795794], [-72.71495402709418, 41.8143264526354]], [[-72.71495225839018, 41.8143264526354], [-72.71495225839018, 41.8143247795794]], [[-72.7149549114462, 41.8143247795794], [-72.7149549114462, 41.8143264526354]], [[-72.71495402709418, 41.8143264526354], [-72.71495402709418, 41.8143272891634]], [[-72.7149549114462, 41.8143239430514], [-72.71495402709418, 41.8143239430514]], [[-72.71495314274219, 41.8143222699954], [-72.71495314274219, 41.8143239430514]], [[-72.7149549114462, 41.8143264526354], [-72.7149549114462, 41.81432812569139]], [[-72.71495402709418, 41.8143222699954], [-72.71495314274219, 41.8143222699954]], [[-72.71495579579818, 41.8143272891634], [-72.71495668015018, 41.81432812569139], [-72.71495668015018, 41.8143306352754], [-72.71495579579818, 41.8143306352754], [-72.71495225839018, 41.8143306352754], [-72.71495225839018, 41.8143289622194]], [[-72.71495314274219, 41.8143272891634], [-72.71495314274219, 41.8143264526354]], [[-72.7149549114462, 41.81432812569139], [-72.71495402709418, 41.81432812569139]], [[-72.71495402709418, 41.8143239430514], [-72.71495314274219, 41.8143239430514]], [[-72.7149549114462, 41.8143239430514], [-72.71495402709418, 41.8143239430514]], [[-72.71495314274219, 41.8143239430514], [-72.71495402709418, 41.8143239430514]], [[-72.7149549114462, 41.8143239430514], [-72.7149549114462, 41.8143264526354]], [[-72.71495314274219, 41.8143247795794], [-72.71495314274219, 41.8143264526354]], [[-72.71495225839018, 41.8143272891634], [-72.71495225839018, 41.8143264526354]], [[-72.7149549114462, 41.8143264526354], [-72.7149549114462, 41.8143272891634]], [[-72.71495402709418, 41.8143247795794], [-72.71495402709418, 41.8143264526354]], [[-72.7149549114462, 41.8143239430514], [-72.71495402709418, 41.8143239430514]], [[-72.71495225839018, 41.8143247795794], [-72.71495402709418, 41.8143247795794]], [[-72.71495137403818, 41.8143264526354], [-72.7149549114462, 41.8143264526354]], [[-72.71495402709418, 41.8143239430514], [-72.71495402709418, 41.8143222699954]], [[-72.71495314274219, 41.8143239430514], [-72.71495314274219, 41.8143222699954]], [[-72.7149549114462, 41.8143264526354], [-72.7149549114462, 41.81432812569139]], [[-72.71495402709418, 41.8143239430514], [-72.71495402709418, 41.8143264526354]], [[-72.7149549114462, 41.8143264526354], [-72.7149549114462, 41.8143239430514]], [[-72.71495402709418, 41.8143239430514], [-72.71495402709418, 41.8143247795794]], [[-72.7149549114462, 41.81432812569139], [-72.71495402709418, 41.81432812569139]], [[-72.71495314274219, 41.8143264526354], [-72.71495314274219, 41.8143272891634]], [[-72.71495402709418, 41.8143222699954], [-72.71495402709418, 41.8143239430514]], [[-72.71495579579818, 41.8143272891634], [-72.7149549114462, 41.8143272891634]], [[-72.7149549114462, 41.81432812569139], [-72.71495402709418, 41.81432812569139]], [[-72.71495314274219, 41.8143239430514], [-72.71495314274219, 41.8143247795794]], [[-72.71495225839018, 41.8143239430514], [-72.71495225839018, 41.81432143346739], [-72.71495579579818, 41.81432143346739], [-72.71495579579818, 41.8143222699954], [-72.71495668015018, 41.8143222699954], [-72.71495668015018, 41.8143247795794], [-72.71495579579818, 41.8143247795794]], [[-72.71495225839018, 41.8143289622194], [-72.71495225839018, 41.8143272891634]], [[-72.71495402709418, 41.8143272891634], [-72.71495225839018, 41.8143272891634]], [[-72.71495225839018, 41.8143247795794], [-72.71495225839018, 41.8143239430514]], [[-72.71495402709418, 41.8143264526354], [-72.71495402709418, 41.8143247795794]], [[-72.71495314274219, 41.8143247795794], [-72.71495314274219, 41.8143239430514]], [[-72.71495668015018, 41.8143272891634], [-72.71495668015018, 41.81432561610739]], [[-72.71495137403818, 41.8143264526354], [-72.7149549114462, 41.8143264526354]], [[-72.71495402709418, 41.81432812569139], [-72.71495402709418, 41.8143264526354]], [[-72.71495314274219, 41.8143264526354], [-72.71495314274219, 41.8143247795794]], [[-72.71495314274219, 41.8143222699954], [-72.71495402709418, 41.8143222699954]], [[-72.71495225839018, 41.8143239430514], [-72.71495137403818, 41.8143239430514], [-72.71495137403818, 41.8143264526354], [-72.71495137403818, 41.8143289622194], [-72.71495225839018, 41.8143289622194]], [[-72.71495402709418, 41.8143264526354], [-72.71495402709418, 41.81432812569139]], [[-72.7149549114462, 41.8143247795794], [-72.71495579579818, 41.8143247795794]], [[-72.71461089851819, 41.8143532215314], [-72.71461089851819, 41.8143482023634], [-72.7146126672222, 41.8143482023634], [-72.7146126672222, 41.8143532215314], [-72.71461089851819, 41.8143532215314]], [[-72.71499559163817, 41.81397762045939], [-72.71499559163817, 41.81396590906739]], [[-72.71499559163817, 41.81397762045939], [-72.71499559163817, 41.81396590906739]], [[-72.71499559163817, 41.81396590906739], [-72.71498940117418, 41.81396590906739]], [[-72.71498940117418, 41.81397762045939], [-72.71499559163817, 41.81397762045939]], [[-72.71498940117418, 41.81396590906739], [-72.71498940117418, 41.81397762045939]], [[-72.71499559163817, 41.81396590906739], [-72.71500178210218, 41.81396590906739]], [[-72.71500178210218, 41.81397762045939], [-72.71499559163817, 41.81397762045939]], [[-72.71500178210218, 41.81396590906739], [-72.71500178210218, 41.81397762045939]], [[-72.71495048968617, 41.814335654443404], [-72.71495048968617, 41.814337327499395]], [[-72.71495048968617, 41.8143364909714], [-72.71495137403818, 41.8143364909714]], [[-72.71495048968617, 41.81434652930739], [-72.71495137403818, 41.81434652930739], [-72.71495137403818, 41.814315577771396], [-72.71495048968617, 41.814315577771396], [-72.71495048968617, 41.81434652930739]], [[-72.71495048968617, 41.814315577771396], [-72.71495048968617, 41.81431725082739]], [[-72.71495137403818, 41.814315577771396], [-72.71495137403818, 41.81431725082739]], [[-72.71495137403818, 41.814320596939396], [-72.71495137403818, 41.8143222699954]], [[-72.71495048968617, 41.81432143346739], [-72.71495137403818, 41.81432143346739]], [[-72.71495137403818, 41.81434652930739], [-72.71495137403818, 41.8143456927794]], [[-72.71495048968617, 41.81434652930739], [-72.71495137403818, 41.81434652930739]], [[-72.71495048968617, 41.81434652930739], [-72.71495048968617, 41.8143456927794]], [[-72.71495048968617, 41.8143306352754], [-72.71495048968617, 41.814332308331394]], [[-72.71495048968617, 41.8143164142994], [-72.71495137403818, 41.8143164142994]], [[-72.71495048968617, 41.8143364909714], [-72.71495137403818, 41.8143364909714]], [[-72.71495137403818, 41.814335654443404], [-72.71495137403818, 41.814337327499395]], [[-72.71495048968617, 41.8143314718034], [-72.71495137403818, 41.8143314718034]], [[-72.71495137403818, 41.8143306352754], [-72.71495137403818, 41.814332308331394]], [[-72.71495048968617, 41.814320596939396], [-72.71495048968617, 41.8143222699954]], [[-72.71495048968617, 41.81432143346739], [-72.71495137403818, 41.81432143346739]], [[-72.71495048968617, 41.8143314718034], [-72.71495137403818, 41.8143314718034]], [[-72.71495048968617, 41.81432143346739], [-72.71495137403818, 41.81432143346739]], [[-72.71454722517417, 41.81431139513139], [-72.71454722517417, 41.8143080490194]], [[-72.7145560686942, 41.8143080490194], [-72.7145560686942, 41.81431139513139]], [[-72.71454722517417, 41.8143080490194], [-72.7145560686942, 41.8143080490194]], [[-72.7145560686942, 41.81431139513139], [-72.71454722517417, 41.81431139513139]], [[-72.7145560686942, 41.8143105586034], [-72.71454722517417, 41.8143105586034]], [[-72.71556334562219, 41.8143122316594], [-72.71556953608618, 41.8143122316594]], [[-72.71556334562219, 41.8143147412434], [-72.71555892386218, 41.8143147412434]], [[-72.71557395784617, 41.8143147412434], [-72.71556953608618, 41.8143147412434]], [[-72.71556953608618, 41.81429466457139], [-72.71556953608618, 41.8143147412434]], [[-72.71556599867819, 41.8143122316594], [-72.71556688303018, 41.8143122316594]], [[-72.71556599867819, 41.81429466457139], [-72.71556069256619, 41.81429466457139]], [[-72.71556688303018, 41.81429466457139], [-72.71557218914218, 41.81429466457139]], [[-72.71557484219818, 41.8143147412434], [-72.71556688303018, 41.8143147412434]], [[-72.71556599867819, 41.8143122316594], [-72.71556599867819, 41.81431139513139]], [[-72.71556599867819, 41.8142980106834], [-72.71556599867819, 41.81429717415539]], [[-72.71556688303018, 41.81429717415539], [-72.71556688303018, 41.8142980106834]], [[-72.71556599867819, 41.8143147412434], [-72.71555803951019, 41.8143147412434]], [[-72.71556688303018, 41.8143147412434], [-72.71556688303018, 41.81429466457139]], [[-72.71556599867819, 41.81429466457139], [-72.71556599867819, 41.8143147412434]], [[-72.71556599867819, 41.8142980106834], [-72.71556688303018, 41.8142980106834]], [[-72.71556334562219, 41.81431139513139], [-72.71556953608618, 41.81431139513139]], [[-72.71556688303018, 41.8143122316594], [-72.71556599867819, 41.8143122316594]], [[-72.71556599867819, 41.81431139513139], [-72.71556688303018, 41.81431139513139]], [[-72.71557484219818, 41.81429466457139], [-72.71557484219818, 41.8143147412434]], [[-72.71556599867819, 41.81429717415539], [-72.71556688303018, 41.81429717415539]], [[-72.71556599867819, 41.81431139513139], [-72.71556688303018, 41.81431139513139]], [[-72.71555803951019, 41.8143147412434], [-72.71555803951019, 41.81429466457139]], [[-72.71557395784617, 41.81429466457139], [-72.71557395784617, 41.8143147412434]], [[-72.71556334562219, 41.8142980106834], [-72.71556953608618, 41.8142980106834]], [[-72.71556688303018, 41.81431139513139], [-72.71556688303018, 41.8143122316594]], [[-72.71556334562219, 41.81429466457139], [-72.71555892386218, 41.81429466457139]], [[-72.71556688303018, 41.81429466457139], [-72.71557484219818, 41.81429466457139]], [[-72.71557395784617, 41.81429466457139], [-72.71556953608618, 41.81429466457139]], [[-72.71556688303018, 41.8142980106834], [-72.71556599867819, 41.8142980106834]], [[-72.71556599867819, 41.81429717415539], [-72.71556688303018, 41.81429717415539]], [[-72.71555892386218, 41.81429466457139], [-72.71555892386218, 41.8143147412434]], [[-72.71556334562219, 41.81429717415539], [-72.71556953608618, 41.81429717415539]], [[-72.71556334562219, 41.81429466457139], [-72.71556334562219, 41.8143147412434]], [[-72.71556599867819, 41.8143147412434], [-72.71556688303018, 41.8143147412434]], [[-72.71556599867819, 41.81429466457139], [-72.71556688303018, 41.81429466457139]], [[-72.71555803951019, 41.81429466457139], [-72.71556599867819, 41.81429466457139]], [[-72.7151565437022, 41.814315577771396], [-72.7151565437022, 41.814319760411394]], [[-72.71515742805418, 41.8143164142994], [-72.71515742805418, 41.814319760411394], [-72.7151565437022, 41.814319760411394], [-72.71516096546219, 41.814319760411394], [-72.71516096546219, 41.814315577771396], [-72.7151565437022, 41.814315577771396], [-72.7151565437022, 41.8143164142994], [-72.71515742805418, 41.8143164142994]], [[-72.7151565437022, 41.81431725082739], [-72.7151565437022, 41.814318087355396]], [[-72.7151565437022, 41.8143164142994], [-72.7151565437022, 41.81431725082739]], [[-72.71515742805418, 41.81431725082739], [-72.71515742805418, 41.814318087355396]], [[-72.71515742805418, 41.8143164142994], [-72.71515742805418, 41.81431725082739]], [[-72.71499559163817, 41.8139901683794], [-72.71499559163817, 41.81397762045939]], [[-72.71499559163817, 41.81397762045939], [-72.71500178210218, 41.81397762045939]], [[-72.71500178210218, 41.81397762045939], [-72.71500178210218, 41.8139901683794]], [[-72.71500178210218, 41.8139901683794], [-72.71499559163817, 41.8139901683794]], [[-72.71499559163817, 41.8139901683794], [-72.71499559163817, 41.81397762045939]], [[-72.71499559163817, 41.81397762045939], [-72.71498940117418, 41.81397762045939]], [[-72.71498940117418, 41.81397762045939], [-72.71498940117418, 41.8139901683794]], [[-72.71498940117418, 41.8139901683794], [-72.71499559163817, 41.8139901683794]], [[-72.7150097412702, 41.81372080636339], [-72.71504776840618, 41.81372080636339]], [[-72.71502300655017, 41.81372498900339], [-72.71502389090217, 41.81372498900339]], [[-72.71501946914218, 41.81372498900339], [-72.71501858479019, 41.81372498900339]], [[-72.71501858479019, 41.81372498900339], [-72.71501946914218, 41.8137241524754]], [[-72.71501946914218, 41.8137241524754], [-72.71501946914218, 41.81372331594739]], [[-72.71501946914218, 41.81372331594739], [-72.71501858479019, 41.81372331594739]], [[-72.71501858479019, 41.81372331594739], [-72.71501858479019, 41.8137241524754]], [[-72.71503538747818, 41.8137241524754], [-72.71503627183019, 41.8137241524754]], [[-72.71502919701418, 41.81372331594739], [-72.71502919701418, 41.81372498900339]], [[-72.71503892488619, 41.81372498900339], [-72.71503892488619, 41.81372331594739]], [[-72.71502565960618, 41.81372331594739], [-72.71502565960618, 41.8137241524754]], [[-72.71503450312618, 41.8137241524754], [-72.71503450312618, 41.81372331594739]], [[-72.71504423099819, 41.813729171643395], [-72.71504599970218, 41.813729171643395]], [[-72.71503715618219, 41.81372331594739], [-72.71503804053418, 41.81372498900339]], [[-72.7150097412702, 41.81372080636339], [-72.7150097412702, 41.81373753692339]], [[-72.71503096571819, 41.81372331594739], [-72.71503185007018, 41.81372498900339]], [[-72.71501327867819, 41.813729171643395], [-72.71501062562218, 41.813729171643395]], [[-72.71504423099819, 41.8137224794194], [-72.71504423099819, 41.8137266620594]], [[-72.7150097412702, 41.81372498900339], [-72.71501062562218, 41.81372498900339]], [[-72.71503892488619, 41.81372331594739], [-72.71503980923818, 41.81372331594739]], [[-72.71504423099819, 41.8137266620594], [-72.71504423099819, 41.813731681227395]], [[-72.71504776840618, 41.81372080636339], [-72.7150097412702, 41.81372080636339]], [[-72.71503450312618, 41.81372331594739], [-72.71503361877417, 41.81372331594739]], [[-72.7150097412702, 41.81373753692339], [-72.71504776840618, 41.81373753692339]], [[-72.71502300655017, 41.81372498900339], [-72.71502389090217, 41.81372331594739]], [[-72.71501327867819, 41.81372582553139], [-72.71501062562218, 41.81372582553139]], [[-72.71503185007018, 41.81372498900339], [-72.71503185007018, 41.81372331594739]], [[-72.71502654395817, 41.81372331594739], [-72.71502654395817, 41.8137241524754]], [[-72.71503361877417, 41.81372498900339], [-72.71503450312618, 41.81372498900339]], [[-72.71501327867819, 41.8137325177554], [-72.71501062562218, 41.8137325177554]], [[-72.71504599970218, 41.81372498900339], [-72.71504599970218, 41.81373335428339]], [[-72.71501327867819, 41.8137358638674], [-72.71504423099819, 41.8137358638674]], [[-72.71501327867819, 41.8137224794194], [-72.71504423099819, 41.8137224794194]], [[-72.71502477525418, 41.81372331594739], [-72.71502565960618, 41.81372331594739]], [[-72.71504423099819, 41.8137325177554], [-72.71504599970218, 41.8137325177554]], [[-72.71503273442218, 41.81372331594739], [-72.71503361877417, 41.81372498900339]], [[-72.71503185007018, 41.81372331594739], [-72.71503185007018, 41.81372498900339]], [[-72.71501327867819, 41.813731681227395], [-72.71501327867819, 41.8137358638674]], [[-72.71504599970218, 41.81372498900339], [-72.71504423099819, 41.81372498900339]], [[-72.71502565960618, 41.8137241524754], [-72.71502477525418, 41.8137241524754]], [[-72.71503538747818, 41.81372331594739], [-72.71503538747818, 41.81372498900339]], [[-72.71501770043817, 41.81372331594739], [-72.71501770043817, 41.81372498900339]], [[-72.71503273442218, 41.81372498900339], [-72.71503361877417, 41.81372498900339]], [[-72.7150274283102, 41.81372498900339], [-72.7150274283102, 41.81372331594739]], [[-72.71501327867819, 41.813731681227395], [-72.71501327867819, 41.8137266620594]], [[-72.71503627183019, 41.81372331594739], [-72.71503627183019, 41.81372498900339]], [[-72.71502212219819, 41.81372331594739], [-72.71502212219819, 41.8137241524754]], [[-72.71502389090217, 41.81372331594739], [-72.71502389090217, 41.81372498900339]], [[-72.71502565960618, 41.81372498900339], [-72.71502565960618, 41.81372331594739]], [[-72.71504599970218, 41.81373335428339], [-72.71504423099819, 41.81373335428339]], [[-72.71504423099819, 41.8137358638674], [-72.71504423099819, 41.813731681227395]], [[-72.71503096571819, 41.81372498900339], [-72.71503096571819, 41.81372331594739]], [[-72.71503980923818, 41.81372498900339], [-72.71503892488619, 41.81372498900339]], [[-72.71504423099819, 41.81372582553139], [-72.71504599970218, 41.81372582553139]], [[-72.71503804053418, 41.81372498900339], [-72.71503804053418, 41.81372331594739]], [[-72.71502565960618, 41.81372331594739], [-72.71502654395817, 41.81372331594739]], [[-72.71504776840618, 41.81373753692339], [-72.71504776840618, 41.81372080636339]], [[-72.71501327867819, 41.8137266620594], [-72.71504423099819, 41.8137266620594]], [[-72.71501062562218, 41.813729171643395], [-72.71501327867819, 41.813729171643395]], [[-72.71502212219819, 41.81372498900339], [-72.71502300655017, 41.81372498900339]], [[-72.71502477525418, 41.8137241524754], [-72.71502565960618, 41.81372498900339]], [[-72.71502300655017, 41.81372331594739], [-72.71502212219819, 41.81372331594739]], [[-72.71503361877417, 41.81372331594739], [-72.71503361877417, 41.8137241524754]], [[-72.71501062562218, 41.81372498900339], [-72.71501062562218, 41.81373335428339]], [[-72.71502477525418, 41.81372498900339], [-72.71502477525418, 41.81372331594739]], [[-72.71504776840618, 41.81372498900339], [-72.71504599970218, 41.81372498900339]], [[-72.71502831266217, 41.81372498900339], [-72.7150274283102, 41.81372498900339]], [[-72.71501062562218, 41.81373335428339], [-72.7150097412702, 41.81373335428339]], [[-72.71501062562218, 41.81373335428339], [-72.71501327867819, 41.81373335428339]], [[-72.71502831266217, 41.81372331594739], [-72.71502919701418, 41.81372331594739]], [[-72.71503361877417, 41.8137241524754], [-72.71503361877417, 41.81372498900339]], [[-72.71503273442218, 41.81372498900339], [-72.71503273442218, 41.81372331594739]], [[-72.71504599970218, 41.8137283351154], [-72.71504423099819, 41.8137283351154]], [[-72.71501770043817, 41.8137241524754], [-72.71501770043817, 41.81372331594739]], [[-72.71503715618219, 41.81372498900339], [-72.71503715618219, 41.81372331594739]], [[-72.71501327867819, 41.8137266620594], [-72.71501327867819, 41.8137224794194]], [[-72.71502654395817, 41.8137241524754], [-72.71502565960618, 41.8137241524754]], [[-72.71501062562218, 41.81372498900339], [-72.71501327867819, 41.81372498900339]], [[-72.71502300655017, 41.8137241524754], [-72.71502300655017, 41.81372331594739]], [[-72.71503627183019, 41.81372331594739], [-72.71503627183019, 41.81372498900339]], [[-72.71504423099819, 41.813731681227395], [-72.71501327867819, 41.813731681227395]], [[-72.7150274283102, 41.81372331594739], [-72.71502831266217, 41.81372331594739]], [[-72.71502212219819, 41.8137241524754], [-72.71502212219819, 41.81372498900339]], [[-72.71504599970218, 41.81373335428339], [-72.71504776840618, 41.81373335428339]], [[-72.71509463906219, 41.81434903889139], [-72.71508667989417, 41.81434903889139], [-72.71508667989417, 41.814354894587396], [-72.71509463906219, 41.814354894587396], [-72.71509463906219, 41.81434903889139]], [[-72.7147745036382, 41.814036177419396], [-72.7147745036382, 41.8140411965874], [-72.71477361928618, 41.8140411965874], [-72.71477361928618, 41.814036177419396], [-72.7147745036382, 41.814036177419396]], [[-72.71493457135018, 41.814335654443404], [-72.71493457135018, 41.8143306352754]], [[-72.71493457135018, 41.8143306352754], [-72.71493191829418, 41.8143306352754]], [[-72.71493191829418, 41.8143306352754], [-72.71493191829418, 41.814335654443404]], [[-72.71493191829418, 41.814335654443404], [-72.71493457135018, 41.814335654443404]], [[-72.7146126672222, 41.81432561610739], [-72.7146126672222, 41.814320596939396], [-72.71461089851819, 41.814320596939396], [-72.71461089851819, 41.81432561610739], [-72.7146126672222, 41.81432561610739]], [[-72.71440307579819, 41.814221886635394], [-72.71440219144618, 41.814221886635394], [-72.71440219144618, 41.814222723163404]], [[-72.71439069487018, 41.81422355969139], [-72.71439069487018, 41.814222723163404]], [[-72.71439157922218, 41.81422355969139], [-72.71439069487018, 41.81422355969139]], [[-72.71439069487018, 41.81422355969139], [-72.71439069487018, 41.814221886635394]], [[-72.71439069487018, 41.814221886635394], [-72.71439157922218, 41.814221886635394], [-72.71439157922218, 41.814222723163404]], [[-72.71440307579819, 41.814221886635394], [-72.71440307579819, 41.81422355969139]], [[-72.71439069487018, 41.814221886635394], [-72.71439069487018, 41.81422355969139]], [[-72.71440219144618, 41.81422355969139], [-72.71440307579819, 41.81422355969139]], [[-72.71439069487018, 41.81422355969139], [-72.71440307579819, 41.81422355969139]], [[-72.71440307579819, 41.81422355969139], [-72.71440396015018, 41.81422355969139], [-72.71440396015018, 41.814221886635394], [-72.71440307579819, 41.814221886635394]], [[-72.71440307579819, 41.81422355969139], [-72.71440307579819, 41.814222723163404]], [[-72.71440307579819, 41.814222723163404], [-72.71439069487018, 41.814222723163404]], [[-72.71480280290218, 41.814001043243394], [-72.71480280290218, 41.8139901683794]], [[-72.71480810901419, 41.8139901683794], [-72.71480810901419, 41.814001043243394]], [[-72.71480280290218, 41.814001043243394], [-72.71480280290218, 41.8139901683794]], [[-72.71480280290218, 41.8139901683794], [-72.71480810901419, 41.8139901683794]], [[-72.71480280290218, 41.814001043243394], [-72.71480810901419, 41.814001043243394]], [[-72.71463300731817, 41.8143105586034], [-72.71462327944619, 41.8143105586034]], [[-72.71462327944619, 41.8143080490194], [-72.71463300731817, 41.8143080490194]], [[-72.71462327944619, 41.81431139513139], [-72.71462327944619, 41.8143080490194]], [[-72.71463300731817, 41.8143080490194], [-72.71463300731817, 41.81431139513139]], [[-72.71463300731817, 41.81431139513139], [-72.71462327944619, 41.81431139513139]], [[-72.71487531976618, 41.814067128955394], [-72.71488416328619, 41.814067128955394], [-72.71488416328619, 41.814070475067396], [-72.71487531976618, 41.814070475067396], [-72.71487531976618, 41.814067128955394]], [[-72.71565708693417, 41.8143147412434], [-72.71567477397419, 41.8143147412434], [-72.71567477397419, 41.814320596939396], [-72.71567477397419, 41.81432143346739], [-72.71567388962218, 41.81432143346739], [-72.71567388962218, 41.8143222699954], [-72.71567300527018, 41.814323106523396], [-72.71567212091819, 41.814323106523396], [-72.71567212091819, 41.8143239430514], [-72.71567123656618, 41.8143239430514], [-72.71566062434218, 41.8143239430514], [-72.71565973999019, 41.8143239430514], [-72.71565885563818, 41.814323106523396], [-72.71565797128618, 41.8143222699954], [-72.71565708693417, 41.81432143346739], [-72.71565708693417, 41.814320596939396], [-72.71565708693417, 41.8143147412434]], [[-72.7147745036382, 41.8142821166514], [-72.7147745036382, 41.814277097483405], [-72.71477361928618, 41.814277097483405], [-72.71477361928618, 41.8142821166514], [-72.7147745036382, 41.8142821166514]], [[-72.71442695330218, 41.8143314718034], [-72.71442695330218, 41.81432143346739]], [[-72.71442695330218, 41.81432143346739], [-72.71443137506218, 41.81432143346739]], [[-72.71443137506218, 41.81432143346739], [-72.71443137506218, 41.8143314718034]], [[-72.71443137506218, 41.8143314718034], [-72.71442695330218, 41.8143314718034]], [[-72.71516273416619, 41.81433398138739], [-72.71516273416619, 41.8143440197234], [-72.7151565437022, 41.8143440197234], [-72.7151565437022, 41.81433398138739], [-72.71516273416619, 41.81433398138739]], [[-72.71454722517417, 41.8143523850034], [-72.71454722517417, 41.8143557311154]], [[-72.7145560686942, 41.8143557311154], [-72.7145560686942, 41.8143523850034]], [[-72.71454722517417, 41.8143557311154], [-72.7145560686942, 41.8143557311154]], [[-72.7145560686942, 41.8143523850034], [-72.71454722517417, 41.8143523850034]], [[-72.7145560686942, 41.8143523850034], [-72.71454722517417, 41.8143523850034]], [[-72.71464450389418, 41.81431139513139], [-72.71464981000618, 41.81431139513139], [-72.71464981000618, 41.8143139047154], [-72.71464450389418, 41.8143139047154], [-72.71464450389418, 41.81431139513139]], [[-72.71551470626218, 41.8137868920754], [-72.71552089672619, 41.8137868920754]], [[-72.71551382191018, 41.8137977669394], [-72.71551470626218, 41.8137977669394]], [[-72.71551735931818, 41.8137952573554], [-72.71552620283819, 41.8137952573554], [-72.71552620283819, 41.8137944208274], [-72.71551735931818, 41.8137944208274]], [[-72.71551382191018, 41.8137969304114], [-72.71551382191018, 41.8137977669394]], [[-72.71551735931818, 41.8137952573554], [-72.71551735931818, 41.81379609388339], [-72.71552089672619, 41.81379609388339]], [[-72.71551470626218, 41.8137977669394], [-72.71552089672619, 41.8137977669394]], [[-72.71551382191018, 41.8137969304114], [-72.71550763144617, 41.8137969304114]], [[-72.71551735931818, 41.8137944208274], [-72.71551735931818, 41.8137894016594]], [[-72.71552089672619, 41.8137868920754], [-72.71552089672619, 41.813787728603394]], [[-72.71551735931818, 41.8137885651314], [-72.71552620283819, 41.8137885651314], [-72.71552620283819, 41.8137894016594], [-72.71551735931818, 41.8137894016594]], [[-72.71551382191018, 41.813787728603394], [-72.71551382191018, 41.8137868920754]], [[-72.71551470626218, 41.8137868920754], [-72.71551382191018, 41.8137868920754]], [[-72.71551735931818, 41.8137885651314], [-72.71551735931818, 41.813787728603394], [-72.71552089672619, 41.813787728603394]], [[-72.71552089672619, 41.8137969304114], [-72.71552089672619, 41.8137977669394]], [[-72.71550763144617, 41.813787728603394], [-72.71551382191018, 41.813787728603394]], [[-72.71513797231017, 41.814282953179394], [-72.71513531925419, 41.814282953179394]], [[-72.71513797231017, 41.8142821166514], [-72.71513531925419, 41.8142821166514]], [[-72.71513797231017, 41.8142846262354], [-72.71513797231017, 41.8142796070674]], [[-72.71513797231017, 41.81428044359539], [-72.71513531925419, 41.81428044359539]], [[-72.7151388566622, 41.8142846262354], [-72.7151388566622, 41.8142796070674], [-72.71513443490218, 41.8142796070674], [-72.71513443490218, 41.8142846262354], [-72.7151388566622, 41.8142846262354]], [[-72.71513531925419, 41.814283789707396], [-72.71513531925419, 41.814282953179394]], [[-72.71513531925419, 41.81428044359539], [-72.71513531925419, 41.814281280123396]], [[-72.71581273288619, 41.8142545112274], [-72.71579681455019, 41.8142545112274]], [[-72.71579681455019, 41.8142486555314], [-72.71581273288619, 41.8142486555314]], [[-72.71581273288619, 41.8142486555314], [-72.71581273288619, 41.8142545112274]], [[-72.71579681455019, 41.8142545112274], [-72.71579681455019, 41.8142486555314]], [[-72.71500797256618, 41.814268732203395], [-72.71500797256618, 41.8142645495634], [-72.71500443515818, 41.8142645495634], [-72.71500443515818, 41.814268732203395], [-72.71500797256618, 41.814268732203395]], [[-72.71456491221419, 41.81400522588339], [-72.71456314351018, 41.81400522588339]], [[-72.71456314351018, 41.813996860603396], [-72.71456491221419, 41.813996860603396]], [[-72.71456491221419, 41.81400522588339], [-72.71456491221419, 41.813996860603396]], [[-72.71456314351018, 41.81400522588339], [-72.71456314351018, 41.813996860603396]], [[-72.71480368725419, 41.8143406736114], [-72.71479838114217, 41.8143406736114], [-72.71479838114217, 41.81434234666739], [-72.71480368725419, 41.81434234666739], [-72.71480368725419, 41.8143406736114]], [[-72.71529804002218, 41.813996860603396], [-72.71528477474219, 41.813996860603396]], [[-72.71528477474219, 41.8139976971314], [-72.71529804002218, 41.8139976971314]], [[-72.71529804002218, 41.8139976971314], [-72.71529804002218, 41.813996860603396]], [[-72.71528477474219, 41.813996860603396], [-72.71528477474219, 41.8139976971314]], [[-72.71529096520618, 41.8140043893554], [-72.71529096520618, 41.8139976971314]], [[-72.71528477474219, 41.8140043893554], [-72.71528477474219, 41.8139976971314]], [[-72.71529804002218, 41.8140043893554], [-72.71528477474219, 41.8140043893554]], [[-72.71528477474219, 41.8139976971314], [-72.71529804002218, 41.8139976971314]], [[-72.71529804002218, 41.8139976971314], [-72.71529804002218, 41.8140043893554]], [[-72.71531661141418, 41.8141691853714], [-72.71531661141418, 41.81416751231539]], [[-72.71531661141418, 41.81416751231539], [-72.71532633928618, 41.81416751231539]], [[-72.71532633928618, 41.81416751231539], [-72.71532633928618, 41.8141691853714]], [[-72.71531661141418, 41.8141691853714], [-72.71532633928618, 41.8141691853714]], [[-72.7147745036382, 41.81396088989939], [-72.7147745036382, 41.8139541976754], [-72.71477096623018, 41.8139541976754], [-72.71477096623018, 41.81396088989939], [-72.7147745036382, 41.81396088989939]], [[-72.71477096623018, 41.8139617264274], [-72.71477096623018, 41.8139533611474]], [[-72.71443844987819, 41.8142729148434], [-72.71443844987819, 41.8142678956754], [-72.71443402811818, 41.8142678956754], [-72.71443402811818, 41.8142729148434], [-72.71443844987819, 41.8142729148434]], [[-72.71529008085419, 41.8139265922514], [-72.71529008085419, 41.813929938363394], [-72.71529361826218, 41.813929938363394], [-72.71529361826218, 41.8139265922514], [-72.71529008085419, 41.8139265922514]], [[-72.71504865275818, 41.8140018797714], [-72.71504865275818, 41.8139901683794]], [[-72.71504865275818, 41.8139901683794], [-72.71505484322219, 41.8139901683794]], [[-72.71505484322219, 41.8139901683794], [-72.71505484322219, 41.8140018797714]], [[-72.71505484322219, 41.8140018797714], [-72.71504865275818, 41.8140018797714]], [[-72.71504246229419, 41.8139901683794], [-72.71504246229419, 41.8140018797714]], [[-72.71504865275818, 41.8140018797714], [-72.71504865275818, 41.8139901683794]], [[-72.71504246229419, 41.8140018797714], [-72.71504865275818, 41.8140018797714]], [[-72.71504865275818, 41.8139901683794], [-72.71504246229419, 41.8139901683794]], [[-72.71450389192619, 41.814282953179394], [-72.71450389192619, 41.814278770539396], [-72.71450831368618, 41.814278770539396], [-72.71450831368618, 41.814282953179394], [-72.71450389192619, 41.814282953179394]], [[-72.71463300731817, 41.8143523850034], [-72.71462327944619, 41.8143523850034]], [[-72.71462327944619, 41.8143523850034], [-72.71462327944619, 41.8143557311154]], [[-72.71462327944619, 41.8143557311154], [-72.71463300731817, 41.8143557311154]], [[-72.71463300731817, 41.8143557311154], [-72.71463300731817, 41.8143523850034]], [[-72.71463300731817, 41.8143523850034], [-72.71462327944619, 41.8143523850034]], [[-72.71500443515818, 41.814320596939396], [-72.71500443515818, 41.814315577771396]], [[-72.71500443515818, 41.814315577771396], [-72.71500708821418, 41.814315577771396]], [[-72.71500708821418, 41.814315577771396], [-72.71500708821418, 41.814320596939396]], [[-72.71500708821418, 41.814320596939396], [-72.71500443515818, 41.814320596939396]], [[-72.71439688533418, 41.813981803099395], [-72.71439688533418, 41.8139767839314], [-72.71440130709418, 41.8139767839314], [-72.71440130709418, 41.813981803099395], [-72.71439688533418, 41.813981803099395]], [[-72.71446321173418, 41.814036177419396], [-72.71445878997419, 41.814036177419396], [-72.71445878997419, 41.8140319947794], [-72.71446321173418, 41.8140319947794], [-72.71446321173418, 41.814036177419396]], [[-72.7151954551902, 41.8141097918834], [-72.71519103343017, 41.8141097918834], [-72.71519103343017, 41.8141039361874], [-72.7151954551902, 41.8141039361874], [-72.7151954551902, 41.8141097918834]], [[-72.71478776891817, 41.8137551040114], [-72.71478776891817, 41.813749248315396], [-72.71479219067818, 41.813749248315396], [-72.71479219067818, 41.8137551040114], [-72.71478776891817, 41.8137551040114]], [[-72.71571722287018, 41.81438250001139], [-72.71571722287018, 41.814376644315395], [-72.71571456981418, 41.814376644315395], [-72.71571456981418, 41.81438250001139], [-72.71571722287018, 41.81438250001139]], [[-72.71485851707818, 41.8139801300434], [-72.71484790485418, 41.8139801300434]], [[-72.71484790485418, 41.8139801300434], [-72.71484790485418, 41.813974274347395]], [[-72.71485851707818, 41.8139801300434], [-72.71484790485418, 41.8139801300434]], [[-72.71484790485418, 41.813974274347395], [-72.71485851707818, 41.813974274347395]], [[-72.71485851707818, 41.8139801300434], [-72.71485851707818, 41.813974274347395]], [[-72.71499028552617, 41.8139249191954], [-72.71499028552617, 41.813932447947394], [-72.71498497941418, 41.813932447947394], [-72.71498497941418, 41.8139249191954], [-72.71499028552617, 41.8139249191954]], [[-72.71446321173418, 41.8139642360114], [-72.71446409608618, 41.8139642360114]], [[-72.71446409608618, 41.8139734378194], [-72.71446409608618, 41.8139642360114]], [[-72.71446409608618, 41.8139734378194], [-72.71446321173418, 41.8139734378194]], [[-72.71446321173418, 41.8139734378194], [-72.71446321173418, 41.8139642360114]], [[-72.71505838063018, 41.8139031694674], [-72.71505838063018, 41.813898150299394], [-72.71505395887017, 41.813898150299394], [-72.71505395887017, 41.8139031694674], [-72.71505838063018, 41.8139031694674]], [[-72.71446763349417, 41.814268732203395], [-72.71446763349417, 41.81426956873139], [-72.71447117090219, 41.81426956873139], [-72.71447117090219, 41.814268732203395]], [[-72.71446763349417, 41.8142653860914], [-72.71446763349417, 41.814263713035395], [-72.71447117090219, 41.814263713035395], [-72.71447117090219, 41.8142653860914]], [[-72.71446674914219, 41.814268732203395], [-72.71446674914219, 41.8142653860914], [-72.71447205525419, 41.8142653860914], [-72.71447205525419, 41.814268732203395], [-72.71446674914219, 41.814268732203395]], [[-72.71433586504618, 41.814023629499395], [-72.71433586504618, 41.8140186103314], [-72.71434028680618, 41.8140186103314], [-72.71434028680618, 41.814023629499395], [-72.71433586504618, 41.814023629499395]], [[-72.71581007983018, 41.8143456927794], [-72.71581450159017, 41.8143456927794], [-72.71581450159017, 41.8143615868114], [-72.71581007983018, 41.8143615868114], [-72.71581007983018, 41.8143456927794]], [[-72.71550144098218, 41.8140345043634], [-72.71550144098218, 41.81403366783539]], [[-72.71549171311018, 41.8140345043634], [-72.71549171311018, 41.8140395235314]], [[-72.71550320968619, 41.814040360059394], [-72.71549171311018, 41.814040360059394], [-72.71549171311018, 41.81403366783539], [-72.71550320968619, 41.81403366783539], [-72.71550320968619, 41.814040360059394]], [[-72.71550144098218, 41.8140395235314], [-72.71550144098218, 41.814040360059394]], [[-72.71550144098218, 41.8140345043634], [-72.71550144098218, 41.8140395235314]], [[-72.71549171311018, 41.8140395235314], [-72.71549348181419, 41.8140395235314]], [[-72.71550144098218, 41.81403366783539], [-72.71549348181419, 41.81403366783539]], [[-72.71549348181419, 41.8140345043634], [-72.71549171311018, 41.8140345043634]], [[-72.71550320968619, 41.8140345043634], [-72.71550144098218, 41.8140345043634]], [[-72.71550144098218, 41.81403366783539], [-72.71550144098218, 41.8140345043634]], [[-72.71550144098218, 41.814040360059394], [-72.71550320968619, 41.814040360059394]], [[-72.71550144098218, 41.8140395235314], [-72.71549348181419, 41.8140395235314]], [[-72.71550320968619, 41.814040360059394], [-72.71550320968619, 41.8140345043634]], [[-72.71549348181419, 41.8140345043634], [-72.71549348181419, 41.8140395235314]], [[-72.71550320968619, 41.81403366783539], [-72.71549171311018, 41.81403366783539], [-72.71549171311018, 41.814040360059394], [-72.71550320968619, 41.814040360059394], [-72.71550320968619, 41.81403366783539]], [[-72.71549348181419, 41.81403366783539], [-72.71549348181419, 41.8140345043634]], [[-72.71511940091817, 41.813994351019396], [-72.71511940091817, 41.813984312683395]], [[-72.71512559138218, 41.813994351019396], [-72.71512559138218, 41.813984312683395]], [[-72.71512647573418, 41.813994351019396], [-72.71512647573418, 41.813984312683395]], [[-72.71512116962218, 41.814001043243394], [-72.71512116962218, 41.813994351019396]], [[-72.71512116962218, 41.813994351019396], [-72.71513178184618, 41.813994351019396]], [[-72.71512559138218, 41.813984312683395], [-72.71511940091817, 41.813984312683395]], [[-72.71512647573418, 41.813984312683395], [-72.71513266619819, 41.813984312683395]], [[-72.71511940091817, 41.813994351019396], [-72.71512116962218, 41.813994351019396]], [[-72.71513178184618, 41.813994351019396], [-72.71513266619819, 41.813994351019396]], [[-72.71512559138218, 41.813994351019396], [-72.71512116962218, 41.813994351019396]], [[-72.71513178184618, 41.814001043243394], [-72.71513178184618, 41.813994351019396]], [[-72.71512382267818, 41.813984312683395], [-72.71512559138218, 41.813984312683395]], [[-72.71512824443819, 41.813984312683395], [-72.71512647573418, 41.813984312683395]], [[-72.71512824443819, 41.813984312683395], [-72.71512647573418, 41.813984312683395]], [[-72.71513089749418, 41.813994351019396], [-72.71513089749418, 41.8139951875474]], [[-72.71513089749418, 41.8139951875474], [-72.71513178184618, 41.8139951875474]], [[-72.71513178184618, 41.8139951875474], [-72.71513178184618, 41.813994351019396]], [[-72.71512116962218, 41.814001043243394], [-72.71513178184618, 41.814001043243394]], [[-72.71512382267818, 41.813984312683395], [-72.71512559138218, 41.813984312683395]], [[-72.71512559138218, 41.813984312683395], [-72.71512647573418, 41.813984312683395]], [[-72.71512116962218, 41.8139951875474], [-72.71512116962218, 41.813994351019396]], [[-72.71513266619819, 41.813994351019396], [-72.71513266619819, 41.813984312683395]], [[-72.71512116962218, 41.813994351019396], [-72.71512116962218, 41.8139951875474]], [[-72.71513178184618, 41.813994351019396], [-72.71512647573418, 41.813994351019396]], [[-72.71490185032619, 41.8143147412434], [-72.71490185032619, 41.8143105586034]], [[-72.71489123810218, 41.8143105586034], [-72.71489123810218, 41.8143147412434]], [[-72.71490185032619, 41.8143105586034], [-72.71489123810218, 41.8143105586034]], [[-72.71489123810218, 41.8143147412434], [-72.71490185032619, 41.8143147412434]], [[-72.71495402709418, 41.8143247795794], [-72.71495402709418, 41.81432561610739]], [[-72.71495402709418, 41.8143239430514], [-72.71495402709418, 41.8143247795794]], [[-72.7149549114462, 41.8143272891634], [-72.7149549114462, 41.81432812569139]], [[-72.71495314274219, 41.8143239430514], [-72.71495314274219, 41.8143222699954]], [[-72.7149549114462, 41.81432812569139], [-72.71495402709418, 41.81432812569139]], [[-72.71495314274219, 41.8143222699954], [-72.71495402709418, 41.8143222699954]], [[-72.71495402709418, 41.8143272891634], [-72.71495402709418, 41.81432812569139]], [[-72.71495402709418, 41.8143239430514], [-72.71495314274219, 41.8143239430514]], [[-72.7149549114462, 41.8143239430514], [-72.7149549114462, 41.81432561610739]], [[-72.7149549114462, 41.8143239430514], [-72.71495402709418, 41.8143239430514]], [[-72.71495402709418, 41.8143222699954], [-72.71495402709418, 41.8143239430514]], [[-72.71506280239016, 41.814282953179394], [-72.71507695202219, 41.814282953179394], [-72.71507695202219, 41.814277097483405], [-72.71506280239016, 41.814277097483405], [-72.71506280239016, 41.814282953179394]], [[-72.71554035247017, 41.8142545112274], [-72.71554035247017, 41.8142745878994]], [[-72.71552620283819, 41.8142545112274], [-72.71552620283819, 41.8142745878994]], [[-72.71553327765417, 41.8142720783154], [-72.71553416200618, 41.8142720783154]], [[-72.71553327765417, 41.814271241787395], [-72.71553416200618, 41.814271241787395]], [[-72.71553327765417, 41.8142570208114], [-72.71553416200618, 41.8142570208114]], [[-72.71553327765417, 41.8142570208114], [-72.71553416200618, 41.8142570208114]], [[-72.71553327765417, 41.8142545112274], [-72.71552797154217, 41.8142545112274]], [[-72.71553416200618, 41.8142545112274], [-72.71553946811818, 41.8142545112274]], [[-72.71552531848619, 41.8142545112274], [-72.71553327765417, 41.8142545112274]], [[-72.71553327765417, 41.8142545112274], [-72.71553327765417, 41.8142745878994]], [[-72.71553327765417, 41.8142745878994], [-72.71552531848619, 41.8142745878994]], [[-72.71552531848619, 41.8142745878994], [-72.71552531848619, 41.8142545112274]], [[-72.71553416200618, 41.8142745878994], [-72.71553416200618, 41.8142545112274]], [[-72.71554212117418, 41.8142745878994], [-72.71553416200618, 41.8142745878994]], [[-72.71554212117418, 41.8142545112274], [-72.71554212117418, 41.8142745878994]], [[-72.71553416200618, 41.8142545112274], [-72.71554212117418, 41.8142545112274]], [[-72.71553327765417, 41.814271241787395], [-72.71553416200618, 41.814271241787395]], [[-72.71553416200618, 41.814271241787395], [-72.71553416200618, 41.8142720783154]], [[-72.71553416200618, 41.8142720783154], [-72.71553327765417, 41.8142720783154]], [[-72.71553327765417, 41.8142720783154], [-72.71553327765417, 41.814271241787395]], [[-72.71553416200618, 41.8142570208114], [-72.71553327765417, 41.8142570208114]], [[-72.71553327765417, 41.8142570208114], [-72.71553416200618, 41.8142570208114]], [[-72.71553327765417, 41.8142545112274], [-72.71553416200618, 41.8142545112274]], [[-72.71553327765417, 41.8142745878994], [-72.71553416200618, 41.8142745878994]], [[-72.71553062459819, 41.8142570208114], [-72.71553681506218, 41.8142570208114]], [[-72.71553062459819, 41.8142570208114], [-72.71553681506218, 41.8142570208114]], [[-72.71553681506218, 41.8142545112274], [-72.71553681506218, 41.8142745878994]], [[-72.71553062459819, 41.8142545112274], [-72.71552620283819, 41.8142545112274]], [[-72.71554035247017, 41.8142745878994], [-72.71553681506218, 41.8142745878994]], [[-72.71553062459819, 41.8142745878994], [-72.71552620283819, 41.8142745878994]], [[-72.71553062459819, 41.814271241787395], [-72.71553681506218, 41.814271241787395]], [[-72.71554035247017, 41.8142545112274], [-72.71553681506218, 41.8142545112274]], [[-72.71553062459819, 41.8142545112274], [-72.71553062459819, 41.8142745878994]], [[-72.71553062459819, 41.8142720783154], [-72.71553681506218, 41.8142720783154]], [[-72.71465511611818, 41.8140353408914], [-72.71465511611818, 41.814040360059394], [-72.71465423176619, 41.814040360059394], [-72.71465423176619, 41.8140353408914], [-72.71465511611818, 41.8140353408914]], [[-72.71436947042218, 41.813790238187394], [-72.71436947042218, 41.8137852190194], [-72.71436504866217, 41.8137852190194], [-72.71436504866217, 41.813790238187394], [-72.71436947042218, 41.813790238187394]], [[-72.71438096699819, 41.814337327499395], [-72.71437035477419, 41.814337327499395], [-72.71436062690218, 41.814337327499395], [-72.71435001467817, 41.814337327499395], [-72.71432436847019, 41.814337327499395], [-72.71432436847019, 41.8143314718034], [-72.71435001467817, 41.8143314718034], [-72.71436062690218, 41.8143314718034], [-72.71437035477419, 41.8143314718034], [-72.71438096699819, 41.8143314718034], [-72.71438096699819, 41.814337327499395]], [[-72.71437035477419, 41.814337327499395], [-72.71437035477419, 41.8143314718034]], [[-72.71435001467817, 41.814337327499395], [-72.71435001467817, 41.8143314718034]], [[-72.71436062690218, 41.814337327499395], [-72.71436062690218, 41.8143314718034]], [[-72.71438981051818, 41.814344856251395], [-72.71438804181419, 41.814344856251395], [-72.71438715746218, 41.814344856251395], [-72.71438715746218, 41.8143440197234], [-72.71438715746218, 41.81434234666739], [-72.71438981051818, 41.81434234666739], [-72.71438981051818, 41.8143440197234], [-72.71438981051818, 41.814344856251395]], [[-72.71438008264617, 41.8143314718034], [-72.71439069487018, 41.8143314718034], [-72.71439069487018, 41.81434234666739], [-72.71438627311018, 41.81434234666739], [-72.71438627311018, 41.814337327499395]], [[-72.71438627311018, 41.814337327499395], [-72.71438627311018, 41.8143314718034]], [[-72.71438627311018, 41.814332308331394], [-72.71438096699819, 41.814332308331394]], [[-72.71433940245419, 41.814337327499395], [-72.71433940245419, 41.8143314718034]], [[-72.71438096699819, 41.8143314718034], [-72.71438096699819, 41.814337327499395], [-72.71438627311018, 41.814337327499395]], [[-72.71438715746218, 41.8143415101394], [-72.71438715746218, 41.814339837083395], [-72.71438981051818, 41.814339837083395], [-72.71439069487018, 41.814339837083395], [-72.71439069487018, 41.8143415101394], [-72.71438981051818, 41.8143415101394], [-72.71438715746218, 41.8143415101394]], [[-72.71485409531819, 41.8139366305874], [-72.71485409531819, 41.813928265307396]], [[-72.71485409531819, 41.813934957531394], [-72.71485409531819, 41.813929938363394], [-72.71485409531819, 41.813934957531394]], [[-72.71527416251818, 41.81409055173939], [-72.71527416251818, 41.8140888786834]], [[-72.71527416251818, 41.8140888786834], [-72.71528300603819, 41.8140888786834]], [[-72.71528300603819, 41.8140888786834], [-72.71528300603819, 41.81409055173939]], [[-72.71527416251818, 41.81409055173939], [-72.71528300603819, 41.81409055173939]], [[-72.71499028552617, 41.81394917850739], [-72.71499028552617, 41.8139533611474]], [[-72.71499028552617, 41.8139533611474], [-72.71500089775017, 41.8139533611474]], [[-72.71500089775017, 41.8139533611474], [-72.71500089775017, 41.81394917850739]], [[-72.71500089775017, 41.81394917850739], [-72.71499028552617, 41.81394917850739]], [[-72.71499028552617, 41.813952524619395], [-72.71500089775017, 41.813952524619395]], [[-72.7151565437022, 41.81434652930739], [-72.7151565437022, 41.814347365835395]], [[-72.71515742805418, 41.8143482023634], [-72.71515742805418, 41.81434903889139]], [[-72.7151565437022, 41.814347365835395], [-72.7151565437022, 41.81434652930739]], [[-72.7151565437022, 41.81434652930739], [-72.7151565437022, 41.8143456927794]], [[-72.71515742805418, 41.8143456927794], [-72.71515742805418, 41.81434903889139], [-72.7151565437022, 41.81434903889139], [-72.71516096546219, 41.81434903889139], [-72.71516096546219, 41.8143456927794], [-72.7151565437022, 41.8143456927794], [-72.71515742805418, 41.8143456927794]], [[-72.7151565437022, 41.8143456927794], [-72.7151565437022, 41.81434903889139]], [[-72.71515742805418, 41.8143482023634], [-72.71515742805418, 41.81434903889139]], [[-72.7151565437022, 41.8143482023634], [-72.7151565437022, 41.81434903889139]], [[-72.7151565437022, 41.8143482023634], [-72.7151565437022, 41.81434903889139]], [[-72.71515742805418, 41.8143456927794], [-72.71515742805418, 41.81434652930739]], [[-72.7151565437022, 41.8143482023634], [-72.7151565437022, 41.81434903889139]], [[-72.71509463906219, 41.81434903889139], [-72.71508667989417, 41.81434903889139], [-72.71508667989417, 41.814354894587396], [-72.71509463906219, 41.814354894587396], [-72.71509463906219, 41.81434903889139]], [[-72.71479042197419, 41.81417253148339], [-72.71479042197419, 41.81416751231539], [-72.71479484373418, 41.81416751231539], [-72.71479484373418, 41.81417253148339], [-72.71479042197419, 41.81417253148339]], [[-72.71479042197419, 41.81417253148339], [-72.71479042197419, 41.81416751231539], [-72.71479395938218, 41.81416751231539], [-72.71479395938218, 41.81417253148339], [-72.71479042197419, 41.81417253148339]], [[-72.71479395938218, 41.81417253148339], [-72.71479484373418, 41.81417253148339], [-72.71479395938218, 41.81417253148339]], [[-72.71479395938218, 41.81416751231539], [-72.71479484373418, 41.81416751231539], [-72.71479395938218, 41.81416751231539]], [[-72.71479042197419, 41.81417253148339], [-72.71479395938218, 41.81417253148339], [-72.71479395938218, 41.8141716949554], [-72.71479042197419, 41.8141716949554], [-72.71479042197419, 41.8141708584274], [-72.71479395938218, 41.8141708584274], [-72.71479042197419, 41.8141708584274], [-72.71479042197419, 41.81417002189939], [-72.71479395938218, 41.81417002189939], [-72.71479042197419, 41.81417002189939], [-72.71479042197419, 41.8141691853714], [-72.71479395938218, 41.8141691853714], [-72.71479395938218, 41.814168348843396], [-72.71479042197419, 41.814168348843396], [-72.71479395938218, 41.814168348843396], [-72.71479395938218, 41.81416751231539], [-72.71479042197419, 41.81416751231539], [-72.71479395938218, 41.81416751231539], [-72.71479395938218, 41.814168348843396], [-72.71479042197419, 41.814168348843396], [-72.71479395938218, 41.814168348843396], [-72.71479395938218, 41.8141691853714], [-72.71479042197419, 41.8141691853714], [-72.71479042197419, 41.81417002189939], [-72.71479395938218, 41.81417002189939], [-72.71479042197419, 41.81417002189939], [-72.71479042197419, 41.8141708584274], [-72.71479395938218, 41.8141708584274], [-72.71479042197419, 41.8141708584274], [-72.71479042197419, 41.8141716949554], [-72.71479395938218, 41.8141716949554], [-72.71479395938218, 41.81417253148339], [-72.71479042197419, 41.81417253148339]], [[-72.71498497941418, 41.8143406736114], [-72.71498497941418, 41.814339837083395]], [[-72.71498409506218, 41.8143415101394], [-72.71498497941418, 41.8143415101394]], [[-72.71498409506218, 41.8143390005554], [-72.71498409506218, 41.814337327499395]], [[-72.71498497941418, 41.8143431831954], [-72.71498497941418, 41.81434234666739]], [[-72.71498586376619, 41.8143415101394], [-72.71498586376619, 41.8143431831954]], [[-72.71498409506218, 41.814337327499395], [-72.71498497941418, 41.814337327499395]], [[-72.71498497941418, 41.81434234666739], [-72.71498497941418, 41.8143415101394]], [[-72.71498586376619, 41.8143431831954], [-72.71498497941418, 41.8143431831954]], [[-72.71498409506218, 41.8143415101394], [-72.71498409506218, 41.814339837083395]], [[-72.71498497941418, 41.8143415101394], [-72.71498586376619, 41.8143415101394]], [[-72.71498497941418, 41.8143415101394], [-72.71498497941418, 41.8143406736114]], [[-72.71498497941418, 41.8143390005554], [-72.71498497941418, 41.814337327499395]], [[-72.7153192644702, 41.8138998233554], [-72.7153192644702, 41.8139098616914]], [[-72.7153192644702, 41.8139098616914], [-72.71532810799019, 41.8139098616914]], [[-72.71532810799019, 41.8139098616914], [-72.71532810799019, 41.8138998233554]], [[-72.71532810799019, 41.8138998233554], [-72.7153192644702, 41.8138998233554]], [[-72.71532280187819, 41.8138998233554], [-72.71532280187819, 41.8139098616914]], [[-72.71498586376619, 41.814323106523396], [-72.71498586376619, 41.8143239430514]], [[-72.71498586376619, 41.81432561610739], [-72.71498586376619, 41.8143264526354]], [[-72.71498586376619, 41.8143264526354], [-72.71498586376619, 41.81432812569139]], [[-72.71498497941418, 41.8143222699954], [-72.71498497941418, 41.8143239430514]], [[-72.71498497941418, 41.81432561610739], [-72.71498497941418, 41.8143247795794]], [[-72.7149823263582, 41.814323106523396], [-72.7149823263582, 41.81432561610739]], [[-72.71498409506218, 41.81432561610739], [-72.71498321071017, 41.81432561610739]], [[-72.71498586376619, 41.8143247795794], [-72.71498586376619, 41.81432561610739]], [[-72.71498409506218, 41.8143264526354], [-72.71498497941418, 41.8143264526354]], [[-72.71498409506218, 41.8143264526354], [-72.71498409506218, 41.8143247795794]], [[-72.71498497941418, 41.8143264526354], [-72.71498497941418, 41.8143247795794]], [[-72.71498409506218, 41.8143222699954], [-72.71498497941418, 41.8143222699954]], [[-72.71498409506218, 41.8143264526354], [-72.71498497941418, 41.8143264526354]], [[-72.71498409506218, 41.8143239430514], [-72.71498409506218, 41.8143222699954]], [[-72.71498497941418, 41.8143239430514], [-72.71498497941418, 41.8143222699954]], [[-72.71498763247018, 41.8143239430514], [-72.71498409506218, 41.8143239430514]], [[-72.71498763247018, 41.8143247795794], [-72.71498409506218, 41.8143247795794]], [[-72.71498674811818, 41.81432561610739], [-72.71498586376619, 41.81432561610739], [-72.71498586376619, 41.8143264526354], [-72.71498586376619, 41.81432812569139], [-72.71498497941418, 41.81432812569139], [-72.71498497941418, 41.8143272891634], [-72.71498497941418, 41.8143264526354], [-72.71498409506218, 41.8143264526354], [-72.71498409506218, 41.81432561610739], [-72.71498321071017, 41.81432561610739]], [[-72.71498409506218, 41.8143239430514], [-72.71498409506218, 41.8143247795794]], [[-72.71498497941418, 41.8143272891634], [-72.71498497941418, 41.8143264526354]], [[-72.71498586376619, 41.8143239430514], [-72.71498586376619, 41.814323106523396]], [[-72.71498409506218, 41.8143239430514], [-72.71498409506218, 41.814323106523396]], [[-72.71498497941418, 41.8143264526354], [-72.71498497941418, 41.81432561610739]], [[-72.71498497941418, 41.81432812569139], [-72.71498586376619, 41.81432812569139]], [[-72.71498674811818, 41.81432143346739], [-72.71498674811818, 41.814323106523396]], [[-72.71498497941418, 41.81432812569139], [-72.71498497941418, 41.8143272891634]], [[-72.71498497941418, 41.8143264526354], [-72.71498497941418, 41.81432812569139]], [[-72.71498674811818, 41.81432561610739], [-72.71498497941418, 41.81432561610739]], [[-72.71498497941418, 41.8143247795794], [-72.71498497941418, 41.81432561610739]], [[-72.71498409506218, 41.8143247795794], [-72.71498409506218, 41.8143264526354]], [[-72.71498321071017, 41.814323106523396], [-72.71498409506218, 41.814323106523396], [-72.71498409506218, 41.8143222699954], [-72.71498497941418, 41.8143222699954], [-72.71498497941418, 41.814323106523396], [-72.71498674811818, 41.814323106523396]], [[-72.71498586376619, 41.8143264526354], [-72.71498586376619, 41.81432561610739]], [[-72.71498497941418, 41.814323106523396], [-72.71498674811818, 41.814323106523396]], [[-72.71498586376619, 41.8143264526354], [-72.71498497941418, 41.8143264526354]], [[-72.71498763247018, 41.8143239430514], [-72.71498763247018, 41.8143247795794]], [[-72.71498321071017, 41.814323106523396], [-72.71498409506218, 41.814323106523396]], [[-72.71498497941418, 41.8143264526354], [-72.71498586376619, 41.8143264526354]], [[-72.71498409506218, 41.81432561610739], [-72.71498409506218, 41.8143247795794]], [[-72.71498409506218, 41.8143264526354], [-72.71498497941418, 41.8143264526354]], [[-72.71498409506218, 41.8143239430514], [-72.71498409506218, 41.8143222699954]], [[-72.71498674811818, 41.814323106523396], [-72.71498674811818, 41.8143239430514]], [[-72.71498497941418, 41.8143239430514], [-72.71498497941418, 41.814323106523396]], [[-72.71498674811818, 41.8143272891634], [-72.71498763247018, 41.8143272891634], [-72.71498763247018, 41.8143264526354], [-72.71498763247018, 41.8143247795794], [-72.71498763247018, 41.8143239430514], [-72.71498763247018, 41.8143222699954], [-72.71498763247018, 41.81432143346739], [-72.71498674811818, 41.81432143346739]], [[-72.71498409506218, 41.8143222699954], [-72.71498497941418, 41.8143222699954]], [[-72.71498674811818, 41.81432561610739], [-72.71498674811818, 41.8143272891634]], [[-72.71498409506218, 41.8143222699954], [-72.71498497941418, 41.8143222699954]], [[-72.71498586376619, 41.81432812569139], [-72.71498497941418, 41.81432812569139]], [[-72.71498586376619, 41.81432812569139], [-72.71498586376619, 41.8143264526354]], [[-72.71498674811818, 41.8143247795794], [-72.71498674811818, 41.81432561610739]], [[-72.71498586376619, 41.81432561610739], [-72.71498586376619, 41.8143247795794]], [[-72.71498497941418, 41.81432561610739], [-72.71498497941418, 41.8143247795794]], [[-72.71501239432618, 41.8143147412434], [-72.71500266645417, 41.8143147412434]], [[-72.71500266645417, 41.8143147412434], [-72.71500266645417, 41.8143105586034]], [[-72.71500266645417, 41.8143105586034], [-72.71501239432618, 41.8143105586034]], [[-72.71501239432618, 41.8143105586034], [-72.71501239432618, 41.8143147412434]], [[-72.71495225839018, 41.8143105586034], [-72.71495756450217, 41.8143105586034]], [[-72.71495756450217, 41.8143105586034], [-72.71495756450217, 41.814315577771396]], [[-72.71495756450217, 41.814315577771396], [-72.71495225839018, 41.814315577771396]], [[-72.71495225839018, 41.814315577771396], [-72.71495225839018, 41.8143105586034]], [[-72.71500443515818, 41.81432561610739], [-72.71500443515818, 41.814320596939396]], [[-72.71500443515818, 41.814320596939396], [-72.71500708821418, 41.814320596939396]], [[-72.71500708821418, 41.814320596939396], [-72.71500708821418, 41.81432561610739]], [[-72.71500708821418, 41.81432561610739], [-72.71500443515818, 41.81432561610739]], [[-72.71510171387817, 41.8139215730834], [-72.71510171387817, 41.8139265922514], [-72.71509640776618, 41.8139265922514], [-72.71509640776618, 41.8139215730834], [-72.71510171387817, 41.8139215730834]], [[-72.71504334664618, 41.81394917850739], [-72.71504334664618, 41.8139533611474]], [[-72.71504334664618, 41.8139533611474], [-72.71505395887017, 41.8139533611474]], [[-72.71505395887017, 41.8139533611474], [-72.71505395887017, 41.81394917850739]], [[-72.71505395887017, 41.81394917850739], [-72.71504334664618, 41.81394917850739]], [[-72.71504334664618, 41.813952524619395], [-72.71505395887017, 41.813952524619395]], [[-72.71529008085419, 41.8139199000274], [-72.71529008085419, 41.8139165539154], [-72.71529361826218, 41.8139165539154], [-72.71529361826218, 41.8139199000274], [-72.71529008085419, 41.8139199000274]], [[-72.71493457135018, 41.814320596939396], [-72.71493457135018, 41.814315577771396]], [[-72.71493457135018, 41.814315577771396], [-72.71493191829418, 41.814315577771396]], [[-72.71493191829418, 41.814315577771396], [-72.71493191829418, 41.814320596939396]], [[-72.71493191829418, 41.814320596939396], [-72.71493457135018, 41.814320596939396]], [[-72.71531661141418, 41.814246982475396], [-72.71532545493417, 41.814246982475396], [-72.71532545493417, 41.81425534775539], [-72.71531661141418, 41.81425534775539], [-72.71531661141418, 41.814246982475396]], [[-72.71501593173419, 41.8139784569874], [-72.71503008136618, 41.8139784569874], [-72.71503096571819, 41.8139792935154], [-72.71503096571819, 41.813984312683395], [-72.71503096571819, 41.813985149211405], [-72.71503008136618, 41.813985149211405], [-72.71501593173419, 41.813985149211405], [-72.7150150473822, 41.813985149211405], [-72.7150150473822, 41.813984312683395], [-72.7150150473822, 41.8139792935154], [-72.71501593173419, 41.8139792935154], [-72.71501593173419, 41.8139784569874]], [[-72.71503008136618, 41.8139792935154], [-72.71502654395817, 41.8139792935154]], [[-72.71501593173419, 41.8139792935154], [-72.71501946914218, 41.8139792935154]], [[-72.71502300655017, 41.8139834761554], [-72.71502300655017, 41.813984312683395], [-72.71502300655017, 41.8139834761554]], [[-72.71460470805418, 41.81400522588339], [-72.71460470805418, 41.813996860603396]], [[-72.71460647675819, 41.81400522588339], [-72.71460647675819, 41.813996860603396]], [[-72.71460470805418, 41.813996860603396], [-72.71460647675819, 41.813996860603396]], [[-72.71460647675819, 41.81400522588339], [-72.71460470805418, 41.81400522588339]], [[-72.71467191880618, 41.814192608155395], [-72.71467191880618, 41.814190098571395], [-72.71467457186219, 41.814190098571395], [-72.71467457186219, 41.814192608155395], [-72.71467191880618, 41.814192608155395]], [[-72.7147055241822, 41.81400522588339], [-72.7147055241822, 41.81400020671539], [-72.71470729288619, 41.81400020671539], [-72.71470729288619, 41.81400522588339], [-72.7147055241822, 41.81400522588339]], [[-72.71491776866218, 41.814356567643394], [-72.71491776866218, 41.8143666059794]], [[-72.71491776866218, 41.8143666059794], [-72.71492307477418, 41.8143666059794]], [[-72.71492307477418, 41.8143666059794], [-72.71492307477418, 41.814356567643394]], [[-72.71492307477418, 41.814356567643394], [-72.71491776866218, 41.814356567643394]], [[-72.71543334587818, 41.813786055547396], [-72.71542980847018, 41.813787728603394]], [[-72.71543246152618, 41.813829555003394], [-72.71543334587818, 41.813829555003394]], [[-72.71543246152618, 41.8138370837554], [-72.71543334587818, 41.8138370837554]], [[-72.71543246152618, 41.8138404298674], [-72.71543334587818, 41.8138404298674]], [[-72.71543246152618, 41.8138630161234], [-72.71543334587818, 41.8138630161234]], [[-72.71543246152618, 41.8138513047314], [-72.71543334587818, 41.8138513047314]], [[-72.71543246152618, 41.8138663622354], [-72.71543334587818, 41.8138663622354]], [[-72.71542980847018, 41.813787728603394], [-72.71542980847018, 41.8138094783314]], [[-72.71543246152618, 41.8137827094354], [-72.71543334587818, 41.8137827094354]], [[-72.71543246152618, 41.813858833483394], [-72.71543334587818, 41.813858833483394]], [[-72.71543246152618, 41.8138253723634], [-72.71543334587818, 41.8138253723634]], [[-72.71543246152618, 41.813844612507395], [-72.71543334587818, 41.813844612507395]], [[-72.71543246152618, 41.8137827094354], [-72.71542715541418, 41.8137827094354]], [[-72.71543246152618, 41.8138144974994], [-72.71543334587818, 41.8138144974994]], [[-72.71543334587818, 41.8138697083474], [-72.71543246152618, 41.8138697083474]], [[-72.71543246152618, 41.8138697083474], [-72.71543246152618, 41.8138404298674]], [[-72.71543246152618, 41.8138186801394], [-72.71543334587818, 41.8138186801394]], [[-72.71543246152618, 41.8138329011154], [-72.71543334587818, 41.8138329011154]], [[-72.71543246152618, 41.8138404298674], [-72.71543246152618, 41.8137827094354]], [[-72.71543334587818, 41.8138412663954], [-72.71543334587818, 41.8138697083474]], [[-72.71543246152618, 41.813822026251394], [-72.71543334587818, 41.813822026251394]], [[-72.71543246152618, 41.8138554873714], [-72.71543334587818, 41.8138554873714]], [[-72.71542715541418, 41.8137827094354], [-72.71542715541418, 41.8138663622354]], [[-72.71543246152618, 41.81384795861939], [-72.71543334587818, 41.81384795861939]], [[-72.71543334587818, 41.8138412663954], [-72.71543334587818, 41.8137827094354]], [[-72.71508314248618, 41.8141934446834], [-72.71508314248618, 41.8141884255154], [-72.71507783637418, 41.8141884255154], [-72.71507783637418, 41.8141934446834], [-72.71508314248618, 41.8141934446834]], [[-72.71528477474219, 41.8139081886354], [-72.71529892437418, 41.8139081886354], [-72.71529892437418, 41.8139014964114], [-72.71528477474219, 41.8139014964114], [-72.71528477474219, 41.8139081886354]], [[-72.71528477474219, 41.81390651557939], [-72.71529892437418, 41.81390651557939]], [[-72.71529184955818, 41.8139081886354], [-72.71529184955818, 41.81390651557939]], [[-72.71436947042218, 41.814282953179394], [-72.71436947042218, 41.814271241787395], [-72.71437654523818, 41.814271241787395], [-72.71437654523818, 41.814282953179394], [-72.71436947042218, 41.814282953179394]], [[-72.71460382370218, 41.8141959542674], [-72.71460382370218, 41.8141909350994], [-72.71459940194218, 41.8141909350994], [-72.71459940194218, 41.8141959542674], [-72.71460382370218, 41.8141959542674]], [[-72.71436770171817, 41.814334817915395], [-72.71436770171817, 41.8143331448594], [-72.71436327995818, 41.8143331448594], [-72.71436327995818, 41.814334817915395]], [[-72.71436770171817, 41.8143364909714], [-72.71436416431018, 41.8143364909714], [-72.71436416431018, 41.8143331448594], [-72.71436770171817, 41.8143331448594], [-72.71436770171817, 41.8143364909714]], [[-72.71504334664618, 41.8140060624114], [-72.71504334664618, 41.8140018797714]], [[-72.71504334664618, 41.8140018797714], [-72.71505395887017, 41.8140018797714]], [[-72.71505395887017, 41.8140018797714], [-72.71505395887017, 41.8140060624114]], [[-72.71505395887017, 41.8140060624114], [-72.71504334664618, 41.8140060624114]], [[-72.71504334664618, 41.81400271629939], [-72.71505395887017, 41.81400271629939]], [[-72.71487797282218, 41.814070475067396], [-72.71488151023019, 41.814070475067396], [-72.71488151023019, 41.814067128955394], [-72.71487797282218, 41.814067128955394], [-72.71487797282218, 41.814070475067396]], [[-72.71538559087018, 41.8139391401714], [-72.71539443439018, 41.8139391401714], [-72.71539443439018, 41.813933284475404], [-72.71538559087018, 41.813933284475404], [-72.71538559087018, 41.8139391401714]], [[-72.71500708821418, 41.814335654443404], [-72.71500443515818, 41.814335654443404]], [[-72.71500443515818, 41.8143306352754], [-72.71500708821418, 41.8143306352754]], [[-72.71500443515818, 41.814335654443404], [-72.71500443515818, 41.8143306352754]], [[-72.71500708821418, 41.8143306352754], [-72.71500708821418, 41.814335654443404]], [[-72.7153192644702, 41.813881419739396], [-72.7153192644702, 41.813890621547394]], [[-72.7153192644702, 41.813890621547394], [-72.71531042095019, 41.813890621547394]], [[-72.71531042095019, 41.813890621547394], [-72.71531042095019, 41.813881419739396]], [[-72.71531042095019, 41.813881419739396], [-72.7153192644702, 41.813881419739396]], [[-72.71531572706219, 41.813881419739396], [-72.71531572706219, 41.813890621547394]], [[-72.71500178210218, 41.8143666059794], [-72.71500089775017, 41.8143674425074], [-72.71500001339818, 41.8143674425074], [-72.71500001339818, 41.81436827903539], [-72.71499912904618, 41.81436827903539], [-72.71499912904618, 41.8143691155634], [-72.71500001339818, 41.8143699520914], [-72.71500001339818, 41.8143707886194], [-72.71500089775017, 41.8143707886194], [-72.71500178210218, 41.8143707886194], [-72.71500266645417, 41.8143707886194], [-72.71500266645417, 41.8143699520914], [-72.71500355080619, 41.8143691155634], [-72.71500355080619, 41.81436827903539], [-72.71500266645417, 41.81436827903539], [-72.71500266645417, 41.8143674425074], [-72.71500178210218, 41.8143674425074], [-72.71500178210218, 41.8143666059794]], [[-72.71498763247018, 41.814335654443404], [-72.71498763247018, 41.814337327499395]], [[-72.71498940117418, 41.814315577771396], [-72.71498851682219, 41.814315577771396]], [[-72.71498940117418, 41.814320596939396], [-72.71498940117418, 41.8143222699954]], [[-72.71498940117418, 41.8143456927794], [-72.71498851682219, 41.8143456927794]], [[-72.71498763247018, 41.8143314718034], [-72.71498851682219, 41.8143314718034]], [[-72.71498763247018, 41.81434652930739], [-72.71498851682219, 41.81434652930739], [-72.71498851682219, 41.814315577771396], [-72.71498763247018, 41.814315577771396], [-72.71498763247018, 41.81434652930739]], [[-72.71498763247018, 41.8143306352754], [-72.71498763247018, 41.814332308331394]], [[-72.71498940117418, 41.8143222699954], [-72.71498851682219, 41.8143222699954]], [[-72.71498940117418, 41.81431725082739], [-72.71498851682219, 41.81431725082739]], [[-72.71498940117418, 41.814320596939396], [-72.71498851682219, 41.814320596939396]], [[-72.71498940117418, 41.814335654443404], [-72.71498851682219, 41.814335654443404]], [[-72.71498763247018, 41.81432143346739], [-72.71498851682219, 41.81432143346739]], [[-72.71498763247018, 41.814320596939396], [-72.71498763247018, 41.8143222699954]], [[-72.71498940117418, 41.8143306352754], [-72.71498851682219, 41.8143306352754]], [[-72.71498763247018, 41.8143364909714], [-72.71498851682219, 41.8143364909714]], [[-72.71498940117418, 41.814335654443404], [-72.71498940117418, 41.814337327499395]], [[-72.71498763247018, 41.8143364909714], [-72.71498851682219, 41.8143364909714]], [[-72.71498763247018, 41.81434652930739], [-72.71498763247018, 41.8143456927794]], [[-72.71498763247018, 41.81432143346739], [-72.71498851682219, 41.81432143346739]], [[-72.71498940117418, 41.814332308331394], [-72.71498851682219, 41.814332308331394]], [[-72.71498940117418, 41.8143306352754], [-72.71498940117418, 41.814332308331394]], [[-72.71498940117418, 41.814315577771396], [-72.71498940117418, 41.81431725082739]], [[-72.71498940117418, 41.81434652930739], [-72.71498851682219, 41.81434652930739]], [[-72.71498763247018, 41.814315577771396], [-72.71498763247018, 41.81431725082739]], [[-72.71498940117418, 41.81434652930739], [-72.71498940117418, 41.8143456927794]], [[-72.71498763247018, 41.814320596939396], [-72.71498851682219, 41.814320596939396]], [[-72.71498763247018, 41.8143164142994], [-72.71498851682219, 41.8143164142994]], [[-72.71498763247018, 41.8143314718034], [-72.71498851682219, 41.8143314718034]], [[-72.71498763247018, 41.81434652930739], [-72.71498851682219, 41.81434652930739]], [[-72.71498940117418, 41.814337327499395], [-72.71498851682219, 41.814337327499395]], [[-72.71492661218218, 41.8137525944274], [-72.71492661218218, 41.813758450123395], [-72.71492661218218, 41.8137525944274]], [[-72.71501770043817, 41.8140043893554], [-72.71501858479019, 41.814003552827394], [-72.71502123784619, 41.814001043243394], [-72.71502212219819, 41.814001043243394], [-72.71502565960618, 41.814003552827394], [-72.71502654395817, 41.8140043893554], [-72.71502477525418, 41.814008571995394], [-72.71502389090217, 41.8140094085234], [-72.71502035349418, 41.8140094085234], [-72.71501946914218, 41.814008571995394], [-72.71501770043817, 41.8140043893554]], [[-72.71477538799019, 41.8139098616914], [-72.71477538799019, 41.81390484252339], [-72.71477185058218, 41.81390484252339], [-72.71477185058218, 41.8139098616914], [-72.71477538799019, 41.8139098616914]], [[-72.71547844783018, 41.8142896454034], [-72.71548729135019, 41.8142896454034], [-72.71548729135019, 41.814286299291396], [-72.71547844783018, 41.814286299291396], [-72.71547844783018, 41.8142896454034]], [[-72.71568980795819, 41.8143147412434], [-72.7157066106462, 41.8143147412434], [-72.7157066106462, 41.814320596939396], [-72.7157066106462, 41.81432143346739], [-72.7157066106462, 41.8143222699954], [-72.71570572629419, 41.814323106523396], [-72.71570484194218, 41.814323106523396], [-72.71570395759018, 41.8143239430514], [-72.71569246101419, 41.8143239430514], [-72.71569157666218, 41.814323106523396], [-72.71569069231018, 41.814323106523396], [-72.71569069231018, 41.8143222699954], [-72.71568980795819, 41.8143222699954], [-72.71568980795819, 41.81432143346739], [-72.71568980795819, 41.814320596939396], [-72.71568980795819, 41.8143147412434]], [[-72.71451008239019, 41.8143139047154], [-72.71451008239019, 41.8143080490194], [-72.71450919803817, 41.8143080490194], [-72.71450919803817, 41.8143139047154], [-72.71451008239019, 41.8143139047154]], [[-72.71531661141418, 41.8141859159314], [-72.71532633928618, 41.8141859159314], [-72.71532633928618, 41.8141875889874], [-72.71531661141418, 41.8141875889874], [-72.71531661141418, 41.8141859159314]], [[-72.71531661141418, 41.8141875889874], [-72.71532633928618, 41.8141875889874]], [[-72.71500531951018, 41.814347365835395], [-72.71500531951018, 41.8143498754194], [-72.71500266645417, 41.8143498754194], [-72.71500266645417, 41.814347365835395]], [[-72.71500178210218, 41.814347365835395], [-72.71500708821418, 41.814347365835395], [-72.71500708821418, 41.814337327499395], [-72.71500178210218, 41.814337327499395], [-72.71500178210218, 41.814347365835395]], [[-72.71456844962218, 41.8143431831954], [-72.71456844962218, 41.8143482023634], [-72.71456668091818, 41.8143482023634], [-72.71456668091818, 41.8143431831954], [-72.71456844962218, 41.8143431831954]], [[-72.71488504763818, 41.813932447947394], [-72.71490096597418, 41.813932447947394], [-72.71488504763818, 41.813932447947394]], [[-72.71534756373418, 41.8137969304114], [-72.71536259771818, 41.813790238187394]], [[-72.71537409429419, 41.8138161705554], [-72.71537144123818, 41.8138094783314]], [[-72.71537144123818, 41.8138094783314], [-72.71536525077417, 41.81381282444339]], [[-72.71536525077417, 41.81381282444339], [-72.71535640725418, 41.8137944208274]], [[-72.71535640725418, 41.8137944208274], [-72.71535552290219, 41.8137944208274]], [[-72.71535552290219, 41.8137944208274], [-72.7153643664222, 41.81381282444339]], [[-72.7153643664222, 41.81381282444339], [-72.71535817595819, 41.8138161705554]], [[-72.71535817595819, 41.8138161705554], [-72.71536171336618, 41.813822026251394]], [[-72.71536171336618, 41.813822026251394], [-72.71535906031018, 41.8138161705554]], [[-72.71535906031018, 41.8138161705554], [-72.71537144123818, 41.813810314859396]], [[-72.71537144123818, 41.813810314859396], [-72.71537409429419, 41.8138161705554]], [[-72.71537055688619, 41.813810314859396], [-72.71536171336618, 41.8137927477714]], [[-72.71536171336618, 41.8137927477714], [-72.71535640725418, 41.8137952573554]], [[-72.71535994466217, 41.813815334027396], [-72.71535110114218, 41.8137977669394]], [[-72.71535110114218, 41.8137977669394], [-72.71535552290219, 41.8137952573554]], [[-72.71535906031018, 41.8138161705554], [-72.71536171336618, 41.81382118972339]], [[-72.71536171336618, 41.81382118972339], [-72.71537409429419, 41.813815334027396]], [[-72.71537409429419, 41.813815334027396], [-72.71537144123818, 41.813810314859396]], [[-72.71536259771818, 41.813790238187394], [-72.71537586299819, 41.8138161705554]], [[-72.71537586299819, 41.8138161705554], [-72.71536082901419, 41.8138228627794]], [[-72.71536082901419, 41.8138228627794], [-72.71534756373418, 41.8137969304114]], [[-72.71523790408618, 41.813933284475404], [-72.71523259797418, 41.813933284475404]], [[-72.71523790408618, 41.8139291018354], [-72.71523259797418, 41.8139291018354]], [[-72.71523259797418, 41.813928265307396], [-72.71523790408618, 41.813928265307396], [-72.71523790408618, 41.813933284475404], [-72.71523259797418, 41.813933284475404], [-72.71523259797418, 41.813928265307396]], [[-72.71523790408618, 41.813930774891396], [-72.71523259797418, 41.813930774891396]], [[-72.7143995383902, 41.814273751371395], [-72.7144048445022, 41.814273751371395], [-72.7144048445022, 41.8142821166514], [-72.7143995383902, 41.8142821166514], [-72.7143995383902, 41.814273751371395]], [[-72.7143995383902, 41.814273751371395], [-72.7143995383902, 41.8142729148434], [-72.7144048445022, 41.8142729148434], [-72.7144048445022, 41.814273751371395]], [[-72.7143995383902, 41.8142821166514], [-72.7143995383902, 41.814282953179394], [-72.7144048445022, 41.814282953179394], [-72.7144048445022, 41.8142821166514]], [[-72.71581538594218, 41.81414241647539], [-72.71581538594218, 41.814134051195396], [-72.71581184853419, 41.814134051195396], [-72.71581184853419, 41.81414241647539], [-72.71581538594218, 41.81414241647539]], [[-72.71581184853419, 41.81413990689139], [-72.71581538594218, 41.81413990689139]], [[-72.71480368725419, 41.8143264526354], [-72.71479838114217, 41.8143264526354], [-72.71479838114217, 41.8143247795794], [-72.71480368725419, 41.8143247795794], [-72.71480368725419, 41.8143264526354]], [[-72.71534402632618, 41.8139040059954], [-72.71534402632618, 41.8139115347474], [-72.71534844808617, 41.8139115347474], [-72.71534844808617, 41.8139040059954], [-72.71534402632618, 41.8139040059954]], [[-72.71516273416619, 41.8143440197234], [-72.71516273416619, 41.814354894587396], [-72.7151565437022, 41.814354894587396], [-72.7151565437022, 41.8143440197234], [-72.71516273416619, 41.8143440197234]], [[-72.71498763247018, 41.8143390005554], [-72.71498409506218, 41.8143390005554]], [[-72.71498409506218, 41.8143406736114], [-72.71498409506218, 41.814339837083395]], [[-72.71498674811818, 41.814337327499395], [-72.71498674811818, 41.8143381640274]], [[-72.71498674811818, 41.8143406736114], [-72.71498586376619, 41.8143406736114], [-72.71498586376619, 41.8143415101394], [-72.71498586376619, 41.8143431831954], [-72.71498497941418, 41.8143431831954], [-72.71498497941418, 41.81434234666739], [-72.71498497941418, 41.8143415101394], [-72.71498409506218, 41.8143415101394], [-72.71498409506218, 41.8143406736114], [-72.71498321071017, 41.8143406736114]], [[-72.71498321071017, 41.8143381640274], [-72.71498409506218, 41.8143381640274], [-72.71498409506218, 41.814337327499395], [-72.71498497941418, 41.814337327499395], [-72.71498497941418, 41.8143381640274], [-72.71498674811818, 41.8143381640274]], [[-72.71498409506218, 41.8143406736114], [-72.71498321071017, 41.8143406736114]], [[-72.71498409506218, 41.814337327499395], [-72.71498497941418, 41.814337327499395]], [[-72.71498497941418, 41.8143406736114], [-72.71498497941418, 41.814339837083395]], [[-72.71498409506218, 41.814337327499395], [-72.71498497941418, 41.814337327499395]], [[-72.71498586376619, 41.8143381640274], [-72.71498586376619, 41.8143390005554]], [[-72.71498409506218, 41.8143415101394], [-72.71498409506218, 41.814339837083395]], [[-72.71498321071017, 41.8143381640274], [-72.71498409506218, 41.8143381640274]], [[-72.71498586376619, 41.8143406736114], [-72.71498586376619, 41.814339837083395]], [[-72.71498497941418, 41.8143406736114], [-72.71498497941418, 41.814339837083395]], [[-72.71498586376619, 41.8143431831954], [-72.71498497941418, 41.8143431831954]], [[-72.71498497941418, 41.8143415101394], [-72.71498497941418, 41.814339837083395]], [[-72.7149823263582, 41.8143381640274], [-72.7149823263582, 41.8143406736114]], [[-72.71498586376619, 41.8143390005554], [-72.71498586376619, 41.8143381640274]], [[-72.71498497941418, 41.814339837083395], [-72.71498497941418, 41.8143406736114]], [[-72.71498409506218, 41.8143390005554], [-72.71498409506218, 41.814339837083395]], [[-72.71498497941418, 41.8143381640274], [-72.71498674811818, 41.8143381640274]], [[-72.71498674811818, 41.8143381640274], [-72.71498674811818, 41.8143390005554]], [[-72.71498497941418, 41.814337327499395], [-72.71498497941418, 41.8143390005554]], [[-72.71498497941418, 41.8143415101394], [-72.71498586376619, 41.8143415101394]], [[-72.71498409506218, 41.8143415101394], [-72.71498497941418, 41.8143415101394]], [[-72.71498497941418, 41.8143431831954], [-72.71498586376619, 41.8143431831954]], [[-72.71498497941418, 41.8143390005554], [-72.71498497941418, 41.8143381640274]], [[-72.71498409506218, 41.8143415101394], [-72.71498497941418, 41.8143415101394]], [[-72.71498586376619, 41.8143415101394], [-72.71498497941418, 41.8143415101394]], [[-72.71498674811818, 41.8143406736114], [-72.71498497941418, 41.8143406736114]], [[-72.71498586376619, 41.8143415101394], [-72.71498586376619, 41.8143406736114]], [[-72.71498674811818, 41.81434234666739], [-72.71498763247018, 41.81434234666739], [-72.71498763247018, 41.814339837083395], [-72.71498763247018, 41.8143390005554], [-72.71498763247018, 41.814337327499395], [-72.71498674811818, 41.814337327499395]], [[-72.71498409506218, 41.8143390005554], [-72.71498409506218, 41.814337327499395]], [[-72.71498586376619, 41.814339837083395], [-72.71498586376619, 41.8143406736114]], [[-72.71498409506218, 41.814337327499395], [-72.71498497941418, 41.814337327499395]], [[-72.71498409506218, 41.8143390005554], [-72.71498409506218, 41.814337327499395]], [[-72.71498586376619, 41.8143415101394], [-72.71498586376619, 41.8143431831954]], [[-72.71498763247018, 41.814339837083395], [-72.71498409506218, 41.814339837083395]], [[-72.71498674811818, 41.8143406736114], [-72.71498674811818, 41.81434234666739]], [[-72.71498586376619, 41.8143431831954], [-72.71498586376619, 41.8143415101394]], [[-72.71498497941418, 41.8143415101394], [-72.71498497941418, 41.8143406736114]], [[-72.71498674811818, 41.814339837083395], [-72.71498674811818, 41.8143406736114]], [[-72.71498497941418, 41.8143415101394], [-72.71498497941418, 41.8143431831954]], [[-72.71498497941418, 41.81434234666739], [-72.71498497941418, 41.8143415101394]], [[-72.71498497941418, 41.8143431831954], [-72.71498497941418, 41.81434234666739]], [[-72.71498409506218, 41.8143415101394], [-72.71498497941418, 41.8143415101394]], [[-72.71498586376619, 41.8143406736114], [-72.71498586376619, 41.8143415101394]], [[-72.71498409506218, 41.8143390005554], [-72.71498409506218, 41.8143381640274]], [[-72.71498497941418, 41.8143390005554], [-72.71498497941418, 41.814337327499395]], [[-72.71498409506218, 41.814339837083395], [-72.71498409506218, 41.8143415101394]], [[-72.71498851682219, 41.814315577771396], [-72.71498851682219, 41.8143105586034], [-72.71498674811818, 41.8143105586034], [-72.71498674811818, 41.814315577771396], [-72.71498851682219, 41.814315577771396]], [[-72.71527150946218, 41.8139291018354], [-72.71526620335018, 41.8139291018354], [-72.71526620335018, 41.813933284475404], [-72.71527150946218, 41.813933284475404], [-72.71527150946218, 41.8139291018354]], [[-72.71497436719018, 41.814036177419396], [-72.71497436719018, 41.8140411965874], [-72.71497259848617, 41.8140411965874], [-72.71497259848617, 41.814036177419396], [-72.71497436719018, 41.814036177419396]], [[-72.7146126672222, 41.8143314718034], [-72.7146126672222, 41.8143264526354], [-72.71461089851819, 41.8143264526354], [-72.71461089851819, 41.8143314718034], [-72.7146126672222, 41.8143314718034]], [[-72.71440572885417, 41.814282953179394], [-72.71440572885417, 41.814277097483405], [-72.7144048445022, 41.814277097483405], [-72.7144048445022, 41.814282953179394], [-72.71440572885417, 41.814282953179394]], [[-72.71439688533418, 41.813974274347395], [-72.71439688533418, 41.8139700917074], [-72.71440130709418, 41.8139700917074], [-72.71440130709418, 41.813974274347395], [-72.71439688533418, 41.813974274347395]], [[-72.71517599944617, 41.8139751108754], [-72.71516980898218, 41.8139751108754], [-72.71517599944617, 41.8139751108754]], [[-72.71468695279017, 41.813985149211405], [-72.71468783714218, 41.813985149211405], [-72.71468783714218, 41.813984312683395], [-72.71468695279017, 41.813984312683395], [-72.71468695279017, 41.8139834761554], [-72.71468606843817, 41.8139834761554], [-72.71468606843817, 41.813984312683395], [-72.71468695279017, 41.813984312683395], [-72.71468695279017, 41.813985149211405]], [[-72.71468695279017, 41.813985149211405], [-72.71468695279017, 41.813984312683395]], [[-72.71468695279017, 41.813984312683395], [-72.71468606843817, 41.813984312683395]], [[-72.71498144200618, 41.8143105586034], [-72.71498674811818, 41.8143105586034]], [[-72.71498674811818, 41.8143105586034], [-72.71498674811818, 41.814315577771396]], [[-72.71498674811818, 41.814315577771396], [-72.71498144200618, 41.814315577771396]], [[-72.71498144200618, 41.814315577771396], [-72.71498144200618, 41.8143105586034]], [[-72.71492307477418, 41.813942486283395], [-72.71492661218218, 41.813942486283395], [-72.71492661218218, 41.8139391401714], [-72.71492307477418, 41.8139391401714], [-72.71492307477418, 41.813942486283395]], [[-72.71573048815017, 41.81414241647539], [-72.71573048815017, 41.814136560779396], [-72.71572606639018, 41.814136560779396], [-72.71572606639018, 41.81414241647539], [-72.71573048815017, 41.81414241647539]], [[-72.71573225685418, 41.81413990689139], [-72.71573579426217, 41.81413990689139]], [[-72.71526355029418, 41.8137567770674], [-72.71526355029418, 41.813764305819404]], [[-72.71526355029418, 41.813764305819404], [-72.71525735983019, 41.813764305819404]], [[-72.71526620335018, 41.8137567770674], [-72.71526620335018, 41.813764305819404]], [[-72.71526620335018, 41.813764305819404], [-72.71527327816618, 41.813764305819404]], [[-72.71525735983019, 41.813764305819404], [-72.71526355029418, 41.813764305819404]], [[-72.71526355029418, 41.813764305819404], [-72.71526355029418, 41.8137718345714]], [[-72.71526355029418, 41.8137718345714], [-72.71525735983019, 41.8137718345714]], [[-72.71527327816618, 41.813764305819404], [-72.71526620335018, 41.813764305819404]], [[-72.71527327816618, 41.8137726710994], [-72.71526620335018, 41.8137726710994]], [[-72.71526620335018, 41.8138036226354], [-72.71526620335018, 41.8138111513874]], [[-72.71526355029418, 41.813819516667394], [-72.71525735983019, 41.813819516667394]], [[-72.71527327816618, 41.813819516667394], [-72.71526620335018, 41.813819516667394]], [[-72.71526355029418, 41.8138354106994], [-72.71526355029418, 41.8138278819474]], [[-72.71526355029418, 41.8137801998514], [-72.71526355029418, 41.813787728603394]], [[-72.71526355029418, 41.8138111513874], [-72.71525735983019, 41.8138111513874]], [[-72.71526620335018, 41.813787728603394], [-72.71527327816618, 41.813787728603394]], [[-72.71526620335018, 41.8137718345714], [-72.71527327816618, 41.8137718345714]], [[-72.71526355029418, 41.813827045419394], [-72.71525735983019, 41.813827045419394]], [[-72.71525735983019, 41.8138354106994], [-72.71525735983019, 41.8137567770674]], [[-72.71526620335018, 41.81379609388339], [-72.71526620335018, 41.8138036226354]], [[-72.71526355029418, 41.8137801998514], [-72.71525735983019, 41.8137801998514]], [[-72.71526355029418, 41.8138119879154], [-72.71526355029418, 41.813819516667394]], [[-72.71526355029418, 41.8138036226354], [-72.71525735983019, 41.8138036226354]], [[-72.71525735983019, 41.813819516667394], [-72.71526355029418, 41.813819516667394]], [[-72.71526620335018, 41.8138354106994], [-72.71526620335018, 41.8138278819474]], [[-72.71526620335018, 41.813827045419394], [-72.71527327816618, 41.813827045419394]], [[-72.71526620335018, 41.8138111513874], [-72.71527327816618, 41.8138111513874]], [[-72.71527327816618, 41.8138354106994], [-72.71525735983019, 41.8138354106994]], [[-72.71526355029418, 41.813787728603394], [-72.71525735983019, 41.813787728603394]], [[-72.71525735983019, 41.81379609388339], [-72.71526355029418, 41.81379609388339]], [[-72.71526355029418, 41.8138036226354], [-72.71526355029418, 41.8138111513874]], [[-72.71526620335018, 41.813764305819404], [-72.71526620335018, 41.8137718345714]], [[-72.71525735983019, 41.8138119879154], [-72.71526355029418, 41.8138119879154]], [[-72.71527327816618, 41.81379609388339], [-72.71526620335018, 41.81379609388339]], [[-72.71526620335018, 41.813819516667394], [-72.71527327816618, 41.813819516667394]], [[-72.71526355029418, 41.8137726710994], [-72.71526355029418, 41.8137801998514]], [[-72.71526355029418, 41.81379609388339], [-72.71525735983019, 41.81379609388339]], [[-72.71525735983019, 41.8138036226354], [-72.71526355029418, 41.8138036226354]], [[-72.71527327816618, 41.8137885651314], [-72.71526620335018, 41.8137885651314]], [[-72.71526355029418, 41.8137885651314], [-72.71526355029418, 41.81379609388339]], [[-72.71525735983019, 41.8137801998514], [-72.71526355029418, 41.8137801998514]], [[-72.71526620335018, 41.813819516667394], [-72.71526620335018, 41.813827045419394]], [[-72.71527327816618, 41.8137567770674], [-72.71527327816618, 41.8138354106994]], [[-72.71526620335018, 41.8138036226354], [-72.71527327816618, 41.8138036226354]], [[-72.71526355029418, 41.81379609388339], [-72.71526355029418, 41.8138036226354]], [[-72.71526355029418, 41.8138278819474], [-72.71525735983019, 41.8138278819474]], [[-72.71525735983019, 41.8137726710994], [-72.71526355029418, 41.8137726710994]], [[-72.71526620335018, 41.8137801998514], [-72.71527327816618, 41.8137801998514]], [[-72.71526620335018, 41.81379609388339], [-72.71527327816618, 41.81379609388339]], [[-72.71526620335018, 41.8137726710994], [-72.71526620335018, 41.8137801998514]], [[-72.71527327816618, 41.8138036226354], [-72.71526620335018, 41.8138036226354]], [[-72.71527327816618, 41.8138119879154], [-72.71526620335018, 41.8138119879154]], [[-72.71525735983019, 41.8137885651314], [-72.71526355029418, 41.8137885651314]], [[-72.71526620335018, 41.8138119879154], [-72.71526620335018, 41.813819516667394]], [[-72.71527327816618, 41.8137801998514], [-72.71526620335018, 41.8137801998514]], [[-72.71526620335018, 41.8137801998514], [-72.71526620335018, 41.813787728603394]], [[-72.71526620335018, 41.8137885651314], [-72.71526620335018, 41.81379609388339]], [[-72.71526355029418, 41.813819516667394], [-72.71526355029418, 41.813827045419394]], [[-72.71525735983019, 41.8137567770674], [-72.71527327816618, 41.8137567770674]], [[-72.71526620335018, 41.8138278819474], [-72.71527327816618, 41.8138278819474]], [[-72.71443314376619, 41.8142821166514], [-72.71443314376619, 41.814277097483405], [-72.71443579682219, 41.81427542442739], [-72.71443579682219, 41.814282953179394], [-72.71443314376619, 41.8142821166514]], [[-72.71513266619819, 41.814354894587396], [-72.71512382267818, 41.814354894587396], [-72.71512382267818, 41.8143498754194], [-72.71513266619819, 41.8143498754194], [-72.71513266619819, 41.814354894587396]], [[-72.71500266645417, 41.8142578573394], [-72.71499647599018, 41.8142578573394], [-72.71499647599018, 41.814252001643396], [-72.71500266645417, 41.814252001643396], [-72.71500266645417, 41.8142578573394]], [[-72.71557130479019, 41.8142545112274], [-72.71557130479019, 41.8142536746994]], [[-72.71557130479019, 41.8142536746994], [-72.71557130479019, 41.8142545112274]], [[-72.71556157691818, 41.8142545112274], [-72.71556157691818, 41.8142536746994]], [[-72.71555892386218, 41.8142545112274], [-72.71557395784617, 41.8142545112274]], [[-72.71557130479019, 41.8142545112274], [-72.71557130479019, 41.814252001643396]], [[-72.71556157691818, 41.8142545112274], [-72.71556157691818, 41.814252001643396]], [[-72.71557395784617, 41.814252001643396], [-72.71555892386218, 41.814252001643396]], [[-72.71555892386218, 41.8142486555314], [-72.71555892386218, 41.81425283817139]], [[-72.71555892386218, 41.814246982475396], [-72.71557395784617, 41.814246982475396]], [[-72.71557395784617, 41.814246982475396], [-72.71557395784617, 41.8142545112274]], [[-72.71555892386218, 41.814249492059396], [-72.71557395784617, 41.814249492059396]], [[-72.71556157691818, 41.8142536746994], [-72.71556157691818, 41.8142545112274]], [[-72.71557130479019, 41.8142545112274], [-72.71557130479019, 41.814252001643396]], [[-72.71555892386218, 41.814246982475396], [-72.71555892386218, 41.8142545112274]], [[-72.71556157691818, 41.8142545112274], [-72.71556157691818, 41.814252001643396]], [[-72.71507164591019, 41.8139240826674], [-72.71507253026219, 41.8139240826674]], [[-72.71507164591019, 41.81392324613939], [-72.71507164591019, 41.8139224096114]], [[-72.71507429896617, 41.813918226971396], [-72.71507429896617, 41.8139240826674]], [[-72.71507429896617, 41.8139190634994], [-72.71507253026219, 41.8139190634994], [-72.71507253026219, 41.813918226971396], [-72.71507164591019, 41.813918226971396], [-72.71507164591019, 41.8139190634994], [-72.71507164591019, 41.8139199000274], [-72.71507164591019, 41.813920736555396], [-72.71507164591019, 41.8139224096114], [-72.71507164591019, 41.81392324613939], [-72.71507164591019, 41.8139240826674], [-72.71507253026219, 41.8139240826674], [-72.71507429896617, 41.8139240826674], [-72.71507429896617, 41.8139190634994]], [[-72.71526001288618, 41.8139115347474], [-72.71526974075817, 41.8139115347474], [-72.71526974075817, 41.8139073521074], [-72.71526001288618, 41.8139073521074], [-72.71526001288618, 41.8139115347474]], [[-72.71526001288618, 41.8139098616914], [-72.71526001288618, 41.8139081886354]], [[-72.71526974075817, 41.8139098616914], [-72.71526974075817, 41.8139081886354]], [[-72.71526001288618, 41.8139081886354], [-72.71526974075817, 41.8139081886354]], [[-72.71481341512617, 41.813939976699395], [-72.71481341512617, 41.813934957531394], [-72.71481164642218, 41.813934957531394], [-72.71481164642218, 41.813939976699395], [-72.71481341512617, 41.813939976699395]], [[-72.71489654421418, 41.8139383036434], [-72.71489654421418, 41.81393161141939], [-72.71489123810218, 41.81393161141939], [-72.71489123810218, 41.8139383036434], [-72.71489654421418, 41.8139383036434]], [[-72.71436416431018, 41.814036177419396], [-72.71436947042218, 41.814036177419396], [-72.71436947042218, 41.8140470522834], [-72.71436416431018, 41.8140470522834], [-72.71436416431018, 41.814036177419396]], [[-72.71436416431018, 41.8140445426994], [-72.71436947042218, 41.8140445426994]], [[-72.71436416431018, 41.8140370139474], [-72.71436947042218, 41.8140370139474]], [[-72.71436416431018, 41.8140445426994], [-72.71436416431018, 41.8140370139474]], [[-72.71436947042218, 41.8140370139474], [-72.71436947042218, 41.8140445426994]], [[-72.71492307477418, 41.814315577771396], [-72.71491776866218, 41.814315577771396], [-72.71491776866218, 41.8143105586034], [-72.71492307477418, 41.8143105586034], [-72.71492307477418, 41.814315577771396]], [[-72.71501327867819, 41.8139240826674], [-72.71501327867819, 41.813932447947394], [-72.71501239432618, 41.813932447947394], [-72.71501239432618, 41.8139240826674], [-72.71501327867819, 41.8139240826674]], [[-72.71512382267818, 41.814354894587396], [-72.71511497915819, 41.814354894587396], [-72.71511497915819, 41.8143498754194], [-72.71512382267818, 41.8143498754194], [-72.71512382267818, 41.814354894587396]], [[-72.71515477499818, 41.81435405805939], [-72.71515477499818, 41.814354894587396]], [[-72.71515389064618, 41.8143557311154], [-72.71515389064618, 41.814354894587396]], [[-72.71516450287018, 41.8143557311154], [-72.71516361851818, 41.8143557311154]], [[-72.71516450287018, 41.81435405805939], [-72.71516361851818, 41.81435405805939]], [[-72.71516361851818, 41.81435405805939], [-72.71516361851818, 41.814354894587396]], [[-72.71516450287018, 41.81435405805939], [-72.71516450287018, 41.814354894587396]], [[-72.71516361851818, 41.8143557311154], [-72.71516361851818, 41.814354894587396]], [[-72.71515300629417, 41.81435405805939], [-72.71515300629417, 41.814354894587396]], [[-72.71515300629417, 41.8143557311154], [-72.71515477499818, 41.8143557311154]], [[-72.71515300629417, 41.81435405805939], [-72.71515477499818, 41.81435405805939]], [[-72.71515300629417, 41.8143557311154], [-72.71515300629417, 41.814354894587396], [-72.71516450287018, 41.814354894587396], [-72.71516450287018, 41.8143557311154], [-72.71515300629417, 41.8143557311154]], [[-72.71456314351018, 41.813753430955394], [-72.71455695304617, 41.813753430955394], [-72.71455695304617, 41.813750921371394], [-72.71456314351018, 41.813750921371394], [-72.71456314351018, 41.813753430955394]], [[-72.71485586402218, 41.814210175243396], [-72.71485586402218, 41.8142043195474], [-72.71485497967018, 41.8142043195474], [-72.71485497967018, 41.814210175243396], [-72.71485586402218, 41.814210175243396]], [[-72.71488504763818, 41.8139249191954], [-72.71490096597418, 41.8139249191954], [-72.71488504763818, 41.8139249191954]], [[-72.7153192644702, 41.813890621547394], [-72.7153192644702, 41.8138998233554]], [[-72.7153192644702, 41.8138998233554], [-72.71532810799019, 41.8138998233554]], [[-72.71532810799019, 41.8138998233554], [-72.71532810799019, 41.813890621547394]], [[-72.71532810799019, 41.813890621547394], [-72.7153192644702, 41.813890621547394]], [[-72.71532280187819, 41.813890621547394], [-72.71532280187819, 41.8138998233554]], [[-72.71576674658219, 41.81438250001139], [-72.71576674658219, 41.8143732982034], [-72.71577116834219, 41.8143732982034], [-72.71577116834219, 41.81438250001139], [-72.71576674658219, 41.81438250001139]], [[-72.71446586479018, 41.81427542442739], [-72.71446586479018, 41.814271241787395], [-72.71447028655018, 41.814271241787395], [-72.71447028655018, 41.81427542442739], [-72.71446586479018, 41.81427542442739]], [[-72.71580212066219, 41.8143758077874], [-72.71579593019818, 41.8143758077874]], [[-72.71579593019818, 41.81438250001139], [-72.71580212066219, 41.81438250001139]], [[-72.71579150843817, 41.81438835570739], [-72.71579150843817, 41.8143808269554]], [[-72.71579593019818, 41.81438835570739], [-72.71579150843817, 41.81438835570739]], [[-72.71579150843817, 41.8143808269554], [-72.71579593019818, 41.8143808269554]], [[-72.71579593019818, 41.8143758077874], [-72.71579593019818, 41.81438250001139]], [[-72.71580212066219, 41.81438250001139], [-72.71580212066219, 41.8143758077874]], [[-72.71579150843817, 41.81438835570739], [-72.71579593019818, 41.81438835570739], [-72.71579593019818, 41.8143900287634], [-72.71579150843817, 41.8143900287634], [-72.71579150843817, 41.81438835570739]], [[-72.71579593019818, 41.8143808269554], [-72.71579593019818, 41.81438835570739]], [[-72.71487266671018, 41.8142043195474], [-72.71487266671018, 41.814207665659396], [-72.71487531976618, 41.814207665659396], [-72.71487531976618, 41.8142043195474], [-72.71487266671018, 41.8142043195474]], [[-72.71546783560618, 41.8140913882674], [-72.71545899208618, 41.8140913882674], [-72.71545899208618, 41.8140897152114], [-72.71546783560618, 41.8140897152114], [-72.71546783560618, 41.8140913882674]], [[-72.7153192644702, 41.8139190634994], [-72.7153192644702, 41.8139098616914]], [[-72.7153192644702, 41.8139098616914], [-72.71531042095019, 41.8139098616914]], [[-72.71531042095019, 41.8139098616914], [-72.71531042095019, 41.8139190634994]], [[-72.71531042095019, 41.8139190634994], [-72.7153192644702, 41.8139190634994]], [[-72.71531572706219, 41.8139190634994], [-72.71531572706219, 41.8139098616914]], [[-72.71495048968617, 41.814315577771396], [-72.71495048968617, 41.8143105586034], [-72.71495225839018, 41.8143105586034], [-72.71495225839018, 41.814315577771396], [-72.71495048968617, 41.814315577771396]], [[-72.71483287087018, 41.8139098616914], [-72.71483287087018, 41.81390484252339], [-72.71482933346219, 41.81390484252339], [-72.71482933346219, 41.8139098616914], [-72.71483287087018, 41.8139098616914]], [[-72.71443137506218, 41.8143314718034], [-72.71443137506218, 41.814335654443404]], [[-72.71443137506218, 41.814335654443404], [-72.71442695330218, 41.814335654443404]], [[-72.71442695330218, 41.81432143346739], [-72.71442695330218, 41.81431725082739]], [[-72.71443137506218, 41.81431725082739], [-72.71443137506218, 41.81432143346739]], [[-72.71443137506218, 41.81432143346739], [-72.71442695330218, 41.81432143346739]], [[-72.71442695330218, 41.8143164142994], [-72.71442695330218, 41.81431725082739]], [[-72.71442695330218, 41.81431725082739], [-72.71443137506218, 41.81431725082739]], [[-72.71443137506218, 41.81431725082739], [-72.71443137506218, 41.8143164142994]], [[-72.71443137506218, 41.8143164142994], [-72.71442695330218, 41.8143164142994]], [[-72.71442695330218, 41.81431725082739], [-72.71443137506218, 41.81431725082739]], [[-72.71442695330218, 41.8143314718034], [-72.71443137506218, 41.8143314718034]], [[-72.71442695330218, 41.814335654443404], [-72.71442695330218, 41.8143314718034]], [[-72.71483375522217, 41.8141884255154], [-72.71489654421418, 41.8142796070674]], [[-72.71489654421418, 41.8141884255154], [-72.71483375522217, 41.8142796070674]], [[-72.71483375522217, 41.8142796070674], [-72.71489654421418, 41.8142796070674], [-72.71489654421418, 41.8141884255154], [-72.71483375522217, 41.8141884255154], [-72.71483375522217, 41.8142796070674]], [[-72.71502831266217, 41.8139592168434], [-72.71502831266217, 41.81394917850739], [-72.71502831266217, 41.8139483419794], [-72.71502831266217, 41.8139475054514], [-72.7150274283102, 41.8139475054514], [-72.71502654395817, 41.8139475054514], [-72.71502654395817, 41.81394666892339], [-72.71501946914218, 41.81394666892339], [-72.71501946914218, 41.8139475054514], [-72.71501858479019, 41.8139475054514], [-72.71501770043817, 41.8139483419794], [-72.71501770043817, 41.81394917850739], [-72.71501770043817, 41.8139592168434], [-72.71501593173419, 41.8139592168434], [-72.7150150473822, 41.8139592168434], [-72.7150150473822, 41.813960053371396], [-72.7150150473822, 41.813965072539396], [-72.7150150473822, 41.81396590906739], [-72.71501593173419, 41.81396590906739], [-72.71503008136618, 41.81396590906739], [-72.71503096571819, 41.81396590906739], [-72.71503096571819, 41.813965072539396], [-72.71503096571819, 41.813960053371396], [-72.71503096571819, 41.8139592168434], [-72.71503008136618, 41.8139592168434], [-72.71502831266217, 41.8139592168434]], [[-72.71502831266217, 41.8139592168434], [-72.71501770043817, 41.8139592168434]], [[-72.7149823263582, 41.8143264526354], [-72.7149823263582, 41.8143272891634]], [[-72.71498409506218, 41.81432812569139], [-72.7149823263582, 41.81432812569139]], [[-72.7149823263582, 41.81432561610739], [-72.71498144200618, 41.8143264526354]], [[-72.71498409506218, 41.81432561610739], [-72.7149823263582, 41.81432561610739]], [[-72.7149823263582, 41.814329798747394], [-72.71498409506218, 41.814329798747394]], [[-72.71498409506218, 41.814329798747394], [-72.7149823263582, 41.814329798747394]], [[-72.71498674811818, 41.81432561610739], [-72.71498321071017, 41.81432561610739]], [[-72.71498409506218, 41.8143264526354], [-72.7149823263582, 41.8143264526354]], [[-72.71498144200618, 41.8143264526354], [-72.71498144200618, 41.814329798747394]], [[-72.71498144200618, 41.814329798747394], [-72.7149823263582, 41.814329798747394]], [[-72.71498409506218, 41.814329798747394], [-72.7149823263582, 41.814329798747394]], [[-72.71498409506218, 41.8143264526354], [-72.7149823263582, 41.8143264526354]], [[-72.71498674811818, 41.81432561610739], [-72.71498674811818, 41.8143306352754], [-72.7149823263582, 41.8143306352754], [-72.7149823263582, 41.81432561610739], [-72.71498674811818, 41.81432561610739]], [[-72.71498409506218, 41.81432812569139], [-72.7149823263582, 41.81432812569139]], [[-72.71498321071017, 41.81432812569139], [-72.71498321071017, 41.814329798747394]], [[-72.71498409506218, 41.81432812569139], [-72.7149823263582, 41.81432812569139]], [[-72.71498321071017, 41.8143264526354], [-72.71498321071017, 41.8143272891634]], [[-72.71498409506218, 41.8143264526354], [-72.71498409506218, 41.8143272891634]], [[-72.71498321071017, 41.814329798747394], [-72.71498321071017, 41.81432812569139]], [[-72.7149823263582, 41.814329798747394], [-72.7149823263582, 41.81432812569139]], [[-72.71498409506218, 41.81432812569139], [-72.7149823263582, 41.81432812569139]], [[-72.71498321071017, 41.8143264526354], [-72.71498321071017, 41.8143272891634]], [[-72.71498409506218, 41.8143272891634], [-72.7149823263582, 41.8143272891634]], [[-72.71498409506218, 41.814329798747394], [-72.71498409506218, 41.81432812569139]], [[-72.7149823263582, 41.8143306352754], [-72.71498674811818, 41.8143306352754]], [[-72.71498409506218, 41.81432561610739], [-72.71498409506218, 41.8143306352754]], [[-72.71498409506218, 41.8143272891634], [-72.7149823263582, 41.81432812569139]], [[-72.71498409506218, 41.8143272891634], [-72.7149823263582, 41.8143272891634]], [[-72.71495402709418, 41.814339837083395], [-72.71495402709418, 41.8143406736114]], [[-72.71495402709418, 41.8143390005554], [-72.71495314274219, 41.8143390005554]], [[-72.71495314274219, 41.8143390005554], [-72.71495314274219, 41.814337327499395]], [[-72.71495314274219, 41.814337327499395], [-72.71495402709418, 41.814337327499395]], [[-72.71495402709418, 41.814337327499395], [-72.71495402709418, 41.8143381640274]], [[-72.71495402709418, 41.8143381640274], [-72.71495402709418, 41.8143390005554]], [[-72.7149549114462, 41.8143390005554], [-72.71495402709418, 41.8143390005554]], [[-72.71495402709418, 41.8143390005554], [-72.71495402709418, 41.814339837083395]], [[-72.7149549114462, 41.8143440197234], [-72.71495402709418, 41.8143440197234]], [[-72.7149549114462, 41.8143390005554], [-72.7149549114462, 41.8143406736114]], [[-72.7149549114462, 41.81434234666739], [-72.7149549114462, 41.8143440197234]], [[-72.71495402709418, 41.81434234666739], [-72.71495402709418, 41.8143440197234]], [[-72.71499559163817, 41.8140018797714], [-72.71499559163817, 41.8139901683794]], [[-72.71499559163817, 41.8139901683794], [-72.71500178210218, 41.8139901683794]], [[-72.71500178210218, 41.8139901683794], [-72.71500178210218, 41.8140018797714]], [[-72.71500178210218, 41.8140018797714], [-72.71499559163817, 41.8140018797714]], [[-72.71499559163817, 41.8140018797714], [-72.71499559163817, 41.8139901683794]], [[-72.71499559163817, 41.8139901683794], [-72.71498940117418, 41.8139901683794]], [[-72.71498940117418, 41.8139901683794], [-72.71498940117418, 41.8140018797714]], [[-72.71498940117418, 41.8140018797714], [-72.71499559163817, 41.8140018797714]], [[-72.71478776891817, 41.8139098616914], [-72.71478776891817, 41.8139040059954], [-72.71479219067818, 41.8139040059954], [-72.71479219067818, 41.8139098616914], [-72.71478776891817, 41.8139098616914]], [[-72.71449947016619, 41.8140353408914], [-72.71449947016619, 41.814045379227395], [-72.71449681711017, 41.814045379227395], [-72.71449681711017, 41.8140445426994], [-72.71449681711017, 41.814036177419396], [-72.71449681711017, 41.8140353408914], [-72.71449947016619, 41.8140353408914]], [[-72.71440307579819, 41.8142645495634], [-72.71439069487018, 41.8142645495634]], [[-72.71439069487018, 41.8142653860914], [-72.71440307579819, 41.8142653860914]], [[-72.71440307579819, 41.8142653860914], [-72.71440307579819, 41.8142645495634]], [[-72.71440219144618, 41.8142653860914], [-72.71440219144618, 41.814266222619395], [-72.71440307579819, 41.814266222619395]], [[-72.71440307579819, 41.814266222619395], [-72.71440396015018, 41.814266222619395], [-72.71440396015018, 41.8142645495634], [-72.71440307579819, 41.8142645495634]], [[-72.71440307579819, 41.8142645495634], [-72.71440219144618, 41.8142645495634]], [[-72.71439069487018, 41.814266222619395], [-72.71439069487018, 41.8142645495634]], [[-72.71439069487018, 41.8142645495634], [-72.71439157922218, 41.8142645495634]], [[-72.71440307579819, 41.8142645495634], [-72.71440307579819, 41.814266222619395]], [[-72.71439069487018, 41.8142645495634], [-72.71439069487018, 41.814266222619395]], [[-72.71439157922218, 41.8142653860914], [-72.71439157922218, 41.814266222619395], [-72.71439069487018, 41.814266222619395]], [[-72.71439069487018, 41.8142653860914], [-72.71439069487018, 41.8142645495634]], [[-72.71439688533418, 41.8140370139474], [-72.71439688533418, 41.8140462157554], [-72.71439334792619, 41.8140462157554], [-72.71439334792619, 41.8140370139474], [-72.71439688533418, 41.8140370139474]], [[-72.71508579554218, 41.81434234666739], [-72.71509021730218, 41.81434234666739], [-72.71509021730218, 41.81434652930739], [-72.71508579554218, 41.81434652930739], [-72.71508579554218, 41.81434234666739]], [[-72.71492661218218, 41.8143732982034], [-72.71493722440619, 41.8143732982034], [-72.71493722440619, 41.8143666059794], [-72.71492661218218, 41.8143666059794], [-72.71492661218218, 41.8143732982034]], [[-72.71488504763818, 41.8139541976754], [-72.71490096597418, 41.8139541976754], [-72.71490096597418, 41.8139533611474], [-72.71488504763818, 41.8139533611474], [-72.71488504763818, 41.8139541976754]], [[-72.71485497967018, 41.8141859159314], [-72.71484790485418, 41.8141859159314], [-72.71484790485418, 41.814182569819394], [-72.71485497967018, 41.814182569819394], [-72.71485497967018, 41.8141859159314]], [[-72.71505395887017, 41.813770998043395], [-72.71505395887017, 41.8137601231794], [-72.71505838063018, 41.8137601231794], [-72.71505838063018, 41.813770998043395], [-72.71505395887017, 41.813770998043395]], [[-72.71432967458219, 41.8143498754194], [-72.71432967458219, 41.8143482023634]], [[-72.71432436847019, 41.814347365835395], [-72.71432967458219, 41.814347365835395], [-72.71432967458219, 41.8143507119474], [-72.71432436847019, 41.8143507119474], [-72.71432436847019, 41.814347365835395]], [[-72.71432967458219, 41.8143507119474], [-72.71432436847019, 41.8143507119474], [-72.71432436847019, 41.814347365835395], [-72.71432967458219, 41.814347365835395]], [[-72.71493457135018, 41.8143306352754], [-72.71493457135018, 41.81432561610739]], [[-72.71493457135018, 41.81432561610739], [-72.71493191829418, 41.81432561610739]], [[-72.71493191829418, 41.81432561610739], [-72.71493191829418, 41.8143306352754]], [[-72.71493191829418, 41.8143306352754], [-72.71493457135018, 41.8143306352754]], [[-72.71552354978219, 41.8137408830354], [-72.71552620283819, 41.8137433926194], [-72.71552354978219, 41.813745902203394], [-72.71552089672619, 41.8137433926194], [-72.71552354978219, 41.8137408830354]], [[-72.71481518383017, 41.814036177419396], [-72.71481518383017, 41.8140411965874], [-72.71481429947819, 41.8140411965874], [-72.71481429947819, 41.814036177419396], [-72.71481518383017, 41.814036177419396]], [[-72.71495225839018, 41.8143431831954], [-72.71495225839018, 41.8143415101394]], [[-72.71495402709418, 41.8143390005554], [-72.71495402709418, 41.814339837083395]], [[-72.7149549114462, 41.8143390005554], [-72.7149549114462, 41.814339837083395]], [[-72.7149549114462, 41.8143431831954], [-72.71495402709418, 41.8143431831954]], [[-72.7149549114462, 41.8143431831954], [-72.71495402709418, 41.8143431831954]], [[-72.7149549114462, 41.8143415101394], [-72.7149549114462, 41.8143431831954]], [[-72.71495402709418, 41.8143415101394], [-72.71495402709418, 41.8143431831954]], [[-72.71495668015018, 41.81434234666739], [-72.71495668015018, 41.8143406736114]], [[-72.71495402709418, 41.8143440197234], [-72.71495402709418, 41.8143415101394]], [[-72.71495402709418, 41.8143415101394], [-72.71495402709418, 41.814339837083395]], [[-72.71495314274219, 41.8143390005554], [-72.71495402709418, 41.8143390005554]], [[-72.71495402709418, 41.814337327499395], [-72.71495402709418, 41.8143381640274]], [[-72.71495314274219, 41.8143390005554], [-72.71495314274219, 41.814339837083395]], [[-72.71495314274219, 41.814337327499395], [-72.71495402709418, 41.814337327499395]], [[-72.71495579579818, 41.8143431831954], [-72.71495668015018, 41.8143431831954], [-72.71495668015018, 41.8143456927794], [-72.71495579579818, 41.8143456927794], [-72.71495225839018, 41.8143456927794], [-72.71495225839018, 41.8143440197234]], [[-72.7149549114462, 41.814339837083395], [-72.71495402709418, 41.814339837083395]], [[-72.71495314274219, 41.814339837083395], [-72.71495314274219, 41.8143390005554]], [[-72.71495137403818, 41.8143415101394], [-72.7149549114462, 41.8143415101394]], [[-72.71495225839018, 41.814339837083395], [-72.71495225839018, 41.8143390005554]], [[-72.71495402709418, 41.814337327499395], [-72.71495314274219, 41.814337327499395]], [[-72.71495402709418, 41.814339837083395], [-72.71495402709418, 41.8143415101394]], [[-72.71495137403818, 41.8143415101394], [-72.7149549114462, 41.8143415101394]], [[-72.7149549114462, 41.8143415101394], [-72.7149549114462, 41.8143431831954]], [[-72.7149549114462, 41.814339837083395], [-72.71495579579818, 41.814339837083395]], [[-72.71495402709418, 41.8143415101394], [-72.71495402709418, 41.8143431831954]], [[-72.71495314274219, 41.8143431831954], [-72.71495314274219, 41.8143415101394]], [[-72.7149549114462, 41.814339837083395], [-72.7149549114462, 41.8143415101394]], [[-72.71495402709418, 41.8143431831954], [-72.71495225839018, 41.8143431831954]], [[-72.71495225839018, 41.814339837083395], [-72.71495402709418, 41.814339837083395]], [[-72.71495402709418, 41.8143381640274], [-72.71495402709418, 41.8143390005554]], [[-72.71495402709418, 41.8143390005554], [-72.71495402709418, 41.814339837083395]], [[-72.71495314274219, 41.814339837083395], [-72.71495314274219, 41.8143415101394]], [[-72.71495225839018, 41.8143390005554], [-72.71495225839018, 41.814337327499395], [-72.71495579579818, 41.814337327499395], [-72.71495668015018, 41.814337327499395], [-72.71495668015018, 41.814339837083395], [-72.71495579579818, 41.814339837083395]], [[-72.7149549114462, 41.8143415101394], [-72.7149549114462, 41.8143390005554]], [[-72.71495579579818, 41.8143431831954], [-72.7149549114462, 41.8143431831954]], [[-72.71495402709418, 41.8143390005554], [-72.71495314274219, 41.8143390005554]], [[-72.71495225839018, 41.8143415101394], [-72.71495225839018, 41.814339837083395]], [[-72.71495225839018, 41.8143390005554], [-72.71495137403818, 41.8143390005554], [-72.71495137403818, 41.8143415101394], [-72.71495137403818, 41.8143440197234], [-72.71495225839018, 41.8143440197234]], [[-72.71495402709418, 41.8143390005554], [-72.71495402709418, 41.814337327499395]], [[-72.7149549114462, 41.814339837083395], [-72.71495402709418, 41.814339837083395]], [[-72.7149549114462, 41.8143415101394], [-72.7149549114462, 41.8143440197234]], [[-72.71495314274219, 41.8143415101394], [-72.71495314274219, 41.814339837083395]], [[-72.71495314274219, 41.8143390005554], [-72.71495314274219, 41.814337327499395]], [[-72.71495225839018, 41.8143440197234], [-72.71495225839018, 41.8143431831954]], [[-72.7149549114462, 41.8143390005554], [-72.7149549114462, 41.8143415101394]], [[-72.7149549114462, 41.8143390005554], [-72.71495402709418, 41.8143390005554]], [[-72.71495314274219, 41.8143415101394], [-72.71495314274219, 41.8143431831954]], [[-72.7149549114462, 41.8143440197234], [-72.71495402709418, 41.8143440197234]], [[-72.71495314274219, 41.814337327499395], [-72.71495314274219, 41.8143390005554]], [[-72.71495402709418, 41.814339837083395], [-72.71495402709418, 41.8143415101394]], [[-72.71495402709418, 41.814339837083395], [-72.71495402709418, 41.8143415101394]], [[-72.71523790408618, 41.8137567770674], [-72.71523790408618, 41.813764305819404]], [[-72.71523171362219, 41.813764305819404], [-72.71523790408618, 41.813764305819404]], [[-72.71523790408618, 41.8137718345714], [-72.71523171362219, 41.8137718345714]], [[-72.71524674760617, 41.8137726710994], [-72.7152405571422, 41.8137726710994]], [[-72.71523790408618, 41.8137801998514], [-72.71523790408618, 41.813787728603394]], [[-72.71523790408618, 41.813787728603394], [-72.71523171362219, 41.813787728603394]], [[-72.71524674760617, 41.8137801998514], [-72.7152405571422, 41.8137801998514]], [[-72.7152405571422, 41.813787728603394], [-72.71524674760617, 41.813787728603394]], [[-72.71523171362219, 41.8137885651314], [-72.71523790408618, 41.8137885651314]], [[-72.71523790408618, 41.81379609388339], [-72.71523171362219, 41.81379609388339]], [[-72.7152405571422, 41.813819516667394], [-72.7152405571422, 41.813827045419394]], [[-72.7152405571422, 41.8138354106994], [-72.7152405571422, 41.8138278819474]], [[-72.7152405571422, 41.8138278819474], [-72.71524674760617, 41.8138278819474]], [[-72.71523171362219, 41.8138354106994], [-72.71523171362219, 41.8137567770674]], [[-72.71524674760617, 41.8138119879154], [-72.7152405571422, 41.8138119879154]], [[-72.71523790408618, 41.81379609388339], [-72.71523790408618, 41.8138036226354]], [[-72.71524674760617, 41.8138354106994], [-72.71523171362219, 41.8138354106994]], [[-72.71523790408618, 41.813819516667394], [-72.71523790408618, 41.813827045419394]], [[-72.71523790408618, 41.8138278819474], [-72.71523171362219, 41.8138278819474]], [[-72.7152405571422, 41.8138119879154], [-72.7152405571422, 41.813819516667394]], [[-72.71523171362219, 41.8138119879154], [-72.71523790408618, 41.8138119879154]], [[-72.71523790408618, 41.8138111513874], [-72.71523171362219, 41.8138111513874]], [[-72.71524674760617, 41.81379609388339], [-72.7152405571422, 41.81379609388339]], [[-72.7152405571422, 41.8137718345714], [-72.71524674760617, 41.8137718345714]], [[-72.71524674760617, 41.8137885651314], [-72.7152405571422, 41.8137885651314]], [[-72.7152405571422, 41.8137567770674], [-72.7152405571422, 41.813764305819404]], [[-72.71524674760617, 41.8137567770674], [-72.71524674760617, 41.8138354106994]], [[-72.7152405571422, 41.8137801998514], [-72.7152405571422, 41.813787728603394]], [[-72.71523171362219, 41.813819516667394], [-72.71523790408618, 41.813819516667394]], [[-72.71524674760617, 41.813764305819404], [-72.7152405571422, 41.813764305819404]], [[-72.71523171362219, 41.8137726710994], [-72.71523790408618, 41.8137726710994]], [[-72.7152405571422, 41.81379609388339], [-72.7152405571422, 41.8138036226354]], [[-72.71524674760617, 41.813819516667394], [-72.7152405571422, 41.813819516667394]], [[-72.7152405571422, 41.8137801998514], [-72.71524674760617, 41.8137801998514]], [[-72.71523790408618, 41.8137885651314], [-72.71523790408618, 41.81379609388339]], [[-72.7152405571422, 41.813819516667394], [-72.71524674760617, 41.813819516667394]], [[-72.71523790408618, 41.813764305819404], [-72.71523790408618, 41.8137718345714]], [[-72.7152405571422, 41.8138036226354], [-72.71524674760617, 41.8138036226354]], [[-72.71523790408618, 41.8137726710994], [-72.71523790408618, 41.8137801998514]], [[-72.71523171362219, 41.8137801998514], [-72.71523790408618, 41.8137801998514]], [[-72.71523790408618, 41.8138036226354], [-72.71523171362219, 41.8138036226354]], [[-72.7152405571422, 41.813764305819404], [-72.7152405571422, 41.8137718345714]], [[-72.71523790408618, 41.8137801998514], [-72.71523171362219, 41.8137801998514]], [[-72.7152405571422, 41.813827045419394], [-72.71524674760617, 41.813827045419394]], [[-72.7152405571422, 41.8137885651314], [-72.7152405571422, 41.81379609388339]], [[-72.7152405571422, 41.81379609388339], [-72.71524674760617, 41.81379609388339]], [[-72.71523171362219, 41.81379609388339], [-72.71523790408618, 41.81379609388339]], [[-72.7152405571422, 41.8137726710994], [-72.7152405571422, 41.8137801998514]], [[-72.7152405571422, 41.8138036226354], [-72.7152405571422, 41.8138111513874]], [[-72.71523790408618, 41.813827045419394], [-72.71523171362219, 41.813827045419394]], [[-72.71523790408618, 41.813819516667394], [-72.71523171362219, 41.813819516667394]], [[-72.71523790408618, 41.8138354106994], [-72.71523790408618, 41.8138278819474]], [[-72.71523171362219, 41.8137567770674], [-72.71524674760617, 41.8137567770674]], [[-72.71524674760617, 41.8138036226354], [-72.7152405571422, 41.8138036226354]], [[-72.71523790408618, 41.8138036226354], [-72.71523790408618, 41.8138111513874]], [[-72.71523790408618, 41.8138119879154], [-72.71523790408618, 41.813819516667394]], [[-72.71523171362219, 41.8138036226354], [-72.71523790408618, 41.8138036226354]], [[-72.71523790408618, 41.813764305819404], [-72.71523171362219, 41.813764305819404]], [[-72.7152405571422, 41.8138111513874], [-72.71524674760617, 41.8138111513874]], [[-72.7152405571422, 41.813764305819404], [-72.71524674760617, 41.813764305819404]], [[-72.71446409608618, 41.814286299291396], [-72.71445967432619, 41.814286299291396], [-72.71445967432619, 41.814290481931394], [-72.71446409608618, 41.814290481931394], [-72.71446409608618, 41.814286299291396]], [[-72.71496021755819, 41.814315577771396], [-72.71496021755819, 41.8143105586034], [-72.71495844885419, 41.8143105586034], [-72.71495844885419, 41.814315577771396], [-72.71496021755819, 41.814315577771396]], [[-72.71511497915819, 41.814354894587396], [-72.7151061356382, 41.814354894587396], [-72.7151061356382, 41.8143498754194], [-72.71511497915819, 41.8143498754194], [-72.71511497915819, 41.814354894587396]], [[-72.71477627234218, 41.8141516182834], [-72.71477627234218, 41.814146599115396], [-72.71477273493419, 41.814146599115396], [-72.71477273493419, 41.8141516182834], [-72.71477627234218, 41.8141516182834]], [[-72.71432436847019, 41.8143507119474], [-72.71432967458219, 41.8143507119474], [-72.71432967458219, 41.81435405805939], [-72.71432436847019, 41.81435405805939], [-72.71432436847019, 41.8143507119474]], [[-72.71432967458219, 41.81435405805939], [-72.71432436847019, 41.81435405805939], [-72.71432436847019, 41.8143507119474], [-72.71432967458219, 41.8143507119474]], [[-72.71432967458219, 41.8143532215314], [-72.71432967458219, 41.81435154847539]], [[-72.71498497941418, 41.81432143346739], [-72.71498497941418, 41.8143164142994]], [[-72.71498497941418, 41.8143164142994], [-72.71498763247018, 41.8143164142994]], [[-72.71498763247018, 41.8143164142994], [-72.71498763247018, 41.81432143346739]], [[-72.71498763247018, 41.81432143346739], [-72.71498497941418, 41.81432143346739]], [[-72.71550497839019, 41.8142896454034], [-72.71549348181419, 41.8142896454034], [-72.71549348181419, 41.8142846262354], [-72.71550497839019, 41.8142846262354], [-72.71550497839019, 41.8142896454034]], [[-72.71550320968619, 41.8142854627634], [-72.71549525051817, 41.8142854627634]], [[-72.71549525051817, 41.814286299291396], [-72.71549525051817, 41.8142896454034]], [[-72.71549525051817, 41.8142896454034], [-72.71550320968619, 41.8142896454034]], [[-72.71550320968619, 41.8142896454034], [-72.71550320968619, 41.814286299291396]], [[-72.71549525051817, 41.8142854627634], [-72.71549525051817, 41.8142846262354]], [[-72.71549525051817, 41.8142846262354], [-72.71549348181419, 41.8142846262354]], [[-72.71549348181419, 41.8142846262354], [-72.71549348181419, 41.814286299291396]], [[-72.71549348181419, 41.814286299291396], [-72.71549525051817, 41.814286299291396]], [[-72.71549525051817, 41.814286299291396], [-72.71549525051817, 41.8142854627634]], [[-72.71550320968619, 41.8142854627634], [-72.71550320968619, 41.8142846262354]], [[-72.71550320968619, 41.8142846262354], [-72.71550497839019, 41.8142846262354]], [[-72.71550497839019, 41.8142846262354], [-72.71550497839019, 41.814286299291396]], [[-72.71550497839019, 41.814286299291396], [-72.71550320968619, 41.814286299291396]], [[-72.71550320968619, 41.814286299291396], [-72.71550320968619, 41.8142854627634]], [[-72.7153466793822, 41.8138998233554], [-72.71539885615017, 41.8138998233554]], [[-72.71539001263018, 41.81390233293939], [-72.71535552290219, 41.81390233293939]], [[-72.71538205346218, 41.813915717387395], [-72.7153466793822, 41.813915717387395]], [[-72.71539885615017, 41.8138998233554], [-72.71539885615017, 41.8139357940594]], [[-72.71539620309417, 41.8139081886354], [-72.71539089698219, 41.8139081886354]], [[-72.71534844808617, 41.8139073521074], [-72.71539001263018, 41.8139073521074]], [[-72.71539001263018, 41.8139081886354], [-72.71534844808617, 41.8139081886354]], [[-72.71538205346218, 41.8139357940594], [-72.71538205346218, 41.813915717387395]], [[-72.71537497864618, 41.813929938363394], [-72.71537497864618, 41.8139215730834]], [[-72.71539885615017, 41.8139357940594], [-72.71538205346218, 41.8139357940594]], [[-72.71539001263018, 41.8139073521074], [-72.71539001263018, 41.8139014964114]], [[-72.71539620309417, 41.813932447947394], [-72.71539620309417, 41.8139081886354]], [[-72.71535552290219, 41.813913207803395], [-72.71538470651818, 41.813913207803395]], [[-72.71535552290219, 41.81390233293939], [-72.71535552290219, 41.8139073521074]], [[-72.71535729160618, 41.8139215730834], [-72.71535729160618, 41.813929938363394]], [[-72.71537497864618, 41.8139215730834], [-72.71535729160618, 41.8139215730834]], [[-72.71539089698219, 41.813933284475404], [-72.71539001263018, 41.813933284475404]], [[-72.71535729160618, 41.813929938363394], [-72.71537497864618, 41.813929938363394]], [[-72.71534844808617, 41.8139081886354], [-72.71534844808617, 41.8139073521074]], [[-72.71539001263018, 41.8139014964114], [-72.71539089698219, 41.8139014964114]], [[-72.7153466793822, 41.813915717387395], [-72.7153466793822, 41.8138998233554]], [[-72.71539089698219, 41.8139014964114], [-72.71539089698219, 41.813933284475404]], [[-72.71539001263018, 41.813933284475404], [-72.71539001263018, 41.8139081886354]], [[-72.71538470651818, 41.813913207803395], [-72.71538470651818, 41.813932447947394]], [[-72.71538470651818, 41.813932447947394], [-72.71539001263018, 41.813932447947394]], [[-72.71535552290219, 41.8139081886354], [-72.71535552290219, 41.813913207803395]], [[-72.71539089698219, 41.813932447947394], [-72.71539620309417, 41.813932447947394]], [[-72.71489654421418, 41.81427793401139], [-72.71489654421418, 41.8142729148434], [-72.71489477551019, 41.8142729148434], [-72.71489477551019, 41.81427793401139], [-72.71489654421418, 41.81427793401139]], [[-72.71553062459819, 41.81420097343539], [-72.71553681506218, 41.81420097343539]], [[-72.71553062459819, 41.81420097343539], [-72.71553681506218, 41.81420097343539]], [[-72.71553062459819, 41.81418675245939], [-72.71553681506218, 41.81418675245939]], [[-72.71553062459819, 41.8141859159314], [-72.71553681506218, 41.8141859159314]], [[-72.71553327765417, 41.814183406347404], [-72.71553416200618, 41.814183406347404]], [[-72.71553327765417, 41.81420348301939], [-72.71553416200618, 41.81420348301939]], [[-72.71554212117418, 41.81420348301939], [-72.71553416200618, 41.81420348301939]], [[-72.71553327765417, 41.8141859159314], [-72.71553416200618, 41.8141859159314]], [[-72.71553327765417, 41.81418675245939], [-72.71553327765417, 41.8141859159314]], [[-72.71553062459819, 41.81420348301939], [-72.71552620283819, 41.81420348301939]], [[-72.71554035247017, 41.81420348301939], [-72.71553681506218, 41.81420348301939]], [[-72.71553327765417, 41.81420097343539], [-72.71553416200618, 41.81420097343539]], [[-72.71552531848619, 41.81420348301939], [-72.71552531848619, 41.814183406347404]], [[-72.71553062459819, 41.814183406347404], [-72.71553062459819, 41.81420348301939]], [[-72.71553327765417, 41.8141859159314], [-72.71553416200618, 41.8141859159314]], [[-72.71553416200618, 41.81420348301939], [-72.71553416200618, 41.814183406347404]], [[-72.71553416200618, 41.81418675245939], [-72.71553327765417, 41.81418675245939]], [[-72.71554035247017, 41.814183406347404], [-72.71553681506218, 41.814183406347404]], [[-72.71553327765417, 41.81420097343539], [-72.71553416200618, 41.81420097343539]], [[-72.71553681506218, 41.814183406347404], [-72.71553681506218, 41.81420348301939]], [[-72.71553416200618, 41.8141859159314], [-72.71553416200618, 41.81418675245939]], [[-72.71552620283819, 41.814183406347404], [-72.71552620283819, 41.81420348301939]], [[-72.71553327765417, 41.81418675245939], [-72.71553416200618, 41.81418675245939]], [[-72.71553327765417, 41.81420348301939], [-72.71552531848619, 41.81420348301939]], [[-72.71553327765417, 41.814183406347404], [-72.71552797154217, 41.814183406347404]], [[-72.71553416200618, 41.814183406347404], [-72.71553946811818, 41.814183406347404]], [[-72.71552531848619, 41.814183406347404], [-72.71553327765417, 41.814183406347404]], [[-72.71553327765417, 41.814183406347404], [-72.71553327765417, 41.81420348301939]], [[-72.71553416200618, 41.81420097343539], [-72.71553327765417, 41.81420097343539]], [[-72.71553327765417, 41.81420097343539], [-72.71553416200618, 41.81420097343539]], [[-72.71553416200618, 41.814183406347404], [-72.71554212117418, 41.814183406347404]], [[-72.71554212117418, 41.814183406347404], [-72.71554212117418, 41.81420348301939]], [[-72.71554035247017, 41.814183406347404], [-72.71554035247017, 41.81420348301939]], [[-72.71553062459819, 41.814183406347404], [-72.71552620283819, 41.814183406347404]], [[-72.71461089851819, 41.8143431831954], [-72.71461089851819, 41.8143482023634], [-72.7146126672222, 41.8143482023634], [-72.7146126672222, 41.8143431831954], [-72.71461089851819, 41.8143431831954]], [[-72.71492572783019, 41.8139391401714], [-72.71492307477418, 41.8139391401714]], [[-72.71491334690218, 41.8139391401714], [-72.71491599995818, 41.8139391401714]], [[-72.71492484347819, 41.8139449958674], [-72.71491423125418, 41.8139449958674]], [[-72.71491953736619, 41.8139433228114], [-72.71491953736619, 41.81394415933939], [-72.71491953736619, 41.8139433228114]], [[-72.71492484347819, 41.8139449958674], [-72.71492484347819, 41.8139558707314], [-72.71492484347819, 41.81395670725939], [-72.71492395912618, 41.81395670725939], [-72.71492395912618, 41.813957543787396], [-72.71492307477418, 41.813957543787396], [-72.71491599995818, 41.813957543787396], [-72.71491511560619, 41.813957543787396], [-72.71491511560619, 41.81395670725939], [-72.71491423125418, 41.81395670725939], [-72.71491423125418, 41.8139558707314], [-72.71491423125418, 41.8139449958674], [-72.71491246255017, 41.8139449958674], [-72.71491157819817, 41.8139449958674], [-72.71491157819817, 41.8139391401714], [-72.71491246255017, 41.8139391401714], [-72.71492661218218, 41.8139391401714], [-72.71492749653417, 41.8139391401714], [-72.71492749653417, 41.8139449958674], [-72.71492661218218, 41.8139449958674], [-72.71492484347819, 41.8139449958674]], [[-72.71477185058218, 41.8139801300434], [-72.71477185058218, 41.8139901683794]], [[-72.71477715669417, 41.8139901683794], [-72.71477715669417, 41.8139801300434]], [[-72.71477715669417, 41.8139801300434], [-72.71477185058218, 41.8139801300434]], [[-72.71477715669417, 41.8139901683794], [-72.71477715669417, 41.8139801300434]], [[-72.71477715669417, 41.8139901683794], [-72.71477185058218, 41.8139901683794]], [[-72.71482756475818, 41.81430888554739], [-72.71482756475818, 41.8143139047154], [-72.71482844911017, 41.8143139047154], [-72.71482844911017, 41.81430888554739], [-72.71482756475818, 41.81430888554739]], [[-72.71462062639017, 41.81400271629939], [-72.71462062639017, 41.814003552827394], [-72.71462062639017, 41.8140043893554], [-72.71462151074219, 41.8140043893554], [-72.71462239509418, 41.8140043893554], [-72.71462151074219, 41.8140043893554], [-72.71462062639017, 41.814003552827394], [-72.71462151074219, 41.814003552827394], [-72.71462062639017, 41.81400271629939]], [[-72.71462062639017, 41.81400271629939], [-72.71462151074219, 41.814003552827394], [-72.71462151074219, 41.8140043893554]], [[-72.71462151074219, 41.8140043893554], [-72.71462239509418, 41.8140043893554]], [[-72.71497878895018, 41.814315577771396], [-72.71497878895018, 41.8143105586034], [-72.71498144200618, 41.8143105586034], [-72.71498144200618, 41.814315577771396], [-72.71497878895018, 41.814315577771396]], [[-72.71432967458219, 41.81434652930739], [-72.71432967458219, 41.8143440197234]], [[-72.71432967458219, 41.81434652930739], [-72.71432436847019, 41.81434652930739], [-72.71432436847019, 41.8143440197234], [-72.71432967458219, 41.8143440197234]], [[-72.71432436847019, 41.8143431831954], [-72.71432967458219, 41.8143431831954], [-72.71432967458219, 41.814347365835395], [-72.71432436847019, 41.814347365835395], [-72.71432436847019, 41.8143431831954]], [[-72.71473382344618, 41.814042869643394], [-72.71473382344618, 41.814062946315396], [-72.71471613640618, 41.814062946315396], [-72.71471613640618, 41.814042869643394], [-72.71473382344618, 41.814042869643394]], [[-72.71516273416619, 41.8143147412434], [-72.71516273416619, 41.8143247795794], [-72.7151565437022, 41.8143247795794], [-72.7151565437022, 41.8143147412434], [-72.71516273416619, 41.8143147412434]], [[-72.71496021755819, 41.8142118482994], [-72.71495756450217, 41.8142118482994]], [[-72.71496640802218, 41.814222723163404], [-72.71496640802218, 41.81425283817139]], [[-72.71496021755819, 41.81424363636339], [-72.71495933320618, 41.81424363636339]], [[-72.71499647599018, 41.814268732203395], [-72.71499647599018, 41.8142678956754]], [[-72.71500266645417, 41.8142118482994], [-72.71500531951018, 41.8142118482994]], [[-72.71498409506218, 41.814268732203395], [-72.71498409506218, 41.8142729148434]], [[-72.71500266645417, 41.8142118482994], [-72.71499647599018, 41.8142118482994]], [[-72.71499647599018, 41.8142118482994], [-72.71499647599018, 41.814219377051394]], [[-72.71498497941418, 41.8142143578834], [-72.71497878895018, 41.8142143578834]], [[-72.71497878895018, 41.8142210501074], [-72.71498144200618, 41.8142210501074]], [[-72.71498409506218, 41.814268732203395], [-72.71495756450217, 41.814268732203395]], [[-72.71498497941418, 41.8142210501074], [-72.71498497941418, 41.8142202135794]], [[-72.71495756450217, 41.8142118482994], [-72.71496640802218, 41.8142118482994]], [[-72.71497878895018, 41.81425283817139], [-72.71497878895018, 41.8142503285874]], [[-72.71499647599018, 41.8142729148434], [-72.71499647599018, 41.8142678956754]], [[-72.71498497941418, 41.8142202135794], [-72.71497878895018, 41.8142202135794]], [[-72.71498409506218, 41.8142503285874], [-72.71498409506218, 41.81425283817139]], [[-72.71500531951018, 41.8142110117714], [-72.71499647599018, 41.8142110117714]], [[-72.7149823263582, 41.8142394537234], [-72.71498144200618, 41.8142394537234]], [[-72.71498409506218, 41.8142678956754], [-72.71498409506218, 41.814268732203395]], [[-72.71496640802218, 41.8142118482994], [-72.71496021755819, 41.8142118482994]], [[-72.71497878895018, 41.8142503285874], [-72.71498409506218, 41.8142503285874]], [[-72.71495844885419, 41.814268732203395], [-72.71498409506218, 41.814268732203395]], [[-72.71497878895018, 41.814249492059396], [-72.71498497941418, 41.814249492059396]], [[-72.71500266645417, 41.81421770399539], [-72.71500266645417, 41.8142118482994]], [[-72.71496640802218, 41.81425283817139], [-72.71496021755819, 41.81425283817139]], [[-72.71498144200618, 41.8142210501074], [-72.71498497941418, 41.8142210501074]], [[-72.71497878895018, 41.8142143578834], [-72.71497878895018, 41.8142260692754]], [[-72.71500266645417, 41.814268732203395], [-72.71499647599018, 41.814268732203395]], [[-72.71496021755819, 41.8142118482994], [-72.71496021755819, 41.814231924971395]], [[-72.71499647599018, 41.8142729148434], [-72.71499647599018, 41.814268732203395]], [[-72.71498409506218, 41.8142678956754], [-72.71498409506218, 41.8142729148434]], [[-72.71500266645417, 41.81423610761139], [-72.71499647599018, 41.81423610761139]], [[-72.71500178210218, 41.81423610761139], [-72.71500178210218, 41.8142369441394]], [[-72.71497878895018, 41.8142260692754], [-72.71498497941418, 41.8142260692754]], [[-72.71495933320618, 41.814231924971395], [-72.71496021755819, 41.814231924971395]], [[-72.71498144200618, 41.8142210501074], [-72.71498144200618, 41.8142394537234]], [[-72.71496021755819, 41.81425283817139], [-72.71496021755819, 41.81424363636339]], [[-72.71498409506218, 41.81425283817139], [-72.71497878895018, 41.81425283817139]], [[-72.71498497941418, 41.814249492059396], [-72.71498497941418, 41.8142503285874]], [[-72.71500178210218, 41.8142369441394], [-72.71500178210218, 41.81423610761139]], [[-72.71496021755819, 41.814222723163404], [-72.71496640802218, 41.814222723163404]], [[-72.71498497941418, 41.8142260692754], [-72.71498497941418, 41.8142143578834]], [[-72.71495756450217, 41.8142704052594], [-72.71495844885419, 41.8142704052594]], [[-72.71500531951018, 41.8142118482994], [-72.71500531951018, 41.8142110117714]], [[-72.71500266645417, 41.814268732203395], [-72.71500266645417, 41.8142118482994]], [[-72.71500708821418, 41.81421770399539], [-72.71500266645417, 41.81421770399539]], [[-72.71496021755819, 41.814231924971395], [-72.71496021755819, 41.8142118482994]], [[-72.71498144200618, 41.8142394537234], [-72.71498144200618, 41.8142210501074]], [[-72.71500266645417, 41.8142118482994], [-72.71500266645417, 41.814268732203395]], [[-72.71497878895018, 41.8142202135794], [-72.71497878895018, 41.8142210501074]], [[-72.71495933320618, 41.81424363636339], [-72.71495933320618, 41.814231924971395]], [[-72.71500266645417, 41.814219377051394], [-72.71500266645417, 41.8142118482994]], [[-72.71495756450217, 41.814268732203395], [-72.71495756450217, 41.8142704052594]], [[-72.71496021755819, 41.8142628765074], [-72.71496640802218, 41.8142628765074]], [[-72.71496640802218, 41.8142628765074], [-72.71496021755819, 41.8142628765074]], [[-72.71498409506218, 41.8142729148434], [-72.71498409506218, 41.8142678956754]], [[-72.71500708821418, 41.814268732203395], [-72.71500266645417, 41.814268732203395]], [[-72.71499647599018, 41.8142678956754], [-72.71498409506218, 41.8142678956754]], [[-72.71496021755819, 41.8142628765074], [-72.71496021755819, 41.81424363636339]], [[-72.71498055765419, 41.814249492059396], [-72.7149823263582, 41.814249492059396]], [[-72.71499647599018, 41.814268732203395], [-72.71500708821418, 41.814268732203395]], [[-72.71498497941418, 41.8142503285874], [-72.71497878895018, 41.8142503285874]], [[-72.71499647599018, 41.8142110117714], [-72.71499647599018, 41.8142118482994]], [[-72.71500355080619, 41.8142118482994], [-72.71500355080619, 41.81421770399539]], [[-72.71499647599018, 41.8142678956754], [-72.71499647599018, 41.8142729148434]], [[-72.71496021755819, 41.81424363636339], [-72.71496021755819, 41.8142628765074]], [[-72.71498409506218, 41.8142729148434], [-72.71499647599018, 41.8142729148434]], [[-72.71499647599018, 41.8142453094194], [-72.71500266645417, 41.8142453094194]], [[-72.7149823263582, 41.814249492059396], [-72.7149823263582, 41.8142394537234]], [[-72.71500266645417, 41.8142118482994], [-72.71500708821418, 41.8142118482994]], [[-72.71495844885419, 41.8142704052594], [-72.71495844885419, 41.814268732203395]], [[-72.71500708821418, 41.8142118482994], [-72.71500708821418, 41.81421770399539]], [[-72.71496021755819, 41.814231924971395], [-72.71496021755819, 41.814222723163404]], [[-72.71498144200618, 41.8142394537234], [-72.71498055765419, 41.8142394537234]], [[-72.71499647599018, 41.814219377051394], [-72.71500266645417, 41.814219377051394]], [[-72.71497878895018, 41.8142503285874], [-72.71497878895018, 41.814249492059396]], [[-72.71499647599018, 41.8142118482994], [-72.71500266645417, 41.8142118482994]], [[-72.71498055765419, 41.8142394537234], [-72.71498055765419, 41.814249492059396]], [[-72.71500266645417, 41.8142453094194], [-72.71500266645417, 41.81423610761139]], [[-72.71499647599018, 41.81423610761139], [-72.71499647599018, 41.8142453094194]], [[-72.71463123861417, 41.8139408132274], [-72.71463831343017, 41.8139408132274]], [[-72.71463123861417, 41.8139383036434], [-72.71463123861417, 41.8139408132274]], [[-72.71462504815018, 41.8139483419794], [-72.71462504815018, 41.8139383036434], [-72.71464185083818, 41.8139383036434], [-72.71464273519018, 41.8139383036434], [-72.71464273519018, 41.8139391401714], [-72.71464361954219, 41.8139391401714], [-72.71464450389418, 41.8139391401714], [-72.71464450389418, 41.813939976699395], [-72.7146453882462, 41.813939976699395], [-72.7146453882462, 41.8139408132274], [-72.7146453882462, 41.8139416497554], [-72.7146453882462, 41.813942486283395], [-72.7146453882462, 41.8139433228114], [-72.7146453882462, 41.81394415933939], [-72.71464450389418, 41.8139449958674], [-72.71464361954219, 41.8139458323954], [-72.71464273519018, 41.8139458323954], [-72.71464185083818, 41.8139458323954], [-72.71463831343017, 41.8139458323954], [-72.71463831343017, 41.8139483419794], [-72.71462504815018, 41.8139483419794]], [[-72.71463831343017, 41.81394666892339], [-72.71463831343017, 41.8139383036434]], [[-72.71462770120618, 41.8139458323954], [-72.71462770120618, 41.8139449958674], [-72.71462858555819, 41.8139449958674], [-72.71462858555819, 41.8139458323954], [-72.71462770120618, 41.8139458323954]], [[-72.71501946914218, 41.8139826396274], [-72.71501593173419, 41.8139826396274], [-72.71501593173419, 41.8139792935154], [-72.71501946914218, 41.8139792935154], [-72.71501946914218, 41.8139826396274]], [[-72.71516361851818, 41.8143139047154], [-72.71516361851818, 41.8143147412434]], [[-72.71516450287018, 41.814313068187396], [-72.71516361851818, 41.814313068187396]], [[-72.71515300629417, 41.8143139047154], [-72.71515300629417, 41.8143147412434], [-72.71516450287018, 41.8143147412434], [-72.71516450287018, 41.8143139047154], [-72.71515300629417, 41.8143139047154]], [[-72.71515389064618, 41.8143139047154], [-72.71515389064618, 41.8143147412434]], [[-72.71515300629417, 41.814313068187396], [-72.71515477499818, 41.814313068187396]], [[-72.71516450287018, 41.8143147412434], [-72.71516361851818, 41.8143147412434]], [[-72.71515300629417, 41.8143147412434], [-72.71515477499818, 41.8143147412434]], [[-72.71516450287018, 41.8143139047154], [-72.71516450287018, 41.814313068187396]], [[-72.71515477499818, 41.8143139047154], [-72.71515477499818, 41.814313068187396]], [[-72.71516361851818, 41.8143139047154], [-72.71516361851818, 41.814313068187396]], [[-72.71515300629417, 41.8143139047154], [-72.71515300629417, 41.814313068187396]], [[-72.71492661218218, 41.81400271629939], [-72.71492661218218, 41.8139826396274], [-72.71491246255017, 41.8139826396274], [-72.71491246255017, 41.81400271629939], [-72.71492661218218, 41.81400271629939]], [[-72.71491953736619, 41.81400271629939], [-72.71491953736619, 41.8139826396274]], [[-72.71456668091818, 41.8143314718034], [-72.71456668091818, 41.8143264526354], [-72.71456844962218, 41.8143264526354], [-72.71456844962218, 41.8143314718034], [-72.71456668091818, 41.8143314718034]], [[-72.71553858376618, 41.814224396219394], [-72.71553858376618, 41.8142260692754]], [[-72.71552885589418, 41.814224396219394], [-72.71552885589418, 41.8142260692754]], [[-72.71552885589418, 41.814224396219394], [-72.71552885589418, 41.8142260692754]], [[-72.71554123682219, 41.8142310884434], [-72.71554123682219, 41.814224396219394]], [[-72.71552620283819, 41.8142285788594], [-72.71554123682219, 41.8142285788594]], [[-72.71552620283819, 41.814229415387395], [-72.71552620283819, 41.814225232747404]], [[-72.71552620283819, 41.8142310884434], [-72.71552620283819, 41.814224396219394]], [[-72.71552620283819, 41.814224396219394], [-72.71554123682219, 41.814224396219394]], [[-72.71554123682219, 41.8142260692754], [-72.71552620283819, 41.8142260692754]], [[-72.71553858376618, 41.814224396219394], [-72.71553858376618, 41.8142260692754]], [[-72.71552620283819, 41.8142310884434], [-72.71554123682219, 41.8142310884434]], [[-72.71521491093418, 41.8140060624114], [-72.71521314223018, 41.8140060624114]], [[-72.71521314223018, 41.8140060624114], [-72.71521314223018, 41.813996860603396]], [[-72.71521314223018, 41.813996860603396], [-72.71521491093418, 41.813996860603396]], [[-72.71521491093418, 41.8140060624114], [-72.71521491093418, 41.813996860603396]], [[-72.71539620309417, 41.813996024075394], [-72.71538028475818, 41.813996024075394]], [[-72.71534579503019, 41.8139684186514], [-72.71534579503019, 41.8139675821234]], [[-72.71538735957417, 41.8139675821234], [-72.71538735957417, 41.81396088989939]], [[-72.71538824392618, 41.8139935144914], [-72.71538735957417, 41.8139935144914]], [[-72.71538824392618, 41.8139926779634], [-72.71539443439018, 41.8139926779634]], [[-72.71535552290219, 41.8139809665714], [-72.71535552290219, 41.813989331851396]], [[-72.71537320994219, 41.813989331851396], [-72.71537320994219, 41.8139809665714]], [[-72.71538205346218, 41.8139926779634], [-72.71538735957417, 41.8139926779634]], [[-72.71538028475818, 41.813996024075394], [-72.71538028475818, 41.8139759474034]], [[-72.71539443439018, 41.8139926779634], [-72.71539443439018, 41.8139684186514]], [[-72.71535286984619, 41.8139684186514], [-72.71535286984619, 41.8139734378194]], [[-72.71538205346218, 41.8139734378194], [-72.71538205346218, 41.8139926779634]], [[-72.71534579503019, 41.8139675821234], [-72.71538735957417, 41.8139675821234]], [[-72.71537320994219, 41.8139809665714], [-72.71535552290219, 41.8139809665714]], [[-72.71535286984619, 41.8139734378194], [-72.71538205346218, 41.8139734378194]], [[-72.71535552290219, 41.813989331851396], [-72.71537320994219, 41.813989331851396]], [[-72.71538735957417, 41.8139935144914], [-72.71538735957417, 41.8139684186514]], [[-72.71538824392618, 41.81396088989939], [-72.71538824392618, 41.8139935144914]], [[-72.71504865275818, 41.81396590906739], [-72.71504865275818, 41.8139533611474]], [[-72.71539443439018, 41.8139684186514], [-72.71538824392618, 41.8139684186514]], [[-72.71504246229419, 41.8139533611474], [-72.71504865275818, 41.8139533611474]], [[-72.71534491067818, 41.8139592168434], [-72.71539620309417, 41.8139592168434]], [[-72.71538735957417, 41.8139684186514], [-72.71534579503019, 41.8139684186514]], [[-72.71538028475818, 41.8139759474034], [-72.71534491067818, 41.8139759474034]], [[-72.71539620309417, 41.8139592168434], [-72.71539620309417, 41.813996024075394]], [[-72.71504865275818, 41.81396590906739], [-72.71504246229419, 41.81396590906739]], [[-72.71504865275818, 41.8139533611474], [-72.71505484322219, 41.8139533611474]], [[-72.71538735957417, 41.8139617264274], [-72.71535286984619, 41.8139617264274]], [[-72.71535286984619, 41.8139617264274], [-72.71535286984619, 41.8139675821234]], [[-72.71504865275818, 41.8139533611474], [-72.71504865275818, 41.81396590906739]], [[-72.71534491067818, 41.8139759474034], [-72.71534491067818, 41.8139592168434]], [[-72.71538735957417, 41.81396088989939], [-72.71538824392618, 41.81396088989939]], [[-72.71504246229419, 41.81396590906739], [-72.71504865275818, 41.81396590906739]], [[-72.71488504763818, 41.8139383036434], [-72.71490096597418, 41.8139383036434], [-72.71488504763818, 41.8139383036434]], [[-72.71504865275818, 41.8139533611474], [-72.71504246229419, 41.8139533611474]], [[-72.71505484322219, 41.81396590906739], [-72.71504865275818, 41.81396590906739]], [[-72.71504865275818, 41.81396590906739], [-72.71505484322219, 41.81396590906739]], [[-72.71505484322219, 41.8139533611474], [-72.71504865275818, 41.8139533611474]], [[-72.71505484322219, 41.81396590906739], [-72.71505484322219, 41.8139533611474]], [[-72.71504865275818, 41.8139533611474], [-72.71504865275818, 41.81396590906739]], [[-72.71505484322219, 41.8139533611474], [-72.71505484322219, 41.81396590906739]], [[-72.71504865275818, 41.81396590906739], [-72.71504865275818, 41.8139533611474]], [[-72.71504246229419, 41.81396590906739], [-72.71504246229419, 41.8139533611474]], [[-72.71504246229419, 41.8139533611474], [-72.71504246229419, 41.81396590906739]], [[-72.71553062459819, 41.814224396219394], [-72.71552620283819, 41.814224396219394]], [[-72.71553062459819, 41.81420348301939], [-72.71552620283819, 41.81420348301939]], [[-72.71553681506218, 41.81420348301939], [-72.71553681506218, 41.814224396219394]], [[-72.71554035247017, 41.81420348301939], [-72.71553681506218, 41.81420348301939]], [[-72.71554035247017, 41.81420348301939], [-72.71554035247017, 41.814224396219394]], [[-72.71553416200618, 41.81420348301939], [-72.71553946811818, 41.81420348301939]], [[-72.71553416200618, 41.814224396219394], [-72.71553416200618, 41.81420348301939]], [[-72.71554212117418, 41.814224396219394], [-72.71553416200618, 41.814224396219394]], [[-72.71553327765417, 41.8142210501074], [-72.71553416200618, 41.8142210501074]], [[-72.71553416200618, 41.8142210501074], [-72.71553327765417, 41.8142210501074]], [[-72.71432967458219, 41.8143431831954], [-72.71432967458219, 41.814337327499395], [-72.71432348411818, 41.814337327499395], [-72.71432348411818, 41.8143431831954], [-72.71432967458219, 41.8143431831954]], [[-72.71553327765417, 41.81420682913139], [-72.71553416200618, 41.81420682913139]], [[-72.71553327765417, 41.81420348301939], [-72.71553416200618, 41.81420348301939]], [[-72.71553062459819, 41.8142210501074], [-72.71553681506218, 41.8142210501074]], [[-72.71553327765417, 41.8142210501074], [-72.71553416200618, 41.8142210501074]], [[-72.71552620283819, 41.81420348301939], [-72.71552620283819, 41.814224396219394]], [[-72.71553327765417, 41.81420682913139], [-72.71553416200618, 41.81420682913139]], [[-72.71553327765417, 41.8142210501074], [-72.71553416200618, 41.8142210501074]], [[-72.71553327765417, 41.81420682913139], [-72.71553416200618, 41.81420682913139]], [[-72.71553062459819, 41.8142210501074], [-72.71553681506218, 41.8142210501074]], [[-72.71440307579819, 41.81420933871539], [-72.71440307579819, 41.814210175243396]], [[-72.71552531848619, 41.814224396219394], [-72.71552531848619, 41.81420348301939]], [[-72.71440219144618, 41.81420933871539], [-72.71440307579819, 41.81420933871539]], [[-72.71553062459819, 41.81420682913139], [-72.71553681506218, 41.81420682913139]], [[-72.71553327765417, 41.814224396219394], [-72.71552531848619, 41.814224396219394]], [[-72.71440307579819, 41.81420933871539], [-72.71440396015018, 41.81420933871539], [-72.71440396015018, 41.814210175243396], [-72.71440307579819, 41.814210175243396]], [[-72.71440307579819, 41.814210175243396], [-72.71440219144618, 41.814210175243396]], [[-72.71554212117418, 41.81420348301939], [-72.71554212117418, 41.814224396219394]], [[-72.71553327765417, 41.814224396219394], [-72.71553416200618, 41.814224396219394]], [[-72.71439069487018, 41.81420933871539], [-72.71439069487018, 41.814210175243396]], [[-72.71553327765417, 41.81420348301939], [-72.71553327765417, 41.814224396219394]], [[-72.71439157922218, 41.81420933871539], [-72.71439069487018, 41.81420933871539]], [[-72.71552531848619, 41.81420348301939], [-72.71553327765417, 41.81420348301939]], [[-72.71439069487018, 41.81420933871539], [-72.71439069487018, 41.814210175243396]], [[-72.71553416200618, 41.81420682913139], [-72.71553327765417, 41.81420682913139]], [[-72.71439069487018, 41.814210175243396], [-72.71439157922218, 41.814210175243396]], [[-72.71553416200618, 41.81420348301939], [-72.71554212117418, 41.81420348301939]], [[-72.71440307579819, 41.814210175243396], [-72.71440307579819, 41.81420933871539]], [[-72.71553327765417, 41.81420348301939], [-72.71552797154217, 41.81420348301939]], [[-72.71439069487018, 41.814210175243396], [-72.71439069487018, 41.81420933871539]], [[-72.71553062459819, 41.81420348301939], [-72.71553062459819, 41.814224396219394]], [[-72.71553062459819, 41.81420682913139], [-72.71553681506218, 41.81420682913139]], [[-72.71440307579819, 41.814210175243396], [-72.71439069487018, 41.814210175243396]], [[-72.71554035247017, 41.814224396219394], [-72.71553681506218, 41.814224396219394]], [[-72.71480280290218, 41.8139901683794], [-72.71480280290218, 41.8139801300434]], [[-72.71439069487018, 41.81420933871539], [-72.71440307579819, 41.81420933871539]], [[-72.71480280290218, 41.8139901683794], [-72.71480280290218, 41.8139801300434]], [[-72.71480280290218, 41.8139901683794], [-72.71480810901419, 41.8139901683794]], [[-72.71480810901419, 41.8139801300434], [-72.71480810901419, 41.8139901683794]], [[-72.71480280290218, 41.8139801300434], [-72.71480810901419, 41.8139801300434]], [[-72.71493280264617, 41.8143381640274], [-72.71493280264617, 41.8143415101394], [-72.71493634005418, 41.8143415101394], [-72.71493634005418, 41.8143381640274], [-72.71493280264617, 41.8143381640274]], [[-72.71464450389418, 41.8143264526354], [-72.71464981000618, 41.8143264526354], [-72.71464981000618, 41.8143247795794], [-72.71464450389418, 41.8143247795794], [-72.71464450389418, 41.8143264526354]], [[-72.7153192644702, 41.813881419739396], [-72.7153192644702, 41.813890621547394]], [[-72.71500266645417, 41.8142645495634], [-72.71499647599018, 41.8142645495634], [-72.71499647599018, 41.8142578573394], [-72.71500266645417, 41.8142578573394], [-72.71500266645417, 41.8142645495634]], [[-72.7153192644702, 41.813890621547394], [-72.71532810799019, 41.813890621547394]], [[-72.71532810799019, 41.813890621547394], [-72.71532810799019, 41.813881419739396]], [[-72.71532810799019, 41.813881419739396], [-72.7153192644702, 41.813881419739396]], [[-72.71532280187819, 41.813881419739396], [-72.71532280187819, 41.813890621547394]], [[-72.71519191778218, 41.814282953179394], [-72.71519191778218, 41.81427793401139], [-72.71519103343017, 41.81427793401139], [-72.71519103343017, 41.814282953179394], [-72.71519191778218, 41.814282953179394]], [[-72.71531661141418, 41.8141290320274], [-72.71531661141418, 41.81412819549939]], [[-72.71531661141418, 41.81412819549939], [-72.71532633928618, 41.81412819549939]], [[-72.71532633928618, 41.81412819549939], [-72.71532633928618, 41.8141290320274]], [[-72.71531661141418, 41.8141290320274], [-72.71532633928618, 41.8141290320274]], [[-72.71439069487018, 41.8142302519154], [-72.71439069487018, 41.8142310884434]], [[-72.71439157922218, 41.8142302519154], [-72.71439069487018, 41.8142302519154]], [[-72.71513797231017, 41.8143364909714], [-72.71513443490218, 41.8143364909714]], [[-72.71439069487018, 41.8142302519154], [-72.71439069487018, 41.814231924971395]], [[-72.71513443490218, 41.814354894587396], [-72.71513355055019, 41.814354894587396], [-72.71513355055019, 41.8143139047154], [-72.71513443490218, 41.8143139047154], [-72.71513443490218, 41.814354894587396]], [[-72.71513355055019, 41.814354894587396], [-72.71504511535018, 41.814354894587396]], [[-72.71440307579819, 41.814231924971395], [-72.71440307579819, 41.8142302519154]], [[-72.71504511535018, 41.8143139047154], [-72.71513355055019, 41.8143139047154]], [[-72.71439069487018, 41.8142302519154], [-72.71440307579819, 41.8142302519154]], [[-72.71439069487018, 41.814231924971395], [-72.71439069487018, 41.8142302519154]], [[-72.71513443490218, 41.8143139047154], [-72.71514504712619, 41.8143139047154], [-72.71514504712619, 41.8143147412434], [-72.71513443490218, 41.8143147412434]], [[-72.71440307579819, 41.8142310884434], [-72.71439069487018, 41.8142310884434]], [[-72.71513797231017, 41.81432561610739], [-72.71513443490218, 41.81432561610739]], [[-72.71440307579819, 41.8142302519154], [-72.71440396015018, 41.8142302519154], [-72.71440396015018, 41.814231924971395], [-72.71440307579819, 41.814231924971395]], [[-72.71502389090217, 41.8143139047154], [-72.71502389090217, 41.814334817915395], [-72.71502300655017, 41.814334817915395], [-72.71502300655017, 41.8143139047154], [-72.71502389090217, 41.8143139047154]], [[-72.71440219144618, 41.8142302519154], [-72.71440307579819, 41.8142302519154]], [[-72.71440307579819, 41.8142302519154], [-72.71440307579819, 41.8142310884434]], [[-72.71502389090217, 41.814354894587396], [-72.71502389090217, 41.8143456927794], [-72.71502300655017, 41.8143456927794], [-72.71502300655017, 41.814354894587396], [-72.71502389090217, 41.814354894587396]], [[-72.71513797231017, 41.8143147412434], [-72.71513797231017, 41.81432561610739], [-72.71513797231017, 41.8143364909714], [-72.71513797231017, 41.814347365835395], [-72.71513443490218, 41.814347365835395]], [[-72.71513443490218, 41.81435405805939], [-72.71514504712619, 41.81435405805939], [-72.71514504712619, 41.814354894587396], [-72.71513443490218, 41.814354894587396]], [[-72.71439069487018, 41.814231924971395], [-72.71439157922218, 41.814231924971395], [-72.71439157922218, 41.8142310884434]], [[-72.71440307579819, 41.814231924971395], [-72.71440219144618, 41.814231924971395], [-72.71440219144618, 41.8142310884434]], [[-72.71532810799019, 41.8139190634994], [-72.7153192644702, 41.8139190634994]], [[-72.7153192644702, 41.8139190634994], [-72.7153192644702, 41.8139098616914]], [[-72.71538470651818, 41.813932447947394], [-72.71539001263018, 41.813932447947394], [-72.71539001263018, 41.8139081886354], [-72.71535552290219, 41.8139081886354], [-72.71535552290219, 41.813913207803395], [-72.71538470651818, 41.813913207803395], [-72.71538470651818, 41.813932447947394]], [[-72.7153192644702, 41.8139098616914], [-72.71532810799019, 41.8139098616914]], [[-72.71532810799019, 41.8139098616914], [-72.71532810799019, 41.8139190634994]], [[-72.71532280187819, 41.8139190634994], [-72.71532280187819, 41.8139098616914]], [[-72.71467368751019, 41.8142821166514], [-72.71467368751019, 41.814277097483405], [-72.71467457186219, 41.814277097483405], [-72.71467457186219, 41.8142821166514], [-72.71467368751019, 41.8142821166514]], [[-72.71505395887017, 41.813933284475404], [-72.71505484322219, 41.813933284475404]], [[-72.71505484322219, 41.8139240826674], [-72.71505484322219, 41.813933284475404]], [[-72.71505484322219, 41.8139240826674], [-72.71505395887017, 41.8139240826674]], [[-72.71505395887017, 41.8139240826674], [-72.71505395887017, 41.813933284475404]], [[-72.71460382370218, 41.8141407434194], [-72.71460382370218, 41.81413572425139], [-72.71459940194218, 41.81413572425139], [-72.71459940194218, 41.8141407434194], [-72.71460382370218, 41.8141407434194]], [[-72.71500089775017, 41.814315577771396], [-72.71500089775017, 41.8143105586034], [-72.71500266645417, 41.8143105586034], [-72.71500266645417, 41.814315577771396], [-72.71500089775017, 41.814315577771396]], [[-72.71532633928618, 41.813871381403395], [-72.71532633928618, 41.813854650843396]], [[-72.71482844911017, 41.814001043243394], [-72.71482844911017, 41.8139901683794]], [[-72.71483375522217, 41.8139901683794], [-72.71483375522217, 41.814001043243394]], [[-72.71482844911017, 41.814001043243394], [-72.71482844911017, 41.8139901683794]], [[-72.71482844911017, 41.8139901683794], [-72.71483375522217, 41.8139901683794]], [[-72.71482844911017, 41.814001043243394], [-72.71483375522217, 41.814001043243394]], [[-72.71532633928618, 41.813854650843396], [-72.7153192644702, 41.813854650843396]], [[-72.7153192644702, 41.813854650843396], [-72.7153192644702, 41.813871381403395]], [[-72.7153192644702, 41.813871381403395], [-72.71532633928618, 41.813871381403395]], [[-72.71532633928618, 41.8138630161234], [-72.7153192644702, 41.8138630161234]], [[-72.71529008085419, 41.81392324613939], [-72.71528919650218, 41.81392324613939], [-72.71529008085419, 41.81392324613939]], [[-72.71526443464617, 41.8140043893554], [-72.71526443464617, 41.8139976971314]], [[-72.71525824418217, 41.813996860603396], [-72.71525824418217, 41.8139976971314]], [[-72.71527150946218, 41.8139976971314], [-72.71527150946218, 41.813996860603396]], [[-72.71525824418217, 41.8139976971314], [-72.71527150946218, 41.8139976971314]], [[-72.71527150946218, 41.8139976971314], [-72.71527150946218, 41.8140043893554]], [[-72.71525824418217, 41.8140043893554], [-72.71525824418217, 41.8139976971314]], [[-72.71528831215018, 41.81392324613939], [-72.71528831215018, 41.813915717387395], [-72.71528919650218, 41.813915717387395], [-72.71529450261417, 41.813915717387395], [-72.71529450261417, 41.813929938363394], [-72.71529450261417, 41.813930774891396], [-72.71528919650218, 41.813930774891396], [-72.71528831215018, 41.813930774891396], [-72.71528831215018, 41.813929938363394], [-72.71528831215018, 41.81392324613939]], [[-72.71525824418217, 41.8139976971314], [-72.71527150946218, 41.8139976971314]], [[-72.71527150946218, 41.8140043893554], [-72.71525824418217, 41.8140043893554]], [[-72.71527150946218, 41.813996860603396], [-72.71525824418217, 41.813996860603396]], [[-72.71498497941418, 41.81432561610739], [-72.71498497941418, 41.8143247795794]], [[-72.71498497941418, 41.8143264526354], [-72.71498586376619, 41.8143264526354]], [[-72.71498586376619, 41.8143264526354], [-72.71498586376619, 41.81432812569139]], [[-72.71518838037419, 41.8143147412434], [-72.71518838037419, 41.8143247795794]], [[-72.71498586376619, 41.81432812569139], [-72.71498497941418, 41.81432812569139]], [[-72.71498497941418, 41.81432812569139], [-72.71498497941418, 41.8143272891634]], [[-72.71518926472618, 41.8143147412434], [-72.71518926472618, 41.8143139047154], [-72.71518838037419, 41.8143139047154]], [[-72.71498497941418, 41.8143272891634], [-72.71498497941418, 41.8143264526354]], [[-72.71498409506218, 41.8143264526354], [-72.71498497941418, 41.8143264526354]], [[-72.71498497941418, 41.8143264526354], [-72.71498497941418, 41.81432561610739]], [[-72.71498409506218, 41.8143222699954], [-72.71498497941418, 41.8143222699954]], [[-72.71498409506218, 41.8143264526354], [-72.71498409506218, 41.8143247795794]], [[-72.71518926472618, 41.814354894587396], [-72.71518838037419, 41.814354894587396]], [[-72.71498409506218, 41.8143239430514], [-72.71498409506218, 41.8143222699954]], [[-72.71518838037419, 41.8143649329234], [-72.71518838037419, 41.81436576945139]], [[-72.71498497941418, 41.8143239430514], [-72.71498497941418, 41.8143222699954]], [[-72.7153192644702, 41.813890621547394], [-72.7153192644702, 41.8138998233554]], [[-72.7151901490782, 41.8143557311154], [-72.7151901490782, 41.81435405805939]], [[-72.71518838037419, 41.8143456927794], [-72.71518838037419, 41.814354894587396]], [[-72.71518926472618, 41.8143557311154], [-72.71518926472618, 41.814354894587396]], [[-72.71518926472618, 41.8143440197234], [-72.7151901490782, 41.8143440197234]], [[-72.7153192644702, 41.8138998233554], [-72.71531042095019, 41.8138998233554]], [[-72.71518838037419, 41.814371625147395], [-72.71518838037419, 41.8143724616754], [-72.71518926472618, 41.8143724616754], [-72.71518926472618, 41.814371625147395]], [[-72.71531042095019, 41.8138998233554], [-72.71531042095019, 41.813890621547394]], [[-72.71518838037419, 41.8143724616754], [-72.71518838037419, 41.8143707886194]], [[-72.71531042095019, 41.813890621547394], [-72.7153192644702, 41.813890621547394]], [[-72.71531572706219, 41.813890621547394], [-72.71531572706219, 41.8138998233554]], [[-72.71518838037419, 41.8143456927794], [-72.71518838037419, 41.8143440197234]], [[-72.71479130632618, 41.813939976699395], [-72.71479130632618, 41.813934957531394], [-72.71479484373418, 41.813934957531394], [-72.71479484373418, 41.813939976699395], [-72.71479130632618, 41.813939976699395]], [[-72.71518926472618, 41.8143707886194], [-72.7151901490782, 41.8143707886194]], [[-72.71518926472618, 41.81433398138739], [-72.7151901490782, 41.81433398138739]], [[-72.71517865250219, 41.8143147412434], [-72.71518838037419, 41.8143147412434]], [[-72.71518926472618, 41.814344856251395], [-72.71518926472618, 41.814334817915395]], [[-72.71436504866217, 41.8139040059954], [-72.71436947042218, 41.8139040059954], [-72.71436947042218, 41.81390902516339], [-72.71436504866217, 41.81390902516339], [-72.71436504866217, 41.8139040059954]], [[-72.71518838037419, 41.8143147412434], [-72.71518926472618, 41.8143147412434]], [[-72.71518838037419, 41.8143557311154], [-72.71518838037419, 41.8143649329234]], [[-72.7151901490782, 41.8143456927794], [-72.7151901490782, 41.8143440197234]], [[-72.71518926472618, 41.814371625147395], [-72.71518838037419, 41.814371625147395]], [[-72.71518838037419, 41.8143147412434], [-72.71518838037419, 41.8143139047154]], [[-72.71518926472618, 41.8143557311154], [-72.7151901490782, 41.8143557311154]], [[-72.71518926472618, 41.8143557311154], [-72.71518838037419, 41.8143557311154]], [[-72.71436416431018, 41.8140060624114], [-72.71436947042218, 41.8140060624114], [-72.71436947042218, 41.813996024075394], [-72.71436416431018, 41.813996024075394], [-72.71436416431018, 41.8140060624114]], [[-72.71518838037419, 41.814344856251395], [-72.71518838037419, 41.8143456927794]], [[-72.71518926472618, 41.8143649329234], [-72.71518838037419, 41.8143649329234]], [[-72.71518926472618, 41.8143247795794], [-72.71518838037419, 41.8143247795794]], [[-72.71518926472618, 41.814344856251395], [-72.71518838037419, 41.814344856251395]], [[-72.71518926472618, 41.81436576945139], [-72.71518926472618, 41.8143649329234]], [[-72.71518926472618, 41.8143456927794], [-72.71518838037419, 41.8143456927794]], [[-72.71518926472618, 41.814354894587396], [-72.71518926472618, 41.8143456927794]], [[-72.71436416431018, 41.8139976971314], [-72.71436947042218, 41.8139976971314]], [[-72.71436416431018, 41.81400522588339], [-72.71436947042218, 41.81400522588339]], [[-72.71518926472618, 41.8143732982034], [-72.71518926472618, 41.81436576945139]], [[-72.71436416431018, 41.8139976971314], [-72.71436416431018, 41.81400522588339]], [[-72.71436947042218, 41.81400522588339], [-72.71436947042218, 41.8139976971314]], [[-72.71518926472618, 41.8143239430514], [-72.7151901490782, 41.8143239430514]], [[-72.71519457083818, 41.8143264526354], [-72.71519457083818, 41.8143139047154], [-72.71518926472618, 41.8143139047154], [-72.71518926472618, 41.8143264526354], [-72.71519457083818, 41.8143264526354]], [[-72.71518926472618, 41.8143649329234], [-72.71518926472618, 41.8143557311154]], [[-72.71518926472618, 41.8143147412434], [-72.7151901490782, 41.8143147412434], [-72.7151901490782, 41.8143139047154], [-72.71518838037419, 41.8143139047154]], [[-72.71518838037419, 41.814335654443404], [-72.71518838037419, 41.81433398138739]], [[-72.71518926472618, 41.8143456927794], [-72.7151901490782, 41.8143456927794]], [[-72.71517953685418, 41.8143139047154], [-72.71517776815018, 41.8143139047154]], [[-72.7151901490782, 41.8143724616754], [-72.7151901490782, 41.8143707886194]], [[-72.71518926472618, 41.8143456927794], [-72.71518926472618, 41.814344856251395]], [[-72.71517865250219, 41.8143139047154], [-72.71517776815018, 41.8143139047154], [-72.71517776815018, 41.8143147412434], [-72.71517865250219, 41.8143147412434]], [[-72.71518838037419, 41.814354894587396], [-72.71518838037419, 41.8143557311154]], [[-72.71518838037419, 41.81432561610739], [-72.71518838037419, 41.8143239430514]], [[-72.71518926472618, 41.8143247795794], [-72.71518838037419, 41.8143247795794]], [[-72.71518926472618, 41.81435405805939], [-72.7151901490782, 41.81435405805939]], [[-72.71518838037419, 41.81436576945139], [-72.71518838037419, 41.8143640963954]], [[-72.71518926472618, 41.81436576945139], [-72.71518838037419, 41.81436576945139]], [[-72.71518838037419, 41.81436576945139], [-72.71518838037419, 41.8143732982034]], [[-72.71518838037419, 41.8143557311154], [-72.71518838037419, 41.81435405805939]], [[-72.71517953685418, 41.8143147412434], [-72.71517776815018, 41.8143147412434]], [[-72.71518926472618, 41.814334817915395], [-72.71518838037419, 41.814334817915395]], [[-72.71518838037419, 41.8143139047154], [-72.71517865250219, 41.8143139047154]], [[-72.71518926472618, 41.81432561610739], [-72.7151901490782, 41.81432561610739]], [[-72.71518926472618, 41.814334817915395], [-72.71518838037419, 41.814334817915395]], [[-72.71517865250219, 41.8143147412434], [-72.71517865250219, 41.8143139047154]], [[-72.71518926472618, 41.8143247795794], [-72.71518926472618, 41.8143147412434]], [[-72.71518926472618, 41.81436576945139], [-72.7151901490782, 41.81436576945139], [-72.7151901490782, 41.8143640963954], [-72.71518926472618, 41.8143640963954]], [[-72.7151901490782, 41.81432561610739], [-72.7151901490782, 41.8143239430514]], [[-72.71518926472618, 41.814335654443404], [-72.7151901490782, 41.814335654443404]], [[-72.71518838037419, 41.814334817915395], [-72.71518838037419, 41.814344856251395]], [[-72.7151901490782, 41.814335654443404], [-72.7151901490782, 41.81433398138739]], [[-72.71518838037419, 41.8143247795794], [-72.71518838037419, 41.814334817915395]], [[-72.71518926472618, 41.8143724616754], [-72.7151901490782, 41.8143724616754]], [[-72.71518926472618, 41.814334817915395], [-72.71518926472618, 41.8143247795794]], [[-72.71509994517419, 41.813807805275395], [-72.71509994517419, 41.8138036226354], [-72.71509552341418, 41.8138036226354], [-72.71509552341418, 41.813807805275395], [-72.71509994517419, 41.813807805275395]], [[-72.71438538875817, 41.814337327499395], [-72.71438185135018, 41.814337327499395], [-72.71438185135018, 41.814335654443404], [-72.71438273570219, 41.814335654443404], [-72.71438273570219, 41.8143331448594], [-72.71438538875817, 41.8143331448594], [-72.71438538875817, 41.814335654443404], [-72.71438538875817, 41.814337327499395]], [[-72.71438538875817, 41.814335654443404], [-72.71438273570219, 41.814335654443404]], [[-72.71438538875817, 41.8143364909714], [-72.71438450440618, 41.8143364909714]], [[-72.71438538875817, 41.8143364909714], [-72.71438450440618, 41.8143364909714]], [[-72.71438450440618, 41.8143364909714], [-72.71438362005418, 41.8143364909714]], [[-72.71438538875817, 41.8143364909714], [-72.71438450440618, 41.8143364909714]], [[-72.71438450440618, 41.8143364909714], [-72.71438362005418, 41.8143364909714]], [[-72.71438450440618, 41.8143364909714], [-72.71438362005418, 41.8143364909714]], [[-72.71438538875817, 41.814337327499395], [-72.71438450440618, 41.814337327499395]], [[-72.71556334562219, 41.8142913184594], [-72.71556953608618, 41.8142913184594]], [[-72.71556334562219, 41.8142745878994], [-72.71556334562219, 41.81429466457139]], [[-72.71557395784617, 41.81429466457139], [-72.71556953608618, 41.81429466457139]], [[-72.71556953608618, 41.8142745878994], [-72.71556953608618, 41.81429466457139]], [[-72.71557395784617, 41.8142745878994], [-72.71557395784617, 41.81429466457139]], [[-72.71556599867819, 41.81429215498739], [-72.71556688303018, 41.81429215498739]], [[-72.71556599867819, 41.814277097483405], [-72.71556688303018, 41.814277097483405]], [[-72.71556599867819, 41.814277097483405], [-72.71556688303018, 41.814277097483405]], [[-72.71556688303018, 41.8142745878994], [-72.71557218914218, 41.8142745878994]], [[-72.71555803951019, 41.8142745878994], [-72.71556599867819, 41.8142745878994]], [[-72.71556599867819, 41.8142745878994], [-72.71556599867819, 41.81429466457139]], [[-72.71556599867819, 41.81429466457139], [-72.71555803951019, 41.81429466457139]], [[-72.71555803951019, 41.81429466457139], [-72.71555803951019, 41.8142745878994]], [[-72.71556688303018, 41.81429466457139], [-72.71556688303018, 41.8142745878994]], [[-72.71557484219818, 41.81429466457139], [-72.71556688303018, 41.81429466457139]], [[-72.71556688303018, 41.8142745878994], [-72.71557484219818, 41.8142745878994]], [[-72.71556688303018, 41.8142913184594], [-72.71556688303018, 41.81429215498739]], [[-72.71556688303018, 41.81429215498739], [-72.71556599867819, 41.81429215498739]], [[-72.71556599867819, 41.81429215498739], [-72.71556599867819, 41.8142913184594]], [[-72.71556599867819, 41.8142745878994], [-72.71556688303018, 41.8142745878994]], [[-72.71556688303018, 41.814277097483405], [-72.71556599867819, 41.814277097483405]], [[-72.71556599867819, 41.81429466457139], [-72.71556688303018, 41.81429466457139]], [[-72.71556334562219, 41.81429215498739], [-72.71556953608618, 41.81429215498739]], [[-72.71556599867819, 41.8142745878994], [-72.71556069256619, 41.8142745878994]], [[-72.71556334562219, 41.8142745878994], [-72.71555892386218, 41.8142745878994]], [[-72.71556599867819, 41.8142913184594], [-72.71556688303018, 41.8142913184594]], [[-72.71556334562219, 41.814277097483405], [-72.71556953608618, 41.814277097483405]], [[-72.71557484219818, 41.8142745878994], [-72.71557484219818, 41.81429466457139]], [[-72.71556599867819, 41.8142913184594], [-72.71556688303018, 41.8142913184594]], [[-72.71555892386218, 41.8142745878994], [-72.71555892386218, 41.81429466457139]], [[-72.71557395784617, 41.8142745878994], [-72.71556953608618, 41.8142745878994]], [[-72.71556334562219, 41.814277097483405], [-72.71556953608618, 41.814277097483405]], [[-72.71556599867819, 41.814277097483405], [-72.71556688303018, 41.814277097483405]], [[-72.71556334562219, 41.81429466457139], [-72.71555892386218, 41.81429466457139]], [[-72.71461001416618, 41.8139098616914], [-72.71461001416618, 41.81390484252339], [-72.71460470805418, 41.81390484252339], [-72.71460470805418, 41.8139098616914], [-72.71461001416618, 41.8139098616914]], [[-72.71509287035818, 41.813744229147396], [-72.71504599970218, 41.813744229147396], [-72.71504599970218, 41.81373753692339], [-72.71509287035818, 41.81373753692339], [-72.71509287035818, 41.813744229147396]], [[-72.71536082901419, 41.813878910155395], [-72.71537586299819, 41.8138722179314]], [[-72.71537586299819, 41.8138722179314], [-72.71536348207017, 41.813844612507395]], [[-72.71536348207017, 41.813844612507395], [-72.71534844808617, 41.8138513047314]], [[-72.71534844808617, 41.8138513047314], [-72.71536082901419, 41.813878910155395]], [[-72.71537144123818, 41.8138655257074], [-72.71535906031018, 41.813871381403395]], [[-72.71535906031018, 41.813871381403395], [-72.71535906031018, 41.8138705448754]], [[-72.71535906031018, 41.8138705448754], [-72.7153643664222, 41.8138680352914]], [[-72.7153643664222, 41.8138680352914], [-72.71535640725418, 41.813849631675396]], [[-72.71535640725418, 41.813849631675396], [-72.71535729160618, 41.8138487951474]], [[-72.71535729160618, 41.8138487951474], [-72.71536525077417, 41.8138671987634]], [[-72.71536525077417, 41.8138671987634], [-72.71537144123818, 41.81386468917939]], [[-72.71537144123818, 41.81386468917939], [-72.71537144123818, 41.8138655257074]], [[-72.71537055688619, 41.8138655257074], [-72.71536259771818, 41.813847122091396]], [[-72.71536259771818, 41.813847122091396], [-72.71535729160618, 41.813849631675396]], [[-72.71535729160618, 41.813849631675396], [-72.71536525077417, 41.8138671987634]], [[-72.71536525077417, 41.8138671987634], [-72.71537055688619, 41.8138655257074]], [[-72.71535994466217, 41.8138697083474], [-72.7153519854942, 41.813852141259396]], [[-72.7153519854942, 41.813852141259396], [-72.71535640725418, 41.813849631675396]], [[-72.71535640725418, 41.813849631675396], [-72.7153643664222, 41.8138680352914]], [[-72.7153643664222, 41.8138680352914], [-72.71535994466217, 41.8138697083474]], [[-72.71439423227817, 41.81400522588339], [-72.71439423227817, 41.81400020671539], [-72.71439334792619, 41.81400020671539], [-72.71439334792619, 41.81400522588339], [-72.71439423227817, 41.81400522588339]], [[-72.71436504866217, 41.813970928235406], [-72.71436947042218, 41.813970928235406], [-72.71436947042218, 41.8139759474034], [-72.71436504866217, 41.8139759474034], [-72.71436504866217, 41.813970928235406]]]}}]}