{"type": "FeatureCollection", "name": "Lowes_rack", "crs": {"type": "name", "properties": {"name": "urn:ogc:def:crs:EPSG::4326"}}, "features": [{"type": "Feature", "properties": {"fill": "#DCDEE2", "stroke-width": "0.5", "stroke": "#BBBBBB"}, "geometry": {"type": "MultiPolygon", "coordinates": [[[[-72.71514145826487, 41.81462984689738], [-72.71515945826486, 41.81462984689738], [-72.71515945826486, 41.81461784689739], [-72.71514145826487, 41.81461784689739], [-72.71514145826487, 41.81462984689738]]], [[[-72.71491445826486, 41.814389846897384], [-72.71489545826488, 41.814389846897384], [-72.71489545826485, 41.81439384689739], [-72.71491445826489, 41.81439384689737], [-72.71491445826486, 41.814389846897384]]], [[[-72.71479745826487, 41.81415484689739], [-72.71477345826487, 41.81415484689738], [-72.71477345826487, 41.814143846897394], [-72.71479745826488, 41.81414384689739], [-72.71479745826487, 41.81415484689739]]], [[[-72.71570545826486, 41.81390684689739], [-72.71572845826486, 41.8139068468974], [-72.71572845826485, 41.81390084689738], [-72.71570545826485, 41.81390084689739], [-72.71570545826486, 41.81390684689739]]], [[[-72.71464845826486, 41.814246846897376], [-72.71464845826486, 41.81427184689738], [-72.71463645826486, 41.8142718468974], [-72.71463645826486, 41.81424684689738], [-72.71464845826486, 41.814246846897376]]], [[[-72.71458645826488, 41.81419384689739], [-72.71458645826485, 41.8142188468974], [-72.71459845826486, 41.81421884689738], [-72.71459845826486, 41.81419384689739], [-72.71458645826488, 41.81419384689739]]], [[[-72.71580745826486, 41.81420084689738], [-72.71580745826485, 41.81422684689739], [-72.71579545826486, 41.81422684689739], [-72.71579545826486, 41.814200846897386], [-72.71580745826486, 41.81420084689738]]], [[[-72.71499645826486, 41.81442884689738], [-72.71498945826487, 41.81442884689739], [-72.71498945826488, 41.814436846897394], [-72.71499645826486, 41.814436846897394], [-72.71499645826486, 41.81442884689738]]], [[[-72.71490545826484, 41.81435784689738], [-72.71489845826486, 41.81435784689738], [-72.71489845826483, 41.81436484689739], [-72.71490545826487, 41.81436484689739], [-72.71490545826484, 41.81435784689738]]], [[[-72.71515645826486, 41.81436284689738], [-72.71516845826486, 41.81436284689738], [-72.71516845826486, 41.814352846897386], [-72.71515645826486, 41.81435284689741], [-72.71515645826486, 41.81436284689738]]], [[[-72.71445845826484, 41.814166846897386], [-72.71445845826484, 41.81419284689737], [-72.71447045826486, 41.81419284689736], [-72.71447045826486, 41.814166846897386], [-72.71445845826484, 41.814166846897386]]], [[[-72.71596745826486, 41.814302846897384], [-72.71596745826487, 41.814327846897385], [-72.71597845826486, 41.81432784689737], [-72.71597845826486, 41.81430284689738], [-72.71596745826486, 41.814302846897384]]], [[[-72.71485645826488, 41.814510846897385], [-72.71484345826488, 41.81451784689736], [-72.71484545826486, 41.81452384689738], [-72.71485945826485, 41.8145168468974], [-72.71485645826488, 41.814510846897385]]], [[[-72.71570345826484, 41.8141828468974], [-72.71570345826485, 41.81420684689737], [-72.71569645826484, 41.81420684689737], [-72.71569645826484, 41.81418284689738], [-72.71570345826484, 41.8141828468974]]], [[[-72.71526445826485, 41.81411984689737], [-72.71526445826487, 41.81414484689737], [-72.71525745826486, 41.81414484689738], [-72.71525745826486, 41.81411984689738], [-72.71526445826485, 41.81411984689737]]], [[[-72.71588645826488, 41.8141368468974], [-72.71588645826486, 41.81413884689737], [-72.71590045826487, 41.81413884689737], [-72.71590045826484, 41.8141368468974], [-72.71588645826488, 41.8141368468974]]], [[[-72.71514245826486, 41.81409284689736], [-72.71514245826486, 41.81411684689736], [-72.71513145826486, 41.81411684689737], [-72.71513145826486, 41.81409284689737], [-72.71514245826486, 41.81409284689736]]], [[[-72.71572245826488, 41.8145408468974], [-72.71572245826486, 41.81457184689737], [-72.71571245826485, 41.81457184689737], [-72.71571245826486, 41.814540846897394], [-72.71572245826488, 41.8145408468974]]], [[[-72.71450445826484, 41.813841846897375], [-72.71449445826487, 41.8138418468974], [-72.71449445826488, 41.81386584689741], [-72.71450445826484, 41.81386584689739], [-72.71450445826484, 41.813841846897375]]], [[[-72.71500445826486, 41.8143158468974], [-72.71499645826486, 41.8143158468974], [-72.71499645826488, 41.81432384689739], [-72.71500445826486, 41.81432384689739], [-72.71500445826486, 41.8143158468974]]], [[[-72.71558545826487, 41.814302846897405], [-72.71558545826487, 41.81432784689737], [-72.71557045826485, 41.81432784689737], [-72.71557045826486, 41.81430284689739], [-72.71558545826487, 41.814302846897405]]], [[[-72.71548745826489, 41.81411884689741], [-72.71548745826487, 41.8141438468974], [-72.71549745826486, 41.814143846897394], [-72.71549745826486, 41.814118846897394], [-72.71548745826489, 41.81411884689741]]], [[[-72.71500445826484, 41.81436884689739], [-72.71499645826486, 41.8143688468974], [-72.71499645826486, 41.814376846897375], [-72.71500445826486, 41.814376846897375], [-72.71500445826484, 41.81436884689739]]], [[[-72.71531445826486, 41.814410846897395], [-72.71531445826484, 41.814435846897375], [-72.71530445826488, 41.81443584689739], [-72.71530445826485, 41.81441084689735], [-72.71531445826486, 41.814410846897395]]], [[[-72.71500445826484, 41.81430084689739], [-72.71499645826486, 41.814300846897375], [-72.71499645826489, 41.81430884689738], [-72.71500445826484, 41.81430884689739], [-72.71500445826484, 41.81430084689739]]], [[[-72.71496545826486, 41.814338846897385], [-72.71495845826486, 41.81433884689738], [-72.71495845826485, 41.81434584689739], [-72.71496545826484, 41.81434584689738], [-72.71496545826486, 41.814338846897385]]], [[[-72.71446545826487, 41.81387984689739], [-72.71447545826484, 41.813879846897386], [-72.71447545826487, 41.81385584689738], [-72.71446545826485, 41.81385584689739], [-72.71446545826487, 41.81387984689739]]], [[[-72.71497345826486, 41.81430884689739], [-72.71496645826484, 41.81430884689739], [-72.71496645826487, 41.81431584689739], [-72.71497345826486, 41.8143158468974], [-72.71497345826486, 41.81430884689739]]], [[[-72.71497345826486, 41.8143158468974], [-72.71496645826487, 41.81431584689739], [-72.71496645826487, 41.81432384689739], [-72.71497345826488, 41.81432384689739], [-72.71497345826486, 41.8143158468974]]], [[[-72.7149734582649, 41.814368846897395], [-72.71496645826488, 41.8143688468974], [-72.71496645826485, 41.81437684689738], [-72.71497345826486, 41.81437684689739], [-72.7149734582649, 41.814368846897395]]], [[[-72.71539445826487, 41.81397284689739], [-72.71539445826487, 41.813996846897375], [-72.71538445826485, 41.81399684689741], [-72.71538445826486, 41.81397284689739], [-72.71539445826487, 41.81397284689739]]], [[[-72.71499645826488, 41.81441284689738], [-72.71498945826485, 41.81441284689738], [-72.71498945826485, 41.814420846897384], [-72.71499645826488, 41.814420846897384], [-72.71499645826488, 41.81441284689738]]], [[[-72.71496445826486, 41.8145228468974], [-72.71495645826487, 41.814522846897376], [-72.71495645826485, 41.81453184689739], [-72.71496445826486, 41.814531846897374], [-72.71496445826486, 41.8145228468974]]], [[[-72.71497445826488, 41.81449384689738], [-72.71496745826485, 41.81449384689739], [-72.71496745826488, 41.81450284689739], [-72.71497445826485, 41.81450284689739], [-72.71497445826488, 41.81449384689738]]], [[[-72.71500445826484, 41.8144828468974], [-72.71498545826486, 41.81448284689738], [-72.71498545826486, 41.81449384689739], [-72.71500445826486, 41.81449384689739], [-72.71500445826484, 41.8144828468974]]], [[[-72.71477245826486, 41.81455384689739], [-72.71477245826485, 41.81457884689738], [-72.71476145826486, 41.81457884689738], [-72.71476145826487, 41.81455384689739], [-72.71477245826486, 41.81455384689739]]], [[[-72.71499345826486, 41.81455084689742], [-72.71498645826486, 41.81455084689739], [-72.71498645826486, 41.81455984689738], [-72.71499345826486, 41.814559846897374], [-72.71499345826486, 41.81455084689742]]], [[[-72.71499645826488, 41.814396846897374], [-72.71498945826485, 41.81439684689738], [-72.71498945826484, 41.814404846897396], [-72.71499645826485, 41.814404846897375], [-72.71499645826488, 41.814396846897374]]], [[[-72.71521045826486, 41.81429484689737], [-72.71521045826488, 41.81430884689738], [-72.71521745826486, 41.81430884689739], [-72.71521745826486, 41.81429484689738], [-72.71521045826486, 41.81429484689737]]], [[[-72.71568045826486, 41.81387584689739], [-72.71568645826486, 41.81387584689738], [-72.71568645826486, 41.81388784689738], [-72.71568045826486, 41.813887846897366], [-72.71568045826486, 41.81387584689739]]], [[[-72.71576645826487, 41.813912846897374], [-72.71577245826488, 41.8139128468974], [-72.71577245826485, 41.81392484689741], [-72.71576645826487, 41.8139248468974], [-72.71576645826487, 41.813912846897374]]], [[[-72.71482145826486, 41.81406084689739], [-72.71479845826487, 41.81406084689738], [-72.71479845826487, 41.814050846897366], [-72.71482145826486, 41.814050846897395], [-72.71482145826486, 41.81406084689739]]], [[[-72.71520345826488, 41.81438784689738], [-72.71520345826485, 41.814376846897375], [-72.71520445826485, 41.814376846897375], [-72.71520445826486, 41.8143878468974], [-72.71520345826488, 41.81438784689738]]], [[[-72.71496545826487, 41.81432384689739], [-72.71495845826487, 41.81432384689739], [-72.71495845826487, 41.81433084689739], [-72.71496545826487, 41.81433084689739], [-72.71496545826487, 41.81432384689739]]], [[[-72.71493445826486, 41.81454084689739], [-72.71492745826488, 41.81454084689737], [-72.71492745826487, 41.8145498468974], [-72.71493445826488, 41.814549846897386], [-72.71493445826486, 41.81454084689739]]], [[[-72.71491545826485, 41.81450384689738], [-72.71490845826487, 41.81450384689737], [-72.71490845826486, 41.814512846897394], [-72.71491545826485, 41.81451284689741], [-72.71491545826485, 41.81450384689738]]], [[[-72.71546545826486, 41.81428984689741], [-72.71545345826486, 41.814289846897395], [-72.71545345826486, 41.8142958468974], [-72.71546545826486, 41.81429584689738], [-72.71546545826486, 41.81428984689741]]], [[[-72.71493445826485, 41.81456984689738], [-72.71492745826487, 41.814569846897385], [-72.71492745826487, 41.81457884689738], [-72.71493445826486, 41.81457884689738], [-72.71493445826485, 41.81456984689738]]], [[[-72.71491445826487, 41.81441684689738], [-72.71491445826486, 41.814404846897375], [-72.71490445826487, 41.81440484689737], [-72.71490445826488, 41.81441684689739], [-72.71491445826487, 41.81441684689738]]], [[[-72.71485245826487, 41.81452084689738], [-72.71484645826486, 41.81452384689739], [-72.7148564582649, 41.81454484689737], [-72.71486245826488, 41.814541846897384], [-72.71485245826487, 41.81452084689738]]], [[[-72.71521045826488, 41.81430884689738], [-72.71521045826486, 41.8143238468974], [-72.71521745826485, 41.81432384689739], [-72.71521745826486, 41.81430884689739], [-72.71521045826488, 41.81430884689738]]], [[[-72.71555245826487, 41.814289846897395], [-72.71554045826488, 41.814289846897395], [-72.71554045826487, 41.81429584689738], [-72.71555245826487, 41.81429584689738], [-72.71555245826487, 41.814289846897395]]], [[[-72.71493645826484, 41.81429184689738], [-72.71492845826488, 41.81429184689739], [-72.71492845826486, 41.814299846897406], [-72.71493645826486, 41.814299846897384], [-72.71493645826484, 41.81429184689738]]], [[[-72.71552345826487, 41.81428984689738], [-72.71551145826486, 41.814289846897395], [-72.71551145826486, 41.814295846897394], [-72.71552345826487, 41.81429584689738], [-72.71552345826487, 41.81428984689738]]], [[[-72.71493945826487, 41.813851846897386], [-72.71491645826485, 41.81385184689739], [-72.71491645826485, 41.813862846897365], [-72.71493945826487, 41.81386284689737], [-72.71493945826487, 41.813851846897386]]], [[[-72.71491445826486, 41.814427846897374], [-72.71491445826487, 41.81441684689738], [-72.71490445826488, 41.81441684689739], [-72.71490445826487, 41.81442784689737], [-72.71491445826486, 41.814427846897374]]], [[[-72.71553345826484, 41.814093846897386], [-72.71553345826484, 41.81411784689739], [-72.71554545826486, 41.814117846897375], [-72.71554545826487, 41.81409384689739], [-72.71553345826484, 41.814093846897386]]], [[[-72.71479345826486, 41.813851846897386], [-72.71476945826487, 41.81385184689737], [-72.71476945826487, 41.8138628468974], [-72.71479345826486, 41.81386284689738], [-72.71479345826486, 41.813851846897386]]], [[[-72.71489445826485, 41.814427846897374], [-72.71489445826487, 41.81441684689738], [-72.71490445826488, 41.81441684689739], [-72.71490445826487, 41.81442784689737], [-72.71489445826485, 41.814427846897374]]], [[[-72.71596745826484, 41.81402884689737], [-72.71596745826486, 41.814054846897385], [-72.71597845826484, 41.8140548468974], [-72.71597845826484, 41.81402884689737], [-72.71596745826484, 41.81402884689737]]], [[[-72.71509645826488, 41.81421884689739], [-72.71509645826487, 41.81424284689738], [-72.71508945826484, 41.81424284689738], [-72.71508945826486, 41.81421884689737], [-72.71509645826488, 41.81421884689739]]], [[[-72.71490545826484, 41.81432684689738], [-72.71489845826486, 41.81432684689737], [-72.71489845826486, 41.81433284689739], [-72.71490545826487, 41.8143328468974], [-72.71490545826484, 41.81432684689738]]], [[[-72.71535845826484, 41.813870846897395], [-72.71535245826486, 41.813870846897416], [-72.71535245826486, 41.813883846897376], [-72.71535845826487, 41.81388384689737], [-72.71535845826484, 41.813870846897395]]], [[[-72.71568045826486, 41.813871846897385], [-72.71569145826487, 41.81387184689737], [-72.71569145826486, 41.81387584689738], [-72.71568045826486, 41.81387584689739], [-72.71568045826486, 41.813871846897385]]], [[[-72.71497345826485, 41.8142918468974], [-72.71496645826487, 41.81429184689738], [-72.71496645826488, 41.814299846897384], [-72.71497345826488, 41.814299846897384], [-72.71497345826485, 41.8142918468974]]], [[[-72.71590845826486, 41.81389584689738], [-72.71591345826485, 41.81389584689738], [-72.71591345826486, 41.81390084689738], [-72.71590845826483, 41.8139008468974], [-72.71590845826486, 41.81389584689738]]], [[[-72.71588445826488, 41.81434284689738], [-72.71588445826488, 41.8143688468974], [-72.71587245826485, 41.814368846897395], [-72.71587245826487, 41.8143428468974], [-72.71588445826488, 41.81434284689738]]], [[[-72.71530845826486, 41.81411984689738], [-72.71530845826487, 41.81414484689738], [-72.71531545826485, 41.8141448468974], [-72.71531545826488, 41.814119846897356], [-72.71530845826486, 41.81411984689738]]], [[[-72.71535045826488, 41.8141948468974], [-72.71535045826488, 41.814218846897376], [-72.71536045826485, 41.81421884689738], [-72.71536045826487, 41.81419484689739], [-72.71535045826488, 41.8141948468974]]], [[[-72.71496545826487, 41.81433084689739], [-72.71495845826487, 41.81433084689739], [-72.71495845826486, 41.81433884689738], [-72.71496545826486, 41.814338846897385], [-72.71496545826487, 41.81433084689739]]], [[[-72.71577245826488, 41.8139128468974], [-72.71577845826488, 41.813912846897374], [-72.71577845826485, 41.8139248468974], [-72.71577245826485, 41.81392484689741], [-72.71577245826488, 41.8139128468974]]], [[[-72.71452245826487, 41.81381184689739], [-72.71452245826485, 41.81380184689739], [-72.71449945826485, 41.81380184689738], [-72.71449945826487, 41.81381184689738], [-72.71452245826487, 41.81381184689739]]], [[[-72.71525145826486, 41.81392584689738], [-72.71525145826486, 41.813920846897375], [-72.71526245826486, 41.81392084689739], [-72.71526245826486, 41.813925846897384], [-72.71525145826486, 41.81392584689738]]], [[[-72.71494545826486, 41.814503846897374], [-72.71493745826486, 41.81450384689738], [-72.71493745826487, 41.81451284689739], [-72.71494545826486, 41.8145128468974], [-72.71494545826486, 41.814503846897374]]], [[[-72.71576945826486, 41.81453884689738], [-72.71576945826487, 41.81456484689739], [-72.71575945826487, 41.81456484689739], [-72.71575945826486, 41.81453884689738], [-72.71576945826486, 41.81453884689738]]], [[[-72.71538845826487, 41.813925846897384], [-72.71538845826487, 41.813920846897375], [-72.71537645826486, 41.81392084689737], [-72.71537645826487, 41.813925846897384], [-72.71538845826487, 41.813925846897384]]], [[[-72.71563345826486, 41.81437184689738], [-72.71563345826485, 41.814396846897374], [-72.71564345826486, 41.81439684689739], [-72.71564345826486, 41.81437184689738], [-72.71563345826486, 41.81437184689738]]], [[[-72.71481645826486, 41.81391184689738], [-72.71481645826488, 41.81390184689738], [-72.71479345826486, 41.813901846897394], [-72.71479345826484, 41.813911846897376], [-72.71481645826486, 41.81391184689738]]], [[[-72.71575745826486, 41.81407384689737], [-72.71575745826485, 41.8140748468974], [-72.71574545826486, 41.81407484689738], [-72.71574545826486, 41.81407384689741], [-72.71575745826486, 41.81407384689737]]], [[[-72.71497345826488, 41.81433884689739], [-72.71496645826485, 41.81433884689737], [-72.71496645826488, 41.81434584689739], [-72.71497345826485, 41.814345846897396], [-72.71497345826488, 41.81433884689739]]], [[[-72.71491245826488, 41.814319846897384], [-72.71490545826488, 41.81431984689738], [-72.71490545826484, 41.81432684689738], [-72.71491245826485, 41.814326846897394], [-72.71491245826488, 41.814319846897384]]], [[[-72.71575545826488, 41.81419284689738], [-72.71575545826485, 41.814218846897376], [-72.71574545826486, 41.81421884689739], [-72.71574545826486, 41.81419284689737], [-72.71575545826488, 41.81419284689738]]], [[[-72.71518445826486, 41.813967846897384], [-72.71518445826487, 41.81399184689737], [-72.71517745826486, 41.81399184689739], [-72.71517745826486, 41.8139678468974], [-72.71518445826486, 41.813967846897384]]], [[[-72.71538845826487, 41.814577846897386], [-72.71540645826487, 41.81457784689737], [-72.71540645826485, 41.81458884689738], [-72.71538845826488, 41.81458884689738], [-72.71538845826487, 41.814577846897386]]], [[[-72.71554145826487, 41.813880846897376], [-72.71556445826486, 41.813880846897376], [-72.71556445826486, 41.813874846897384], [-72.71554145826487, 41.8138748468974], [-72.71554145826487, 41.813880846897376]]], [[[-72.71491545826485, 41.81385184689738], [-72.71489145826486, 41.81385184689737], [-72.71489145826486, 41.813862846897386], [-72.71491545826485, 41.81386284689737], [-72.71491545826485, 41.81385184689738]]], [[[-72.71503445826487, 41.814528846897375], [-72.71503445826487, 41.81455384689739], [-72.71502445826486, 41.81455384689738], [-72.71502445826486, 41.81452884689738], [-72.71503445826487, 41.814528846897375]]], [[[-72.71570445826488, 41.813992846897406], [-72.71570445826485, 41.81401784689739], [-72.71571345826484, 41.81401784689739], [-72.71571345826484, 41.81399284689739], [-72.71570445826488, 41.813992846897406]]], [[[-72.71503445826487, 41.81455484689737], [-72.71503445826487, 41.81457884689739], [-72.71502445826486, 41.81457884689737], [-72.71502445826486, 41.81455484689738], [-72.71503445826487, 41.81455484689737]]], [[[-72.71583245826484, 41.81401884689739], [-72.71582145826486, 41.814018846897405], [-72.71582145826486, 41.8140428468974], [-72.71583245826486, 41.81404284689737], [-72.71583245826484, 41.81401884689739]]], [[[-72.71477045826485, 41.814629846897404], [-72.71479545826487, 41.81462984689741], [-72.71479545826486, 41.81461784689739], [-72.71477045826487, 41.81461784689739], [-72.71477045826485, 41.814629846897404]]], [[[-72.71471945826488, 41.81462984689738], [-72.71474445826487, 41.8146298468974], [-72.71474445826485, 41.8146178468974], [-72.71471945826487, 41.814617846897384], [-72.71471945826488, 41.81462984689738]]], [[[-72.71554145826487, 41.81462984689741], [-72.71556645826485, 41.81462984689737], [-72.71556645826485, 41.814617846897384], [-72.71554145826487, 41.81461784689739], [-72.71554145826487, 41.81462984689741]]], [[[-72.71478345826485, 41.81424684689739], [-72.71476045826488, 41.814246846897376], [-72.71476045826486, 41.81423684689739], [-72.71478345826488, 41.81423684689739], [-72.71478345826485, 41.81424684689739]]], [[[-72.71425845826487, 41.813986846897386], [-72.71425845826487, 41.814012846897384], [-72.71426945826488, 41.814012846897384], [-72.71426945826488, 41.813986846897386], [-72.71425845826487, 41.813986846897386]]], [[[-72.71534845826487, 41.814093846897386], [-72.71534845826487, 41.81411784689738], [-72.71533845826487, 41.81411784689739], [-72.71533845826487, 41.814093846897386], [-72.71534845826487, 41.814093846897386]]], [[[-72.71456945826486, 41.81382884689739], [-72.71456945826486, 41.813854846897385], [-72.71455945826487, 41.81385484689739], [-72.71455945826487, 41.813828846897394], [-72.71456945826486, 41.81382884689739]]], [[[-72.71505645826487, 41.81414384689739], [-72.71505645826487, 41.81416884689738], [-72.71504945826484, 41.814168846897374], [-72.71504945826486, 41.81414384689739], [-72.71505645826487, 41.81414384689739]]], [[[-72.71522745826485, 41.81401784689737], [-72.71522745826486, 41.8140428468974], [-72.71523445826483, 41.81404284689738], [-72.71523445826486, 41.81401784689739], [-72.71522745826485, 41.81401784689737]]], [[[-72.71489645826486, 41.81414484689738], [-72.71489645826486, 41.8141628468974], [-72.71490745826483, 41.81416284689738], [-72.71490745826485, 41.81414484689738], [-72.71489645826486, 41.81414484689738]]], [[[-72.71444545826483, 41.81413984689736], [-72.71446945826484, 41.81413984689738], [-72.71446945826486, 41.8141268468974], [-72.71444545826488, 41.8141268468974], [-72.71444545826483, 41.81413984689736]]], [[[-72.71463745826486, 41.81413984689736], [-72.71466245826484, 41.814139846897376], [-72.71466245826487, 41.814126846897395], [-72.71463745826486, 41.8141268468974], [-72.71463745826486, 41.81413984689736]]], [[[-72.71471445826487, 41.81413184689739], [-72.71471445826485, 41.8141558468974], [-72.71472445826488, 41.8141558468974], [-72.71472445826487, 41.814131846897396], [-72.71471445826487, 41.81413184689739]]], [[[-72.71458545826486, 41.814219846897394], [-72.71458545826488, 41.8142458468974], [-72.71457345826487, 41.8142458468974], [-72.71457345826488, 41.81421984689738], [-72.71458545826486, 41.814219846897394]]], [[[-72.71497945826488, 41.81424884689738], [-72.7149554582649, 41.81424884689738], [-72.71495545826485, 41.81425584689738], [-72.71497945826485, 41.81425584689738], [-72.71497945826488, 41.81424884689738]]], [[[-72.71445745826486, 41.814166846897386], [-72.71445745826485, 41.81419284689737], [-72.71444545826486, 41.81419284689737], [-72.71444545826488, 41.81416684689741], [-72.71445745826486, 41.814166846897386]]], [[[-72.71452345826486, 41.814166846897386], [-72.71452345826486, 41.81419284689737], [-72.71453545826485, 41.81419284689738], [-72.71453545826486, 41.81416684689739], [-72.71452345826486, 41.814166846897386]]], [[[-72.71522745826486, 41.81399284689738], [-72.71522745826485, 41.81401784689737], [-72.71523445826486, 41.81401784689739], [-72.71523445826486, 41.81399284689738], [-72.71522745826486, 41.81399284689738]]], [[[-72.71489545826488, 41.814202846897395], [-72.71487145826488, 41.814202846897395], [-72.71487145826487, 41.814212846897384], [-72.71489545826486, 41.814212846897384], [-72.71489545826488, 41.814202846897395]]], [[[-72.71522745826486, 41.81411884689737], [-72.71522745826486, 41.81414384689737], [-72.71523445826486, 41.81414384689738], [-72.71523445826486, 41.814118846897394], [-72.71522745826486, 41.81411884689737]]], [[[-72.71526445826485, 41.814220846897385], [-72.71526445826485, 41.814245846897386], [-72.71525745826486, 41.814245846897386], [-72.71525745826484, 41.8142208468974], [-72.71526445826485, 41.814220846897385]]], [[[-72.71471445826488, 41.81410684689739], [-72.71471445826487, 41.814130846897385], [-72.71472445826487, 41.81413084689738], [-72.71472445826487, 41.81410684689739], [-72.71471445826488, 41.81410684689739]]], [[[-72.71531445826484, 41.814463846897375], [-72.71531445826486, 41.81448884689738], [-72.71530445826487, 41.81448884689738], [-72.71530445826485, 41.814463846897375], [-72.71531445826484, 41.814463846897375]]], [[[-72.71562745826486, 41.813851846897364], [-72.71560345826485, 41.813851846897386], [-72.71560345826487, 41.81385884689739], [-72.71562745826485, 41.81385884689739], [-72.71562745826486, 41.813851846897364]]], [[[-72.71512345826486, 41.814513846897384], [-72.71512345826486, 41.81453984689739], [-72.71513345826486, 41.81453984689739], [-72.71513345826486, 41.814513846897384], [-72.71512345826486, 41.814513846897384]]], [[[-72.71587345826487, 41.81434084689738], [-72.71589845826486, 41.81434084689738], [-72.71589845826486, 41.81432884689738], [-72.71587345826487, 41.81432884689738], [-72.71587345826487, 41.81434084689738]]], [[[-72.71553245826487, 41.81406884689738], [-72.71553245826483, 41.81409284689738], [-72.71552245826484, 41.814092846897374], [-72.71552245826484, 41.814068846897385], [-72.71553245826487, 41.81406884689738]]], [[[-72.71549345826486, 41.81390884689739], [-72.71549345826487, 41.81392084689737], [-72.71548745826486, 41.81392084689738], [-72.71548745826486, 41.81390884689738], [-72.71549345826486, 41.81390884689739]]], [[[-72.71460545826486, 41.81385684689739], [-72.71462545826485, 41.81385684689739], [-72.71462545826486, 41.81386784689738], [-72.71460545826486, 41.81386784689738], [-72.71460545826486, 41.81385684689739]]], [[[-72.71477245826485, 41.81401284689738], [-72.71474945826486, 41.8140128468974], [-72.71474945826486, 41.81400184689737], [-72.71477245826485, 41.81400184689737], [-72.71477245826485, 41.81401284689738]]], [[[-72.71567645826487, 41.81385184689739], [-72.71565245826486, 41.81385184689737], [-72.71565245826484, 41.81385884689739], [-72.71567645826487, 41.81385884689738], [-72.71567645826487, 41.81385184689739]]], [[[-72.71534845826486, 41.81414384689739], [-72.71534845826487, 41.814168846897374], [-72.71533845826485, 41.81416884689738], [-72.71533845826485, 41.81414384689738], [-72.71534845826486, 41.81414384689739]]], [[[-72.71479745826485, 41.814202846897395], [-72.71477345826487, 41.81420284689739], [-72.71477345826489, 41.81421284689739], [-72.71479745826487, 41.814212846897384], [-72.71479745826485, 41.814202846897395]]], [[[-72.71511745826486, 41.81462984689741], [-72.71514045826486, 41.81462984689738], [-72.71514045826486, 41.814617846897384], [-72.71511745826486, 41.814617846897384], [-72.71511745826486, 41.81462984689741]]], [[[-72.71522745826486, 41.81414384689737], [-72.71522745826486, 41.814168846897374], [-72.71523445826485, 41.81416884689738], [-72.71523445826486, 41.81414384689738], [-72.71522745826486, 41.81414384689737]]], [[[-72.71525745826486, 41.81406784689737], [-72.71527245826488, 41.81406784689739], [-72.71527245826486, 41.81406084689739], [-72.71525745826486, 41.81406084689739], [-72.71525745826486, 41.81406784689737]]], [[[-72.71512345826486, 41.81434184689737], [-72.71512345826486, 41.81435384689736], [-72.71513345826486, 41.81435384689736], [-72.71513345826486, 41.81434184689739], [-72.71512345826486, 41.81434184689737]]], [[[-72.71526645826485, 41.814195846897384], [-72.71526645826486, 41.814219846897394], [-72.71527345826485, 41.81421984689738], [-72.71527345826485, 41.814195846897384], [-72.71526645826485, 41.814195846897384]]], [[[-72.71522745826486, 41.81419484689737], [-72.71522745826486, 41.814218846897376], [-72.71523445826486, 41.8142188468974], [-72.71523445826485, 41.8141948468974], [-72.71522745826486, 41.81419484689737]]], [[[-72.71525745826489, 41.81424784689736], [-72.71527245826486, 41.81424784689738], [-72.71527245826488, 41.81425484689738], [-72.71525745826487, 41.814254846897384], [-72.71525745826489, 41.81424784689736]]], [[[-72.71497945826486, 41.81424684689738], [-72.71495545826487, 41.814246846897376], [-72.71495545826487, 41.81423684689739], [-72.71497945826485, 41.81423684689739], [-72.71497945826486, 41.81424684689738]]], [[[-72.71526445826485, 41.814195846897384], [-72.71526445826485, 41.8142198468974], [-72.71525745826486, 41.814219846897394], [-72.71525745826487, 41.814195846897384], [-72.71526445826485, 41.814195846897384]]], [[[-72.71534845826486, 41.814118846897394], [-72.71534845826486, 41.81414384689739], [-72.71533845826485, 41.81414384689738], [-72.71533845826488, 41.81411884689737], [-72.71534845826486, 41.814118846897394]]], [[[-72.71488145826486, 41.81424684689738], [-72.71485745826486, 41.81424684689738], [-72.71485745826486, 41.814236846897394], [-72.71488145826487, 41.81423684689739], [-72.71488145826486, 41.81424684689738]]], [[[-72.71483245826488, 41.81424684689738], [-72.71480945826485, 41.81424684689739], [-72.71480945826487, 41.814236846897394], [-72.71483245826488, 41.8142368468974], [-72.71483245826488, 41.81424684689738]]], [[[-72.71526445826487, 41.81414484689737], [-72.71526445826487, 41.814169846897386], [-72.71525745826484, 41.814169846897386], [-72.71525745826486, 41.81414484689738], [-72.71526445826487, 41.81414484689737]]], [[[-72.71512345826486, 41.81438184689738], [-72.71512345826486, 41.81440684689739], [-72.71513345826486, 41.81440684689739], [-72.71513345826486, 41.814381846897376], [-72.71512345826486, 41.81438184689738]]], [[[-72.71596745826484, 41.81452784689739], [-72.71596745826486, 41.81455284689737], [-72.71597845826486, 41.814552846897385], [-72.71597845826486, 41.814527846897406], [-72.71596745826484, 41.81452784689739]]], [[[-72.71534845826486, 41.814219846897394], [-72.71534845826484, 41.814244846897395], [-72.71533845826488, 41.81424484689739], [-72.71533845826485, 41.81421984689738], [-72.71534845826486, 41.814219846897394]]], [[[-72.71548645826488, 41.81401784689739], [-72.71548645826486, 41.814042846897365], [-72.71547545826486, 41.81404284689738], [-72.71547545826485, 41.81401784689739], [-72.71548645826488, 41.81401784689739]]], [[[-72.71558545826488, 41.81451984689738], [-72.71558545826487, 41.81454084689739], [-72.71557045826486, 41.81454084689739], [-72.71557045826486, 41.81451984689738], [-72.71558545826488, 41.81451984689738]]], [[[-72.71445745826487, 41.814246846897376], [-72.71445745826486, 41.81427184689737], [-72.71444545826488, 41.81427184689739], [-72.71444545826485, 41.81424684689738], [-72.71445745826487, 41.814246846897376]]], [[[-72.71581845826488, 41.81437984689738], [-72.71581845826486, 41.81440484689738], [-72.71580645826486, 41.814404846897375], [-72.71580645826488, 41.81437984689739], [-72.71581845826488, 41.81437984689738]]], [[[-72.71562045826485, 41.81401784689739], [-72.71562045826487, 41.8140428468974], [-72.71560845826485, 41.8140428468974], [-72.71560845826488, 41.81401784689739], [-72.71562045826485, 41.81401784689739]]], [[[-72.71477245826487, 41.81420284689738], [-72.71474945826488, 41.81420284689739], [-72.71474945826485, 41.81421284689739], [-72.71477245826486, 41.81421284689738], [-72.71477245826487, 41.81420284689738]]], [[[-72.71546445826486, 41.8146298468974], [-72.71548945826487, 41.814629846897404], [-72.71548945826484, 41.81461784689738], [-72.71546445826485, 41.814617846897384], [-72.71546445826486, 41.8146298468974]]], [[[-72.71477245826486, 41.81420084689738], [-72.71474945826488, 41.81420084689739], [-72.71474945826489, 41.81418984689739], [-72.71477245826487, 41.81418984689739], [-72.71477245826486, 41.81420084689738]]], [[[-72.71471445826487, 41.814156846897376], [-72.71471445826485, 41.81418184689739], [-72.71472445826485, 41.814181846897384], [-72.71472445826487, 41.81415684689738], [-72.71471445826487, 41.814156846897376]]], [[[-72.71499645826486, 41.814445846897385], [-72.71499645826485, 41.814470846897414], [-72.71500345826485, 41.81447084689739], [-72.71500345826487, 41.814445846897364], [-72.71499645826486, 41.814445846897385]]], [[[-72.71539645826486, 41.814351846897374], [-72.71539645826485, 41.81437784689738], [-72.71540745826486, 41.81437784689738], [-72.71540745826486, 41.81435184689736], [-72.71539645826486, 41.814351846897374]]], [[[-72.71487045826485, 41.81406284689738], [-72.71484645826487, 41.814062846897386], [-72.71484645826486, 41.814072846897396], [-72.71487045826485, 41.814072846897396], [-72.71487045826485, 41.81406284689738]]], [[[-72.71502445826486, 41.81430084689739], [-72.71504245826486, 41.81430084689738], [-72.71504245826486, 41.81428984689739], [-72.71502445826486, 41.81428984689738], [-72.71502445826486, 41.81430084689739]]], [[[-72.71508945826486, 41.81396384689739], [-72.71510745826487, 41.81396384689738], [-72.71510745826485, 41.81395684689738], [-72.71508945826486, 41.8139568468974], [-72.71508945826486, 41.81396384689739]]], [[[-72.71581745826487, 41.81409684689737], [-72.71581745826485, 41.81409784689737], [-72.71583145826483, 41.81409784689739], [-72.71583145826484, 41.814096846897385], [-72.71581745826487, 41.81409684689737]]], [[[-72.71480845826483, 41.814246846897404], [-72.71478445826484, 41.81424684689739], [-72.71478445826487, 41.81423684689739], [-72.71480845826486, 41.81423684689739], [-72.71480845826483, 41.814246846897404]]], [[[-72.71553345826484, 41.81404384689738], [-72.71553345826486, 41.81406784689737], [-72.71554545826487, 41.81406784689738], [-72.71554545826484, 41.81404384689739], [-72.71553345826484, 41.81404384689738]]], [[[-72.71425845826487, 41.81390784689741], [-72.71425845826487, 41.81393384689738], [-72.71426945826485, 41.81393384689737], [-72.71426945826488, 41.81390784689741], [-72.71425845826487, 41.81390784689741]]], [[[-72.71505645826487, 41.81406884689737], [-72.71505645826487, 41.814092846897395], [-72.71504945826486, 41.81409284689739], [-72.71504945826484, 41.81406884689737], [-72.71505645826487, 41.81406884689737]]], [[[-72.71487045826487, 41.814106846897396], [-72.71484645826486, 41.81410684689739], [-72.71484645826484, 41.81409684689738], [-72.71487045826484, 41.814096846897385], [-72.71487045826487, 41.814106846897396]]], [[[-72.71505645826485, 41.814093846897386], [-72.71505645826487, 41.814117846897375], [-72.71504945826486, 41.81411784689738], [-72.71504945826486, 41.81409384689738], [-72.71505645826485, 41.814093846897386]]], [[[-72.71557745826489, 41.81413284689737], [-72.71557745826486, 41.814144846897385], [-72.71558445826487, 41.81414484689736], [-72.71558445826487, 41.814132846897394], [-72.71557745826489, 41.81413284689737]]], [[[-72.71484645826486, 41.81410684689739], [-72.71482245826489, 41.814106846897396], [-72.71482245826488, 41.814096846897385], [-72.71484645826484, 41.81409684689738], [-72.71484645826486, 41.81410684689739]]], [[[-72.71535045826487, 41.814068846897385], [-72.71535045826488, 41.81409284689736], [-72.71536045826484, 41.814092846897395], [-72.71536045826487, 41.81406884689738], [-72.71535045826487, 41.814068846897385]]], [[[-72.71493045826485, 41.81424684689738], [-72.71490645826486, 41.814246846897376], [-72.71490645826488, 41.81423684689739], [-72.71493045826486, 41.814236846897394], [-72.71493045826485, 41.81424684689738]]], [[[-72.71539645826488, 41.814325846897376], [-72.71539645826486, 41.81435084689738], [-72.71540745826488, 41.814350846897376], [-72.71540745826486, 41.814325846897376], [-72.71539645826488, 41.814325846897376]]], [[[-72.71432845826486, 41.814246846897404], [-72.71432845826487, 41.81427184689739], [-72.71431745826486, 41.81427184689737], [-72.71431745826486, 41.81424684689738], [-72.71432845826486, 41.814246846897404]]], [[[-72.71432845826486, 41.814219846897394], [-72.71432845826486, 41.81424584689739], [-72.71431745826487, 41.814245846897386], [-72.71431745826487, 41.81421984689739], [-72.71432845826486, 41.814219846897394]]], [[[-72.71425845826487, 41.81401384689738], [-72.71425845826487, 41.81403984689739], [-72.71426945826485, 41.81403984689738], [-72.71426945826487, 41.81401384689737], [-72.71425845826487, 41.81401384689738]]], [[[-72.71575945826487, 41.814300846897396], [-72.71578145826484, 41.81430084689736], [-72.71578145826484, 41.81429084689739], [-72.71575945826486, 41.814290846897386], [-72.71575945826487, 41.814300846897396]]], [[[-72.71531945826484, 41.81391984689738], [-72.71531245826486, 41.81391984689737], [-72.71531245826486, 41.813925846897384], [-72.71531945826483, 41.81392584689738], [-72.71531945826484, 41.81391984689738]]], [[[-72.71439245826487, 41.814219846897394], [-72.71439245826487, 41.814245846897386], [-72.71438045826486, 41.814245846897386], [-72.71438045826486, 41.8142198468974], [-72.71439245826487, 41.814219846897394]]], [[[-72.71478745826487, 41.8145828468974], [-72.71476245826487, 41.81458284689739], [-72.71476245826487, 41.81459284689738], [-72.71478745826487, 41.814592846897376], [-72.71478745826487, 41.8145828468974]]], [[[-72.71588645826485, 41.81404284689739], [-72.71588645826485, 41.814044846897396], [-72.71587245826487, 41.81404484689738], [-72.71587245826487, 41.81404284689738], [-72.71588645826485, 41.81404284689739]]], [[[-72.71575745826487, 41.81408184689737], [-72.71575745826485, 41.81408384689739], [-72.71574545826486, 41.81408384689738], [-72.71574545826488, 41.81408184689739], [-72.71575745826487, 41.81408184689737]]], [[[-72.71509645826488, 41.814168846897395], [-72.71509645826487, 41.81419284689736], [-72.71508945826486, 41.81419284689736], [-72.71508945826486, 41.81416884689738], [-72.71509645826488, 41.814168846897395]]], [[[-72.71575745826486, 41.81399684689739], [-72.71575745826487, 41.81399784689737], [-72.71574545826485, 41.81399784689739], [-72.71574545826486, 41.813996846897396], [-72.71575745826486, 41.81399684689739]]], [[[-72.71557645826488, 41.81406884689738], [-72.71557645826485, 41.81409284689737], [-72.71556945826488, 41.81409284689738], [-72.71556945826485, 41.81406884689739], [-72.71557645826488, 41.81406884689738]]], [[[-72.71425845826487, 41.81393384689738], [-72.71425845826485, 41.813959846897376], [-72.71426945826485, 41.81395984689738], [-72.71426945826485, 41.81393384689737], [-72.71425845826487, 41.81393384689738]]], [[[-72.71548945826483, 41.81446084689737], [-72.71548945826487, 41.81448684689738], [-72.71550045826486, 41.8144868468974], [-72.71550045826487, 41.81446084689739], [-72.71548945826483, 41.81446084689737]]], [[[-72.71575745826489, 41.81403884689738], [-72.71575745826487, 41.814040846897385], [-72.71574545826483, 41.8140408468974], [-72.71574545826488, 41.81403884689737], [-72.71575745826489, 41.81403884689738]]], [[[-72.71432845826484, 41.81419384689739], [-72.71432845826486, 41.81421884689738], [-72.71431745826486, 41.81421884689738], [-72.71431745826486, 41.81419384689739], [-72.71432845826484, 41.81419384689739]]], [[[-72.71575745826486, 41.81409884689739], [-72.71575745826485, 41.81410084689737], [-72.71574545826488, 41.81410084689738], [-72.71574545826485, 41.81409884689739], [-72.71575745826486, 41.81409884689739]]], [[[-72.71575745826487, 41.81410784689739], [-72.71575745826485, 41.81410984689736], [-72.71574545826486, 41.814109846897374], [-72.71574545826485, 41.8141078468974], [-72.71575745826487, 41.81410784689739]]], [[[-72.71575745826487, 41.814116846897385], [-72.71575745826485, 41.814117846897375], [-72.71574545826485, 41.8141178468974], [-72.71574545826488, 41.814116846897385], [-72.71575745826487, 41.814116846897385]]], [[[-72.71575745826485, 41.81412484689738], [-72.71575745826486, 41.81412684689739], [-72.71574545826486, 41.814126846897395], [-72.71574545826485, 41.81412484689737], [-72.71575745826485, 41.81412484689738]]], [[[-72.71596545826488, 41.81400084689738], [-72.71595445826489, 41.81400084689739], [-72.71595445826485, 41.81402484689738], [-72.71596545826485, 41.8140248468974], [-72.71596545826488, 41.81400084689738]]], [[[-72.71514345826486, 41.81421884689738], [-72.71514345826486, 41.814242846897415], [-72.71515345826487, 41.814242846897386], [-72.71515345826487, 41.81421884689738], [-72.71514345826486, 41.81421884689738]]], [[[-72.71522645826485, 41.81396784689739], [-72.71522645826487, 41.81399184689739], [-72.71521945826485, 41.813991846897395], [-72.71521945826485, 41.81396784689739], [-72.71522645826485, 41.81396784689739]]], [[[-72.71488145826486, 41.81424884689737], [-72.71485745826487, 41.81424884689738], [-72.71485745826485, 41.814255846897375], [-72.71488145826486, 41.814255846897396], [-72.71488145826486, 41.81424884689737]]], [[[-72.71432845826486, 41.81416684689739], [-72.71432845826486, 41.81419284689738], [-72.71431745826486, 41.814192846897356], [-72.71431745826486, 41.81416684689741], [-72.71432845826486, 41.81416684689739]]], [[[-72.71479745826488, 41.814013846897396], [-72.71477345826486, 41.81401384689738], [-72.71477345826486, 41.81402484689738], [-72.71479745826487, 41.81402484689738], [-72.71479745826488, 41.814013846897396]]], [[[-72.71487045826485, 41.81420284689738], [-72.71484645826486, 41.814202846897395], [-72.71484645826487, 41.81421284689739], [-72.71487045826485, 41.81421284689737], [-72.71487045826485, 41.81420284689738]]], [[[-72.71452345826488, 41.814193846897375], [-72.71452345826486, 41.8142188468974], [-72.71453545826488, 41.81421884689736], [-72.71453545826488, 41.81419384689739], [-72.71452345826488, 41.814193846897375]]], [[[-72.71484645826484, 41.81415584689738], [-72.71482245826488, 41.81415584689738], [-72.71482245826486, 41.8141668468974], [-72.71484645826487, 41.81416684689741], [-72.71484645826484, 41.81415584689738]]], [[[-72.71479745826488, 41.814155846897386], [-72.71477345826486, 41.814155846897386], [-72.71477345826486, 41.8141668468974], [-72.71479745826488, 41.8141668468974], [-72.71479745826488, 41.814155846897386]]], [[[-72.71484645826483, 41.81415484689738], [-72.71482245826486, 41.81415484689738], [-72.71482245826489, 41.814143846897394], [-72.71484645826487, 41.814143846897394], [-72.71484645826483, 41.81415484689738]]], [[[-72.71452045826486, 41.81419384689739], [-72.71452045826486, 41.814218846897376], [-72.71450845826485, 41.81421884689738], [-72.71450845826486, 41.81419384689739], [-72.71452045826486, 41.81419384689739]]], [[[-72.71543245826486, 41.81385184689738], [-72.71541745826487, 41.81385184689737], [-72.71541745826487, 41.813858846897396], [-72.71543245826486, 41.81385884689738], [-72.71543245826486, 41.81385184689738]]], [[[-72.71538245826486, 41.81387484689736], [-72.71538245826486, 41.81389284689737], [-72.71538845826487, 41.81389284689737], [-72.71538845826487, 41.81387484689738], [-72.71538245826486, 41.81387484689736]]], [[[-72.71439445826486, 41.814327846897385], [-72.71436945826485, 41.814327846897385], [-72.71436945826485, 41.81431584689739], [-72.71439445826485, 41.81431584689737], [-72.71439445826486, 41.814327846897385]]], [[[-72.71509645826488, 41.81419384689739], [-72.71509645826485, 41.81421784689738], [-72.71508945826486, 41.81421784689738], [-72.71508945826486, 41.81419384689739], [-72.71509645826488, 41.81419384689739]]], [[[-72.71490545826487, 41.81433884689737], [-72.71489845826487, 41.81433884689738], [-72.71489845826484, 41.81434584689739], [-72.71490545826488, 41.81434584689739], [-72.71490545826487, 41.81433884689737]]], [[[-72.71490545826487, 41.81431384689739], [-72.71489845826486, 41.8143138468974], [-72.71489845826486, 41.81431984689737], [-72.71490545826488, 41.81431984689738], [-72.71490545826487, 41.81431384689739]]], [[[-72.71490545826488, 41.81434584689739], [-72.71489845826484, 41.81434584689739], [-72.71489845826487, 41.81435184689738], [-72.71490545826488, 41.814351846897374], [-72.71490545826488, 41.81434584689739]]], [[[-72.71491245826489, 41.81430684689737], [-72.71490545826487, 41.81430684689735], [-72.71490545826487, 41.81431384689739], [-72.71491245826486, 41.814313846897385], [-72.71491245826489, 41.81430684689737]]], [[[-72.71491245826485, 41.814300846897375], [-72.71490545826487, 41.81430084689738], [-72.71490545826487, 41.81430684689735], [-72.71491245826489, 41.81430684689737], [-72.71491245826485, 41.814300846897375]]], [[[-72.71491245826485, 41.81433884689738], [-72.71490545826487, 41.81433884689737], [-72.71490545826488, 41.81434584689739], [-72.71491245826485, 41.81434584689739], [-72.71491245826485, 41.81433884689738]]], [[[-72.71491245826488, 41.81433284689739], [-72.71490545826487, 41.8143328468974], [-72.71490545826487, 41.81433884689737], [-72.71491245826485, 41.81433884689738], [-72.71491245826488, 41.81433284689739]]], [[[-72.71491245826485, 41.81435184689738], [-72.71490545826488, 41.814351846897374], [-72.71490545826484, 41.81435784689738], [-72.71491245826489, 41.81435784689739], [-72.71491245826485, 41.81435184689738]]], [[[-72.71493545826486, 41.814345846897375], [-72.71492845826484, 41.81434584689738], [-72.7149284582649, 41.81435384689738], [-72.71493545826486, 41.814353846897376], [-72.71493545826486, 41.814345846897375]]], [[[-72.71493545826488, 41.81436184689737], [-72.71492845826488, 41.814361846897384], [-72.71492845826486, 41.814368846897395], [-72.71493545826486, 41.81436884689739], [-72.71493545826488, 41.81436184689737]]], [[[-72.71494345826486, 41.8143088468974], [-72.71493645826487, 41.814308846897376], [-72.71493645826486, 41.81431584689738], [-72.71494345826486, 41.81431584689739], [-72.71494345826486, 41.8143088468974]]], [[[-72.71494345826486, 41.81432384689739], [-72.71493645826486, 41.814323846897395], [-72.71493645826484, 41.8143308468974], [-72.71494345826486, 41.8143308468974], [-72.71494345826486, 41.81432384689739]]], [[[-72.71496545826484, 41.81434584689738], [-72.71495845826485, 41.81434584689739], [-72.71495845826486, 41.81435384689739], [-72.71496545826487, 41.81435384689736], [-72.71496545826484, 41.81434584689738]]], [[[-72.71497345826484, 41.81436184689739], [-72.71496645826485, 41.814361846897384], [-72.71496645826488, 41.8143688468974], [-72.7149734582649, 41.814368846897395], [-72.71497345826484, 41.81436184689739]]], [[[-72.7149954582649, 41.81431584689737], [-72.71498845826484, 41.81431584689737], [-72.71498845826486, 41.81432384689739], [-72.71499545826487, 41.81432384689737], [-72.7149954582649, 41.81431584689737]]], [[[-72.71499545826485, 41.8143688468974], [-72.71498845826486, 41.81436884689739], [-72.71498845826486, 41.814376846897375], [-72.71499545826488, 41.81437684689736], [-72.71499545826485, 41.8143688468974]]], [[[-72.71500445826486, 41.81434584689738], [-72.71499645826485, 41.81434584689739], [-72.71499645826486, 41.81435384689738], [-72.71500445826486, 41.81435384689738], [-72.71500445826486, 41.81434584689738]]], [[[-72.71500445826483, 41.814338846897364], [-72.71499645826485, 41.814338846897385], [-72.71499645826485, 41.81434584689739], [-72.71500445826486, 41.81434584689738], [-72.71500445826483, 41.814338846897364]]], [[[-72.71494345826486, 41.81429184689739], [-72.71493645826484, 41.81429184689738], [-72.71493645826486, 41.814299846897384], [-72.71494345826486, 41.8142998468974], [-72.71494345826486, 41.81429184689739]]], [[[-72.71589145826485, 41.813896846897386], [-72.71589645826487, 41.81389684689738], [-72.71589645826488, 41.81390284689738], [-72.71589145826486, 41.81390284689739], [-72.71589145826485, 41.813896846897386]]], [[[-72.71588645826485, 41.81457384689738], [-72.71588645826486, 41.814574846897386], [-72.71590045826485, 41.814574846897386], [-72.71590045826485, 41.8145738468974], [-72.71588645826485, 41.81457384689738]]], [[[-72.71560845826485, 41.81424784689738], [-72.71563245826485, 41.81424784689738], [-72.71563245826486, 41.81425484689736], [-72.71560845826485, 41.81425484689739], [-72.71560845826485, 41.81424784689738]]], [[[-72.71436845826486, 41.81432784689738], [-72.71434345826486, 41.81432784689738], [-72.71434345826486, 41.81431584689739], [-72.71436845826486, 41.8143158468974], [-72.71436845826486, 41.81432784689738]]], [[[-72.71514345826486, 41.814168846897374], [-72.71514345826486, 41.814192846897356], [-72.71515345826485, 41.81419284689738], [-72.71515345826485, 41.814168846897374], [-72.71514345826486, 41.814168846897374]]], [[[-72.71531345826486, 41.81462984689738], [-72.71532545826486, 41.81462984689737], [-72.71532545826486, 41.81461784689736], [-72.71531345826486, 41.814617846897384], [-72.71531345826486, 41.81462984689738]]], [[[-72.71532645826485, 41.81462984689738], [-72.71534145826486, 41.8146298468974], [-72.71534145826486, 41.81461784689739], [-72.71532645826487, 41.814617846897384], [-72.71532645826485, 41.81462984689738]]], [[[-72.71506845826487, 41.814629846897404], [-72.71509145826487, 41.81462984689738], [-72.71509145826487, 41.81461784689738], [-72.71506845826487, 41.81461784689739], [-72.71506845826487, 41.814629846897404]]], [[[-72.71577445826485, 41.81462984689738], [-72.71579845826483, 41.81462984689739], [-72.71579845826486, 41.81461784689739], [-72.71577445826486, 41.814617846897384], [-72.71577445826485, 41.81462984689738]]], [[[-72.71539045826486, 41.8146298468974], [-72.71541445826486, 41.8146298468974], [-72.71541445826485, 41.81461784689739], [-72.71539045826486, 41.81461784689739], [-72.71539045826486, 41.8146298468974]]], [[[-72.71536645826487, 41.81462984689739], [-72.71539045826486, 41.8146298468974], [-72.71539045826486, 41.81461784689739], [-72.71536645826485, 41.81461784689737], [-72.71536645826487, 41.81462984689739]]], [[[-72.71548945826487, 41.814629846897404], [-72.71551445826485, 41.814629846897404], [-72.71551445826485, 41.81461784689738], [-72.71548945826484, 41.81461784689738], [-72.71548945826487, 41.814629846897404]]], [[[-72.71479645826486, 41.81462984689738], [-72.71482145826486, 41.81462984689742], [-72.71482145826486, 41.81461784689739], [-72.71479645826486, 41.81461784689739], [-72.71479645826486, 41.81462984689738]]], [[[-72.71489845826484, 41.8146298468974], [-72.71492345826486, 41.81462984689738], [-72.71492345826488, 41.814617846897384], [-72.71489845826486, 41.814617846897384], [-72.71489845826484, 41.8146298468974]]], [[[-72.71500345826486, 41.814404846897396], [-72.71499645826485, 41.814404846897375], [-72.71499645826488, 41.81441284689738], [-72.71500345826486, 41.81441284689738], [-72.71500345826486, 41.814404846897396]]], [[[-72.71499145826488, 41.81462984689738], [-72.71501645826486, 41.81462984689738], [-72.71501645826487, 41.81461784689738], [-72.71499145826486, 41.81461784689738], [-72.71499145826488, 41.81462984689738]]], [[[-72.71560745826484, 41.81462984689738], [-72.71563245826485, 41.81462984689738], [-72.71563245826485, 41.81461784689738], [-72.71560745826486, 41.814617846897384], [-72.71560745826484, 41.81462984689738]]], [[[-72.71584945826483, 41.81462884689737], [-72.71585045826487, 41.81462884689737], [-72.71585045826487, 41.81461484689738], [-72.71584945826486, 41.81461484689739], [-72.71584945826483, 41.81462884689737]]], [[[-72.71582445826485, 41.81462884689737], [-72.71582545826486, 41.814628846897385], [-72.71582545826486, 41.814614846897406], [-72.71582445826485, 41.814614846897385], [-72.71582445826485, 41.81462884689737]]], [[[-72.71584045826485, 41.81462884689739], [-72.71584245826486, 41.814628846897385], [-72.71584245826487, 41.814614846897406], [-72.71584045826482, 41.814614846897356], [-72.71584045826485, 41.81462884689739]]], [[[-72.71514345826486, 41.814142846897376], [-72.71514345826485, 41.814167846897384], [-72.71515345826487, 41.81416784689739], [-72.71515345826487, 41.81414284689736], [-72.71514345826486, 41.814142846897376]]], [[[-72.71581545826486, 41.814628846897385], [-72.71581745826487, 41.8146288468974], [-72.71581745826485, 41.81461484689738], [-72.71581545826486, 41.814614846897406], [-72.71581545826486, 41.814628846897385]]], [[[-72.71514345826486, 41.814193846897396], [-72.71514345826486, 41.81421784689737], [-72.71515345826488, 41.81421784689737], [-72.71515345826487, 41.81419384689739], [-72.71514345826486, 41.814193846897396]]], [[[-72.71525445826488, 41.814610846897395], [-72.71521145826486, 41.81461084689738], [-72.71521145826486, 41.814630846897394], [-72.71525445826488, 41.81463084689738], [-72.71525445826488, 41.814610846897395]]], [[[-72.71521145826486, 41.81461084689738], [-72.71516045826486, 41.81461084689737], [-72.71516045826486, 41.81463084689741], [-72.71521145826486, 41.814630846897394], [-72.71521145826486, 41.81461084689738]]], [[[-72.71497245826485, 41.81443184689738], [-72.71496645826487, 41.81443184689737], [-72.71496645826488, 41.81443984689738], [-72.71497245826488, 41.814439846897365], [-72.71497245826485, 41.81443184689738]]], [[[-72.71496545826486, 41.81444784689738], [-72.71495945826487, 41.81444784689738], [-72.71495945826486, 41.814455846897374], [-72.71496545826487, 41.814455846897374], [-72.71496545826486, 41.81444784689738]]], [[[-72.71496545826483, 41.814431846897406], [-72.71495945826484, 41.81443184689738], [-72.71495945826486, 41.81443984689738], [-72.71496545826487, 41.81443984689737], [-72.71496545826483, 41.814431846897406]]], [[[-72.71493545826485, 41.81445484689741], [-72.71492945826485, 41.81445484689739], [-72.71492945826486, 41.81446284689737], [-72.71493545826486, 41.81446284689738], [-72.71493545826485, 41.81445484689741]]], [[[-72.71494245826484, 41.81445484689738], [-72.71493645826484, 41.81445484689738], [-72.71493645826486, 41.814462846897385], [-72.71494245826487, 41.814462846897364], [-72.71494245826484, 41.81445484689738]]], [[[-72.71493545826485, 41.814430846897395], [-72.71492945826485, 41.81443084689739], [-72.71492945826486, 41.81443884689739], [-72.71493545826483, 41.814438846897396], [-72.71493545826485, 41.814430846897395]]], [[[-72.71496545826486, 41.814463846897404], [-72.71495945826487, 41.814463846897375], [-72.71495945826486, 41.81447184689738], [-72.71496545826486, 41.8144718468974], [-72.71496545826486, 41.814463846897404]]], [[[-72.71518545826486, 41.81404384689739], [-72.71518545826486, 41.81406784689739], [-72.71519545826486, 41.81406784689739], [-72.71519545826484, 41.81404384689738], [-72.71518545826486, 41.81404384689739]]], [[[-72.71434345826486, 41.81432784689738], [-72.71431845826486, 41.81432784689739], [-72.71431845826486, 41.81431584689739], [-72.71434345826486, 41.81431584689739], [-72.71434345826486, 41.81432784689738]]], [[[-72.71431745826486, 41.814327846897406], [-72.71429245826488, 41.81432784689739], [-72.71429245826486, 41.81431584689738], [-72.71431745826486, 41.814315846897365], [-72.71431745826486, 41.814327846897406]]], [[[-72.71518845826486, 41.81387984689739], [-72.71521245826486, 41.81387984689739], [-72.71521245826486, 41.81387284689738], [-72.71518845826486, 41.81387284689739], [-72.71518845826486, 41.81387984689739]]], [[[-72.71514345826485, 41.81411784689738], [-72.71514345826486, 41.814142846897376], [-72.71515345826487, 41.81414284689736], [-72.71515345826487, 41.814117846897375], [-72.71514345826485, 41.81411784689738]]], [[[-72.71518445826486, 41.81399284689736], [-72.71518445826486, 41.81401784689739], [-72.71517745826486, 41.81401784689739], [-72.71517745826486, 41.813992846897385], [-72.71518445826486, 41.81399284689736]]], [[[-72.71595345826486, 41.814025846897394], [-72.71594145826485, 41.81402584689739], [-72.71594145826487, 41.81405084689738], [-72.71595345826488, 41.81405084689739], [-72.71595345826486, 41.814025846897394]]], [[[-72.71505945826486, 41.81396784689737], [-72.71505945826486, 41.813991846897395], [-72.71506645826486, 41.81399184689738], [-72.71506645826486, 41.813967846897384], [-72.71505945826486, 41.81396784689737]]], [[[-72.71429145826487, 41.81432784689737], [-72.71426645826486, 41.81432784689739], [-72.71426645826486, 41.81431584689738], [-72.71429145826487, 41.81431584689739], [-72.71429145826487, 41.81432784689737]]], [[[-72.71530645826485, 41.8141708468974], [-72.71530645826486, 41.81419484689739], [-72.71529645826485, 41.81419484689739], [-72.71529645826487, 41.81417084689736], [-72.71530645826485, 41.8141708468974]]], [[[-72.71511545826486, 41.81388184689737], [-72.71511545826486, 41.81390084689739], [-72.71512145826486, 41.813900846897376], [-72.71512145826486, 41.81388184689735], [-72.71511545826486, 41.81388184689737]]], [[[-72.71518545826486, 41.814093846897386], [-72.71518545826486, 41.814117846897375], [-72.71519545826486, 41.814117846897375], [-72.71519545826487, 41.814093846897386], [-72.71518545826486, 41.814093846897386]]], [[[-72.71521345826487, 41.81387984689739], [-72.71523645826485, 41.81387984689739], [-72.71523645826487, 41.81387284689735], [-72.71521345826486, 41.81387284689737], [-72.71521345826487, 41.81387984689739]]], [[[-72.71588645826485, 41.814367846897376], [-72.71588645826486, 41.814369846897385], [-72.71590045826485, 41.814369846897385], [-72.71590045826487, 41.814367846897376], [-72.71588645826485, 41.814367846897376]]], [[[-72.71494445826488, 41.814484846897386], [-72.71492745826488, 41.81448484689738], [-72.71492745826488, 41.81449384689738], [-72.71494445826488, 41.81449384689739], [-72.71494445826488, 41.814484846897386]]], [[[-72.71482145826486, 41.81462984689742], [-72.71484645826486, 41.81462984689737], [-72.71484645826487, 41.81461784689739], [-72.71482145826486, 41.81461784689739], [-72.71482145826486, 41.81462984689742]]], [[[-72.71557745826485, 41.814145846897375], [-72.71557745826485, 41.814169846897386], [-72.71558445826484, 41.81416984689737], [-72.71558445826487, 41.81414584689739], [-72.71557745826485, 41.814145846897375]]], [[[-72.71601145826487, 41.8142158468974], [-72.71601145826486, 41.81422184689739], [-72.71601645826486, 41.81422184689741], [-72.71601645826486, 41.81421584689738], [-72.71601145826487, 41.8142158468974]]], [[[-72.71530645826486, 41.814144846897385], [-72.71530645826486, 41.814169846897386], [-72.71529645826485, 41.81416984689739], [-72.71529645826485, 41.8141448468974], [-72.71530645826486, 41.814144846897385]]], [[[-72.71567745826486, 41.81447784689738], [-72.71567745826486, 41.814502846897376], [-72.71566745826489, 41.81450284689738], [-72.71566745826486, 41.81447784689738], [-72.71567745826486, 41.81447784689738]]], [[[-72.71477445826487, 41.81442384689739], [-72.71477445826487, 41.814449846897375], [-72.71478645826487, 41.81444984689738], [-72.71478645826485, 41.814423846897384], [-72.71477445826487, 41.81442384689739]]], [[[-72.71583845826484, 41.81385184689737], [-72.71581445826486, 41.81385184689739], [-72.71581445826487, 41.81385884689738], [-72.71583845826484, 41.81385884689738], [-72.71583845826484, 41.81385184689737]]], [[[-72.71513945826486, 41.81391284689738], [-72.71516345826487, 41.81391284689738], [-72.71516345826487, 41.81390584689739], [-72.71513945826486, 41.8139058468974], [-72.71513945826486, 41.81391284689738]]], [[[-72.71516445826487, 41.813912846897395], [-72.71518745826488, 41.813912846897374], [-72.71518745826486, 41.81390584689739], [-72.71516445826487, 41.8139058468974], [-72.71516445826487, 41.813912846897395]]], [[[-72.71588645826486, 41.81417984689738], [-72.71588645826486, 41.814181846897384], [-72.71590045826485, 41.814181846897384], [-72.71590045826485, 41.814179846897375], [-72.71588645826486, 41.81417984689738]]], [[[-72.71588645826486, 41.81421484689737], [-72.71588645826486, 41.81421584689738], [-72.71590045826485, 41.814215846897376], [-72.71590045826485, 41.81421484689737], [-72.71588645826486, 41.81421484689737]]], [[[-72.71588645826488, 41.814102846897384], [-72.71588645826488, 41.81410484689736], [-72.71587245826487, 41.81410484689738], [-72.71587245826487, 41.814102846897384], [-72.71588645826488, 41.814102846897384]]], [[[-72.71588645826486, 41.814016846897374], [-72.71588645826485, 41.81401884689739], [-72.71587245826485, 41.81401884689739], [-72.71587245826487, 41.814016846897374], [-72.71588645826486, 41.814016846897374]]], [[[-72.71596545826488, 41.81410484689738], [-72.71596545826488, 41.81410584689739], [-72.71595145826487, 41.81410584689739], [-72.71595145826485, 41.8141048468974], [-72.71596545826488, 41.81410484689738]]], [[[-72.71588645826488, 41.814513846897384], [-72.71588645826488, 41.81451484689738], [-72.71590045826484, 41.81451484689737], [-72.71590045826487, 41.81451384689738], [-72.71588645826488, 41.814513846897384]]], [[[-72.71589145826484, 41.81391284689738], [-72.71589645826485, 41.813912846897374], [-72.71589645826487, 41.81391884689738], [-72.71589145826486, 41.81391884689738], [-72.71589145826484, 41.81391284689738]]], [[[-72.71589145826486, 41.81390484689738], [-72.71589645826487, 41.81390484689739], [-72.71589645826485, 41.8139108468974], [-72.71589145826486, 41.813910846897386], [-72.71589145826486, 41.81390484689738]]], [[[-72.71497245826487, 41.814463846897375], [-72.71496645826487, 41.814463846897375], [-72.71496645826487, 41.8144718468974], [-72.71497245826487, 41.81447184689738], [-72.71497245826487, 41.814463846897375]]], [[[-72.71581345826488, 41.813851846897386], [-72.71579045826486, 41.81385184689738], [-72.71579045826486, 41.81385884689739], [-72.71581345826486, 41.8138588468974], [-72.71581345826488, 41.813851846897386]]], [[[-72.71557745826485, 41.81401784689739], [-72.71557745826483, 41.8140428468974], [-72.71558445826484, 41.81404284689738], [-72.71558445826484, 41.81401784689739], [-72.71557745826485, 41.81401784689739]]], [[[-72.71500345826486, 41.81452284689738], [-72.71499645826486, 41.81452284689739], [-72.71499645826486, 41.81453184689738], [-72.71500345826486, 41.81453184689737], [-72.71500345826486, 41.81452284689738]]], [[[-72.71558645826487, 41.81435484689737], [-72.71558645826487, 41.814380846897414], [-72.71559645826484, 41.81438084689741], [-72.71559645826487, 41.81435484689739], [-72.71558645826487, 41.81435484689737]]], [[[-72.71563145826487, 41.814450846897365], [-72.71563145826485, 41.814476846897385], [-72.71562145826485, 41.8144768468974], [-72.71562145826488, 41.81445084689739], [-72.71563145826487, 41.814450846897365]]], [[[-72.71566545826487, 41.81404384689739], [-72.71566545826488, 41.8140678468974], [-72.71567245826486, 41.81406784689737], [-72.71567245826485, 41.81404384689736], [-72.71566545826487, 41.81404384689739]]], [[[-72.71489545826486, 41.814108846897376], [-72.71487145826484, 41.814108846897376], [-72.71487145826487, 41.81412084689739], [-72.71489545826485, 41.81412084689738], [-72.71489545826486, 41.814108846897376]]], [[[-72.71557645826489, 41.81414384689739], [-72.71557645826485, 41.81416884689739], [-72.71556945826484, 41.814168846897374], [-72.71556945826485, 41.81414384689739], [-72.71557645826489, 41.81414384689739]]], [[[-72.71499045826486, 41.81423384689738], [-72.71498045826488, 41.81423384689738], [-72.71498045826483, 41.81423584689739], [-72.71499045826486, 41.81423584689739], [-72.71499045826486, 41.81423384689738]]], [[[-72.71566545826487, 41.81438584689738], [-72.71566545826487, 41.81439584689736], [-72.71566745826486, 41.814395846897376], [-72.71566745826486, 41.81438584689739], [-72.71566545826487, 41.81438584689738]]], [[[-72.71490745826488, 41.81409484689739], [-72.71489645826486, 41.814094846897405], [-72.71489645826486, 41.814096846897385], [-72.71490745826485, 41.81409684689737], [-72.71490745826488, 41.81409484689739]]], [[[-72.71575745826486, 41.81429084689739], [-72.71575745826486, 41.81430084689741], [-72.71575945826487, 41.814300846897396], [-72.71575945826486, 41.814290846897386], [-72.71575745826486, 41.81429084689739]]], [[[-72.71523745826487, 41.81389684689741], [-72.71523745826487, 41.813902846897385], [-72.71523145826487, 41.81390284689737], [-72.71523145826487, 41.813896846897386], [-72.71523745826487, 41.81389684689741]]], [[[-72.71502245826485, 41.814289846897395], [-72.71502245826485, 41.81430084689739], [-72.71502445826486, 41.81430084689739], [-72.71502445826486, 41.81428984689738], [-72.71502245826485, 41.814289846897395]]], [[[-72.71571045826487, 41.81429084689738], [-72.71571045826487, 41.814300846897375], [-72.71571245826486, 41.81430084689739], [-72.71571245826485, 41.81429084689738], [-72.71571045826487, 41.81429084689738]]], [[[-72.71528645826486, 41.813919846897385], [-72.71528045826486, 41.81391984689738], [-72.71528045826487, 41.81392584689736], [-72.71528645826486, 41.81392584689737], [-72.71528645826486, 41.813919846897385]]], [[[-72.71540645826488, 41.81407784689738], [-72.71538545826486, 41.814077846897376], [-72.71538545826486, 41.81407184689739], [-72.71540645826487, 41.814071846897384], [-72.71540645826488, 41.81407784689738]]], [[[-72.71574645826486, 41.81424784689739], [-72.71576945826486, 41.81424784689739], [-72.71576945826487, 41.81425484689737], [-72.71574645826486, 41.81425484689738], [-72.71574645826486, 41.81424784689739]]], [[[-72.71597745826485, 41.81424184689738], [-72.71595245826485, 41.81424184689738], [-72.71595245826487, 41.814252846897375], [-72.71597745826485, 41.814252846897375], [-72.71597745826485, 41.81424184689738]]], [[[-72.71589745826488, 41.81391884689737], [-72.71589745826485, 41.81390684689739], [-72.71590745826485, 41.81390684689738], [-72.71590745826488, 41.81391884689737], [-72.71589745826488, 41.81391884689737]]], [[[-72.71453245826484, 41.81385484689738], [-72.71452245826488, 41.813854846897385], [-72.71452245826487, 41.81387984689739], [-72.71453245826484, 41.81387984689738], [-72.71453245826484, 41.81385484689738]]], [[[-72.71455945826486, 41.81396884689739], [-72.71453945826488, 41.81396884689739], [-72.71453945826487, 41.813992846897385], [-72.71455945826486, 41.81399284689739], [-72.71455945826486, 41.81396884689739]]], [[[-72.71455945826486, 41.81392084689738], [-72.71453945826484, 41.81392084689737], [-72.71453945826484, 41.813944846897385], [-72.71455945826487, 41.813944846897385], [-72.71455945826486, 41.81392084689738]]], [[[-72.71455945826486, 41.81402884689741], [-72.71453945826487, 41.814028846897365], [-72.71453945826485, 41.81405384689738], [-72.71455945826487, 41.8140538468974], [-72.71455945826486, 41.81402884689741]]], [[[-72.71474645826486, 41.813921846897394], [-72.71475845826488, 41.813921846897394], [-72.71475845826485, 41.81391584689736], [-72.71474645826484, 41.81391584689737], [-72.71474645826486, 41.813921846897394]]], [[[-72.71478145826487, 41.81390384689739], [-72.71478145826487, 41.81389184689738], [-72.71477545826487, 41.81389184689737], [-72.71477545826487, 41.813903846897375], [-72.71478145826487, 41.81390384689739]]], [[[-72.7143814582649, 41.81413884689737], [-72.71440545826486, 41.81413884689736], [-72.71440545826488, 41.814126846897395], [-72.71438145826487, 41.8141268468974], [-72.7143814582649, 41.81413884689737]]], [[[-72.71538245826486, 41.8138938468974], [-72.71538245826486, 41.813917846897375], [-72.71538845826487, 41.81391784689737], [-72.71538845826487, 41.81389384689739], [-72.71538245826486, 41.8138938468974]]], [[[-72.71514645826487, 41.81387984689739], [-72.71516645826486, 41.81387984689738], [-72.71516645826486, 41.813872846897375], [-72.71514645826487, 41.81387284689739], [-72.71514645826487, 41.81387984689739]]], [[[-72.71553045826488, 41.8144878468974], [-72.71553045826487, 41.814512846897394], [-72.71552345826487, 41.8145128468974], [-72.71552345826488, 41.8144878468974], [-72.71553045826488, 41.8144878468974]]], [[[-72.71526645826486, 41.81411984689738], [-72.71526645826488, 41.814144846897385], [-72.71527345826487, 41.81414484689738], [-72.71527345826487, 41.81411984689738], [-72.71526645826486, 41.81411984689738]]], [[[-72.71588845826483, 41.8139708468974], [-72.71588845826483, 41.81398584689738], [-72.71590045826485, 41.813985846897374], [-72.71590045826487, 41.8139708468974], [-72.71588845826483, 41.8139708468974]]], [[[-72.71487045826485, 41.81401384689738], [-72.71484645826487, 41.814013846897396], [-72.71484645826486, 41.81402484689738], [-72.71487045826485, 41.81402484689738], [-72.71487045826485, 41.81401384689738]]], [[[-72.71557645826488, 41.814093846897386], [-72.71557645826488, 41.81411784689738], [-72.71556945826488, 41.81411784689739], [-72.71556945826488, 41.814093846897386], [-72.71557645826488, 41.814093846897386]]], [[[-72.71514245826486, 41.814218846897376], [-72.71514245826486, 41.814242846897415], [-72.71513145826486, 41.81424284689738], [-72.71513145826486, 41.81421884689739], [-72.71514245826486, 41.814218846897376]]], [[[-72.71588445826487, 41.81443484689738], [-72.71588445826487, 41.814460846897376], [-72.7158724582649, 41.81446084689739], [-72.71587245826487, 41.81443484689738], [-72.71588445826487, 41.81443484689738]]], [[[-72.71544245826485, 41.81443484689737], [-72.71544245826486, 41.81445984689741], [-72.71545445826484, 41.81445984689738], [-72.71545445826486, 41.81443484689738], [-72.71544245826485, 41.81443484689737]]], [[[-72.71500345826486, 41.81442084689736], [-72.71499645826488, 41.814420846897384], [-72.71499645826486, 41.81442884689738], [-72.71500345826486, 41.81442884689737], [-72.71500345826486, 41.81442084689736]]], [[[-72.71590845826483, 41.813912846897395], [-72.71591345826486, 41.81391284689736], [-72.71591345826488, 41.81391784689737], [-72.71590845826488, 41.813917846897354], [-72.71590845826483, 41.813912846897395]]], [[[-72.71590845826483, 41.8139008468974], [-72.71591345826486, 41.81390084689738], [-72.71591345826486, 41.81391284689736], [-72.71590845826483, 41.813912846897395], [-72.71590845826483, 41.8139008468974]]], [[[-72.71544245826487, 41.814460846897404], [-72.71544245826486, 41.81448684689738], [-72.71545445826486, 41.81448684689736], [-72.71545445826484, 41.814460846897376], [-72.71544245826487, 41.814460846897404]]], [[[-72.71514245826486, 41.81419384689739], [-72.71514245826486, 41.814217846897385], [-72.71513145826486, 41.814217846897364], [-72.71513145826486, 41.81419384689739], [-72.71514245826486, 41.81419384689739]]], [[[-72.71522645826488, 41.81401784689739], [-72.71522645826487, 41.81404284689739], [-72.71521945826485, 41.81404284689738], [-72.71521945826485, 41.81401784689739], [-72.71522645826488, 41.81401784689739]]], [[[-72.7152264582649, 41.81399284689737], [-72.71522645826488, 41.81401784689739], [-72.71521945826485, 41.81401784689739], [-72.71521945826485, 41.813992846897385], [-72.7152264582649, 41.81399284689737]]], [[[-72.71563645826488, 41.81391484689737], [-72.71565945826488, 41.813914846897376], [-72.71565945826485, 41.81390884689739], [-72.71563645826487, 41.81390884689738], [-72.71563645826488, 41.81391484689737]]], [[[-72.71548645826485, 41.81399284689739], [-72.71548645826488, 41.81401784689739], [-72.71547545826485, 41.81401784689739], [-72.71547545826486, 41.813992846897385], [-72.71548645826485, 41.81399284689739]]], [[[-72.71544245826486, 41.81438184689737], [-72.71544245826487, 41.81440684689739], [-72.71545445826486, 41.81440684689739], [-72.71545445826486, 41.81438184689739], [-72.71544245826486, 41.81438184689737]]], [[[-72.71489545826488, 41.81415484689739], [-72.71487145826484, 41.81415484689738], [-72.71487145826487, 41.81414384689739], [-72.71489545826486, 41.81414384689739], [-72.71489545826488, 41.81415484689739]]], [[[-72.71600445826485, 41.814628846897385], [-72.71600645826484, 41.8146288468974], [-72.71600645826484, 41.81461484689738], [-72.71600445826485, 41.81461484689738], [-72.71600445826485, 41.814628846897385]]], [[[-72.71489545826486, 41.81401284689738], [-72.71487145826484, 41.81401284689736], [-72.71487145826485, 41.81400184689738], [-72.71489545826486, 41.8140018468974], [-72.71489545826486, 41.81401284689738]]], [[[-72.71498845826486, 41.813851846897386], [-72.71496545826484, 41.81385184689737], [-72.71496545826486, 41.81386284689739], [-72.71498845826486, 41.81386284689739], [-72.71498845826486, 41.813851846897386]]], [[[-72.71518545826486, 41.81419484689739], [-72.71518545826486, 41.8142188468974], [-72.71519545826487, 41.81421884689737], [-72.71519545826484, 41.814194846897394], [-72.71518545826486, 41.81419484689739]]], [[[-72.71582545826485, 41.81387184689739], [-72.71582545826485, 41.81389584689739], [-72.71582045826486, 41.81389584689739], [-72.71582045826487, 41.81387184689738], [-72.71582545826485, 41.81387184689739]]], [[[-72.71588645826488, 41.81416284689738], [-72.71588645826485, 41.814164846897384], [-72.71590045826485, 41.814164846897384], [-72.71590045826485, 41.814162846897375], [-72.71588645826488, 41.81416284689738]]], [[[-72.71490545826487, 41.81455084689739], [-72.71489845826486, 41.81455084689738], [-72.71489845826486, 41.81455984689738], [-72.71490545826487, 41.81455984689736], [-72.71490545826487, 41.81455084689739]]], [[[-72.71588645826486, 41.81417184689738], [-72.71588645826485, 41.81417284689738], [-72.71587245826487, 41.8141728468974], [-72.71587245826487, 41.81417184689738], [-72.71588645826486, 41.81417184689738]]], [[[-72.71588645826486, 41.81420584689738], [-72.71588645826485, 41.8142068468974], [-72.71587245826487, 41.8142068468974], [-72.71587245826488, 41.81420584689738], [-72.71588645826486, 41.81420584689738]]], [[[-72.71588645826488, 41.81416284689738], [-72.71588645826485, 41.814164846897384], [-72.71587245826484, 41.814164846897384], [-72.71587245826485, 41.81416284689738], [-72.71588645826488, 41.81416284689738]]], [[[-72.71596545826486, 41.81448384689738], [-72.71596545826486, 41.81448484689739], [-72.71595145826485, 41.814484846897365], [-72.71595145826485, 41.81448384689738], [-72.71596545826486, 41.81448384689738]]], [[[-72.71596545826488, 41.81440684689739], [-72.71596545826486, 41.81440784689739], [-72.71595145826488, 41.81440784689738], [-72.7159514582649, 41.81440684689741], [-72.71596545826488, 41.81440684689739]]], [[[-72.71596545826483, 41.814449846897375], [-72.71596545826485, 41.814450846897365], [-72.71595145826487, 41.81445084689738], [-72.71595145826485, 41.81444984689737], [-72.71596545826483, 41.814449846897375]]], [[[-72.71596545826486, 41.81418184689737], [-72.71596545826486, 41.81418284689738], [-72.71595145826485, 41.8141828468974], [-72.71595145826485, 41.814181846897384], [-72.71596545826486, 41.81418184689737]]], [[[-72.71596545826485, 41.814380846897386], [-72.71596545826486, 41.814382846897374], [-72.71595145826487, 41.814382846897374], [-72.71595145826485, 41.8143808468974], [-72.71596545826485, 41.814380846897386]]], [[[-72.71581745826487, 41.81413084689738], [-72.71581745826488, 41.81413184689739], [-72.71583145826486, 41.81413184689739], [-72.71583145826486, 41.81413084689738], [-72.71581745826487, 41.81413084689738]]], [[[-72.71582045826486, 41.81406984689738], [-72.71580845826486, 41.814069846897404], [-72.71580845826487, 41.814093846897386], [-72.71582045826486, 41.814093846897364], [-72.71582045826486, 41.81406984689738]]], [[[-72.71582045826486, 41.81396684689739], [-72.71580845826487, 41.8139668468974], [-72.71580845826486, 41.813978846897385], [-72.71582045826487, 41.813978846897385], [-72.71582045826486, 41.81396684689739]]], [[[-72.71425845826488, 41.81382884689739], [-72.71425845826487, 41.81385384689739], [-72.7142694582649, 41.81385384689741], [-72.71426945826487, 41.81382884689739], [-72.71425845826488, 41.81382884689739]]], [[[-72.71582045826484, 41.81398084689737], [-72.71580845826485, 41.8139808468974], [-72.71580845826485, 41.814016846897374], [-72.71582045826486, 41.81401684689737], [-72.71582045826484, 41.81398084689737]]], [[[-72.71558245826486, 41.814629846897404], [-72.71560745826484, 41.81462984689738], [-72.71560745826486, 41.814617846897384], [-72.71558245826485, 41.81461784689738], [-72.71558245826486, 41.814629846897404]]], [[[-72.71491245826486, 41.814313846897385], [-72.71490545826487, 41.81431384689739], [-72.71490545826488, 41.81431984689738], [-72.71491245826488, 41.814319846897384], [-72.71491245826486, 41.814313846897385]]], [[[-72.71588645826486, 41.81424884689737], [-72.71588645826486, 41.81424984689739], [-72.71587245826487, 41.81424984689738], [-72.71587245826487, 41.81424884689737], [-72.71588645826486, 41.81424884689737]]], [[[-72.71588645826488, 41.81423984689739], [-72.71588645826485, 41.8142418468974], [-72.71587245826485, 41.81424184689738], [-72.71587245826487, 41.8142398468974], [-72.71588645826488, 41.81423984689739]]], [[[-72.71485245826487, 41.814455846897374], [-72.71484645826487, 41.81445784689738], [-72.71485545826488, 41.81447984689737], [-72.71486145826486, 41.814476846897385], [-72.71485245826487, 41.814455846897374]]], [[[-72.71497345826485, 41.814345846897396], [-72.71496645826488, 41.81434584689739], [-72.71496645826487, 41.814353846897376], [-72.71497345826488, 41.814353846897376], [-72.71497345826485, 41.814345846897396]]], [[[-72.71509645826487, 41.81404284689739], [-72.71509645826488, 41.81406684689738], [-72.71508945826486, 41.81406684689738], [-72.71508945826484, 41.81404284689738], [-72.71509645826487, 41.81404284689739]]], [[[-72.71500345826486, 41.81455984689738], [-72.71499645826486, 41.814559846897374], [-72.71499645826486, 41.81456884689739], [-72.71500345826486, 41.81456884689741], [-72.71500345826486, 41.81455984689738]]], [[[-72.71497445826488, 41.81450384689738], [-72.71496745826487, 41.81450384689737], [-72.71496745826488, 41.814512846897394], [-72.71497445826486, 41.81451284689739], [-72.71497445826488, 41.81450384689738]]], [[[-72.71494345826486, 41.814202846897395], [-72.71492045826487, 41.814202846897395], [-72.71492045826486, 41.814212846897384], [-72.71494345826486, 41.814212846897384], [-72.71494345826486, 41.814202846897395]]], [[[-72.71491545826487, 41.814550846897376], [-72.71490845826487, 41.814550846897376], [-72.71490845826487, 41.81455984689736], [-72.71491545826485, 41.814559846897374], [-72.71491545826487, 41.814550846897376]]], [[[-72.71499345826484, 41.81450384689738], [-72.71498645826485, 41.81450384689737], [-72.71498645826486, 41.81451284689738], [-72.71499345826487, 41.814512846897394], [-72.71499345826484, 41.81450384689738]]], [[[-72.71595345826485, 41.81397584689738], [-72.71594145826485, 41.81397584689738], [-72.71594145826487, 41.81399984689738], [-72.71595345826486, 41.813999846897374], [-72.71595345826485, 41.81397584689738]]], [[[-72.71487045826485, 41.81415484689738], [-72.71484645826483, 41.81415484689738], [-72.71484645826487, 41.814143846897394], [-72.71487045826485, 41.814143846897394], [-72.71487045826485, 41.81415484689738]]], [[[-72.71509845826486, 41.81411784689736], [-72.71509845826486, 41.8141428468974], [-72.71510845826487, 41.814142846897376], [-72.71510845826487, 41.81411784689738], [-72.71509845826486, 41.81411784689736]]], [[[-72.71548645826485, 41.814043846897384], [-72.71548645826486, 41.81406784689738], [-72.71547545826485, 41.8140678468974], [-72.71547545826485, 41.81404384689737], [-72.71548645826485, 41.814043846897384]]], [[[-72.71539545826487, 41.81429884689737], [-72.71539545826487, 41.81432384689739], [-72.7153884582649, 41.81432384689739], [-72.71538845826487, 41.81429884689738], [-72.71539545826487, 41.81429884689737]]], [[[-72.71531345826486, 41.814610846897374], [-72.71527045826488, 41.81461084689739], [-72.71527045826487, 41.81463084689739], [-72.71531345826486, 41.81463084689738], [-72.71531345826486, 41.814610846897374]]], [[[-72.71505945826488, 41.81404384689738], [-72.71505945826488, 41.81406784689741], [-72.71506645826486, 41.81406784689739], [-72.71506645826486, 41.81404384689738], [-72.71505945826488, 41.81404384689738]]], [[[-72.71462645826485, 41.814353846897376], [-72.71459045826487, 41.814353846897376], [-72.71459045826485, 41.814371846897394], [-72.71462645826486, 41.81437184689738], [-72.71462645826485, 41.814353846897376]]], [[[-72.71441845826484, 41.81449084689739], [-72.71438845826485, 41.814490846897385], [-72.71438845826488, 41.814471846897376], [-72.71441845826484, 41.81447184689739], [-72.71441845826484, 41.81449084689739]]], [[[-72.71505945826486, 41.81406884689738], [-72.71505945826486, 41.81409284689739], [-72.71506645826486, 41.814092846897374], [-72.71506645826486, 41.81406884689738], [-72.71505945826486, 41.81406884689738]]], [[[-72.71425845826487, 41.813881846897374], [-72.71425845826487, 41.81390684689738], [-72.71426945826487, 41.813906846897396], [-72.71426945826485, 41.81388184689736], [-72.71425845826487, 41.813881846897374]]], [[[-72.71475845826487, 41.81423684689739], [-72.71475845826487, 41.81425484689738], [-72.71474845826486, 41.81425484689738], [-72.71474845826488, 41.81423684689739], [-72.71475845826487, 41.81423684689739]]], [[[-72.71596545826483, 41.81442384689739], [-72.71596545826483, 41.81442484689737], [-72.71595145826487, 41.81442484689737], [-72.71595145826487, 41.814423846897405], [-72.71596545826483, 41.81442384689739]]], [[[-72.71581745826487, 41.81412184689739], [-72.71581745826485, 41.81412384689738], [-72.71583145826484, 41.81412384689739], [-72.7158314582649, 41.814121846897365], [-72.71581745826487, 41.81412184689739]]], [[[-72.71588645826488, 41.814231846897385], [-72.71588645826485, 41.81423284689737], [-72.71587245826488, 41.814232846897355], [-72.71587245826487, 41.814231846897385], [-72.71588645826488, 41.814231846897385]]], [[[-72.71509845826486, 41.81421884689738], [-72.71509845826488, 41.81424284689741], [-72.71510845826487, 41.81424284689741], [-72.71510845826487, 41.81421884689739], [-72.71509845826486, 41.81421884689738]]], [[[-72.71558645826487, 41.81440784689739], [-72.71558645826485, 41.814433846897415], [-72.71559645826486, 41.8144338468974], [-72.71559645826486, 41.81440784689738], [-72.71558645826487, 41.81440784689739]]], [[[-72.71446445826487, 41.813847846897396], [-72.71446445826486, 41.813865846897386], [-72.71445745826485, 41.81386584689739], [-72.71445745826487, 41.81384784689739], [-72.71446445826487, 41.813847846897396]]], [[[-72.71518545826486, 41.81401784689739], [-72.71518545826486, 41.81404284689739], [-72.71519545826486, 41.81404284689737], [-72.71519545826487, 41.81401784689739], [-72.71518545826486, 41.81401784689739]]], [[[-72.71555445826485, 41.81385184689739], [-72.71553045826488, 41.81385184689737], [-72.71553045826487, 41.813858846897396], [-72.71555445826485, 41.81385884689739], [-72.71555445826485, 41.81385184689739]]], [[[-72.71471445826488, 41.814355846897364], [-72.71471445826485, 41.81437984689737], [-72.71472645826486, 41.81437984689738], [-72.71472645826486, 41.81435584689738], [-72.71471445826488, 41.814355846897364]]], [[[-72.71547645826486, 41.8139668468974], [-72.71549645826488, 41.8139668468974], [-72.71549645826487, 41.81395984689738], [-72.71547645826487, 41.81395984689738], [-72.71547645826486, 41.8139668468974]]], [[[-72.71563145826487, 41.814530846897405], [-72.71563145826487, 41.814555846897406], [-72.71562145826485, 41.814555846897385], [-72.71562145826488, 41.81453084689739], [-72.71563145826487, 41.814530846897405]]], [[[-72.71496445826487, 41.81457884689737], [-72.71495645826487, 41.814578846897376], [-72.71495645826487, 41.81458784689739], [-72.71496445826486, 41.81458784689738], [-72.71496445826487, 41.81457884689737]]], [[[-72.71503645826485, 41.8145288468974], [-72.71503645826486, 41.814553846897375], [-72.71504245826486, 41.814553846897375], [-72.71504245826488, 41.8145288468974], [-72.71503645826485, 41.8145288468974]]], [[[-72.71522745826486, 41.81416984689738], [-72.71522745826486, 41.81419384689739], [-72.71523445826487, 41.814193846897375], [-72.71523445826486, 41.814169846897386], [-72.71522745826486, 41.81416984689738]]], [[[-72.71549745826486, 41.814379846897396], [-72.71547945826485, 41.81437984689738], [-72.71547945826487, 41.814368846897395], [-72.71549745826488, 41.8143688468974], [-72.71549745826486, 41.814379846897396]]], [[[-72.71557745826486, 41.81417084689735], [-72.71557745826486, 41.81419584689739], [-72.71558445826486, 41.81419584689739], [-72.71558445826484, 41.8141708468974], [-72.71557745826486, 41.81417084689735]]], [[[-72.71493545826483, 41.814438846897396], [-72.71492945826486, 41.81443884689739], [-72.71492945826486, 41.8144468468974], [-72.71493545826486, 41.81444684689738], [-72.71493545826483, 41.814438846897396]]], [[[-72.71562045826487, 41.8141578468974], [-72.71562045826487, 41.814169846897386], [-72.71560845826485, 41.81416984689737], [-72.71560845826487, 41.8141578468974], [-72.71562045826487, 41.8141578468974]]], [[[-72.71557745826486, 41.81419584689739], [-72.71557745826485, 41.8142208468974], [-72.71558445826484, 41.8142208468974], [-72.71558445826486, 41.81419584689739], [-72.71557745826486, 41.81419584689739]]], [[[-72.71562145826485, 41.81414384689739], [-72.71562145826483, 41.814168846897374], [-72.71563345826485, 41.81416884689738], [-72.71563345826486, 41.814143846897394], [-72.71562145826485, 41.81414384689739]]], [[[-72.71539645826489, 41.81417384689739], [-72.71539645826486, 41.81421084689739], [-72.71540645826487, 41.81421084689739], [-72.71540645826487, 41.81417384689738], [-72.71539645826489, 41.81417384689739]]], [[[-72.71505945826488, 41.813992846897364], [-72.71505945826486, 41.81401784689738], [-72.71506645826487, 41.81401784689737], [-72.71506645826486, 41.81399284689738], [-72.71505945826488, 41.813992846897364]]], [[[-72.71497245826487, 41.81444784689737], [-72.71496645826485, 41.81444784689737], [-72.71496645826488, 41.81445584689737], [-72.71497245826487, 41.81445584689738], [-72.71497245826487, 41.81444784689737]]], [[[-72.71442045826485, 41.814327846897385], [-72.71439545826486, 41.81432784689738], [-72.71439545826486, 41.81431584689739], [-72.71442045826488, 41.8143158468974], [-72.71442045826485, 41.814327846897385]]], [[[-72.71507645826486, 41.814327846897385], [-72.71507645826486, 41.814351846897374], [-72.71506645826487, 41.81435184689736], [-72.71506645826486, 41.81432784689738], [-72.71507645826486, 41.814327846897385]]], [[[-72.71471445826487, 41.81423284689738], [-72.71471445826485, 41.81425684689739], [-72.71472445826487, 41.814256846897365], [-72.71472445826487, 41.814232846897376], [-72.71471445826487, 41.81423284689738]]], [[[-72.71577245826488, 41.813875846897375], [-72.71577845826488, 41.81387584689737], [-72.71577845826486, 41.81388784689738], [-72.71577245826485, 41.81388784689739], [-72.71577245826488, 41.813875846897375]]], [[[-72.71479345826486, 41.81389184689737], [-72.71480545826485, 41.81389184689738], [-72.71480545826486, 41.81388584689738], [-72.71479345826486, 41.81388584689738], [-72.71479345826486, 41.81389184689737]]], [[[-72.71499545826487, 41.81433884689737], [-72.71498845826486, 41.81433884689737], [-72.71498845826486, 41.81434584689738], [-72.71499545826487, 41.81434584689739], [-72.71499545826487, 41.81433884689737]]], [[[-72.71496545826487, 41.81430884689738], [-72.71495845826486, 41.8143088468974], [-72.71495845826486, 41.81431584689739], [-72.71496545826487, 41.81431584689739], [-72.71496545826487, 41.81430884689738]]], [[[-72.71497345826488, 41.81432384689739], [-72.71496645826487, 41.81432384689739], [-72.71496645826487, 41.81433084689739], [-72.71497345826486, 41.81433084689739], [-72.71497345826488, 41.81432384689739]]], [[[-72.71496545826486, 41.814361846897384], [-72.71495845826486, 41.81436184689738], [-72.71495845826483, 41.8143688468974], [-72.71496545826486, 41.8143688468974], [-72.71496545826486, 41.814361846897384]]], [[[-72.71535845826486, 41.81443184689738], [-72.71535845826484, 41.814455846897374], [-72.71536445826486, 41.814455846897374], [-72.71536445826486, 41.81443184689738], [-72.71535845826486, 41.81443184689738]]], [[[-72.71596545826485, 41.8144148468974], [-72.71596545826486, 41.81441684689738], [-72.71595145826487, 41.814416846897394], [-72.71595145826487, 41.81441484689738], [-72.71596545826485, 41.8144148468974]]], [[[-72.71583245826484, 41.81406984689737], [-72.71582145826484, 41.81406984689738], [-72.71582145826484, 41.814093846897386], [-72.71583245826484, 41.814093846897386], [-72.71583245826484, 41.81406984689737]]], [[[-72.71497445826488, 41.81455084689737], [-72.71496745826487, 41.814550846897376], [-72.71496745826487, 41.81455984689737], [-72.71497445826485, 41.814559846897374], [-72.71497445826488, 41.81455084689737]]], [[[-72.71499545826487, 41.81434584689739], [-72.71498845826486, 41.81434584689738], [-72.71498845826486, 41.81435384689739], [-72.71499545826488, 41.8143538468974], [-72.71499545826487, 41.81434584689739]]], [[[-72.71577245826485, 41.81390084689738], [-72.71577845826485, 41.81390084689739], [-72.71577845826488, 41.813912846897374], [-72.71577245826488, 41.8139128468974], [-72.71577245826485, 41.81390084689738]]], [[[-72.71588645826488, 41.81423984689739], [-72.71588645826485, 41.8142418468974], [-72.71590045826485, 41.81424184689739], [-72.71590045826485, 41.8142398468974], [-72.71588645826488, 41.81423984689739]]], [[[-72.71588645826486, 41.814196846897374], [-72.71588645826488, 41.81419884689738], [-72.71590045826485, 41.81419884689738], [-72.71590045826485, 41.81419684689738], [-72.71588645826486, 41.814196846897374]]], [[[-72.71588645826485, 41.81422284689738], [-72.71588645826486, 41.814224846897396], [-72.71590045826485, 41.81422484689738], [-72.71590045826485, 41.81422284689738], [-72.71588645826485, 41.81422284689738]]], [[[-72.71588645826486, 41.81424884689737], [-72.71588645826486, 41.81424984689739], [-72.71590045826485, 41.814249846897376], [-72.71590045826485, 41.81424884689738], [-72.71588645826486, 41.81424884689737]]], [[[-72.71588645826488, 41.81415484689739], [-72.71588645826485, 41.81415584689739], [-72.71590045826484, 41.814155846897386], [-72.71590045826485, 41.81415484689739], [-72.71588645826488, 41.81415484689739]]], [[[-72.71588645826488, 41.814188846897395], [-72.71588645826486, 41.8141898468974], [-72.71587245826487, 41.81418984689739], [-72.71587245826487, 41.814188846897395], [-72.71588645826488, 41.814188846897395]]], [[[-72.71588645826488, 41.814119846897384], [-72.71588645826486, 41.814121846897386], [-72.71587245826485, 41.81412184689739], [-72.71587245826488, 41.81411984689738], [-72.71588645826488, 41.814119846897384]]], [[[-72.71588645826486, 41.81421484689737], [-72.71588645826486, 41.81421584689738], [-72.71587245826487, 41.814215846897376], [-72.71587245826485, 41.814214846897386], [-72.71588645826486, 41.81421484689737]]], [[[-72.71596545826488, 41.81434684689739], [-72.71596545826486, 41.81434784689738], [-72.71595145826487, 41.81434784689737], [-72.71595145826488, 41.814346846897365], [-72.71596545826488, 41.81434684689739]]], [[[-72.71596545826485, 41.81438984689739], [-72.71596545826486, 41.81439084689738], [-72.71595145826488, 41.81439084689737], [-72.71595145826484, 41.814389846897384], [-72.71596545826485, 41.81438984689739]]], [[[-72.71596545826485, 41.81450984689738], [-72.71596545826486, 41.814510846897385], [-72.71595145826485, 41.81451084689739], [-72.71595145826485, 41.814509846897394], [-72.71596545826485, 41.81450984689738]]], [[[-72.71557745826486, 41.813967846897384], [-72.71557745826485, 41.8139918468974], [-72.71558445826484, 41.8139918468974], [-72.71558445826486, 41.81396784689738], [-72.71557745826486, 41.813967846897384]]], [[[-72.7154404582649, 41.81415484689738], [-72.71544045826487, 41.814178846897384], [-72.71542945826488, 41.814178846897384], [-72.71542945826486, 41.81415484689738], [-72.7154404582649, 41.81415484689738]]], [[[-72.71577245826485, 41.81388784689739], [-72.71577845826486, 41.81388784689738], [-72.71577845826485, 41.81390084689739], [-72.71577245826485, 41.81390084689738], [-72.71577245826485, 41.81388784689739]]], [[[-72.71500345826489, 41.81443684689739], [-72.71499645826486, 41.814436846897394], [-72.71499645826486, 41.81444484689739], [-72.71500345826487, 41.81444484689737], [-72.71500345826489, 41.81443684689739]]], [[[-72.71512245826486, 41.81454384689738], [-72.71512245826486, 41.81456784689738], [-72.71511145826486, 41.81456784689737], [-72.71511145826486, 41.8145438468974], [-72.71512245826486, 41.81454384689738]]], [[[-72.71557645826485, 41.81396784689739], [-72.71557645826485, 41.8139918468974], [-72.71556945826485, 41.81399184689739], [-72.71556945826484, 41.813967846897384], [-72.71557645826485, 41.81396784689739]]], [[[-72.71446945826484, 41.81439884689739], [-72.71446945826487, 41.814429846897376], [-72.71445145826488, 41.81442984689737], [-72.71445145826486, 41.814398846897404], [-72.71446945826484, 41.81439884689739]]], [[[-72.71444745826486, 41.81405384689739], [-72.71442745826486, 41.81405384689739], [-72.71442745826488, 41.81407784689737], [-72.71444745826486, 41.81407784689738], [-72.71444745826486, 41.81405384689739]]], [[[-72.71553245826485, 41.81421984689739], [-72.71553245826486, 41.81424384689739], [-72.71552245826487, 41.8142438468974], [-72.71552245826484, 41.81421984689738], [-72.71553245826485, 41.81421984689739]]], [[[-72.71476845826487, 41.81385184689738], [-72.71474545826486, 41.813851846897364], [-72.71474545826484, 41.813862846897365], [-72.71476845826486, 41.81386284689737], [-72.71476845826487, 41.81385184689738]]], [[[-72.71513245826486, 41.81424484689739], [-72.71515245826487, 41.81424484689738], [-72.71515245826487, 41.81425184689738], [-72.71513245826486, 41.81425184689738], [-72.71513245826486, 41.81424484689739]]], [[[-72.71572445826486, 41.814381846897376], [-72.71572445826486, 41.81440684689739], [-72.71573545826487, 41.81440684689739], [-72.71573545826486, 41.8143818468974], [-72.71572445826486, 41.814381846897376]]], [[[-72.71572445826489, 41.8144608468974], [-72.71572445826486, 41.81448684689737], [-72.71573545826485, 41.81448684689737], [-72.71573545826486, 41.81446084689739], [-72.71572445826489, 41.8144608468974]]], [[[-72.71572445826487, 41.81440784689738], [-72.71572445826484, 41.81443384689739], [-72.71573545826483, 41.8144338468974], [-72.71573545826486, 41.81440784689737], [-72.71572445826487, 41.81440784689738]]], [[[-72.71440545826489, 41.81384784689739], [-72.71440545826486, 41.813865846897386], [-72.71441245826487, 41.8138658468974], [-72.71441245826486, 41.81384784689739], [-72.71440545826489, 41.81384784689739]]], [[[-72.71531145826485, 41.81400584689739], [-72.71530345826487, 41.81400584689738], [-72.71530345826484, 41.814019846897395], [-72.71531145826486, 41.814019846897395], [-72.71531145826485, 41.81400584689739]]], [[[-72.71505045826483, 41.81424684689738], [-72.71506545826485, 41.81424684689738], [-72.71506545826486, 41.814253846897394], [-72.71505045826486, 41.81425384689741], [-72.71505045826483, 41.81424684689738]]], [[[-72.71571245826486, 41.81430084689739], [-72.71573445826486, 41.81430084689739], [-72.71573445826486, 41.814290846897386], [-72.71571245826485, 41.81429084689738], [-72.71571245826486, 41.81430084689739]]], [[[-72.71491445826489, 41.81439384689737], [-72.71491445826486, 41.814404846897375], [-72.71490445826487, 41.81440484689737], [-72.71490445826487, 41.81439384689737], [-72.71491445826489, 41.81439384689737]]], [[[-72.71489445826487, 41.81439384689741], [-72.71489445826488, 41.81440484689738], [-72.71490445826487, 41.81440484689737], [-72.71490445826487, 41.81439384689737], [-72.71489445826487, 41.81439384689741]]], [[[-72.71538845826487, 41.814296846897406], [-72.71540645826488, 41.814296846897385], [-72.71540645826487, 41.814289846897395], [-72.71538845826487, 41.814289846897395], [-72.71538845826487, 41.814296846897406]]], [[[-72.71576745826484, 41.81392884689738], [-72.71577745826484, 41.81392884689738], [-72.71577745826488, 41.81392584689736], [-72.71576745826486, 41.8139258468974], [-72.71576745826484, 41.81392884689738]]], [[[-72.71445845826484, 41.814219846897394], [-72.71445845826484, 41.814245846897386], [-72.71447045826486, 41.81424584689739], [-72.71447045826486, 41.814219846897394], [-72.71445845826484, 41.814219846897394]]], [[[-72.71528245826487, 41.81389484689737], [-72.71528245826487, 41.8139008468974], [-72.71527945826486, 41.81390084689738], [-72.71527945826486, 41.813894846897384], [-72.71528245826487, 41.81389484689737]]], [[[-72.71568045826486, 41.81390084689738], [-72.71568645826486, 41.81390084689738], [-72.71568645826486, 41.81391284689738], [-72.71568045826486, 41.81391284689738], [-72.71568045826486, 41.81390084689738]]], [[[-72.71507645826487, 41.81440284689738], [-72.71507645826486, 41.814427846897374], [-72.71506645826487, 41.814427846897374], [-72.71506645826486, 41.81440284689738], [-72.71507645826487, 41.81440284689738]]], [[[-72.71490545826485, 41.81454084689739], [-72.71489845826484, 41.81454084689739], [-72.71489845826487, 41.8145498468974], [-72.71490545826487, 41.8145498468974], [-72.71490545826485, 41.81454084689739]]], [[[-72.71553345826486, 41.813992846897385], [-72.71553345826486, 41.81401784689738], [-72.71554545826484, 41.81401784689741], [-72.71554545826486, 41.813992846897385], [-72.71553345826486, 41.813992846897385]]], [[[-72.71503645826486, 41.814428846897385], [-72.71503645826485, 41.814452846897396], [-72.71504245826486, 41.814452846897396], [-72.71504245826486, 41.8144288468974], [-72.71503645826486, 41.814428846897385]]], [[[-72.71567745826486, 41.81450384689737], [-72.71567745826486, 41.814529846897365], [-72.71566745826485, 41.814529846897365], [-72.71566745826486, 41.81450384689737], [-72.71567745826486, 41.81450384689737]]], [[[-72.71482145826485, 41.8140128468974], [-72.71479845826488, 41.814012846897384], [-72.71479845826487, 41.8140018468974], [-72.71482145826486, 41.8140018468974], [-72.71482145826485, 41.8140128468974]]], [[[-72.71558645826487, 41.814301846897386], [-72.71558645826487, 41.81432784689737], [-72.71559645826486, 41.814327846897385], [-72.71559645826486, 41.81430184689737], [-72.71558645826487, 41.814301846897386]]], [[[-72.71580845826487, 41.814094846897355], [-72.71580845826485, 41.81412084689738], [-72.71581545826486, 41.81412084689737], [-72.71581545826486, 41.81409484689739], [-72.71580845826487, 41.814094846897355]]], [[[-72.71489645826486, 41.814002846897374], [-72.71489645826485, 41.814023846897385], [-72.71490745826485, 41.814023846897385], [-72.71490745826485, 41.81400284689735], [-72.71489645826486, 41.814002846897374]]], [[[-72.71548745826487, 41.8141438468974], [-72.71548745826486, 41.81416884689739], [-72.71549745826485, 41.81416884689738], [-72.71549745826486, 41.814143846897394], [-72.71548745826487, 41.8141438468974]]], [[[-72.71516745826486, 41.81439684689738], [-72.71516745826484, 41.81442284689737], [-72.71515745826485, 41.81442284689739], [-72.71515745826487, 41.81439684689737], [-72.71516745826486, 41.81439684689738]]], [[[-72.71531645826487, 41.81440684689739], [-72.71531645826487, 41.81443084689739], [-72.71532445826487, 41.8144308468974], [-72.71532445826486, 41.81440684689739], [-72.71531645826487, 41.81440684689739]]], [[[-72.71596545826485, 41.81413884689737], [-72.71596545826485, 41.81414084689739], [-72.71595145826487, 41.81414084689738], [-72.71595145826487, 41.81413884689737], [-72.71596545826485, 41.81413884689737]]], [[[-72.71596545826486, 41.81414784689739], [-72.71596545826486, 41.814148846897396], [-72.71595145826487, 41.81414884689739], [-72.71595145826487, 41.81414784689739], [-72.71596545826486, 41.81414784689739]]], [[[-72.71596545826486, 41.8140878468974], [-72.71596545826486, 41.814088846897384], [-72.7159514582649, 41.81408884689736], [-72.71595145826488, 41.8140878468974], [-72.71596545826486, 41.8140878468974]]], [[[-72.71596545826488, 41.81419884689738], [-72.71596545826486, 41.81420084689738], [-72.71595145826488, 41.81420084689738], [-72.71595145826487, 41.81419884689737], [-72.71596545826488, 41.81419884689738]]], [[[-72.71596545826486, 41.814215846897376], [-72.71596545826488, 41.81421784689737], [-72.71595145826487, 41.814217846897385], [-72.71595145826487, 41.81421584689738], [-72.71596545826486, 41.814215846897376]]], [[[-72.71596545826488, 41.81422484689738], [-72.71596545826485, 41.814225846897386], [-72.71595145826484, 41.81422584689738], [-72.71595145826487, 41.814224846897396], [-72.71596545826488, 41.81422484689738]]], [[[-72.71548645826482, 41.81416984689739], [-72.71548645826486, 41.81419384689739], [-72.71547545826485, 41.814193846897375], [-72.71547545826486, 41.81416984689739], [-72.71548645826482, 41.81416984689739]]], [[[-72.71507645826486, 41.81447884689739], [-72.71507645826486, 41.814502846897376], [-72.71506645826486, 41.81450284689739], [-72.71506645826487, 41.81447884689738], [-72.71507645826486, 41.81447884689739]]], [[[-72.71518445826486, 41.81404384689738], [-72.71518445826486, 41.81406784689738], [-72.71517745826486, 41.81406784689737], [-72.71517745826486, 41.81404384689738], [-72.71518445826486, 41.81404384689738]]], [[[-72.71489045826486, 41.81385184689738], [-72.71486745826485, 41.81385184689736], [-72.71486745826486, 41.813862846897365], [-72.71489045826485, 41.813862846897386], [-72.71489045826486, 41.81385184689738]]], [[[-72.71563145826485, 41.81439784689737], [-72.71563145826487, 41.81442384689739], [-72.71562145826485, 41.81442384689739], [-72.71562145826488, 41.81439784689739], [-72.71563145826485, 41.81439784689737]]], [[[-72.71563145826487, 41.814371846897394], [-72.71563145826485, 41.81439684689738], [-72.71562145826486, 41.81439684689737], [-72.71562145826486, 41.81437184689739], [-72.71563145826487, 41.814371846897394]]], [[[-72.71535145826485, 41.81389584689739], [-72.71535145826485, 41.8139078468974], [-72.71535745826485, 41.81390784689739], [-72.71535745826486, 41.81389584689739], [-72.71535145826485, 41.81389584689739]]], [[[-72.71535145826486, 41.8138838468974], [-72.71535145826485, 41.81389584689739], [-72.71535745826486, 41.81389584689739], [-72.71535745826488, 41.8138838468974], [-72.71535145826486, 41.8138838468974]]], [[[-72.71521345826487, 41.81391384689737], [-72.71523645826487, 41.81391384689739], [-72.71523645826487, 41.81392184689738], [-72.71521345826487, 41.81392184689739], [-72.71521345826487, 41.81391384689737]]], [[[-72.71518845826486, 41.81391384689739], [-72.71521245826486, 41.813913846897385], [-72.71521245826486, 41.81392184689739], [-72.71518845826486, 41.81392184689739], [-72.71518845826486, 41.81391384689739]]], [[[-72.71516445826487, 41.81391384689738], [-72.71518745826486, 41.81391384689737], [-72.71518745826486, 41.81392184689739], [-72.71516445826487, 41.81392184689739], [-72.71516445826487, 41.81391384689738]]], [[[-72.71538145826487, 41.81387484689737], [-72.71538145826486, 41.81389284689737], [-72.71537545826486, 41.81389284689737], [-72.71537545826486, 41.81387484689737], [-72.71538145826487, 41.81387484689737]]], [[[-72.71521345826486, 41.813912846897395], [-72.71523645826487, 41.81391284689738], [-72.71523645826487, 41.8139058468974], [-72.71521345826486, 41.81390584689739], [-72.71521345826486, 41.813912846897395]]], [[[-72.71511545826486, 41.81391284689739], [-72.71513945826486, 41.81391284689738], [-72.71513945826486, 41.8139058468974], [-72.71511545826486, 41.81390584689741], [-72.71511545826486, 41.81391284689739]]], [[[-72.71570345826485, 41.81420784689739], [-72.71570345826485, 41.814219846897394], [-72.71569645826487, 41.814219846897394], [-72.71569645826486, 41.81420784689739], [-72.71570345826485, 41.81420784689739]]], [[[-72.71496545826486, 41.81440784689739], [-72.71495945826486, 41.81440784689736], [-72.71495945826486, 41.8144158468974], [-72.71496545826484, 41.81441584689738], [-72.71496545826486, 41.81440784689739]]], [[[-72.71507645826486, 41.814503846897395], [-72.71507645826486, 41.81452884689739], [-72.71506645826486, 41.81452884689739], [-72.71506645826484, 41.81450384689739], [-72.71507645826486, 41.814503846897395]]], [[[-72.71588645826488, 41.81408584689738], [-72.71588645826485, 41.81408684689737], [-72.71587245826485, 41.81408684689737], [-72.71587245826487, 41.81408584689738], [-72.71588645826488, 41.81408584689738]]], [[[-72.71588645826488, 41.81405184689739], [-72.71588645826486, 41.81405284689739], [-72.71587245826485, 41.81405284689738], [-72.71587245826487, 41.814051846897385], [-72.71588645826488, 41.81405184689739]]], [[[-72.71518445826486, 41.81409384689737], [-72.71518445826484, 41.814117846897375], [-72.71517745826486, 41.81411784689739], [-72.71517745826486, 41.814093846897386], [-72.71518445826486, 41.81409384689737]]], [[[-72.71494545826486, 41.8145128468974], [-72.71493745826487, 41.81451284689739], [-72.71493745826484, 41.814521846897385], [-72.71494545826486, 41.81452184689739], [-72.71494545826486, 41.8145128468974]]], [[[-72.71563345826488, 41.81445084689738], [-72.71563345826485, 41.814476846897385], [-72.71564345826485, 41.81447684689739], [-72.71564345826486, 41.81445084689737], [-72.71563345826488, 41.81445084689738]]], [[[-72.71507645826486, 41.81452884689739], [-72.71507645826486, 41.814553846897375], [-72.71506645826486, 41.81455384689739], [-72.71506645826486, 41.81452884689739], [-72.71507645826486, 41.81452884689739]]], [[[-72.71493445826486, 41.81453184689737], [-72.71492745826487, 41.814531846897374], [-72.71492745826488, 41.81454084689737], [-72.71493445826486, 41.81454084689739], [-72.71493445826486, 41.81453184689737]]], [[[-72.71494545826486, 41.81455084689737], [-72.71493745826486, 41.81455084689739], [-72.71493745826484, 41.81455984689738], [-72.71494545826486, 41.81455984689738], [-72.71494545826486, 41.81455084689737]]], [[[-72.71494545826486, 41.81455984689738], [-72.71493745826484, 41.81455984689738], [-72.71493745826487, 41.81456884689738], [-72.71494545826486, 41.81456884689739], [-72.71494545826486, 41.81455984689738]]], [[[-72.71494545826486, 41.814569846897406], [-72.71493745826486, 41.81456984689739], [-72.71493745826484, 41.81457884689738], [-72.71494545826486, 41.81457884689739], [-72.71494545826486, 41.814569846897406]]], [[[-72.71563345826486, 41.814556846897396], [-72.71563345826483, 41.81457184689737], [-72.71564345826485, 41.81457184689737], [-72.71564345826485, 41.81455684689736], [-72.71563345826486, 41.814556846897396]]], [[[-72.71589845826487, 41.813968846897374], [-72.71589945826487, 41.81396884689738], [-72.71589945826486, 41.813958846897386], [-72.71589845826485, 41.813958846897386], [-72.71589845826487, 41.813968846897374]]], [[[-72.71436545826485, 41.81396884689739], [-72.71434545826484, 41.813968846897374], [-72.71434545826486, 41.813992846897385], [-72.71436545826484, 41.813992846897364], [-72.71436545826485, 41.81396884689739]]], [[[-72.71583645826486, 41.81415884689738], [-72.71583645826489, 41.81416584689739], [-72.71583045826486, 41.81416584689737], [-72.71583045826486, 41.81415884689738], [-72.71583645826486, 41.81415884689738]]], [[[-72.71512345826486, 41.814316846897384], [-72.71512345826486, 41.81434084689738], [-72.71513345826486, 41.81434084689739], [-72.71513345826486, 41.8143168468974], [-72.71512345826486, 41.814316846897384]]], [[[-72.71526345826484, 41.81446884689736], [-72.71526345826486, 41.81449484689737], [-72.71525145826486, 41.81449484689737], [-72.71525145826486, 41.814468846897405], [-72.71526345826484, 41.81446884689736]]], [[[-72.71453245826486, 41.81380684689739], [-72.71452245826487, 41.8138068468974], [-72.71452245826485, 41.81383084689739], [-72.71453245826486, 41.81383084689738], [-72.71453245826486, 41.81380684689739]]], [[[-72.71539545826488, 41.8143748468974], [-72.71539545826488, 41.814398846897404], [-72.71538845826485, 41.81439884689738], [-72.71538845826487, 41.81437484689739], [-72.71539545826488, 41.8143748468974]]], [[[-72.71543045826485, 41.81424484689739], [-72.71545045826488, 41.814244846897374], [-72.71545045826485, 41.8142518468974], [-72.71543045826486, 41.81425184689736], [-72.71543045826485, 41.81424484689739]]], [[[-72.71503445826487, 41.81440284689738], [-72.71503445826488, 41.814427846897374], [-72.71502445826486, 41.814427846897374], [-72.71502445826486, 41.81440284689738], [-72.71503445826487, 41.81440284689738]]], [[[-72.71588645826485, 41.81409484689737], [-72.71588645826488, 41.81409584689738], [-72.71587245826485, 41.81409584689739], [-72.71587245826485, 41.81409484689737], [-72.71588645826485, 41.81409484689737]]], [[[-72.71548945826486, 41.814434846897385], [-72.71548945826486, 41.81445984689739], [-72.71550045826486, 41.81445984689739], [-72.71550045826483, 41.81443484689736], [-72.71548945826486, 41.814434846897385]]], [[[-72.71552245826486, 41.81424684689739], [-72.71554445826484, 41.8142468468974], [-72.71554445826486, 41.814253846897394], [-72.71552245826484, 41.81425384689741], [-72.71552245826486, 41.81424684689739]]], [[[-72.71505645826487, 41.81416984689737], [-72.71505645826487, 41.81419384689739], [-72.71504945826486, 41.814193846897375], [-72.71504945826486, 41.8141698468974], [-72.71505645826487, 41.81416984689737]]], [[[-72.71588445826487, 41.81442184689738], [-72.71588445826487, 41.81443484689738], [-72.71587245826487, 41.81443484689738], [-72.71587245826488, 41.81442184689738], [-72.71588445826487, 41.81442184689738]]], [[[-72.71580845826486, 41.81420084689738], [-72.71580845826486, 41.81422684689739], [-72.71581845826486, 41.814226846897384], [-72.71581845826486, 41.814200846897386], [-72.71580845826486, 41.81420084689738]]], [[[-72.71596545826486, 41.81432984689738], [-72.71596545826486, 41.81433084689738], [-72.71595145826487, 41.814330846897406], [-72.71595145826487, 41.81432984689739], [-72.71596545826486, 41.81432984689738]]], [[[-72.71494545826486, 41.814522846897376], [-72.71493745826486, 41.81452284689737], [-72.71493745826486, 41.814531846897374], [-72.71494545826488, 41.81453184689737], [-72.71494545826486, 41.814522846897376]]], [[[-72.71491545826484, 41.81456984689739], [-72.71490845826486, 41.814569846897406], [-72.71490845826487, 41.814578846897376], [-72.71491545826485, 41.81457884689738], [-72.71491545826484, 41.81456984689739]]], [[[-72.71493445826486, 41.814550846897376], [-72.71492745826487, 41.814550846897376], [-72.71492745826487, 41.81455984689737], [-72.71493445826486, 41.8145598468974], [-72.71493445826486, 41.814550846897376]]], [[[-72.71491545826485, 41.814522846897376], [-72.71490845826484, 41.81452284689739], [-72.71490845826486, 41.81453184689736], [-72.71491545826485, 41.814531846897374], [-72.71491545826485, 41.814522846897376]]], [[[-72.71494545826486, 41.81454084689737], [-72.71493745826484, 41.814540846897394], [-72.71493745826486, 41.81454984689739], [-72.71494545826486, 41.81454984689739], [-72.71494545826486, 41.81454084689737]]], [[[-72.71496445826487, 41.81451284689738], [-72.71495645826487, 41.81451284689741], [-72.71495645826487, 41.81452184689737], [-72.71496445826486, 41.8145218468974], [-72.71496445826487, 41.81451284689738]]], [[[-72.71496445826486, 41.814531846897374], [-72.71495645826485, 41.81453184689739], [-72.71495645826487, 41.8145408468974], [-72.71496445826486, 41.81454084689739], [-72.71496445826486, 41.814531846897374]]], [[[-72.71493445826486, 41.81451284689741], [-72.71492745826487, 41.8145128468974], [-72.71492745826487, 41.814521846897385], [-72.71493445826488, 41.81452184689738], [-72.71493445826486, 41.81451284689741]]], [[[-72.71496445826486, 41.81450384689737], [-72.71495645826485, 41.81450384689738], [-72.71495645826487, 41.81451284689741], [-72.71496445826487, 41.81451284689738], [-72.71496445826486, 41.81450384689737]]], [[[-72.71496445826486, 41.81454084689739], [-72.71495645826487, 41.8145408468974], [-72.71495645826485, 41.814549846897386], [-72.71496445826486, 41.814549846897386], [-72.71496445826486, 41.81454084689739]]], [[[-72.71499345826486, 41.814531846897374], [-72.71498645826485, 41.814531846897374], [-72.71498645826486, 41.81454084689739], [-72.71499345826486, 41.81454084689739], [-72.71499345826486, 41.814531846897374]]], [[[-72.71497445826486, 41.814569846897385], [-72.71496745826485, 41.81456984689739], [-72.71496745826487, 41.81457884689738], [-72.71497445826485, 41.81457884689739], [-72.71497445826486, 41.814569846897385]]], [[[-72.71491545826485, 41.81457884689738], [-72.71490845826487, 41.814578846897376], [-72.71490845826486, 41.81458784689738], [-72.71491545826485, 41.81458784689738], [-72.71491545826485, 41.81457884689738]]], [[[-72.71496445826484, 41.814569846897385], [-72.71495645826485, 41.814569846897406], [-72.71495645826487, 41.814578846897376], [-72.71496445826487, 41.81457884689737], [-72.71496445826484, 41.814569846897385]]], [[[-72.71490545826488, 41.81457884689737], [-72.71489845826486, 41.81457884689737], [-72.71489845826487, 41.81458784689738], [-72.71490545826487, 41.81458784689739], [-72.71490545826488, 41.81457884689737]]], [[[-72.71490545826487, 41.81455984689736], [-72.71489845826486, 41.81455984689738], [-72.71489845826486, 41.81456884689739], [-72.71490545826485, 41.81456884689741], [-72.71490545826487, 41.81455984689736]]], [[[-72.71425845826488, 41.8139608468974], [-72.71425845826487, 41.813986846897386], [-72.71426945826488, 41.813986846897386], [-72.71426945826485, 41.81396084689737], [-72.71425845826488, 41.8139608468974]]], [[[-72.71491545826484, 41.81449384689739], [-72.71490845826487, 41.81449384689737], [-72.71490845826487, 41.81450284689739], [-72.71491545826485, 41.81450284689738], [-72.71491545826484, 41.81449384689739]]], [[[-72.71491545826485, 41.81451284689741], [-72.71490845826486, 41.814512846897394], [-72.71490845826486, 41.814521846897385], [-72.71491545826485, 41.814521846897385], [-72.71491545826485, 41.81451284689741]]], [[[-72.71499345826486, 41.81457884689738], [-72.71498645826486, 41.814578846897376], [-72.71498645826486, 41.81458784689738], [-72.71499345826486, 41.81458784689739], [-72.71499345826486, 41.81457884689738]]], [[[-72.71499345826486, 41.814569846897385], [-72.71498645826486, 41.814569846897406], [-72.71498645826486, 41.814578846897376], [-72.71499345826486, 41.81457884689738], [-72.71499345826486, 41.814569846897385]]], [[[-72.71499345826486, 41.814559846897374], [-72.71498645826486, 41.81455984689738], [-72.71498645826486, 41.81456884689738], [-72.71499345826486, 41.814568846897394], [-72.71499345826486, 41.814559846897374]]], [[[-72.71490545826488, 41.814503846897374], [-72.71489845826486, 41.814503846897374], [-72.71489845826487, 41.81451284689739], [-72.71490545826487, 41.8145128468974], [-72.71490545826488, 41.814503846897374]]], [[[-72.71553045826487, 41.81440784689738], [-72.71553045826488, 41.81443384689739], [-72.71552345826485, 41.8144338468974], [-72.7155234582649, 41.81440784689738], [-72.71553045826487, 41.81440784689738]]], [[[-72.71539445826485, 41.8139978468974], [-72.71539445826488, 41.814022846897366], [-72.71538445826488, 41.81402284689737], [-72.71538445826485, 41.813997846897394], [-72.71539445826485, 41.8139978468974]]], [[[-72.71544145826485, 41.81443484689738], [-72.71544145826486, 41.814459846897385], [-72.71543045826486, 41.8144598468974], [-72.71543045826488, 41.814434846897385], [-72.71544145826485, 41.81443484689738]]], [[[-72.71521645826486, 41.81441584689738], [-72.71521645826488, 41.81444184689741], [-72.71522845826486, 41.81444184689738], [-72.71522845826486, 41.814415846897404], [-72.71521645826486, 41.81441584689738]]], [[[-72.71521645826486, 41.814388846897394], [-72.71521645826488, 41.814414846897385], [-72.71522845826485, 41.81441484689738], [-72.71522845826486, 41.81438884689739], [-72.71521645826486, 41.814388846897394]]], [[[-72.71527645826488, 41.81435784689739], [-72.71526445826485, 41.81435784689737], [-72.71526445826485, 41.814352846897386], [-72.71527645826484, 41.81435284689738], [-72.71527645826488, 41.81435784689739]]], [[[-72.71588645826486, 41.814128846897376], [-72.71588645826486, 41.81412984689739], [-72.71590045826485, 41.8141298468974], [-72.71590045826485, 41.81412884689738], [-72.71588645826486, 41.814128846897376]]], [[[-72.71509845826486, 41.81406784689737], [-72.71509845826486, 41.81409184689737], [-72.71510845826487, 41.81409184689738], [-72.71510845826487, 41.81406784689737], [-72.71509845826486, 41.81406784689737]]], [[[-72.71509845826485, 41.814092846897374], [-72.71509845826486, 41.8141168468974], [-72.71510845826487, 41.81411684689738], [-72.71510845826487, 41.81409284689736], [-72.71509845826485, 41.814092846897374]]], [[[-72.71500345826486, 41.81453184689737], [-72.71499645826486, 41.81453184689738], [-72.71499645826486, 41.8145408468974], [-72.71500345826486, 41.81454084689739], [-72.71500345826486, 41.81453184689737]]], [[[-72.71539445826488, 41.814022846897366], [-72.71539445826487, 41.81404784689738], [-72.71538445826486, 41.814047846897374], [-72.71538445826488, 41.81402284689737], [-72.71539445826488, 41.814022846897366]]], [[[-72.71518145826487, 41.814384846897376], [-72.71515745826485, 41.81438484689738], [-72.71515745826485, 41.81439484689738], [-72.71518145826487, 41.81439484689739], [-72.71518145826487, 41.814384846897376]]], [[[-72.71596745826484, 41.81400284689735], [-72.71596745826487, 41.81402784689737], [-72.71597845826486, 41.81402784689738], [-72.71597845826484, 41.81400284689737], [-72.71596745826484, 41.81400284689735]]], [[[-72.71508945826484, 41.81424484689737], [-72.71510745826487, 41.81424484689739], [-72.71510745826487, 41.81425184689738], [-72.71508945826487, 41.8142518468974], [-72.71508945826484, 41.81424484689737]]], [[[-72.71548745826486, 41.81409384689737], [-72.71548745826487, 41.814117846897375], [-72.71549745826486, 41.814117846897396], [-72.71549745826486, 41.814093846897386], [-72.71548745826486, 41.81409384689737]]], [[[-72.71507645826486, 41.814352846897386], [-72.71507645826486, 41.81437684689738], [-72.71506645826484, 41.81437684689738], [-72.71506645826487, 41.81435284689738], [-72.71507645826486, 41.814352846897386]]], [[[-72.71512345826486, 41.81431584689739], [-72.71513545826487, 41.81431584689738], [-72.71513545826487, 41.814304846897414], [-72.71512345826486, 41.814304846897386], [-72.71512345826486, 41.81431584689739]]], [[[-72.71546745826488, 41.81389584689738], [-72.71546745826485, 41.81391984689739], [-72.71547345826487, 41.81391984689738], [-72.71547345826485, 41.81389584689739], [-72.71546745826488, 41.81389584689738]]], [[[-72.71507845826486, 41.81440284689739], [-72.71507845826486, 41.81442784689738], [-72.71508845826486, 41.81442784689738], [-72.71508845826486, 41.81440284689738], [-72.71507845826486, 41.81440284689739]]], [[[-72.71596545826486, 41.81431284689738], [-72.71596545826486, 41.814313846897385], [-72.71595145826487, 41.81431384689739], [-72.71595145826487, 41.81431284689739], [-72.71596545826486, 41.81431284689738]]], [[[-72.71588645826486, 41.814025846897394], [-72.71588645826485, 41.814027846897396], [-72.71590045826487, 41.814027846897375], [-72.71590045826485, 41.814025846897394], [-72.71588645826486, 41.814025846897394]]], [[[-72.71588645826486, 41.814016846897374], [-72.71588645826485, 41.81401884689739], [-72.71590045826483, 41.81401884689741], [-72.71590045826484, 41.81401684689737], [-72.71588645826486, 41.814016846897374]]], [[[-72.71588645826485, 41.81404284689739], [-72.71588645826485, 41.814044846897396], [-72.71590045826484, 41.814044846897396], [-72.71590045826484, 41.814042846897394], [-72.71588645826485, 41.81404284689739]]], [[[-72.71588645826488, 41.81408584689738], [-72.71588645826485, 41.81408684689737], [-72.71590045826484, 41.81408684689738], [-72.71590045826485, 41.81408584689739], [-72.71588645826488, 41.81408584689738]]], [[[-72.71588645826488, 41.814102846897384], [-72.71588645826488, 41.81410484689736], [-72.71590045826485, 41.81410484689738], [-72.71590045826485, 41.814102846897384], [-72.71588645826488, 41.814102846897384]]], [[[-72.71512345826486, 41.8145708468974], [-72.71512345826486, 41.814571846897366], [-72.71511345826487, 41.81457184689738], [-72.71511345826487, 41.814570846897404], [-72.71512345826486, 41.8145708468974]]], [[[-72.71512345826486, 41.8145708468974], [-72.71512345826486, 41.814571846897366], [-72.71513345826486, 41.81457184689738], [-72.71513345826486, 41.81457084689739], [-72.71512345826486, 41.8145708468974]]], [[[-72.71512345826486, 41.814578846897376], [-72.71512345826486, 41.81458084689738], [-72.71511345826487, 41.814580846897364], [-72.71511345826487, 41.81457884689738], [-72.71512345826486, 41.814578846897376]]], [[[-72.71588145826486, 41.81396884689738], [-72.71588345826486, 41.81396884689738], [-72.71588345826486, 41.813958846897386], [-72.71588145826483, 41.813958846897386], [-72.71588145826486, 41.81396884689738]]], [[[-72.71595645826488, 41.813973846897376], [-72.71595845826486, 41.81397384689738], [-72.71595845826486, 41.81395884689739], [-72.71595645826487, 41.813958846897414], [-72.71595645826488, 41.813973846897376]]], [[[-72.71582045826486, 41.81439584689737], [-72.71582045826486, 41.814397846897386], [-72.71583445826488, 41.814397846897386], [-72.71583445826485, 41.8143958468974], [-72.71582045826486, 41.81439584689737]]], [[[-72.71582045826489, 41.81442184689739], [-72.71582045826486, 41.814422846897386], [-72.71583445826485, 41.814422846897386], [-72.71583445826485, 41.814421846897375], [-72.71582045826489, 41.81442184689739]]], [[[-72.71582045826487, 41.814447846897366], [-72.71582045826486, 41.81444884689738], [-72.7158344582649, 41.814448846897385], [-72.71583445826487, 41.81444784689738], [-72.71582045826487, 41.814447846897366]]], [[[-72.71582045826486, 41.814455846897374], [-72.71582045826484, 41.81445784689738], [-72.71583445826487, 41.8144578468974], [-72.71583445826485, 41.814455846897374], [-72.71582045826486, 41.814455846897374]]], [[[-72.71582045826484, 41.81448184689738], [-72.71582045826486, 41.81448284689739], [-72.71583445826488, 41.81448284689737], [-72.71583445826487, 41.814481846897394], [-72.71582045826484, 41.81448184689738]]], [[[-72.71582045826484, 41.81449884689736], [-72.71582045826484, 41.814499846897384], [-72.71583445826487, 41.814499846897384], [-72.71583445826487, 41.814498846897386], [-72.71582045826484, 41.81449884689736]]], [[[-72.71582045826486, 41.8145078468974], [-72.71582045826486, 41.81450884689738], [-72.71583445826485, 41.81450884689738], [-72.71583445826487, 41.81450784689738], [-72.71582045826486, 41.8145078468974]]], [[[-72.71582045826486, 41.81451584689738], [-72.71582045826487, 41.814517846897395], [-72.71583445826488, 41.814517846897395], [-72.71583445826484, 41.81451584689737], [-72.71582045826486, 41.81451584689738]]], [[[-72.71588645826485, 41.81434284689741], [-72.71588645826485, 41.8143438468974], [-72.71590045826485, 41.814343846897394], [-72.71590045826485, 41.81434284689739], [-72.71588645826485, 41.81434284689741]]], [[[-72.71588645826486, 41.81435084689737], [-72.71588645826486, 41.81435284689738], [-72.71590045826485, 41.81435284689739], [-72.71590045826487, 41.81435084689739], [-72.71588645826486, 41.81435084689737]]], [[[-72.71588645826488, 41.81438484689739], [-72.71588645826485, 41.81438684689738], [-72.71590045826484, 41.81438684689738], [-72.71590045826485, 41.81438484689738], [-72.71588645826488, 41.81438484689739]]], [[[-72.71588645826485, 41.814410846897374], [-72.71588645826485, 41.81441284689739], [-72.71590045826484, 41.81441284689738], [-72.71590045826485, 41.81441084689739], [-72.71588645826485, 41.814410846897374]]], [[[-72.71588645826486, 41.81441984689739], [-72.71588645826486, 41.81442084689738], [-72.71590045826485, 41.81442084689738], [-72.71590045826487, 41.81441984689738], [-72.71588645826486, 41.81441984689739]]], [[[-72.71588645826486, 41.814436846897394], [-72.71588645826488, 41.8144378468974], [-72.71590045826484, 41.81443784689738], [-72.71590045826485, 41.814436846897394], [-72.71588645826486, 41.814436846897394]]], [[[-72.71588645826486, 41.81447084689741], [-72.71588645826486, 41.814472846897374], [-72.71590045826484, 41.814472846897395], [-72.71590045826485, 41.81447084689741], [-72.71588645826486, 41.81447084689741]]], [[[-72.71588645826486, 41.81449684689737], [-72.71588645826482, 41.81449784689736], [-72.71590045826481, 41.81449784689736], [-72.71590045826485, 41.81449684689738], [-72.71588645826486, 41.81449684689737]]], [[[-72.71588645826486, 41.81453984689739], [-72.71588645826485, 41.81454084689739], [-72.71590045826484, 41.81454084689739], [-72.71590045826488, 41.81453984689739], [-72.71588645826486, 41.81453984689739]]], [[[-72.71588645826486, 41.81456484689738], [-72.71588645826485, 41.81456684689738], [-72.71590045826487, 41.81456684689739], [-72.71590045826487, 41.81456484689739], [-72.71588645826486, 41.81456484689738]]], [[[-72.71588645826486, 41.81454784689738], [-72.71588645826486, 41.81454984689739], [-72.71590045826485, 41.814549846897414], [-72.71590045826485, 41.81454784689738], [-72.71588645826486, 41.81454784689738]]], [[[-72.71496545826484, 41.81430084689737], [-72.71495845826486, 41.814300846897396], [-72.71495845826486, 41.8143088468974], [-72.71496545826487, 41.81430884689738], [-72.71496545826484, 41.81430084689737]]], [[[-72.71459945826486, 41.814327846897385], [-72.71457445826486, 41.814327846897385], [-72.71457445826486, 41.81431584689738], [-72.71459945826486, 41.8143158468974], [-72.71459945826486, 41.814327846897385]]], [[[-72.71553245826486, 41.81396784689739], [-72.71553245826485, 41.81399184689739], [-72.71552245826484, 41.81399184689739], [-72.71552245826487, 41.81396784689738], [-72.71553245826486, 41.81396784689739]]], [[[-72.71595245826487, 41.81430084689738], [-72.71597645826486, 41.81430084689738], [-72.71597645826488, 41.81429084689739], [-72.71595245826487, 41.814290846897364], [-72.71595245826487, 41.81430084689738]]], [[[-72.71535645826485, 41.81455784689739], [-72.71535645826486, 41.81458184689739], [-72.71534845826486, 41.81458184689739], [-72.71534845826487, 41.81455784689737], [-72.71535645826485, 41.81455784689739]]], [[[-72.71535845826486, 41.8145068468974], [-72.71535845826484, 41.81453184689737], [-72.71536445826487, 41.814531846897374], [-72.71536445826483, 41.81450684689738], [-72.71535845826486, 41.8145068468974]]], [[[-72.71509845826486, 41.81399184689739], [-72.71509845826486, 41.81401684689737], [-72.71510845826487, 41.81401684689738], [-72.71510845826487, 41.81399184689741], [-72.71509845826486, 41.81399184689739]]], [[[-72.71535845826486, 41.81385884689738], [-72.71535245826487, 41.81385884689738], [-72.71535245826486, 41.813870846897416], [-72.71535845826484, 41.813870846897395], [-72.71535845826486, 41.81385884689738]]], [[[-72.71539645826486, 41.814404846897396], [-72.71539645826483, 41.814430846897366], [-72.71540745826485, 41.81443084689739], [-72.71540745826488, 41.814404846897396], [-72.71539645826486, 41.814404846897396]]], [[[-72.71558545826488, 41.814541846897406], [-72.71558545826488, 41.8145668468974], [-72.71557045826486, 41.81456684689738], [-72.71557045826488, 41.81454184689739], [-72.71558545826488, 41.814541846897406]]], [[[-72.71566545826487, 41.81421984689738], [-72.71566545826488, 41.814243846897384], [-72.71567245826488, 41.81424384689739], [-72.71567245826486, 41.81421984689739], [-72.71566545826487, 41.81421984689738]]], [[[-72.71577145826487, 41.81432884689738], [-72.71577145826487, 41.814354846897395], [-72.71578245826485, 41.81435484689737], [-72.71578245826485, 41.81432884689738], [-72.71577145826487, 41.81432884689738]]], [[[-72.71543045826486, 41.813971846897395], [-72.71545045826487, 41.81397184689738], [-72.71545045826487, 41.81396484689739], [-72.71543045826486, 41.81396484689739], [-72.71543045826486, 41.813971846897395]]], [[[-72.71567845826485, 41.81442484689738], [-72.71567845826485, 41.814449846897375], [-72.71568945826486, 41.81444984689738], [-72.71568945826485, 41.81442484689737], [-72.71567845826485, 41.81442484689738]]], [[[-72.71548745826485, 41.81416984689738], [-72.71548745826485, 41.81419384689739], [-72.71549745826486, 41.814193846897375], [-72.71549745826488, 41.81416984689739], [-72.71548745826485, 41.81416984689738]]], [[[-72.71588645826486, 41.814196846897374], [-72.71588645826488, 41.81419884689738], [-72.71587245826488, 41.81419884689738], [-72.71587245826484, 41.814196846897374], [-72.71588645826486, 41.814196846897374]]], [[[-72.71598845826486, 41.814628846897385], [-72.71598945826483, 41.814628846897385], [-72.71598945826486, 41.81461484689738], [-72.71598845826485, 41.81461484689738], [-72.71598845826486, 41.814628846897385]]], [[[-72.71497345826486, 41.81430084689739], [-72.71496645826488, 41.81430084689737], [-72.71496645826484, 41.81430884689739], [-72.71497345826486, 41.81430884689739], [-72.71497345826486, 41.81430084689739]]], [[[-72.71490545826488, 41.81449384689739], [-72.71489845826486, 41.81449384689739], [-72.71489845826484, 41.8145028468974], [-72.71490545826487, 41.81450284689737], [-72.71490545826488, 41.81449384689739]]], [[[-72.71490545826488, 41.81431984689738], [-72.71489845826486, 41.81431984689737], [-72.71489845826486, 41.81432684689737], [-72.71490545826484, 41.81432684689738], [-72.71490545826488, 41.81431984689738]]], [[[-72.71570345826487, 41.813967846897384], [-72.71570345826485, 41.81399184689739], [-72.71569645826484, 41.81399184689739], [-72.71569645826484, 41.81396784689738], [-72.71570345826487, 41.813967846897384]]], [[[-72.71553045826487, 41.81435484689737], [-72.71553045826487, 41.814380846897386], [-72.71552345826488, 41.81438084689739], [-72.71552345826485, 41.81435484689738], [-72.71553045826487, 41.81435484689737]]], [[[-72.71543045826486, 41.8142958468974], [-72.71542445826486, 41.81429584689738], [-72.71542445826486, 41.81432084689738], [-72.71543045826486, 41.81432084689736], [-72.71543045826486, 41.8142958468974]]], [[[-72.71549445826487, 41.81432084689737], [-72.71548245826486, 41.81432084689738], [-72.71548245826487, 41.81432784689738], [-72.71549445826486, 41.81432784689737], [-72.71549445826487, 41.81432084689737]]], [[[-72.71470745826488, 41.81395784689738], [-72.71470745826485, 41.81398284689738], [-72.71469645826487, 41.813982846897396], [-72.71469645826488, 41.81395784689739], [-72.71470745826488, 41.81395784689738]]], [[[-72.71499645826485, 41.814404846897375], [-72.71498945826484, 41.814404846897396], [-72.71498945826485, 41.81441284689738], [-72.71499645826488, 41.81441284689738], [-72.71499645826485, 41.814404846897375]]], [[[-72.71496545826487, 41.81443984689737], [-72.71495945826486, 41.81443984689738], [-72.71495945826487, 41.81444784689738], [-72.71496545826486, 41.81444784689738], [-72.71496545826487, 41.81443984689737]]], [[[-72.71575745826485, 41.81401384689737], [-72.7157574582649, 41.814014846897386], [-72.71574545826488, 41.814014846897386], [-72.71574545826485, 41.81401384689737], [-72.71575745826485, 41.81401384689737]]], [[[-72.71580745826486, 41.81396784689738], [-72.71580745826488, 41.81399284689737], [-72.71579545826486, 41.81399284689737], [-72.71579545826486, 41.813967846897384], [-72.71580745826486, 41.81396784689738]]], [[[-72.71517045826488, 41.814326846897394], [-72.7151814582649, 41.8143268468974], [-72.71518145826487, 41.81431584689739], [-72.71517045826486, 41.81431584689739], [-72.71517045826488, 41.814326846897394]]], [[[-72.71520345826487, 41.8143088468974], [-72.71520345826487, 41.814323846897395], [-72.71521045826486, 41.8143238468974], [-72.71521045826488, 41.81430884689738], [-72.71520345826487, 41.8143088468974]]], [[[-72.71535045826485, 41.814118846897394], [-72.71535045826484, 41.81414384689739], [-72.71536045826487, 41.81414384689739], [-72.71536045826487, 41.81411884689739], [-72.71535045826485, 41.814118846897394]]], [[[-72.71500345826486, 41.814396846897374], [-72.71499645826488, 41.814396846897374], [-72.71499645826485, 41.814404846897375], [-72.71500345826486, 41.814404846897396], [-72.71500345826486, 41.814396846897374]]], [[[-72.71496545826487, 41.814455846897374], [-72.71495945826486, 41.814455846897374], [-72.71495945826487, 41.814463846897375], [-72.71496545826486, 41.814463846897404], [-72.71496545826487, 41.814455846897374]]], [[[-72.71493545826486, 41.81444684689738], [-72.71492945826486, 41.8144468468974], [-72.71492945826485, 41.81445484689739], [-72.71493545826485, 41.81445484689741], [-72.71493545826486, 41.81444684689738]]], [[[-72.71500345826486, 41.81442884689737], [-72.71499645826486, 41.81442884689738], [-72.71499645826486, 41.814436846897394], [-72.71500345826489, 41.81443684689739], [-72.71500345826486, 41.81442884689737]]], [[[-72.71497245826488, 41.814439846897365], [-72.71496645826488, 41.81443984689738], [-72.71496645826485, 41.81444784689737], [-72.71497245826487, 41.81444784689737], [-72.71497245826488, 41.814439846897365]]], [[[-72.7157044582649, 41.81414484689738], [-72.71570445826484, 41.814169846897386], [-72.71571345826484, 41.8141698468974], [-72.71571345826484, 41.814144846897385], [-72.7157044582649, 41.81414484689738]]], [[[-72.71535645826488, 41.814456846897386], [-72.71535645826486, 41.81448084689739], [-72.71534845826484, 41.81448084689738], [-72.71534845826486, 41.81445684689738], [-72.71535645826488, 41.814456846897386]]], [[[-72.71493545826488, 41.81431584689739], [-72.71492845826488, 41.8143158468974], [-72.71492845826486, 41.81432384689739], [-72.71493545826486, 41.81432384689739], [-72.71493545826488, 41.81431584689739]]], [[[-72.71470745826487, 41.813881846897374], [-72.71470745826485, 41.81390784689739], [-72.7146964582649, 41.8139078468974], [-72.71469645826487, 41.81388184689739], [-72.71470745826487, 41.813881846897374]]], [[[-72.71531645826487, 41.814456846897386], [-72.71531645826485, 41.814481846897394], [-72.71532445826487, 41.814481846897394], [-72.71532445826487, 41.8144568468974], [-72.71531645826487, 41.814456846897386]]], [[[-72.71539645826486, 41.8144578468974], [-72.71539645826485, 41.814483846897375], [-72.71540745826488, 41.81448384689738], [-72.71540745826486, 41.81445784689738], [-72.71539645826486, 41.8144578468974]]], [[[-72.71535845826484, 41.81455784689739], [-72.71535845826486, 41.81458184689739], [-72.71536445826486, 41.81458184689739], [-72.71536445826486, 41.81455784689739], [-72.71535845826484, 41.81455784689739]]], [[[-72.71580745826486, 41.814015846897384], [-72.71580745826486, 41.814041846897396], [-72.71579545826486, 41.81404184689738], [-72.71579545826484, 41.814015846897384], [-72.71580745826486, 41.814015846897384]]], [[[-72.71521745826485, 41.81433784689737], [-72.71521745826487, 41.814352846897386], [-72.71521045826488, 41.81435284689739], [-72.71521045826485, 41.81433784689738], [-72.71521745826485, 41.81433784689737]]], [[[-72.71553345826486, 41.81401784689738], [-72.71553345826486, 41.814042846897394], [-72.71554545826484, 41.81404284689737], [-72.71554545826484, 41.81401784689741], [-72.71553345826486, 41.81401784689738]]], [[[-72.71548845826484, 41.81456684689739], [-72.71548845826487, 41.81459284689739], [-72.71547845826485, 41.814592846897376], [-72.71547845826487, 41.8145668468974], [-72.71548845826484, 41.81456684689739]]], [[[-72.71515645826484, 41.81433884689737], [-72.71516845826486, 41.814338846897385], [-72.71516845826486, 41.81432884689738], [-72.71515645826486, 41.81432884689738], [-72.71515645826484, 41.81433884689737]]], [[[-72.71562045826485, 41.814043846897384], [-72.71562045826488, 41.81406784689739], [-72.71560845826488, 41.81406784689739], [-72.71560845826485, 41.81404384689739], [-72.71562045826485, 41.814043846897384]]], [[[-72.71553245826486, 41.81419484689739], [-72.71553245826486, 41.814218846897376], [-72.71552245826486, 41.814218846897376], [-72.71552245826486, 41.81419484689739], [-72.71553245826486, 41.81419484689739]]], [[[-72.71539545826485, 41.81455084689739], [-72.71539545826488, 41.81457584689737], [-72.71538845826485, 41.814575846897384], [-72.71538845826487, 41.8145508468974], [-72.71539545826485, 41.81455084689739]]], [[[-72.71549445826486, 41.81388084689739], [-72.71551745826487, 41.813880846897376], [-72.71551745826486, 41.813886846897375], [-72.71549445826486, 41.81388684689738], [-72.71549445826486, 41.81388084689739]]], [[[-72.71548645826485, 41.81411884689739], [-72.71548645826486, 41.81414384689739], [-72.71547545826485, 41.8141438468974], [-72.71547545826485, 41.81411884689739], [-72.71548645826485, 41.81411884689739]]], [[[-72.71479745826487, 41.81406084689738], [-72.71477345826486, 41.814060846897405], [-72.71477345826487, 41.81405084689739], [-72.71479745826488, 41.814050846897395], [-72.71479745826487, 41.81406084689738]]], [[[-72.71557045826486, 41.814300846897396], [-72.71559545826487, 41.81430084689738], [-72.71559545826486, 41.81429084689739], [-72.71557045826486, 41.814290846897386], [-72.71557045826486, 41.814300846897396]]], [[[-72.71507845826486, 41.814554846897366], [-72.71507845826486, 41.814578846897376], [-72.71508845826484, 41.81457884689738], [-72.71508845826486, 41.81455484689737], [-72.71507845826486, 41.814554846897366]]], [[[-72.71507845826486, 41.81452884689737], [-72.71507845826486, 41.81455384689739], [-72.71508845826486, 41.81455384689738], [-72.71508845826486, 41.81452884689738], [-72.71507845826486, 41.81452884689737]]], [[[-72.71551845826487, 41.81388084689738], [-72.71554145826487, 41.813880846897376], [-72.71554145826487, 41.8138748468974], [-72.71551845826487, 41.8138748468974], [-72.71551845826487, 41.81388084689738]]], [[[-72.71548045826486, 41.81385184689738], [-72.71545745826486, 41.81385184689739], [-72.71545745826485, 41.813858846897396], [-72.71548045826485, 41.813858846897396], [-72.71548045826486, 41.81385184689738]]], [[[-72.71568045826486, 41.81391284689738], [-72.71568645826486, 41.81391284689738], [-72.71568645826488, 41.813924846897386], [-72.71568045826486, 41.81392484689738], [-72.71568045826486, 41.81391284689738]]], [[[-72.71543745826486, 41.81429584689739], [-72.71543145826486, 41.81429584689738], [-72.71543145826486, 41.81432084689738], [-72.71543745826487, 41.81432084689738], [-72.71543745826486, 41.81429584689739]]], [[[-72.71551745826486, 41.814295846897394], [-72.71551145826486, 41.814295846897394], [-72.71551145826486, 41.814320846897395], [-72.71551745826486, 41.81432084689738], [-72.71551745826486, 41.814295846897394]]], [[[-72.71545945826486, 41.81429584689738], [-72.71545345826486, 41.8142958468974], [-72.71545345826486, 41.814320846897395], [-72.71545945826486, 41.81432084689738], [-72.71545945826486, 41.81429584689738]]], [[[-72.71546645826487, 41.8142958468974], [-72.71546045826487, 41.8142958468974], [-72.71546045826486, 41.81432084689738], [-72.71546645826486, 41.81432084689738], [-72.71546645826487, 41.8142958468974]]], [[[-72.71546545826486, 41.81432084689738], [-72.71545345826486, 41.814320846897395], [-72.71545345826486, 41.8143278468974], [-72.71546545826487, 41.814327846897385], [-72.71546545826486, 41.81432084689738]]], [[[-72.71491445826486, 41.81445084689737], [-72.71491445826484, 41.81443884689739], [-72.71490445826485, 41.81443884689739], [-72.71490445826488, 41.81445084689737], [-72.71491445826486, 41.81445084689737]]], [[[-72.71596545826485, 41.814121846897386], [-72.71596545826483, 41.81412284689739], [-72.71595145826483, 41.81412284689739], [-72.71595145826488, 41.81412184689737], [-72.71596545826485, 41.814121846897386]]], [[[-72.71482445826486, 41.81440784689738], [-72.71482445826487, 41.81441384689737], [-72.71486345826486, 41.814413846897374], [-72.71486345826486, 41.81440784689738], [-72.71482445826486, 41.81440784689738]]], [[[-72.71517445826485, 41.814289846897395], [-72.71517445826484, 41.814301846897386], [-72.71516445826485, 41.8143018468974], [-72.71516445826487, 41.814289846897395], [-72.71517445826485, 41.814289846897395]]], [[[-72.71494345826486, 41.81431584689739], [-72.71493645826486, 41.81431584689738], [-72.71493645826486, 41.814323846897395], [-72.71494345826486, 41.81432384689739], [-72.71494345826486, 41.81431584689739]]], [[[-72.71505645826485, 41.81404384689741], [-72.71505645826485, 41.81406784689739], [-72.71504945826486, 41.81406784689739], [-72.71504945826486, 41.81404384689738], [-72.71505645826485, 41.81404384689741]]], [[[-72.71553045826484, 41.81443484689737], [-72.71553045826487, 41.81445984689738], [-72.71552345826487, 41.81445984689739], [-72.71552345826484, 41.81443484689737], [-72.71553045826484, 41.81443484689737]]], [[[-72.71582545826485, 41.81389584689739], [-72.71582545826486, 41.813919846897385], [-72.71582045826484, 41.81391984689739], [-72.71582045826486, 41.81389584689739], [-72.71582545826485, 41.81389584689739]]], [[[-72.71594845826486, 41.813973846897376], [-72.71595045826484, 41.81397384689739], [-72.71595045826486, 41.81395884689738], [-72.71594845826486, 41.813958846897386], [-72.71594845826486, 41.813973846897376]]], [[[-72.71595445826486, 41.814628846897385], [-72.71595645826486, 41.814628846897385], [-72.71595645826486, 41.814614846897406], [-72.71595445826485, 41.81461484689738], [-72.71595445826486, 41.814628846897385]]], [[[-72.71580745826483, 41.814628846897385], [-72.71580945826487, 41.81462884689739], [-72.71580945826486, 41.814614846897406], [-72.71580745826485, 41.81461484689739], [-72.71580745826483, 41.814628846897385]]], [[[-72.71588645826486, 41.81399184689739], [-72.71588645826488, 41.81399284689738], [-72.71587245826487, 41.81399284689738], [-72.71587245826485, 41.81399184689739], [-72.71588645826486, 41.81399184689739]]], [[[-72.71589045826488, 41.81396884689739], [-72.71589145826486, 41.81396884689739], [-72.71589145826486, 41.81395884689738], [-72.71589045826487, 41.81395884689737], [-72.71589045826488, 41.81396884689739]]], [[[-72.71596545826485, 41.814070846897366], [-72.71596545826486, 41.814071846897406], [-72.71595145826488, 41.814071846897384], [-72.71595145826485, 41.81407084689738], [-72.71596545826485, 41.814070846897366]]], [[[-72.71526345826486, 41.81449584689738], [-72.71526345826486, 41.81452184689738], [-72.71525145826486, 41.814521846897385], [-72.71525145826486, 41.814495846897394], [-72.71526345826486, 41.81449584689738]]], [[[-72.71588645826486, 41.81435984689739], [-72.71588645826486, 41.81436084689738], [-72.71590045826484, 41.8143608468974], [-72.71590045826487, 41.81435984689739], [-72.71588645826486, 41.81435984689739]]], [[[-72.71566445826485, 41.814093846897386], [-72.71566445826487, 41.81411784689738], [-72.71565745826489, 41.81411784689738], [-72.71565745826484, 41.814093846897386], [-72.71566445826485, 41.814093846897386]]], [[[-72.71494245826483, 41.8144308468974], [-72.71493645826484, 41.814430846897395], [-72.71493645826486, 41.81443884689738], [-72.71494245826482, 41.814438846897396], [-72.71494245826483, 41.8144308468974]]], [[[-72.71452045826487, 41.81414084689739], [-72.71452045826486, 41.814165846897374], [-72.71450845826486, 41.81416584689739], [-72.71450845826486, 41.81414084689739], [-72.71452045826487, 41.81414084689739]]], [[[-72.71582045826484, 41.81443884689738], [-72.71582045826483, 41.81443984689738], [-72.71583445826488, 41.81443984689739], [-72.71583445826488, 41.81443884689737], [-72.71582045826484, 41.81443884689738]]], [[[-72.71582045826486, 41.814429846897376], [-72.71582045826486, 41.81443184689738], [-72.71583445826485, 41.81443184689737], [-72.71583445826485, 41.81442984689738], [-72.71582045826486, 41.814429846897376]]], [[[-72.71575745826486, 41.81413384689739], [-72.71575745826486, 41.81413484689738], [-72.71574545826485, 41.81413484689739], [-72.71574545826486, 41.81413384689738], [-72.71575745826486, 41.81413384689739]]], [[[-72.71588645826486, 41.813999846897374], [-72.71588645826486, 41.81400184689738], [-72.71587245826485, 41.81400184689739], [-72.71587245826487, 41.813999846897374], [-72.71588645826486, 41.813999846897374]]], [[[-72.71582045826484, 41.81454984689738], [-72.71582045826489, 41.814551846897395], [-72.71583445826484, 41.81455184689737], [-72.71583445826485, 41.814549846897386], [-72.71582045826484, 41.81454984689738]]], [[[-72.71479745826488, 41.8140128468974], [-72.71477345826486, 41.814012846897384], [-72.71477345826486, 41.81400184689737], [-72.71479745826487, 41.81400184689737], [-72.71479745826488, 41.8140128468974]]], [[[-72.71512245826484, 41.81439184689737], [-72.71512245826486, 41.81441684689738], [-72.71511145826486, 41.81441684689738], [-72.71511145826486, 41.8143918468974], [-72.71512245826484, 41.81439184689737]]], [[[-72.71489645826486, 41.814096846897385], [-72.71489645826486, 41.81411984689738], [-72.71490745826486, 41.814119846897384], [-72.71490745826485, 41.81409684689737], [-72.71489645826486, 41.814096846897385]]], [[[-72.71568645826486, 41.81388784689738], [-72.71569245826488, 41.81388784689736], [-72.71569245826487, 41.81390084689739], [-72.71568645826486, 41.81390084689738], [-72.71568645826486, 41.81388784689738]]], [[[-72.71480845826487, 41.81424884689737], [-72.71478445826487, 41.81424884689738], [-72.71478445826486, 41.81425584689737], [-72.71480845826486, 41.81425584689739], [-72.71480845826487, 41.81424884689737]]], [[[-72.71526345826484, 41.8143238468974], [-72.71526345826486, 41.814337846897374], [-72.71527045826485, 41.81433784689738], [-72.71527045826487, 41.81432384689739], [-72.71526345826484, 41.8143238468974]]], [[[-72.71527045826487, 41.81432384689739], [-72.71527045826485, 41.81433784689738], [-72.71527745826486, 41.81433784689739], [-72.71527745826484, 41.81432384689739], [-72.71527045826487, 41.81432384689739]]], [[[-72.71527045826487, 41.81429484689738], [-72.71527045826485, 41.81430884689739], [-72.71527745826485, 41.814308846897354], [-72.71527745826486, 41.81429484689738], [-72.71527045826487, 41.81429484689738]]], [[[-72.71527045826485, 41.81433784689738], [-72.71527045826487, 41.81435284689739], [-72.71527745826486, 41.81435284689741], [-72.71527745826486, 41.81433784689739], [-72.71527045826485, 41.81433784689738]]], [[[-72.71526345826487, 41.81429484689738], [-72.71526345826486, 41.8143088468974], [-72.71527045826485, 41.81430884689739], [-72.71527045826487, 41.81429484689738], [-72.71526345826487, 41.81429484689738]]], [[[-72.71490545826487, 41.8143728468974], [-72.71489845826486, 41.814372846897406], [-72.71489845826483, 41.81436484689739], [-72.71490545826487, 41.81436484689739], [-72.71490545826487, 41.8143728468974]]], [[[-72.71490545826487, 41.8143328468974], [-72.71489845826486, 41.81433284689739], [-72.71489845826487, 41.81433884689738], [-72.71490545826487, 41.81433884689737], [-72.71490545826487, 41.8143328468974]]], [[[-72.71554145826487, 41.813880846897376], [-72.71556445826486, 41.813880846897376], [-72.71556445826486, 41.813886846897375], [-72.71554145826487, 41.81388684689738], [-72.71554145826487, 41.813880846897376]]], [[[-72.71505645826487, 41.81421984689738], [-72.71505645826484, 41.814243846897384], [-72.71504945826487, 41.81424384689741], [-72.71504945826486, 41.81421984689739], [-72.71505645826487, 41.81421984689738]]], [[[-72.71494245826484, 41.81442284689739], [-72.71493645826487, 41.81442284689741], [-72.71493645826484, 41.814430846897395], [-72.71494245826483, 41.8144308468974], [-72.71494245826484, 41.81442284689739]]], [[[-72.71588645826488, 41.814231846897385], [-72.71588645826485, 41.81423284689737], [-72.71590045826485, 41.814232846897376], [-72.71590045826485, 41.814231846897385], [-72.71588645826488, 41.814231846897385]]], [[[-72.71562045826487, 41.8142208468974], [-72.71562045826488, 41.81424484689737], [-72.71560845826485, 41.81424484689738], [-72.71560845826488, 41.814220846897385], [-72.71562045826487, 41.8142208468974]]], [[[-72.71568645826486, 41.81390084689738], [-72.71569245826487, 41.81390084689739], [-72.71569245826484, 41.813912846897395], [-72.71568645826486, 41.81391284689738], [-72.71568645826486, 41.81390084689738]]], [[[-72.71596545826485, 41.81409584689739], [-72.71596545826483, 41.81409784689738], [-72.71595145826488, 41.814097846897376], [-72.71595145826487, 41.81409584689738], [-72.71596545826485, 41.81409584689739]]], [[[-72.71588445826487, 41.81448784689736], [-72.71588445826487, 41.81451384689739], [-72.71587245826488, 41.81451384689738], [-72.71587245826487, 41.8144878468974], [-72.71588445826487, 41.81448784689736]]], [[[-72.71596545826488, 41.8142078468974], [-72.71596545826485, 41.81420884689739], [-72.71595145826485, 41.81420884689738], [-72.71595145826485, 41.81420784689739], [-72.71596545826488, 41.8142078468974]]], [[[-72.71497445826486, 41.81454084689739], [-72.71496745826488, 41.81454084689739], [-72.71496745826487, 41.8145498468974], [-72.71497445826488, 41.814549846897386], [-72.71497445826486, 41.81454084689739]]], [[[-72.71497445826485, 41.81453184689738], [-72.71496745826488, 41.81453184689737], [-72.71496745826488, 41.81454084689739], [-72.71497445826486, 41.81454084689739], [-72.71497445826485, 41.81453184689738]]], [[[-72.71493445826486, 41.8145598468974], [-72.71492745826487, 41.81455984689737], [-72.71492745826487, 41.81456884689737], [-72.71493445826486, 41.814568846897394], [-72.71493445826486, 41.8145598468974]]], [[[-72.71493445826486, 41.81457884689738], [-72.71492745826487, 41.81457884689738], [-72.71492745826485, 41.81458784689739], [-72.71493445826488, 41.81458784689737], [-72.71493445826486, 41.81457884689738]]], [[[-72.71512345826486, 41.81440784689738], [-72.71512345826486, 41.8144338468974], [-72.71513345826486, 41.81443384689738], [-72.71513345826487, 41.81440784689738], [-72.71512345826486, 41.81440784689738]]], [[[-72.71491345826486, 41.814450846897365], [-72.71491345826485, 41.8144708468974], [-72.71490445826485, 41.81447084689741], [-72.71490445826488, 41.81445084689737], [-72.71491345826486, 41.814450846897365]]], [[[-72.71507645826487, 41.81442884689739], [-72.71507645826486, 41.8144528468974], [-72.71506645826486, 41.81445284689739], [-72.71506645826487, 41.81442884689735], [-72.71507645826487, 41.81442884689739]]], [[[-72.71588745826486, 41.81385184689737], [-72.71586345826485, 41.81385184689739], [-72.71586345826485, 41.813858846897396], [-72.71588745826486, 41.81385884689738], [-72.71588745826486, 41.81385184689737]]], [[[-72.71566445826488, 41.81411884689738], [-72.71566445826484, 41.814143846897394], [-72.71565745826484, 41.814143846897394], [-72.71565745826486, 41.81411884689739], [-72.71566445826488, 41.81411884689738]]], [[[-72.71575545826485, 41.814166846897386], [-72.71575545826487, 41.81419184689738], [-72.71574545826488, 41.81419184689738], [-72.71574545826485, 41.814166846897386], [-72.71575545826485, 41.814166846897386]]], [[[-72.71553345826484, 41.81406884689739], [-72.71553345826486, 41.81409284689738], [-72.71554545826487, 41.81409284689739], [-72.71554545826483, 41.81406884689737], [-72.71553345826484, 41.81406884689739]]], [[[-72.71526445826485, 41.81409484689737], [-72.71526445826485, 41.81411884689737], [-72.71525745826487, 41.81411884689738], [-72.71525745826484, 41.81409484689739], [-72.71526445826485, 41.81409484689737]]], [[[-72.71576645826488, 41.813900846897376], [-72.71577245826485, 41.81390084689738], [-72.71577245826488, 41.8139128468974], [-72.71576645826487, 41.813912846897374], [-72.71576645826488, 41.813900846897376]]], [[[-72.71576945826486, 41.8144458468974], [-72.71576945826486, 41.81445884689738], [-72.71575945826484, 41.81445884689738], [-72.71575945826487, 41.81444584689737], [-72.71576945826486, 41.8144458468974]]], [[[-72.71588645826488, 41.814188846897395], [-72.71588645826486, 41.8141898468974], [-72.71590045826485, 41.81418984689739], [-72.71590045826484, 41.8141888468974], [-72.71588645826488, 41.814188846897395]]], [[[-72.71596545826488, 41.814551846897395], [-72.71596545826486, 41.814553846897375], [-72.71595145826485, 41.814553846897375], [-72.71595145826488, 41.8145518468974], [-72.71596545826488, 41.814551846897395]]], [[[-72.71493445826486, 41.81449384689739], [-72.71492745826488, 41.81449384689738], [-72.71492745826487, 41.8145028468974], [-72.71493445826488, 41.81450284689737], [-72.71493445826486, 41.81449384689739]]], [[[-72.71553245826487, 41.81451384689739], [-72.71553245826486, 41.81453984689739], [-72.71554645826487, 41.81453984689739], [-72.71554645826488, 41.81451384689739], [-72.71553245826487, 41.81451384689739]]], [[[-72.71521945826485, 41.81396684689739], [-72.71523445826486, 41.81396684689741], [-72.71523445826487, 41.81395984689736], [-72.71521945826485, 41.81395984689737], [-72.71521945826485, 41.81396684689739]]], [[[-72.71493545826486, 41.81430084689737], [-72.71492845826486, 41.81430084689736], [-72.71492845826486, 41.81430884689738], [-72.71493545826488, 41.8143088468974], [-72.71493545826486, 41.81430084689737]]], [[[-72.71568645826486, 41.81387584689738], [-72.71569245826485, 41.81387584689738], [-72.71569245826488, 41.81388784689736], [-72.71568645826486, 41.81388784689738], [-72.71568645826486, 41.81387584689738]]], [[[-72.71512345826486, 41.81435484689739], [-72.71512345826486, 41.81438084689739], [-72.71513345826486, 41.8143808468974], [-72.71513345826486, 41.81435484689738], [-72.71512345826486, 41.81435484689739]]], [[[-72.71575945826486, 41.814020846897385], [-72.71575945826484, 41.814046846897384], [-72.71577045826487, 41.81404684689738], [-72.71577045826486, 41.81402084689738], [-72.71575945826486, 41.814020846897385]]], [[[-72.71457345826487, 41.814327846897385], [-72.71454945826486, 41.814327846897385], [-72.71454945826487, 41.8143158468974], [-72.71457345826487, 41.8143158468974], [-72.71457345826487, 41.814327846897385]]], [[[-72.71454845826486, 41.81432784689737], [-72.71452345826486, 41.81432784689739], [-72.71452345826486, 41.8143158468974], [-72.71454845826486, 41.81431584689737], [-72.71454845826486, 41.81432784689737]]], [[[-72.71558945826484, 41.8139158468974], [-72.71561245826486, 41.813915846897395], [-72.71561245826486, 41.813921846897394], [-72.71558945826486, 41.81392184689739], [-72.71558945826484, 41.8139158468974]]], [[[-72.71505945826485, 41.814093846897364], [-72.71505945826486, 41.81411784689738], [-72.71506645826486, 41.81411784689737], [-72.71506645826486, 41.81409384689737], [-72.71505945826485, 41.814093846897364]]], [[[-72.71588645826486, 41.814128846897376], [-72.71588645826486, 41.81412984689739], [-72.7158724582649, 41.81412984689739], [-72.71587245826484, 41.814128846897376], [-72.71588645826486, 41.814128846897376]]], [[[-72.71596545826486, 41.814466846897375], [-72.71596545826486, 41.814467846897394], [-72.71595145826488, 41.81446784689738], [-72.71595145826488, 41.814466846897375], [-72.71596545826486, 41.814466846897375]]], [[[-72.71470745826485, 41.8141958468974], [-72.71470745826484, 41.8142218468974], [-72.71469645826487, 41.81422184689739], [-72.71469645826485, 41.81419584689739], [-72.71470745826485, 41.8141958468974]]], [[[-72.71596545826486, 41.81443184689737], [-72.71596545826486, 41.814433846897394], [-72.71595145826487, 41.8144338468974], [-72.71595145826485, 41.814431846897385], [-72.71596545826486, 41.81443184689737]]], [[[-72.71596545826488, 41.814371846897394], [-72.71596545826488, 41.81437384689738], [-72.71595145826487, 41.81437384689739], [-72.71595145826487, 41.81437184689738], [-72.71596545826488, 41.814371846897394]]], [[[-72.71582045826487, 41.81404384689738], [-72.71580845826487, 41.81404384689738], [-72.71580845826486, 41.814068846897385], [-72.71582045826484, 41.81406884689738], [-72.71582045826487, 41.81404384689738]]], [[[-72.71602845826486, 41.81443084689739], [-72.71602845826486, 41.81445684689738], [-72.71601645826486, 41.814456846897386], [-72.71601645826487, 41.814430846897366], [-72.71602845826486, 41.81443084689739]]], [[[-72.71500445826486, 41.81432384689739], [-72.71499645826488, 41.81432384689739], [-72.71499645826488, 41.814330846897384], [-72.71500445826487, 41.81433084689738], [-72.71500445826486, 41.81432384689739]]], [[[-72.71500445826486, 41.814361846897384], [-72.71499645826486, 41.81436184689738], [-72.71499645826486, 41.8143688468974], [-72.71500445826484, 41.81436884689739], [-72.71500445826486, 41.814361846897384]]], [[[-72.71497345826486, 41.81433084689739], [-72.71496645826487, 41.81433084689739], [-72.71496645826485, 41.81433884689737], [-72.71497345826488, 41.81433884689739], [-72.71497345826486, 41.81433084689739]]], [[[-72.71491245826485, 41.814326846897394], [-72.71490545826484, 41.81432684689738], [-72.71490545826487, 41.8143328468974], [-72.71491245826488, 41.81433284689739], [-72.71491245826485, 41.814326846897394]]], [[[-72.71496545826484, 41.81441584689738], [-72.71495945826486, 41.8144158468974], [-72.71495945826484, 41.81442384689739], [-72.71496545826487, 41.81442384689739], [-72.71496545826484, 41.81441584689738]]], [[[-72.71547345826488, 41.813921846897394], [-72.71546145826485, 41.813921846897394], [-72.71546145826487, 41.81392784689739], [-72.71547345826488, 41.813927846897386], [-72.71547345826488, 41.813921846897394]]], [[[-72.71577145826487, 41.81456684689738], [-72.71577145826488, 41.81459284689738], [-72.71578245826487, 41.81459284689738], [-72.71578245826485, 41.814566846897385], [-72.71577145826487, 41.81456684689738]]], [[[-72.71562145826488, 41.81411884689739], [-72.71562145826485, 41.81414384689739], [-72.71563345826486, 41.814143846897394], [-72.71563345826486, 41.814118846897394], [-72.71562145826488, 41.81411884689739]]], [[[-72.71580545826487, 41.814565846897395], [-72.71583045826485, 41.81456584689738], [-72.71583045826486, 41.8145748468974], [-72.71580545826485, 41.814574846897386], [-72.71580545826487, 41.814565846897395]]], [[[-72.71566545826487, 41.81406884689737], [-72.71566545826487, 41.81409284689738], [-72.71567245826488, 41.81409284689737], [-72.71567245826485, 41.814068846897385], [-72.71566545826487, 41.81406884689737]]], [[[-72.71496445826486, 41.81455084689737], [-72.71495645826485, 41.8145508468974], [-72.71495645826487, 41.81455984689738], [-72.71496445826487, 41.81455984689736], [-72.71496445826486, 41.81455084689737]]], [[[-72.71505645826485, 41.813992846897385], [-72.71505645826487, 41.81401784689739], [-72.71504945826487, 41.81401784689739], [-72.71504945826486, 41.813992846897364], [-72.71505645826485, 41.813992846897385]]], [[[-72.71568645826486, 41.81391284689738], [-72.71569245826484, 41.813912846897395], [-72.71569245826487, 41.813924846897386], [-72.71568645826488, 41.813924846897386], [-72.71568645826486, 41.81391284689738]]], [[[-72.71581845826486, 41.81432684689738], [-72.71581845826486, 41.81435284689741], [-72.71580645826488, 41.81435284689738], [-72.71580645826486, 41.81432684689738], [-72.71581845826486, 41.81432684689738]]], [[[-72.71548945826486, 41.81451384689736], [-72.71548945826486, 41.81453984689739], [-72.71550045826487, 41.81453984689739], [-72.71550045826487, 41.81451384689739], [-72.71548945826486, 41.81451384689736]]], [[[-72.71507645826486, 41.81445384689742], [-72.71507645826487, 41.814477846897375], [-72.71506645826486, 41.81447784689739], [-72.71506645826486, 41.814453846897386], [-72.71507645826486, 41.81445384689742]]], [[[-72.71445745826485, 41.81421984689738], [-72.71445745826487, 41.814245846897386], [-72.71444545826486, 41.814245846897386], [-72.71444545826485, 41.814219846897366], [-72.71445745826485, 41.81421984689738]]], [[[-72.71557645826488, 41.814118846897394], [-72.71557645826489, 41.81414384689739], [-72.71556945826485, 41.81414384689739], [-72.71556945826487, 41.81411884689737], [-72.71557645826488, 41.814118846897394]]], [[[-72.71514245826486, 41.81406784689737], [-72.71514245826486, 41.81409184689739], [-72.71513145826486, 41.814091846897384], [-72.71513145826486, 41.81406784689737], [-72.71514245826486, 41.81406784689737]]], [[[-72.71503445826487, 41.814503846897374], [-72.71503445826487, 41.814528846897375], [-72.71502445826486, 41.81452884689738], [-72.71502445826486, 41.81450384689738], [-72.71503445826487, 41.814503846897374]]], [[[-72.71471445826488, 41.814506846897395], [-72.71471445826488, 41.814530846897384], [-72.71472645826486, 41.8145308468974], [-72.71472645826486, 41.8145068468974], [-72.71471445826488, 41.814506846897395]]], [[[-72.71572445826486, 41.8143018468974], [-72.71572445826486, 41.814327846897385], [-72.71573545826486, 41.814327846897385], [-72.71573545826486, 41.81430184689739], [-72.71572445826486, 41.8143018468974]]], [[[-72.71526245826486, 41.814036846897395], [-72.71525745826486, 41.8140368468974], [-72.71525745826486, 41.81404384689738], [-72.71526245826486, 41.8140438468974], [-72.71526245826486, 41.814036846897395]]], [[[-72.71566545826487, 41.8141698468974], [-72.71566545826485, 41.81419384689739], [-72.71567245826486, 41.814193846897375], [-72.71567245826485, 41.814169846897386], [-72.71566545826487, 41.8141698468974]]], [[[-72.71535045826485, 41.81416984689739], [-72.71535045826487, 41.814193846897375], [-72.71536045826487, 41.81419384689739], [-72.71536045826485, 41.81416984689739], [-72.71535045826485, 41.81416984689739]]], [[[-72.71481645826488, 41.81390184689738], [-72.71481645826485, 41.813891846897356], [-72.71479345826486, 41.81389184689737], [-72.71479345826486, 41.813901846897394], [-72.71481645826488, 41.81390184689738]]], [[[-72.71477045826487, 41.813921846897394], [-72.71478145826488, 41.81392184689739], [-72.71478145826485, 41.81391584689737], [-72.71477045826485, 41.81391584689737], [-72.71477045826487, 41.813921846897394]]], [[[-72.71475845826487, 41.81390384689739], [-72.71475845826485, 41.81389184689738], [-72.71475245826488, 41.813891846897384], [-72.71475245826487, 41.813903846897375], [-72.71475845826487, 41.81390384689739]]], [[[-72.71475245826485, 41.81391584689739], [-72.71475245826487, 41.813903846897375], [-72.71474645826486, 41.81390384689739], [-72.71474645826484, 41.81391584689737], [-72.71475245826485, 41.81391584689739]]], [[[-72.71477545826487, 41.813903846897375], [-72.71477545826487, 41.81389184689737], [-72.71477045826488, 41.81389184689737], [-72.71477045826487, 41.8139038468974], [-72.71477545826487, 41.813903846897375]]], [[[-72.71480545826485, 41.81389184689738], [-72.71481645826485, 41.813891846897356], [-72.71481645826486, 41.8138858468974], [-72.71480545826486, 41.81388584689738], [-72.71480545826485, 41.81389184689738]]], [[[-72.71513245826485, 41.813965846897375], [-72.71515245826485, 41.813965846897375], [-72.71515245826487, 41.81395884689739], [-72.71513245826486, 41.813958846897386], [-72.71513245826485, 41.813965846897375]]], [[[-72.71572245826486, 41.81432884689738], [-72.71572245826488, 41.81435484689738], [-72.71571245826487, 41.81435484689738], [-72.71571245826486, 41.81432884689738], [-72.71572245826486, 41.81432884689738]]], [[[-72.71558645826485, 41.814566846897385], [-72.71558645826485, 41.814592846897376], [-72.71559645826486, 41.814592846897376], [-72.71559645826484, 41.814566846897385], [-72.71558645826485, 41.814566846897385]]], [[[-72.71535645826488, 41.81448184689741], [-72.71535645826486, 41.814505846897376], [-72.71534845826486, 41.814505846897376], [-72.71534845826486, 41.81448184689739], [-72.71535645826488, 41.81448184689741]]], [[[-72.71562145826486, 41.814169846897386], [-72.71562145826486, 41.814193846897375], [-72.71563345826486, 41.814193846897375], [-72.71563345826485, 41.814169846897386], [-72.71562145826486, 41.814169846897386]]], [[[-72.71511545826486, 41.81391384689739], [-72.71513945826486, 41.81391384689739], [-72.71513945826487, 41.813921846897394], [-72.71511545826485, 41.81392184689739], [-72.71511545826486, 41.81391384689739]]], [[[-72.71535645826486, 41.814506846897395], [-72.71535645826488, 41.814531846897374], [-72.71534845826487, 41.81453184689739], [-72.71534845826486, 41.81450684689738], [-72.71535645826486, 41.814506846897395]]], [[[-72.71505945826486, 41.81401784689738], [-72.71505945826486, 41.8140428468974], [-72.71506645826486, 41.814042846897394], [-72.71506645826487, 41.81401784689737], [-72.71505945826486, 41.81401784689738]]], [[[-72.71530645826486, 41.81409484689737], [-72.71530645826488, 41.81411884689739], [-72.71529645826486, 41.81411884689739], [-72.71529645826486, 41.81409484689739], [-72.71530645826486, 41.81409484689737]]], [[[-72.71562045826487, 41.81410684689739], [-72.71562045826487, 41.81413184689738], [-72.71560845826488, 41.81413184689739], [-72.71560845826488, 41.814106846897396], [-72.71562045826487, 41.81410684689739]]], [[[-72.71439545826486, 41.81419384689739], [-72.71439545826486, 41.81421984689741], [-72.71440745826487, 41.814219846897394], [-72.71440745826486, 41.814193846897375], [-72.71439545826486, 41.81419384689739]]], [[[-72.71500345826486, 41.81441284689738], [-72.71499645826488, 41.81441284689738], [-72.71499645826488, 41.814420846897384], [-72.71500345826486, 41.81442084689736], [-72.71500345826486, 41.81441284689738]]], [[[-72.71494245826484, 41.81444684689738], [-72.71493645826486, 41.8144468468974], [-72.71493645826484, 41.81445484689738], [-72.71494245826484, 41.81445484689738], [-72.71494245826484, 41.81444684689738]]], [[[-72.71539545826488, 41.81447584689738], [-72.71539545826488, 41.814499846897384], [-72.71538845826485, 41.814499846897384], [-72.71538845826488, 41.814475846897395], [-72.71539545826488, 41.81447584689738]]], [[[-72.71553245826486, 41.81440784689736], [-72.71553245826485, 41.81443384689738], [-72.71554645826482, 41.81443384689738], [-72.71554645826488, 41.81440784689738], [-72.71553245826486, 41.81440784689736]]], [[[-72.71545345826486, 41.81437984689737], [-72.71543145826486, 41.81437984689738], [-72.71543145826486, 41.81437284689741], [-72.71545345826486, 41.8143728468974], [-72.71545345826486, 41.81437984689737]]], [[[-72.71457145826486, 41.813828846897394], [-72.71457145826486, 41.81385484689739], [-72.71458145826485, 41.81385484689738], [-72.71458145826485, 41.81382884689739], [-72.71457145826486, 41.813828846897394]]], [[[-72.71470745826487, 41.814089846897375], [-72.71470745826488, 41.8141158468974], [-72.71469645826488, 41.8141158468974], [-72.71469645826485, 41.814089846897375], [-72.71470745826487, 41.814089846897375]]], [[[-72.71554145826487, 41.8139148468974], [-72.71556445826488, 41.8139148468974], [-72.71556445826484, 41.81390884689739], [-72.71554145826487, 41.81390884689738], [-72.71554145826487, 41.8139148468974]]], [[[-72.71535645826488, 41.81443184689738], [-72.71535645826486, 41.814455846897374], [-72.71534845826486, 41.814455846897374], [-72.71534845826487, 41.81443184689737], [-72.71535645826488, 41.81443184689738]]], [[[-72.71484345826487, 41.81430984689738], [-72.71484345826487, 41.814319846897384], [-72.71486345826486, 41.814319846897384], [-72.71486345826486, 41.81430984689739], [-72.71484345826487, 41.81430984689738]]], [[[-72.71577145826487, 41.814354846897395], [-72.71577145826487, 41.8143808468974], [-72.71578245826487, 41.81438084689739], [-72.71578245826485, 41.81435484689737], [-72.71577145826487, 41.814354846897395]]], [[[-72.71572245826488, 41.81435484689738], [-72.71572245826485, 41.81438084689739], [-72.71571245826486, 41.814380846897386], [-72.71571245826487, 41.81435484689738], [-72.71572245826488, 41.81435484689738]]], [[[-72.71509845826486, 41.814168846897374], [-72.71509845826486, 41.81419284689738], [-72.71510845826487, 41.81419284689738], [-72.71510845826487, 41.81416884689737], [-72.71509845826486, 41.814168846897374]]], [[[-72.71500445826486, 41.81435384689738], [-72.71499645826486, 41.81435384689738], [-72.71499645826486, 41.81436184689738], [-72.71500445826486, 41.814361846897384], [-72.71500445826486, 41.81435384689738]]], [[[-72.7149954582649, 41.81436184689737], [-72.71498845826486, 41.81436184689737], [-72.71498845826486, 41.81436884689739], [-72.71499545826485, 41.8143688468974], [-72.7149954582649, 41.81436184689737]]], [[[-72.71577145826488, 41.814407846897375], [-72.71577145826485, 41.814433846897415], [-72.71578245826487, 41.8144338468974], [-72.71578245826488, 41.81440784689739], [-72.71577145826488, 41.814407846897375]]], [[[-72.71577145826485, 41.81446084689739], [-72.71577145826484, 41.81448684689738], [-72.71578245826485, 41.81448684689738], [-72.71578245826487, 41.814460846897376], [-72.71577145826485, 41.81446084689739]]], [[[-72.71588445826488, 41.81454084689739], [-72.71588445826487, 41.8145668468974], [-72.71587245826487, 41.8145668468974], [-72.71587245826487, 41.81454084689739], [-72.71588445826488, 41.81454084689739]]], [[[-72.71548645826488, 41.81421984689738], [-72.71548645826488, 41.8142438468974], [-72.71547545826488, 41.81424384689739], [-72.71547545826485, 41.814219846897394], [-72.71548645826488, 41.81421984689738]]], [[[-72.71562045826487, 41.81413184689738], [-72.71562045826488, 41.814156846897376], [-72.71560845826485, 41.814156846897376], [-72.71560845826488, 41.81413184689739], [-72.71562045826487, 41.81413184689738]]], [[[-72.71466245826488, 41.813828846897394], [-72.71466245826488, 41.81385484689739], [-72.71467245826486, 41.81385484689738], [-72.71467245826486, 41.81382884689739], [-72.71466245826488, 41.813828846897394]]], [[[-72.71499645826486, 41.81429184689736], [-72.71498945826488, 41.81429184689739], [-72.71498945826487, 41.81429984689736], [-72.71499645826488, 41.81429984689738], [-72.71499645826486, 41.81429184689736]]], [[[-72.71575945826486, 41.81396784689736], [-72.71575945826484, 41.813993846897375], [-72.71577045826487, 41.813993846897375], [-72.71577045826487, 41.813967846897384], [-72.71575945826486, 41.81396784689736]]], [[[-72.71539445826485, 41.814078846897395], [-72.71539445826488, 41.814096846897385], [-72.71538445826486, 41.81409684689739], [-72.71538445826488, 41.814078846897374], [-72.71539445826485, 41.814078846897395]]], [[[-72.71471445826485, 41.81418184689739], [-72.71471445826487, 41.81420684689737], [-72.71472445826487, 41.81420684689739], [-72.71472445826485, 41.814181846897384], [-72.71471445826485, 41.81418184689739]]], [[[-72.71484145826486, 41.814380846897386], [-72.71484145826486, 41.814390846897396], [-72.71486145826486, 41.814390846897375], [-72.71486145826488, 41.81438084689739], [-72.71484145826486, 41.814380846897386]]], [[[-72.71553245826485, 41.81435484689738], [-72.71553245826486, 41.814380846897386], [-72.71554645826487, 41.81438084689737], [-72.71554645826487, 41.81435484689739], [-72.71553245826485, 41.81435484689738]]], [[[-72.71491545826485, 41.814559846897374], [-72.71490845826487, 41.81455984689736], [-72.71490845826486, 41.814568846897394], [-72.71491545826485, 41.81456884689741], [-72.71491545826485, 41.814559846897374]]], [[[-72.71503445826485, 41.814302846897384], [-72.71503445826488, 41.8143268468974], [-72.71502445826484, 41.8143268468974], [-72.71502445826486, 41.81430284689737], [-72.71503445826485, 41.814302846897384]]], [[[-72.71500345826486, 41.81457884689736], [-72.71499645826486, 41.81457884689738], [-72.71499645826486, 41.814587846897396], [-72.71500345826487, 41.81458784689738], [-72.71500345826486, 41.81457884689736]]], [[[-72.71496445826487, 41.81455984689736], [-72.71495645826487, 41.81455984689738], [-72.71495645826488, 41.814568846897366], [-72.71496445826484, 41.814568846897394], [-72.71496445826487, 41.81455984689736]]], [[[-72.71497445826485, 41.81457884689739], [-72.71496745826487, 41.81457884689738], [-72.71496745826487, 41.81458784689737], [-72.71497445826486, 41.81458784689738], [-72.71497445826485, 41.81457884689739]]], [[[-72.71497445826486, 41.81451284689739], [-72.71496745826488, 41.814512846897394], [-72.71496745826484, 41.814521846897385], [-72.71497445826486, 41.8145218468974], [-72.71497445826486, 41.81451284689739]]], [[[-72.71494545826486, 41.81457884689739], [-72.71493745826484, 41.81457884689738], [-72.71493745826484, 41.814587846897396], [-72.71494545826486, 41.81458784689738], [-72.71494545826486, 41.81457884689739]]], [[[-72.71491445826484, 41.81443884689739], [-72.71491445826486, 41.814427846897374], [-72.71490445826487, 41.81442784689737], [-72.71490445826485, 41.81443884689739], [-72.71491445826484, 41.81443884689739]]], [[[-72.71567845826486, 41.81453084689739], [-72.71567845826485, 41.81454584689738], [-72.71568945826486, 41.81454584689739], [-72.71568945826486, 41.81453084689739], [-72.71567845826486, 41.81453084689739]]], [[[-72.71572245826485, 41.81446084689739], [-72.71572245826488, 41.814486846897374], [-72.71571245826487, 41.8144868468974], [-72.71571245826485, 41.8144608468974], [-72.71572245826485, 41.81446084689739]]], [[[-72.71471445826487, 41.81453184689737], [-72.71471445826487, 41.81455684689738], [-72.71472645826488, 41.81455684689737], [-72.71472645826489, 41.81453184689736], [-72.71471445826487, 41.81453184689737]]], [[[-72.71482145826488, 41.81410684689739], [-72.71479845826488, 41.814106846897374], [-72.71479845826487, 41.814096846897385], [-72.71482145826485, 41.81409684689737], [-72.71482145826488, 41.81410684689739]]], [[[-72.71539645826485, 41.81437884689737], [-72.71539645826485, 41.814403846897385], [-72.71540745826485, 41.814403846897385], [-72.71540745826485, 41.814378846897384], [-72.71539645826485, 41.81437884689737]]], [[[-72.71512245826486, 41.814417846897406], [-72.71512245826486, 41.8144418468974], [-72.71511145826486, 41.81444184689739], [-72.71511145826486, 41.814417846897385], [-72.71512245826486, 41.814417846897406]]], [[[-72.71497545826486, 41.81448484689739], [-72.71495545826487, 41.81448484689738], [-72.71495545826487, 41.8144938468974], [-72.71497545826487, 41.81449384689739], [-72.71497545826486, 41.81448484689739]]], [[[-72.71544145826486, 41.814460846897404], [-72.71544145826488, 41.81448684689739], [-72.71543045826486, 41.81448684689738], [-72.71543045826485, 41.814460846897376], [-72.71544145826486, 41.814460846897404]]], [[[-72.71579545826485, 41.81396584689739], [-72.71582045826483, 41.81396584689739], [-72.71582045826484, 41.81395884689739], [-72.71579545826485, 41.81395884689738], [-72.71579545826485, 41.81396584689739]]], [[[-72.71503445826487, 41.8144788468974], [-72.71503445826487, 41.814502846897376], [-72.71502445826486, 41.81450284689739], [-72.71502445826488, 41.8144788468974], [-72.71503445826487, 41.8144788468974]]], [[[-72.71477245826487, 41.81410684689739], [-72.71474945826486, 41.81410684689739], [-72.71474945826483, 41.81409684689737], [-72.71477245826485, 41.81409684689737], [-72.71477245826487, 41.81410684689739]]], [[[-72.71577145826485, 41.81454084689737], [-72.71577145826488, 41.814565846897395], [-72.71578245826487, 41.8145658468974], [-72.71578245826487, 41.81454084689739], [-72.71577145826485, 41.81454084689737]]], [[[-72.71546745826488, 41.81387184689738], [-72.71546745826488, 41.81389584689738], [-72.71547345826485, 41.81389584689739], [-72.71547345826485, 41.813871846897385], [-72.71546745826488, 41.81387184689738]]], [[[-72.71562045826488, 41.81409384689737], [-72.71562045826485, 41.81410584689739], [-72.71560845826485, 41.8141058468974], [-72.71560845826488, 41.81409384689737], [-72.71562045826488, 41.81409384689737]]], [[[-72.71562245826485, 41.8143708468974], [-72.71564245826485, 41.8143708468974], [-72.71564245826487, 41.81435984689737], [-72.71562245826487, 41.814359846897375], [-72.71562245826485, 41.8143708468974]]], [[[-72.71477245826486, 41.81437084689738], [-72.71477245826485, 41.81439684689739], [-72.71476145826487, 41.81439684689738], [-72.71476145826487, 41.81437084689738], [-72.71477245826486, 41.81437084689738]]], [[[-72.71582045826484, 41.814162846897396], [-72.71582045826486, 41.8141878468974], [-72.71583045826488, 41.81418784689735], [-72.71583045826488, 41.814162846897396], [-72.71582045826484, 41.814162846897396]]], [[[-72.71588645826485, 41.81407684689738], [-72.71588645826486, 41.814078846897374], [-72.71587245826487, 41.81407884689739], [-72.71587245826487, 41.8140768468974], [-72.71588645826485, 41.81407684689738]]], [[[-72.71588645826486, 41.81446284689738], [-72.71588645826488, 41.81446384689739], [-72.71590045826484, 41.81446384689738], [-72.71590045826484, 41.81446284689738], [-72.71588645826486, 41.81446284689738]]], [[[-72.71596545826488, 41.81447484689738], [-72.71596545826486, 41.814476846897385], [-72.71595145826487, 41.81447684689739], [-72.71595145826484, 41.81447484689737], [-72.71596545826488, 41.81447484689738]]], [[[-72.71588645826488, 41.814479846897385], [-72.71588645826485, 41.81448084689738], [-72.71590045826485, 41.814480846897375], [-72.71590045826484, 41.81447984689737], [-72.71588645826488, 41.814479846897385]]], [[[-72.71588645826485, 41.814453846897365], [-72.71588645826488, 41.81445584689736], [-72.71590045826484, 41.81445584689738], [-72.71590045826484, 41.81445384689739], [-72.71588645826485, 41.814453846897365]]], [[[-72.71596545826486, 41.814500846897396], [-72.71596545826485, 41.81450284689739], [-72.71595145826487, 41.81450284689738], [-72.71595145826487, 41.81450084689739], [-72.71596545826486, 41.814500846897396]]], [[[-72.71444645826487, 41.81402084689737], [-72.71443845826487, 41.81402084689737], [-72.71443845826485, 41.81403884689736], [-72.71444645826486, 41.814038846897375], [-72.71444645826487, 41.81402084689737]]], [[[-72.71588645826485, 41.81422284689738], [-72.71588645826486, 41.814224846897396], [-72.71587245826485, 41.81422484689738], [-72.71587245826485, 41.81422284689741], [-72.71588645826485, 41.81422284689738]]], [[[-72.71600645826487, 41.813871846897385], [-72.71598845826486, 41.813871846897385], [-72.71598845826489, 41.81387784689738], [-72.71600645826484, 41.81387784689738], [-72.71600645826487, 41.813871846897385]]], [[[-72.71551845826487, 41.81388084689738], [-72.71554145826487, 41.813880846897376], [-72.71554145826487, 41.81388684689738], [-72.71551845826487, 41.81388684689737], [-72.71551845826487, 41.81388084689738]]], [[[-72.71441345826486, 41.81436684689735], [-72.71441345826487, 41.81439784689741], [-72.71439545826485, 41.81439784689739], [-72.71439545826486, 41.81436684689738], [-72.71441345826486, 41.81436684689735]]], [[[-72.71462645826486, 41.8143338468974], [-72.71459045826487, 41.814333846897384], [-72.7145904582649, 41.81435184689737], [-72.71462645826487, 41.814351846897374], [-72.71462645826486, 41.8143338468974]]], [[[-72.71462645826486, 41.81437384689738], [-72.71459045826488, 41.81437384689738], [-72.71459045826487, 41.81439184689739], [-72.71462645826485, 41.81439184689738], [-72.71462645826486, 41.81437384689738]]], [[[-72.71454345826486, 41.81439984689739], [-72.71450745826486, 41.81439984689738], [-72.71450745826486, 41.81441784689739], [-72.71454345826486, 41.81441784689739], [-72.71454345826486, 41.81439984689739]]], [[[-72.71580745826486, 41.81409484689738], [-72.71580745826486, 41.81412084689738], [-72.71579545826484, 41.81412084689739], [-72.71579545826488, 41.81409484689738], [-72.71580745826486, 41.81409484689738]]], [[[-72.71531645826485, 41.814481846897394], [-72.71531645826487, 41.81450684689738], [-72.71532445826486, 41.81450684689739], [-72.71532445826487, 41.814481846897394], [-72.71531645826485, 41.814481846897394]]], [[[-72.71445845826486, 41.81419384689739], [-72.71445845826484, 41.814218846897376], [-72.71447045826486, 41.814218846897376], [-72.71447045826486, 41.81419384689739], [-72.71445845826486, 41.81419384689739]]], [[[-72.71558645826487, 41.814328846897396], [-72.71558645826487, 41.81435484689737], [-72.71559645826487, 41.81435484689739], [-72.71559645826484, 41.81432884689739], [-72.71558645826487, 41.814328846897396]]], [[[-72.71528945826488, 41.813994846897394], [-72.71528345826486, 41.81399484689739], [-72.71528345826486, 41.81399784689739], [-72.71528945826486, 41.813997846897394], [-72.71528945826488, 41.813994846897394]]], [[[-72.71570345826484, 41.81404384689739], [-72.71570345826488, 41.81406784689738], [-72.71569645826487, 41.81406784689739], [-72.71569645826486, 41.81404384689738], [-72.71570345826484, 41.81404384689739]]], [[[-72.71490545826487, 41.8145128468974], [-72.71489845826487, 41.81451284689739], [-72.71489845826484, 41.814521846897385], [-72.71490545826487, 41.81452184689738], [-72.71490545826487, 41.8145128468974]]], [[[-72.71563345826486, 41.81447784689739], [-72.71563345826486, 41.81450284689738], [-72.71564345826485, 41.81450284689738], [-72.71564345826485, 41.81447784689737], [-72.71563345826486, 41.81447784689739]]], [[[-72.71487945826487, 41.81458284689739], [-72.71486445826486, 41.8145828468974], [-72.71486445826487, 41.814592846897376], [-72.71487945826487, 41.814592846897376], [-72.71487945826487, 41.81458284689739]]], [[[-72.71571545826487, 41.81457384689739], [-72.71573245826487, 41.81457384689738], [-72.71573245826485, 41.814591846897386], [-72.71571545826487, 41.81459184689737], [-72.71571545826487, 41.81457384689739]]], [[[-72.71503645826486, 41.81450384689738], [-72.71503645826485, 41.8145288468974], [-72.71504245826488, 41.8145288468974], [-72.71504245826488, 41.81450384689738], [-72.71503645826486, 41.81450384689738]]], [[[-72.71566545826485, 41.81401784689739], [-72.71566545826488, 41.81404284689738], [-72.71567245826488, 41.814042846897365], [-72.71567245826486, 41.81401784689739], [-72.71566545826485, 41.81401784689739]]], [[[-72.71557745826487, 41.81399284689738], [-72.71557745826485, 41.81401784689739], [-72.71558445826484, 41.81401784689739], [-72.71558445826486, 41.81399284689738], [-72.71557745826487, 41.81399284689738]]], [[[-72.71471445826485, 41.8139808468974], [-72.71471445826485, 41.81400484689736], [-72.71472445826487, 41.8140048468974], [-72.71472445826487, 41.81398084689739], [-72.71471445826485, 41.8139808468974]]], [[[-72.71602845826486, 41.814218846897376], [-72.71602845826486, 41.81424484689738], [-72.71601645826486, 41.81424484689738], [-72.71601645826487, 41.814218846897376], [-72.71602845826486, 41.814218846897376]]], [[[-72.71522645826487, 41.81421984689738], [-72.71522645826487, 41.814243846897384], [-72.71521945826485, 41.81424384689739], [-72.71521945826487, 41.81421984689738], [-72.71522645826487, 41.81421984689738]]], [[[-72.71494345826486, 41.814361846897384], [-72.71493645826486, 41.814361846897384], [-72.71493645826484, 41.81436884689739], [-72.71494345826486, 41.8143688468974], [-72.71494345826486, 41.814361846897384]]], [[[-72.71596545826486, 41.814303846897374], [-72.71596545826486, 41.8143048468974], [-72.71595145826485, 41.814304846897386], [-72.71595145826487, 41.81430384689739], [-72.71596545826486, 41.814303846897374]]], [[[-72.71576745826485, 41.813871846897385], [-72.71577745826488, 41.813871846897385], [-72.71577745826488, 41.81387584689738], [-72.71576745826488, 41.81387584689738], [-72.71576745826485, 41.813871846897385]]], [[[-72.71490545826487, 41.814292846897374], [-72.71489845826486, 41.81429284689738], [-72.71489845826486, 41.81430084689738], [-72.71490545826487, 41.81430084689738], [-72.71490545826487, 41.814292846897374]]], [[[-72.71491245826486, 41.81429284689738], [-72.71490545826487, 41.814292846897374], [-72.71490545826487, 41.81430084689738], [-72.71491245826485, 41.814300846897375], [-72.71491245826486, 41.81429284689738]]], [[[-72.71521645826489, 41.8143578468974], [-72.71520445826488, 41.8143578468974], [-72.71520445826485, 41.81435284689738], [-72.71521645826486, 41.81435284689739], [-72.71521645826489, 41.8143578468974]]], [[[-72.71531645826488, 41.81453284689737], [-72.71531645826488, 41.814556846897375], [-72.71532445826485, 41.81455684689737], [-72.71532445826485, 41.81453284689738], [-72.71531645826488, 41.81453284689737]]], [[[-72.71575945826484, 41.813993846897375], [-72.71575945826487, 41.81401984689739], [-72.71577045826487, 41.81401984689739], [-72.71577045826487, 41.813993846897375], [-72.71575945826484, 41.813993846897375]]], [[[-72.71551845826487, 41.81391484689737], [-72.71554145826487, 41.8139148468974], [-72.71554145826487, 41.81390884689738], [-72.71551845826487, 41.81390884689739], [-72.71551845826487, 41.81391484689737]]], [[[-72.71562045826487, 41.814359846897375], [-72.71562045826487, 41.81437084689739], [-72.71562145826485, 41.81437084689738], [-72.71562145826486, 41.814359846897375], [-72.71562045826487, 41.814359846897375]]], [[[-72.71539545826485, 41.81444984689737], [-72.71539545826487, 41.81447484689739], [-72.71538845826488, 41.81447484689737], [-72.71538845826488, 41.814449846897375], [-72.71539545826485, 41.81444984689737]]], [[[-72.71478345826486, 41.81424884689737], [-72.71476045826486, 41.81424884689739], [-72.71476045826486, 41.81425584689739], [-72.71478345826486, 41.81425584689739], [-72.71478345826486, 41.81424884689737]]], [[[-72.71582045826486, 41.814188846897395], [-72.71582045826486, 41.81421484689737], [-72.71583045826486, 41.81421484689739], [-72.71583045826488, 41.814188846897395], [-72.71582045826486, 41.814188846897395]]], [[[-72.71539645826486, 41.8145108468974], [-72.71539645826486, 41.81453684689738], [-72.71540745826485, 41.81453684689735], [-72.71540745826486, 41.81451084689738], [-72.71539645826486, 41.8145108468974]]], [[[-72.71581845826486, 41.81435284689741], [-72.71581845826486, 41.81437884689739], [-72.71580645826488, 41.81437884689739], [-72.71580645826488, 41.81435284689738], [-72.71581845826486, 41.81435284689741]]], [[[-72.71531645826487, 41.81450684689738], [-72.71531645826488, 41.814531846897374], [-72.71532445826486, 41.81453184689739], [-72.71532445826486, 41.81450684689739], [-72.71531645826487, 41.81450684689738]]], [[[-72.71572245826486, 41.81430184689741], [-72.71572245826486, 41.81432784689738], [-72.71571245826485, 41.81432784689738], [-72.71571245826487, 41.814301846897386], [-72.71572245826486, 41.81430184689741]]], [[[-72.71546645826487, 41.81389584689738], [-72.71546645826487, 41.813919846897385], [-72.71546045826486, 41.813919846897385], [-72.71546045826486, 41.81389584689738], [-72.71546645826487, 41.81389584689738]]], [[[-72.71455945826486, 41.813856846897394], [-72.71458045826488, 41.813856846897394], [-72.71458045826485, 41.81386784689738], [-72.71455945826484, 41.81386784689739], [-72.71455945826486, 41.813856846897394]]], [[[-72.71507845826486, 41.81447884689738], [-72.71507845826486, 41.81450284689738], [-72.71508845826486, 41.81450284689737], [-72.71508845826486, 41.81447884689738], [-72.71507845826486, 41.81447884689738]]], [[[-72.71490745826486, 41.8140488468974], [-72.71489645826486, 41.8140488468974], [-72.71489645826485, 41.81405084689739], [-72.71490745826485, 41.81405084689738], [-72.71490745826486, 41.8140488468974]]], [[[-72.71482145826488, 41.814200846897386], [-72.71479845826488, 41.81420084689739], [-72.71479845826487, 41.81418984689739], [-72.71482145826486, 41.81418984689739], [-72.71482145826488, 41.814200846897386]]], [[[-72.71539545826487, 41.81434984689736], [-72.71539545826484, 41.814373846897396], [-72.71538845826488, 41.814373846897396], [-72.71538845826485, 41.81434984689737], [-72.71539545826487, 41.81434984689736]]], [[[-72.71570345826483, 41.81406884689738], [-72.71570345826487, 41.814092846897374], [-72.71569645826486, 41.814092846897374], [-72.71569645826487, 41.81406884689738], [-72.71570345826483, 41.81406884689738]]], [[[-72.71602845826483, 41.8140688468974], [-72.71602845826486, 41.814096846897385], [-72.71601645826486, 41.814096846897385], [-72.71601645826486, 41.81406884689737], [-72.71602845826483, 41.8140688468974]]], [[[-72.71477245826486, 41.81401384689738], [-72.71474945826485, 41.81401384689735], [-72.71474945826486, 41.81402484689739], [-72.71477245826485, 41.81402484689738], [-72.71477245826486, 41.81401384689738]]], [[[-72.71425845826487, 41.81403984689739], [-72.71425845826485, 41.814065846897385], [-72.71426945826485, 41.814065846897385], [-72.71426945826485, 41.81403984689738], [-72.71425845826487, 41.81403984689739]]], [[[-72.71558645826485, 41.81446084689737], [-72.71558645826487, 41.814486846897374], [-72.71559645826484, 41.814486846897374], [-72.71559645826486, 41.81446084689738], [-72.71558645826485, 41.81446084689737]]], [[[-72.71558645826487, 41.8144348468974], [-72.71558645826487, 41.81445984689739], [-72.71559645826486, 41.814459846897385], [-72.71559645826486, 41.81443484689739], [-72.71558645826487, 41.8144348468974]]], [[[-72.71474445826487, 41.8146298468974], [-72.71476945826487, 41.81462984689738], [-72.71476945826487, 41.81461784689739], [-72.71474445826485, 41.8146178468974], [-72.71474445826487, 41.8146298468974]]], [[[-72.71566545826487, 41.813967846897384], [-72.71566545826487, 41.81399184689739], [-72.71567245826488, 41.81399184689739], [-72.71567245826488, 41.81396784689738], [-72.71566545826487, 41.813967846897384]]], [[[-72.71570545826486, 41.813880846897376], [-72.71572845826486, 41.81388084689738], [-72.71572845826486, 41.813886846897375], [-72.71570545826486, 41.81388684689739], [-72.71570545826486, 41.813880846897376]]], [[[-72.71575945826484, 41.81412684689738], [-72.71575945826486, 41.81415184689737], [-72.71577045826487, 41.81415184689739], [-72.71577045826486, 41.81412684689739], [-72.71575945826484, 41.81412684689738]]], [[[-72.71567745826488, 41.81453084689739], [-72.71567745826488, 41.814555846897406], [-72.7156674582649, 41.814555846897406], [-72.71566745826489, 41.81453084689739], [-72.71567745826488, 41.81453084689739]]], [[[-72.71577145826487, 41.81438184689739], [-72.71577145826488, 41.814407846897375], [-72.71578245826488, 41.81440784689739], [-72.71578245826488, 41.81438184689739], [-72.71577145826487, 41.81438184689739]]], [[[-72.71557645826485, 41.8139928468974], [-72.71557645826485, 41.81401784689739], [-72.71556945826485, 41.81401784689739], [-72.71556945826487, 41.81399284689737], [-72.71557645826485, 41.8139928468974]]], [[[-72.71576945826484, 41.81436684689738], [-72.71576945826486, 41.81439284689737], [-72.71575945826486, 41.81439284689738], [-72.71575945826486, 41.81436684689738], [-72.71576945826484, 41.81436684689738]]], [[[-72.71497245826488, 41.81440784689735], [-72.71496645826487, 41.81440784689738], [-72.71496645826487, 41.81441584689738], [-72.71497245826485, 41.81441584689739], [-72.71497245826488, 41.81440784689735]]], [[[-72.71534245826486, 41.81462984689739], [-72.71536545826487, 41.814629846897404], [-72.71536545826486, 41.81461784689738], [-72.71534245826484, 41.81461784689738], [-72.71534245826486, 41.81462984689739]]], [[[-72.71507845826486, 41.814327846897385], [-72.71507845826487, 41.814351846897374], [-72.71508845826486, 41.814351846897374], [-72.71508845826487, 41.814327846897385], [-72.71507845826486, 41.814327846897385]]], [[[-72.71581845826489, 41.81443284689737], [-72.71581845826486, 41.81445784689738], [-72.71580645826486, 41.81445784689738], [-72.71580645826488, 41.81443284689738], [-72.71581845826489, 41.81443284689737]]], [[[-72.71506645826486, 41.81458084689739], [-72.71508745826486, 41.81458084689739], [-72.71508745826486, 41.814587846897396], [-72.71506645826487, 41.81458784689738], [-72.71506645826486, 41.81458084689739]]], [[[-72.71530845826486, 41.814195846897384], [-72.71530845826487, 41.814219846897394], [-72.71531545826485, 41.814219846897394], [-72.71531545826487, 41.814195846897384], [-72.71530845826486, 41.814195846897384]]], [[[-72.71548845826486, 41.81438184689739], [-72.71548845826487, 41.81440684689739], [-72.7154784582649, 41.81440684689739], [-72.71547845826487, 41.814381846897376], [-72.71548845826486, 41.81438184689739]]], [[[-72.71477245826486, 41.814154846897395], [-72.71474945826486, 41.81415484689739], [-72.71474945826486, 41.814143846897394], [-72.71477245826487, 41.814143846897394], [-72.71477245826486, 41.814154846897395]]], [[[-72.71507845826486, 41.81435284689739], [-72.71507845826486, 41.81437684689741], [-72.71508845826486, 41.81437684689738], [-72.71508845826486, 41.81435284689739], [-72.71507845826486, 41.81435284689739]]], [[[-72.71596745826483, 41.8141878468974], [-72.71596745826484, 41.81421384689739], [-72.71597845826486, 41.81421384689739], [-72.71597845826484, 41.81418784689738], [-72.71596745826483, 41.8141878468974]]], [[[-72.71581845826486, 41.81440584689738], [-72.71581845826486, 41.814431846897385], [-72.71580645826488, 41.814431846897385], [-72.71580645826486, 41.81440584689738], [-72.71581845826486, 41.81440584689738]]], [[[-72.71563145826488, 41.81450384689739], [-72.71563145826487, 41.81452984689738], [-72.71562145826486, 41.814529846897386], [-72.71562145826488, 41.81450384689739], [-72.71563145826488, 41.81450384689739]]], [[[-72.71572545826484, 41.81385184689738], [-72.71570145826486, 41.81385184689738], [-72.71570145826486, 41.813858846897396], [-72.71572545826484, 41.81385884689738], [-72.71572545826484, 41.81385184689738]]], [[[-72.71518445826486, 41.81401784689739], [-72.71518445826486, 41.81404284689741], [-72.71517745826486, 41.81404284689738], [-72.71517745826486, 41.81401784689739], [-72.71518445826486, 41.81401784689739]]], [[[-72.71477245826485, 41.814108846897376], [-72.71474945826485, 41.81410884689738], [-72.71474945826485, 41.814120846897374], [-72.71477245826486, 41.81412084689739], [-72.71477245826485, 41.814108846897376]]], [[[-72.71461545826486, 41.81382884689737], [-72.71461545826487, 41.813854846897385], [-72.71460545826484, 41.81385484689738], [-72.71460545826486, 41.81382884689738], [-72.71461545826486, 41.81382884689737]]], [[[-72.71535145826485, 41.8139078468974], [-72.71535145826486, 41.81391984689736], [-72.71535745826486, 41.81391984689739], [-72.71535745826485, 41.81390784689739], [-72.71535145826485, 41.8139078468974]]], [[[-72.71466045826486, 41.81382884689738], [-72.71466045826486, 41.813854846897385], [-72.71465045826484, 41.813854846897385], [-72.71465045826488, 41.813828846897415], [-72.71466045826486, 41.81382884689738]]], [[[-72.71563145826487, 41.81447784689739], [-72.71563145826487, 41.81450284689738], [-72.71562145826486, 41.81450284689738], [-72.71562145826486, 41.81447784689738], [-72.71563145826487, 41.81447784689739]]], [[[-72.71511545826486, 41.81387984689739], [-72.71514545826486, 41.81387984689739], [-72.71514545826486, 41.81387284689738], [-72.71511545826486, 41.81387284689738], [-72.71511545826486, 41.81387984689739]]], [[[-72.7157044582649, 41.81413184689738], [-72.7157044582649, 41.81414484689738], [-72.71571345826484, 41.814144846897385], [-72.71571345826484, 41.81413184689739], [-72.7157044582649, 41.81413184689738]]], [[[-72.71570545826486, 41.8139078468974], [-72.71572845826488, 41.81390784689739], [-72.71572845826488, 41.81391384689738], [-72.71570545826488, 41.81391384689737], [-72.71570545826486, 41.8139078468974]]], [[[-72.71518445826486, 41.81411884689737], [-72.71518445826486, 41.814143846897394], [-72.71517745826485, 41.81414384689741], [-72.71517745826486, 41.81411884689741], [-72.71518445826486, 41.81411884689737]]], [[[-72.71575745826486, 41.813970846897384], [-72.71575745826487, 41.813971846897395], [-72.71574545826486, 41.81397184689738], [-72.71574545826486, 41.8139708468974], [-72.71575745826486, 41.813970846897384]]], [[[-72.71576945826487, 41.814419846897394], [-72.71576945826486, 41.8144458468974], [-72.71575945826487, 41.81444584689737], [-72.71575945826487, 41.81441984689738], [-72.71576945826487, 41.814419846897394]]], [[[-72.71505645826488, 41.813967846897384], [-72.71505645826487, 41.8139918468974], [-72.71504945826484, 41.8139918468974], [-72.71504945826486, 41.81396784689739], [-72.71505645826488, 41.813967846897384]]], [[[-72.71482145826484, 41.81401384689737], [-72.71479845826487, 41.81401384689738], [-72.71479845826485, 41.81402484689738], [-72.7148214582649, 41.8140248468974], [-72.71482145826484, 41.81401384689737]]], [[[-72.71503445826488, 41.814428846897364], [-72.71503445826485, 41.814452846897396], [-72.71502445826486, 41.814452846897375], [-72.71502445826486, 41.81442884689739], [-72.71503445826488, 41.814428846897364]]], [[[-72.71563345826486, 41.81462984689739], [-72.71565845826485, 41.81462984689739], [-72.71565845826484, 41.81461784689738], [-72.71563345826486, 41.814617846897384], [-72.71563345826486, 41.81462984689739]]], [[[-72.71531645826488, 41.8143808468974], [-72.71531645826488, 41.814405846897394], [-72.71532445826487, 41.81440584689737], [-72.71532445826487, 41.8143808468974], [-72.71531645826488, 41.8143808468974]]], [[[-72.71531645826487, 41.81443184689738], [-72.71531645826488, 41.814455846897374], [-72.71532445826486, 41.81445584689737], [-72.71532445826486, 41.81443184689737], [-72.71531645826487, 41.81443184689738]]], [[[-72.71531645826487, 41.81435584689738], [-72.71531645826488, 41.8143808468974], [-72.71532445826487, 41.8143808468974], [-72.71532445826486, 41.814355846897385], [-72.71531645826487, 41.81435584689738]]], [[[-72.71507845826487, 41.814428846897385], [-72.71507845826486, 41.81445284689739], [-72.71508845826484, 41.814452846897396], [-72.71508845826487, 41.814428846897385], [-72.71507845826487, 41.814428846897385]]], [[[-72.71485745826486, 41.81424684689738], [-72.71483345826486, 41.814246846897376], [-72.71483345826488, 41.81423684689739], [-72.71485745826486, 41.814236846897394], [-72.71485745826486, 41.81424684689738]]], [[[-72.71514245826486, 41.8140168468974], [-72.71514245826485, 41.81404184689738], [-72.71513145826486, 41.8140418468974], [-72.71513145826488, 41.81401684689736], [-72.71514245826486, 41.8140168468974]]], [[[-72.71512245826484, 41.81449284689737], [-72.71512245826486, 41.81451784689739], [-72.71511145826486, 41.814517846897395], [-72.71511145826486, 41.81449284689738], [-72.71512245826484, 41.81449284689737]]], [[[-72.71553245826487, 41.81446084689739], [-72.71553245826489, 41.81448684689739], [-72.71554645826485, 41.81448684689736], [-72.71554645826488, 41.8144608468974], [-72.71553245826487, 41.81446084689739]]], [[[-72.71461245826488, 41.81432784689739], [-72.71460045826485, 41.81432784689737], [-72.71460045826487, 41.81431584689739], [-72.71461245826485, 41.81431584689736], [-72.71461245826488, 41.81432784689739]]], [[[-72.71464345826486, 41.814327846897385], [-72.71461345826486, 41.81432784689738], [-72.71461345826486, 41.81431584689737], [-72.71464345826486, 41.81431584689738], [-72.71464345826486, 41.814327846897385]]], [[[-72.71467445826487, 41.81432784689737], [-72.71464445826486, 41.814327846897385], [-72.71464445826486, 41.8143158468974], [-72.71467445826487, 41.81431584689737], [-72.71467445826487, 41.81432784689737]]], [[[-72.71577145826488, 41.814513846897384], [-72.71577145826487, 41.8145398468974], [-72.71578245826485, 41.81453984689739], [-72.71578245826487, 41.81451384689738], [-72.71577145826488, 41.814513846897384]]], [[[-72.71461645826486, 41.81382884689739], [-72.71461645826486, 41.8138548468974], [-72.71462745826486, 41.81385484689738], [-72.71462745826483, 41.81382884689737], [-72.71461645826486, 41.81382884689739]]], [[[-72.71482145826486, 41.81415484689738], [-72.71479845826487, 41.81415484689738], [-72.71479845826485, 41.81414384689739], [-72.71482145826486, 41.814143846897394], [-72.71482145826486, 41.81415484689738]]], [[[-72.71602845826486, 41.81416684689741], [-72.71602845826486, 41.81419184689738], [-72.71601645826486, 41.814191846897394], [-72.71601645826487, 41.8141668468974], [-72.71602845826486, 41.81416684689741]]], [[[-72.71602845826486, 41.81419284689737], [-72.71602845826486, 41.814218846897376], [-72.71601645826487, 41.814218846897376], [-72.71601645826486, 41.81419284689738], [-72.71602845826486, 41.81419284689737]]], [[[-72.71579945826487, 41.813871846897385], [-72.71579945826484, 41.81389584689738], [-72.71580545826488, 41.81389584689738], [-72.71580545826488, 41.81387184689737], [-72.71579945826487, 41.813871846897385]]], [[[-72.71566545826487, 41.813992846897385], [-72.71566545826485, 41.81401784689739], [-72.71567245826486, 41.81401784689739], [-72.71567245826486, 41.81399284689739], [-72.71566545826487, 41.813992846897385]]], [[[-72.71535045826488, 41.81399284689737], [-72.71535045826487, 41.81401784689739], [-72.71536045826487, 41.81401784689739], [-72.71536045826487, 41.813992846897385], [-72.71535045826488, 41.81399284689737]]], [[[-72.71538445826488, 41.81397184689737], [-72.71540545826485, 41.81397184689738], [-72.71540545826485, 41.813964846897406], [-72.71538445826485, 41.81396484689739], [-72.71538445826488, 41.81397184689737]]], [[[-72.71596545826486, 41.81402584689738], [-72.71595445826487, 41.81402584689738], [-72.71595445826486, 41.81405084689739], [-72.71596545826485, 41.814050846897395], [-72.71596545826486, 41.81402584689738]]], [[[-72.71596745826484, 41.81408184689738], [-72.71596745826486, 41.81410784689739], [-72.71597845826487, 41.814107846897386], [-72.71597845826487, 41.81408184689738], [-72.71596745826484, 41.81408184689738]]], [[[-72.71425745826485, 41.814131846897375], [-72.71425745826487, 41.814158846897385], [-72.71427545826486, 41.81415884689738], [-72.71427545826486, 41.81413184689739], [-72.71425745826485, 41.814131846897375]]], [[[-72.71518545826484, 41.81416984689741], [-72.71518545826486, 41.8141938468974], [-72.71519545826486, 41.81419384689739], [-72.71519545826486, 41.81416984689738], [-72.71518545826484, 41.81416984689741]]], [[[-72.71494345826484, 41.81420084689739], [-72.71492045826486, 41.81420084689739], [-72.71492045826486, 41.81418984689739], [-72.71494345826484, 41.8141898468974], [-72.71494345826484, 41.81420084689739]]], [[[-72.71503445826488, 41.814453846897386], [-72.71503445826487, 41.81447784689739], [-72.71502445826486, 41.81447784689738], [-72.71502445826485, 41.814453846897386], [-72.71503445826488, 41.814453846897386]]], [[[-72.71484645826489, 41.8140608468974], [-72.71482245826485, 41.81406084689738], [-72.71482245826486, 41.81405084689738], [-72.71484645826484, 41.81405084689738], [-72.71484645826489, 41.8140608468974]]], [[[-72.71489545826485, 41.8142008468974], [-72.71487145826488, 41.81420084689738], [-72.71487145826487, 41.81418984689739], [-72.71489545826488, 41.81418984689739], [-72.71489545826485, 41.8142008468974]]], [[[-72.71487045826485, 41.81420084689738], [-72.71484645826483, 41.81420084689738], [-72.71484645826487, 41.81418984689738], [-72.71487045826487, 41.81418984689739], [-72.71487045826485, 41.81420084689738]]], [[[-72.71517045826488, 41.81444984689737], [-72.71517045826485, 41.814475846897366], [-72.71518145826487, 41.814475846897395], [-72.71518145826487, 41.814449846897375], [-72.71517045826488, 41.81444984689737]]], [[[-72.71490545826488, 41.814351846897374], [-72.71489845826487, 41.81435184689738], [-72.71489845826486, 41.81435784689738], [-72.71490545826484, 41.81435784689738], [-72.71490545826488, 41.814351846897374]]], [[[-72.71439545826487, 41.81424684689739], [-72.71439545826486, 41.814271846897384], [-72.71440745826486, 41.81427184689739], [-72.71440745826486, 41.81424684689738], [-72.71439545826487, 41.81424684689739]]], [[[-72.71487045826485, 41.81406084689737], [-72.71484645826489, 41.8140608468974], [-72.71484645826484, 41.81405084689738], [-72.71487045826485, 41.814050846897395], [-72.71487045826485, 41.81406084689737]]], [[[-72.71439245826487, 41.81414084689735], [-72.71439245826488, 41.814166846897386], [-72.71438045826486, 41.81416684689741], [-72.71438045826484, 41.814140846897374], [-72.71439245826487, 41.81414084689735]]], [[[-72.71509645826487, 41.8139668468974], [-72.71509645826487, 41.81399084689737], [-72.71508945826486, 41.813990846897404], [-72.71508945826486, 41.81396684689738], [-72.71509645826487, 41.8139668468974]]], [[[-72.71489545826486, 41.81406084689739], [-72.71487145826485, 41.81406084689739], [-72.71487145826487, 41.814050846897395], [-72.71489545826485, 41.814050846897366], [-72.71489545826486, 41.81406084689739]]], [[[-72.71545645826487, 41.8138518468974], [-72.71543245826486, 41.81385184689738], [-72.71543245826486, 41.81385884689738], [-72.7154564582649, 41.813858846897396], [-72.71545645826487, 41.8138518468974]]], [[[-72.71503445826488, 41.81432784689739], [-72.71503445826488, 41.814351846897374], [-72.71502445826488, 41.814351846897374], [-72.71502445826486, 41.81432784689739], [-72.71503445826488, 41.81432784689739]]], [[[-72.71544045826487, 41.81417984689737], [-72.71544045826487, 41.81420384689738], [-72.71542945826488, 41.81420384689738], [-72.71542945826486, 41.81417984689737], [-72.71544045826487, 41.81417984689737]]], [[[-72.71470745826485, 41.8139838468974], [-72.71470745826487, 41.81400984689739], [-72.71469645826487, 41.814009846897385], [-72.71469645826487, 41.81398384689738], [-72.71470745826485, 41.8139838468974]]], [[[-72.71464845826486, 41.81421984689739], [-72.71464845826485, 41.814245846897386], [-72.71463645826486, 41.8142458468974], [-72.71463645826486, 41.81421984689738], [-72.71464845826486, 41.81421984689739]]], [[[-72.71521645826486, 41.814547846897376], [-72.71521645826486, 41.81457384689737], [-72.71522845826486, 41.814573846897375], [-72.71522845826486, 41.81454784689739], [-72.71521645826486, 41.814547846897376]]], [[[-72.71439245826488, 41.814166846897386], [-72.71439245826487, 41.81419284689737], [-72.71438045826486, 41.81419284689737], [-72.71438045826486, 41.81416684689741], [-72.71439245826488, 41.814166846897386]]], [[[-72.71567845826486, 41.81445084689737], [-72.71567845826485, 41.814476846897385], [-72.71568945826486, 41.81447684689739], [-72.71568945826486, 41.814450846897365], [-72.71567845826486, 41.81445084689737]]], [[[-72.71572245826489, 41.81451384689737], [-72.71572245826488, 41.81453984689739], [-72.71571245826486, 41.81453984689739], [-72.71571245826486, 41.81451384689738], [-72.71572245826489, 41.81451384689737]]], [[[-72.71489545826488, 41.81401384689738], [-72.71487145826485, 41.81401384689737], [-72.71487145826487, 41.81402484689739], [-72.71489545826486, 41.8140248468974], [-72.71489545826488, 41.81401384689738]]], [[[-72.71602845826486, 41.81429884689738], [-72.71602845826486, 41.814324846897385], [-72.71601645826485, 41.814324846897385], [-72.71601645826486, 41.81429884689738], [-72.71602845826486, 41.81429884689738]]], [[[-72.71602845826486, 41.814324846897385], [-72.71602845826486, 41.81435084689738], [-72.71601645826486, 41.81435084689738], [-72.71601645826485, 41.814324846897385], [-72.71602845826486, 41.814324846897385]]], [[[-72.71539645826485, 41.81397284689739], [-72.71539645826486, 41.814009846897385], [-72.71540645826488, 41.81400984689738], [-72.71540645826487, 41.81397284689739], [-72.71539645826485, 41.81397284689739]]], [[[-72.71539645826486, 41.81409784689738], [-72.71539645826486, 41.814134846897396], [-72.71540645826485, 41.81413484689739], [-72.71540645826487, 41.81409784689738], [-72.71539645826486, 41.81409784689738]]], [[[-72.71567845826486, 41.81447784689738], [-72.71567845826486, 41.81450284689739], [-72.71568945826486, 41.814502846897376], [-72.71568945826485, 41.81447784689739], [-72.71567845826486, 41.81447784689738]]], [[[-72.71596745826484, 41.81432884689738], [-72.71596745826484, 41.81435484689739], [-72.71597845826486, 41.81435484689739], [-72.71597845826484, 41.81432884689738], [-72.71596745826484, 41.81432884689738]]], [[[-72.71566545826487, 41.81419484689739], [-72.71566545826487, 41.814218846897376], [-72.71567245826488, 41.81421884689739], [-72.71567245826485, 41.8141948468974], [-72.71566545826487, 41.81419484689739]]], [[[-72.71518445826486, 41.8141948468974], [-72.71518445826486, 41.814218846897354], [-72.71517745826486, 41.814218846897376], [-72.71517745826485, 41.81419484689741], [-72.71518445826486, 41.8141948468974]]], [[[-72.71521545826486, 41.81446884689739], [-72.71521545826486, 41.81448084689738], [-72.71520445826486, 41.81448084689738], [-72.71520445826486, 41.81446884689738], [-72.71521545826486, 41.81446884689739]]], [[[-72.71553045826488, 41.81456684689739], [-72.71553045826485, 41.81457884689737], [-72.71552345826488, 41.81457884689739], [-72.71552345826485, 41.81456684689738], [-72.71553045826488, 41.81456684689739]]], [[[-72.71477245826487, 41.81452684689738], [-72.71477245826483, 41.814552846897385], [-72.71476145826487, 41.81455284689739], [-72.71476145826487, 41.81452684689738], [-72.71477245826487, 41.81452684689738]]], [[[-72.71474645826484, 41.81421284689737], [-72.71474645826487, 41.81419184689739], [-72.71473645826487, 41.81419184689737], [-72.71473645826487, 41.81421284689737], [-72.71474645826484, 41.81421284689737]]], [[[-72.71521545826486, 41.814534846897374], [-72.71521545826486, 41.81454684689738], [-72.71520445826486, 41.81454684689738], [-72.71520445826486, 41.814534846897395], [-72.71521545826486, 41.814534846897374]]], [[[-72.71572945826485, 41.81388084689739], [-72.71575245826486, 41.813880846897376], [-72.71575245826486, 41.81387484689739], [-72.71572945826487, 41.813874846897384], [-72.71572945826485, 41.81388084689739]]], [[[-72.71534845826484, 41.81419484689739], [-72.71534845826484, 41.81421884689739], [-72.71533845826487, 41.814218846897376], [-72.71533845826487, 41.81419484689739], [-72.71534845826484, 41.81419484689739]]], [[[-72.71526545826487, 41.81444284689739], [-72.71526545826488, 41.814468846897384], [-72.71527545826486, 41.81446884689738], [-72.71527545826484, 41.81444284689737], [-72.71526545826487, 41.81444284689739]]], [[[-72.71526545826485, 41.81449584689737], [-72.71526545826487, 41.814521846897385], [-72.71527545826487, 41.8145218468974], [-72.71527545826486, 41.81449584689738], [-72.71526545826485, 41.81449584689737]]], [[[-72.71531445826486, 41.814516846897384], [-72.71531445826486, 41.814541846897384], [-72.71530445826487, 41.81454184689739], [-72.71530445826487, 41.814516846897384], [-72.71531445826486, 41.814516846897384]]], [[[-72.71526545826485, 41.814534846897395], [-72.71526545826485, 41.81456284689736], [-72.71527545826484, 41.81456284689737], [-72.71527545826486, 41.814534846897395], [-72.71526545826485, 41.814534846897395]]], [[[-72.71530545826487, 41.81457184689739], [-72.71532345826485, 41.81457184689738], [-72.71532345826488, 41.81458284689741], [-72.71530545826487, 41.814582846897395], [-72.71530545826487, 41.81457184689739]]], [[[-72.71539545826485, 41.81452584689737], [-72.71539545826485, 41.81455084689739], [-72.71538845826487, 41.8145508468974], [-72.71538845826485, 41.814525846897375], [-72.71539545826485, 41.81452584689737]]], [[[-72.71521545826486, 41.81454784689739], [-72.71521545826486, 41.81457384689737], [-72.71520445826486, 41.81457384689739], [-72.71520445826486, 41.814547846897376], [-72.71521545826486, 41.81454784689739]]], [[[-72.71526345826486, 41.814389846897406], [-72.71526345826487, 41.81441584689738], [-72.71525145826486, 41.8144158468974], [-72.71525145826486, 41.81438984689739], [-72.71526345826486, 41.814389846897406]]], [[[-72.71521545826486, 41.81448184689738], [-72.71521545826486, 41.81450784689739], [-72.71520445826486, 41.81450784689739], [-72.71520445826486, 41.814481846897394], [-72.71521545826486, 41.81448184689738]]], [[[-72.71550545826486, 41.81385184689738], [-72.71548145826489, 41.81385184689737], [-72.71548145826486, 41.8138588468974], [-72.71550545826486, 41.81385884689738], [-72.71550545826486, 41.81385184689738]]], [[[-72.71529645826487, 41.81406784689739], [-72.71531445826487, 41.81406784689737], [-72.71531445826486, 41.81406084689738], [-72.71529645826487, 41.81406084689738], [-72.71529645826487, 41.81406784689739]]], [[[-72.71576945826486, 41.814301846897386], [-72.71576945826486, 41.81433984689739], [-72.71575945826484, 41.81433984689737], [-72.71575945826486, 41.81430184689738], [-72.71576945826486, 41.814301846897386]]], [[[-72.71512245826486, 41.81451784689739], [-72.71512245826486, 41.81454284689737], [-72.71511145826486, 41.814542846897375], [-72.71511145826486, 41.814517846897395], [-72.71512245826486, 41.81451784689739]]], [[[-72.71525245826487, 41.81456484689738], [-72.71527445826486, 41.8145648468974], [-72.71527445826486, 41.81458284689739], [-72.71525245826484, 41.814582846897395], [-72.71525245826487, 41.81456484689738]]], [[[-72.71489545826488, 41.81410684689739], [-72.71487145826485, 41.81410684689739], [-72.71487145826488, 41.81409684689738], [-72.71489545826486, 41.81409684689738], [-72.71489545826488, 41.81410684689739]]], [[[-72.71489645826485, 41.81405084689739], [-72.71489645826485, 41.814071846897384], [-72.71490745826485, 41.81407184689738], [-72.71490745826485, 41.81405084689738], [-72.71489645826485, 41.81405084689739]]], [[[-72.71582045826483, 41.81438784689736], [-72.71582045826486, 41.81438884689739], [-72.71583445826487, 41.814388846897394], [-72.71583445826488, 41.814387846897375], [-72.71582045826483, 41.81438784689736]]], [[[-72.71596745826486, 41.81438184689737], [-72.71596745826487, 41.814407846897396], [-72.71597845826486, 41.81440784689738], [-72.71597845826486, 41.814381846897376], [-72.71596745826486, 41.81438184689737]]], [[[-72.71452245826487, 41.814327846897385], [-72.71449745826486, 41.814327846897385], [-72.71449745826486, 41.81431584689739], [-72.71452245826488, 41.81431584689739], [-72.71452245826487, 41.814327846897385]]], [[[-72.71548945826486, 41.81454084689739], [-72.71548945826486, 41.814565846897395], [-72.71550045826484, 41.814565846897395], [-72.71550045826486, 41.81454084689739], [-72.71548945826486, 41.81454084689739]]], [[[-72.71568045826486, 41.813928846897376], [-72.71569145826484, 41.81392884689738], [-72.71569145826486, 41.813925846897384], [-72.71568045826486, 41.81392584689738], [-72.71568045826486, 41.813928846897376]]], [[[-72.71583245826486, 41.81392184689739], [-72.71582045826486, 41.813921846897394], [-72.71582045826486, 41.81392784689739], [-72.71583245826486, 41.813927846897386], [-72.71583245826486, 41.81392184689739]]], [[[-72.71514245826486, 41.81404284689739], [-72.71514245826486, 41.81406684689738], [-72.71513145826486, 41.81406684689738], [-72.71513145826486, 41.8140428468974], [-72.71514245826486, 41.81404284689739]]], [[[-72.71535045826488, 41.81404384689739], [-72.71535045826488, 41.81406784689737], [-72.71536045826487, 41.81406784689739], [-72.71536045826485, 41.81404384689737], [-72.71535045826488, 41.81404384689739]]], [[[-72.71567745826488, 41.81445084689738], [-72.71567745826485, 41.81447684689739], [-72.71566745826485, 41.81447684689738], [-72.71566745826486, 41.81445084689737], [-72.71567745826488, 41.81445084689738]]], [[[-72.71557645826485, 41.81401784689739], [-72.71557645826485, 41.81404284689739], [-72.71556945826487, 41.81404284689739], [-72.71556945826485, 41.81401784689739], [-72.71557645826485, 41.81401784689739]]], [[[-72.71465045826486, 41.81385684689739], [-72.71467145826487, 41.813856846897416], [-72.71467145826486, 41.813867846897395], [-72.71465045826487, 41.81386784689739], [-72.71465045826486, 41.81385684689739]]], [[[-72.71572245826486, 41.814434846897385], [-72.71572245826486, 41.8144598468974], [-72.71571245826486, 41.81445984689738], [-72.71571245826487, 41.81443484689736], [-72.71572245826486, 41.814434846897385]]], [[[-72.71565145826484, 41.81385184689739], [-72.71562845826486, 41.81385184689738], [-72.71562845826486, 41.8138588468974], [-72.71565145826489, 41.81385884689738], [-72.71565145826484, 41.81385184689739]]], [[[-72.71458545826486, 41.81414084689738], [-72.71458545826485, 41.814165846897374], [-72.71457345826487, 41.814165846897374], [-72.71457345826487, 41.81414084689738], [-72.71458545826486, 41.81414084689738]]], [[[-72.71556945826487, 41.8139658468974], [-72.71558345826486, 41.81396584689739], [-72.71558345826487, 41.81395884689738], [-72.71556945826487, 41.81395884689738], [-72.71556945826487, 41.8139658468974]]], [[[-72.71548645826486, 41.81414384689739], [-72.71548645826485, 41.814168846897395], [-72.71547545826485, 41.814168846897395], [-72.71547545826485, 41.8141438468974], [-72.71548645826486, 41.81414384689739]]], [[[-72.71563645826488, 41.81391584689738], [-72.71565945826487, 41.813915846897395], [-72.71565945826485, 41.813921846897394], [-72.71563645826487, 41.813921846897394], [-72.71563645826488, 41.81391584689738]]], [[[-72.71561245826486, 41.813915846897395], [-72.71563545826486, 41.81391584689738], [-72.71563545826484, 41.813921846897394], [-72.71561245826486, 41.813921846897394], [-72.71561245826486, 41.813915846897395]]], [[[-72.71534845826486, 41.81406884689738], [-72.71534845826487, 41.814092846897374], [-72.71533845826488, 41.81409284689736], [-72.71533845826487, 41.81406884689739], [-72.71534845826486, 41.81406884689738]]], [[[-72.71572945826485, 41.81388084689739], [-72.71575245826486, 41.813880846897376], [-72.71575245826486, 41.81388684689737], [-72.71572945826486, 41.813886846897375], [-72.71572945826485, 41.81388084689739]]], [[[-72.71518545826487, 41.814068846897385], [-72.71518545826486, 41.814092846897374], [-72.71519545826486, 41.81409284689738], [-72.71519545826484, 41.81406884689737], [-72.71518545826487, 41.814068846897385]]], [[[-72.71570345826485, 41.81410684689739], [-72.71570345826488, 41.814131846897375], [-72.71569645826489, 41.81413184689739], [-72.71569645826486, 41.81410684689739], [-72.71570345826485, 41.81410684689739]]], [[[-72.71579945826484, 41.81389584689738], [-72.71579945826485, 41.81391984689739], [-72.71580545826487, 41.81391984689736], [-72.71580545826488, 41.81389584689738], [-72.71579945826484, 41.81389584689738]]], [[[-72.71580745826486, 41.814041846897396], [-72.71580745826486, 41.81406784689737], [-72.71579545826486, 41.81406784689739], [-72.71579545826486, 41.81404184689738], [-72.71580745826486, 41.814041846897396]]], [[[-72.71588445826488, 41.8143688468974], [-72.71588445826487, 41.81439484689737], [-72.71587245826487, 41.81439484689738], [-72.71587245826485, 41.814368846897395], [-72.71588445826488, 41.8143688468974]]], [[[-72.71588445826487, 41.81439584689737], [-72.71588445826487, 41.81442184689738], [-72.71587245826488, 41.81442184689738], [-72.71587245826484, 41.814395846897376], [-72.71588445826487, 41.81439584689737]]], [[[-72.71484745826484, 41.814629846897404], [-72.71487245826488, 41.81462984689738], [-72.71487245826486, 41.81461784689739], [-72.71484745826486, 41.814617846897384], [-72.71484745826484, 41.814629846897404]]], [[[-72.71572445826486, 41.81435484689737], [-72.71572445826484, 41.81438084689739], [-72.71573545826486, 41.81438084689739], [-72.71573545826486, 41.81435484689739], [-72.71572445826486, 41.81435484689737]]], [[[-72.71456945826486, 41.81380284689739], [-72.71456945826486, 41.81382884689739], [-72.71455945826487, 41.813828846897394], [-72.71455945826486, 41.81380284689739], [-72.71456945826486, 41.81380284689739]]], [[[-72.71572445826484, 41.814434846897385], [-72.71572445826486, 41.814459846897385], [-72.71573545826486, 41.81445984689739], [-72.71573545826487, 41.814434846897385], [-72.71572445826484, 41.814434846897385]]], [[[-72.71602845826486, 41.81437784689739], [-72.71602845826486, 41.81440384689738], [-72.71601645826486, 41.814403846897356], [-72.71601645826486, 41.814377846897386], [-72.71602845826486, 41.81437784689739]]], [[[-72.71517045826486, 41.814396846897374], [-72.71517045826486, 41.81442284689738], [-72.71518145826487, 41.814422846897386], [-72.71518145826487, 41.814396846897374], [-72.71517045826486, 41.814396846897374]]], [[[-72.71596545826486, 41.81433784689737], [-72.71596545826488, 41.81433984689738], [-72.71595145826487, 41.814339846897376], [-72.71595145826487, 41.81433784689738], [-72.71596545826486, 41.81433784689737]]], [[[-72.71570345826488, 41.814131846897375], [-72.71570345826485, 41.81415684689737], [-72.71569645826489, 41.81415684689737], [-72.71569645826489, 41.81413184689739], [-72.71570345826488, 41.814131846897375]]], [[[-72.71602845826486, 41.814404846897375], [-72.71602845826486, 41.81442984689738], [-72.71601645826487, 41.8144298468974], [-72.71601645826485, 41.814404846897396], [-72.71602845826486, 41.814404846897375]]], [[[-72.71596545826483, 41.814172846897364], [-72.71596545826486, 41.814174846897416], [-72.71595145826488, 41.81417484689739], [-72.71595145826485, 41.814172846897385], [-72.71596545826483, 41.814172846897364]]], [[[-72.71557745826487, 41.81404384689738], [-72.71557745826485, 41.81406784689738], [-72.71558445826486, 41.81406784689738], [-72.71558445826484, 41.81404384689739], [-72.71557745826487, 41.81404384689738]]], [[[-72.71580845826486, 41.8142278468974], [-72.71580845826486, 41.814239846897394], [-72.71581845826488, 41.81423984689739], [-72.71581845826486, 41.81422784689738], [-72.71580845826486, 41.8142278468974]]], [[[-72.71562045826488, 41.813967846897384], [-72.71562045826488, 41.81399184689738], [-72.71560845826485, 41.8139918468974], [-72.71560845826485, 41.81396784689739], [-72.71562045826488, 41.813967846897384]]], [[[-72.71575945826487, 41.81420584689738], [-72.71575945826486, 41.81423184689737], [-72.71577045826487, 41.81423184689738], [-72.71577045826486, 41.81420584689738], [-72.71575945826487, 41.81420584689738]]], [[[-72.71544145826485, 41.8139728468974], [-72.71544145826488, 41.81400984689739], [-72.71545145826488, 41.81400984689737], [-72.71545145826485, 41.81397284689739], [-72.71544145826485, 41.8139728468974]]], [[[-72.71517045826486, 41.81456884689741], [-72.71517045826486, 41.81458084689738], [-72.71518145826485, 41.81458084689739], [-72.71518145826487, 41.81456884689741], [-72.71517045826486, 41.81456884689741]]], [[[-72.71588645826485, 41.81409484689737], [-72.71588645826488, 41.81409584689738], [-72.71590045826485, 41.814095846897395], [-72.71590045826485, 41.814094846897376], [-72.71588645826485, 41.81409484689737]]], [[[-72.71588645826488, 41.814119846897384], [-72.71588645826486, 41.814121846897386], [-72.71590045826484, 41.814121846897386], [-72.71590045826485, 41.81411984689738], [-72.71588645826488, 41.814119846897384]]], [[[-72.71580745826486, 41.81422784689738], [-72.71580745826486, 41.814252846897375], [-72.71579545826485, 41.81425284689736], [-72.71579545826488, 41.81422784689736], [-72.71580745826486, 41.81422784689738]]], [[[-72.71588645826485, 41.81411184689738], [-72.71588645826486, 41.814112846897395], [-72.71590045826484, 41.814112846897395], [-72.71590045826485, 41.81411184689739], [-72.71588645826485, 41.81411184689738]]], [[[-72.71575945826486, 41.814232846897376], [-72.71575945826487, 41.814244846897374], [-72.71577045826486, 41.81424484689738], [-72.71577045826486, 41.81423284689738], [-72.71575945826486, 41.814232846897376]]], [[[-72.71596745826487, 41.81413484689738], [-72.71596745826487, 41.81416084689738], [-72.71597845826486, 41.814160846897394], [-72.71597845826487, 41.814134846897396], [-72.71596745826487, 41.81413484689738]]], [[[-72.71562145826486, 41.813992846897385], [-72.71562145826488, 41.81401784689737], [-72.71563345826485, 41.81401784689739], [-72.71563345826486, 41.81399284689739], [-72.71562145826486, 41.813992846897385]]], [[[-72.71573645826484, 41.81462984689738], [-72.71576145826486, 41.8146298468974], [-72.71576145826484, 41.81461784689738], [-72.71573645826486, 41.81461784689739], [-72.71573645826484, 41.81462984689738]]], [[[-72.71596745826487, 41.814161846897385], [-72.71596745826486, 41.81418684689738], [-72.71597845826486, 41.81418684689737], [-72.71597845826486, 41.8141618468974], [-72.71596745826487, 41.814161846897385]]], [[[-72.71486645826486, 41.8138518468974], [-72.71484245826488, 41.81385184689738], [-72.71484245826487, 41.813862846897365], [-72.71486645826486, 41.813862846897386], [-72.71486645826486, 41.8138518468974]]], [[[-72.71471445826487, 41.81395484689739], [-72.71471445826485, 41.81397984689737], [-72.71472445826487, 41.813979846897354], [-72.71472445826487, 41.81395484689739], [-72.71471445826487, 41.81395484689739]]], [[[-72.71579245826487, 41.81392184689739], [-72.71580445826488, 41.81392184689737], [-72.71580445826484, 41.81392784689739], [-72.71579245826486, 41.813927846897386], [-72.71579245826487, 41.81392184689739]]], [[[-72.71602845826486, 41.81453684689738], [-72.71602845826486, 41.814562846897374], [-72.71601645826486, 41.81456284689738], [-72.71601645826486, 41.81453684689738], [-72.71602845826486, 41.81453684689738]]], [[[-72.71602845826486, 41.814562846897374], [-72.71602845826486, 41.814588846897394], [-72.71601645826485, 41.814588846897394], [-72.71601645826486, 41.81456284689738], [-72.71602845826486, 41.814562846897374]]], [[[-72.71539645826488, 41.81413584689737], [-72.71539645826485, 41.81417284689738], [-72.71540645826485, 41.8141728468974], [-72.71540645826488, 41.814135846897386], [-72.71539645826488, 41.81413584689737]]], [[[-72.71518445826486, 41.814143846897394], [-72.71518445826486, 41.81416884689738], [-72.71517745826486, 41.81416884689737], [-72.71517745826485, 41.81414384689741], [-72.71518445826486, 41.814143846897394]]], [[[-72.71531445826488, 41.814489846897395], [-72.71531445826486, 41.81451584689739], [-72.71530445826487, 41.81451584689739], [-72.71530445826488, 41.81448984689739], [-72.71531445826488, 41.814489846897395]]], [[[-72.71576945826486, 41.81439284689737], [-72.71576945826486, 41.814418846897375], [-72.71575945826486, 41.814418846897375], [-72.71575945826486, 41.81439284689738], [-72.71576945826486, 41.81439284689737]]], [[[-72.71566545826484, 41.81414384689738], [-72.71566545826487, 41.81416884689738], [-72.71567245826486, 41.814168846897374], [-72.71567245826485, 41.814143846897394], [-72.71566545826484, 41.81414384689738]]], [[[-72.71504245826486, 41.81462984689741], [-72.71506745826487, 41.81462984689738], [-72.71506745826485, 41.814617846897384], [-72.71504245826486, 41.81461784689739], [-72.71504245826486, 41.81462984689741]]], [[[-72.71471445826488, 41.814405846897394], [-72.71471445826487, 41.8144308468974], [-72.71472645826486, 41.81443084689739], [-72.71472645826485, 41.81440584689741], [-72.71471445826488, 41.814405846897394]]], [[[-72.71458645826486, 41.8141408468974], [-72.71458645826485, 41.814165846897374], [-72.71459845826486, 41.81416584689737], [-72.71459845826486, 41.81414084689739], [-72.71458645826486, 41.8141408468974]]], [[[-72.71553245826486, 41.81409384689739], [-72.71553245826486, 41.81411784689736], [-72.71552245826486, 41.81411784689738], [-72.7155224582649, 41.814093846897386], [-72.71553245826486, 41.81409384689739]]], [[[-72.71490645826488, 41.81424884689737], [-72.71488245826488, 41.81424884689738], [-72.71488245826487, 41.814255846897396], [-72.71490645826486, 41.81425584689739], [-72.71490645826488, 41.81424884689737]]], [[[-72.71471445826487, 41.814481846897365], [-72.71471445826488, 41.814505846897376], [-72.71472645826485, 41.8145058468974], [-72.71472645826488, 41.81448184689739], [-72.71471445826487, 41.814481846897365]]], [[[-72.71458645826486, 41.814246846897376], [-72.71458645826486, 41.81427184689738], [-72.71459845826486, 41.81427184689739], [-72.71459845826487, 41.81424684689738], [-72.71458645826486, 41.814246846897376]]], [[[-72.71471445826485, 41.81385284689737], [-72.71471445826488, 41.81387784689739], [-72.71472445826487, 41.813877846897356], [-72.71472445826487, 41.81385284689738], [-72.71471445826485, 41.81385284689737]]], [[[-72.71596745826486, 41.81446084689738], [-72.71596745826486, 41.81448684689736], [-72.71597845826487, 41.81448684689739], [-72.71597845826486, 41.81446084689738], [-72.71596745826486, 41.81446084689738]]], [[[-72.71558545826485, 41.81432884689738], [-72.71558545826487, 41.81435484689737], [-72.71557045826485, 41.81435484689738], [-72.71557045826488, 41.814328846897396], [-72.71558545826485, 41.81432884689738]]], [[[-72.71521645826486, 41.814521846897385], [-72.71521645826486, 41.814547846897376], [-72.71522845826486, 41.81454784689739], [-72.71522845826489, 41.8145218468974], [-72.71521645826486, 41.814521846897385]]], [[[-72.71596745826486, 41.81448784689738], [-72.71596745826484, 41.81451384689736], [-72.71597845826484, 41.81451384689738], [-72.71597845826483, 41.8144878468974], [-72.71596745826486, 41.81448784689738]]], [[[-72.71502445826486, 41.814580846897364], [-72.71504145826486, 41.81458084689739], [-72.71504145826488, 41.81458784689738], [-72.71502445826486, 41.81458784689738], [-72.71502445826486, 41.814580846897364]]], [[[-72.71477445826486, 41.81437084689738], [-72.71477445826487, 41.81439684689738], [-72.71478645826488, 41.81439684689738], [-72.71478645826487, 41.81437084689739], [-72.71477445826486, 41.81437084689738]]], [[[-72.71522745826486, 41.81396784689737], [-72.71522745826486, 41.81399184689737], [-72.71523445826486, 41.813991846897395], [-72.71523445826485, 41.81396784689737], [-72.71522745826486, 41.81396784689737]]], [[[-72.71580845826487, 41.81424384689739], [-72.71583045826486, 41.814243846897384], [-72.71583045826488, 41.81425484689737], [-72.71580845826485, 41.81425484689738], [-72.71580845826487, 41.81424384689739]]], [[[-72.71526445826485, 41.81406984689738], [-72.71526445826485, 41.81409384689735], [-72.71525745826487, 41.81409384689737], [-72.71525745826486, 41.8140698468974], [-72.71526445826485, 41.81406984689738]]], [[[-72.71439545826486, 41.81421984689741], [-72.71439545826486, 41.814245846897386], [-72.71440745826486, 41.81424584689738], [-72.71440745826487, 41.814219846897394], [-72.71439545826486, 41.81421984689741]]], [[[-72.71558545826487, 41.81435484689737], [-72.71558545826485, 41.814380846897386], [-72.71557045826486, 41.8143808468974], [-72.71557045826485, 41.81435484689738], [-72.71558545826487, 41.81435484689737]]], [[[-72.71596745826484, 41.81451384689736], [-72.71596745826483, 41.81452684689739], [-72.71597845826483, 41.81452684689738], [-72.71597845826484, 41.81451384689738], [-72.71596745826484, 41.81451384689736]]], [[[-72.71567745826488, 41.81439784689741], [-72.71567745826484, 41.81442384689738], [-72.71566745826486, 41.81442384689739], [-72.7156674582649, 41.81439784689739], [-72.71567745826488, 41.81439784689741]]], [[[-72.71563145826487, 41.814556846897375], [-72.71563145826485, 41.81457184689738], [-72.71562145826485, 41.814571846897366], [-72.71562145826486, 41.81455684689739], [-72.71563145826487, 41.814556846897375]]], [[[-72.71548745826487, 41.81421984689741], [-72.71548745826487, 41.814243846897384], [-72.71549745826488, 41.814243846897384], [-72.71549745826486, 41.81421984689739], [-72.71548745826487, 41.81421984689741]]], [[[-72.71548745826486, 41.81419484689739], [-72.71548745826486, 41.81421884689738], [-72.71549745826486, 41.814218846897376], [-72.71549745826488, 41.814194846897394], [-72.71548745826486, 41.81419484689739]]], [[[-72.71576945826486, 41.8144598468974], [-72.71576945826484, 41.81448484689737], [-72.71575945826484, 41.81448484689738], [-72.71575945826486, 41.814459846897385], [-72.71576945826486, 41.8144598468974]]], [[[-72.71563345826486, 41.81442484689737], [-72.71563345826485, 41.81444984689736], [-72.71564345826486, 41.814449846897375], [-72.71564345826485, 41.81442484689738], [-72.71563345826486, 41.81442484689737]]], [[[-72.71553345826486, 41.81421984689739], [-72.71553345826484, 41.8142438468974], [-72.71554545826487, 41.814243846897384], [-72.71554545826486, 41.81421984689737], [-72.71553345826486, 41.81421984689739]]], [[[-72.71471445826487, 41.81400584689738], [-72.71471445826487, 41.814029846897384], [-72.71472445826488, 41.81402984689739], [-72.71472445826487, 41.81400584689739], [-72.71471445826487, 41.81400584689738]]], [[[-72.71553345826486, 41.814194846897394], [-72.71553345826487, 41.81421884689739], [-72.71554545826486, 41.81421884689737], [-72.71554545826486, 41.81419484689739], [-72.71553345826486, 41.814194846897394]]], [[[-72.71602845826486, 41.81427184689738], [-72.71602845826486, 41.81429784689736], [-72.71601645826486, 41.81429784689737], [-72.71601645826486, 41.81427184689739], [-72.71602845826486, 41.81427184689738]]], [[[-72.71556645826486, 41.81422184689739], [-72.71556645826485, 41.814245846897386], [-72.71556045826486, 41.814245846897386], [-72.71556045826486, 41.81422184689739], [-72.71556645826486, 41.81422184689739]]], [[[-72.71496545826486, 41.81462984689738], [-72.71499045826486, 41.8146298468974], [-72.71499045826488, 41.814617846897384], [-72.71496545826487, 41.81461784689736], [-72.71496545826486, 41.81462984689738]]], [[[-72.71548945826487, 41.814487846897386], [-72.71548945826487, 41.8145128468974], [-72.71550045826486, 41.814512846897394], [-72.71550045826484, 41.81448784689738], [-72.71548945826487, 41.814487846897386]]], [[[-72.71530645826485, 41.8141198468974], [-72.71530645826486, 41.814144846897385], [-72.71529645826485, 41.8141448468974], [-72.71529645826486, 41.81411984689738], [-72.71530645826485, 41.8141198468974]]], [[[-72.71530845826487, 41.81414484689738], [-72.71530845826484, 41.81416984689738], [-72.71531545826484, 41.8141698468974], [-72.71531545826485, 41.8141448468974], [-72.71530845826487, 41.81414484689738]]], [[[-72.71580745826485, 41.81417484689739], [-72.71580745826486, 41.81420084689738], [-72.71579545826486, 41.814200846897386], [-72.71579545826486, 41.814174846897394], [-72.71580745826485, 41.81417484689739]]], [[[-72.71518445826486, 41.81406884689738], [-72.71518445826487, 41.814092846897374], [-72.71517745826486, 41.814092846897374], [-72.71517745826486, 41.81406884689738], [-72.71518445826486, 41.81406884689738]]], [[[-72.71514245826486, 41.814142846897376], [-72.71514245826486, 41.81416784689736], [-72.71513145826486, 41.814167846897384], [-72.71513145826486, 41.8141428468974], [-72.71514245826486, 41.814142846897376]]], [[[-72.71512345826486, 41.81446084689737], [-72.71512345826486, 41.8144868468974], [-72.71513345826486, 41.8144868468974], [-72.71513345826486, 41.814460846897376], [-72.71512345826486, 41.81446084689737]]], [[[-72.71477245826486, 41.81439784689738], [-72.71477245826486, 41.8144238468974], [-72.71476145826487, 41.81442384689739], [-72.71476145826485, 41.81439784689741], [-72.71477245826486, 41.81439784689738]]], [[[-72.71548845826487, 41.814487846897386], [-72.71548845826486, 41.81451284689739], [-72.71547845826487, 41.81451284689738], [-72.71547845826488, 41.8144878468974], [-72.71548845826487, 41.814487846897386]]], [[[-72.71461545826484, 41.813802846897374], [-72.71461545826486, 41.81382884689737], [-72.71460545826486, 41.81382884689738], [-72.71460545826487, 41.81380284689739], [-72.71461545826484, 41.813802846897374]]], [[[-72.71575945826484, 41.814046846897384], [-72.71575945826486, 41.814072846897375], [-72.71577045826484, 41.814072846897396], [-72.71577045826487, 41.81404684689738], [-72.71575945826484, 41.814046846897384]]], [[[-72.71465145826488, 41.81419384689739], [-72.71465145826484, 41.814218846897376], [-72.71466345826487, 41.814218846897376], [-72.71466345826487, 41.81419384689737], [-72.71465145826488, 41.81419384689739]]], [[[-72.71544245826486, 41.8145668468974], [-72.71544245826486, 41.81459284689739], [-72.71545445826484, 41.814592846897376], [-72.71545445826484, 41.81456684689739], [-72.71544245826486, 41.8145668468974]]], [[[-72.71452045826484, 41.81424684689736], [-72.71452045826486, 41.81427184689738], [-72.71450845826486, 41.81427184689739], [-72.71450845826486, 41.814246846897404], [-72.71452045826484, 41.81424684689736]]], [[[-72.71495445826484, 41.81424684689738], [-72.71493145826486, 41.81424684689738], [-72.71493145826487, 41.81423684689739], [-72.71495445826486, 41.81423684689739], [-72.71495445826484, 41.81424684689738]]], [[[-72.71544245826487, 41.8144878468974], [-72.71544245826485, 41.8145128468974], [-72.71545445826486, 41.81451284689738], [-72.71545445826489, 41.8144878468974], [-72.71544245826487, 41.8144878468974]]], [[[-72.71562145826485, 41.81421984689738], [-72.71562145826485, 41.814243846897384], [-72.71563345826485, 41.81424384689737], [-72.71563345826486, 41.81421984689738], [-72.71562145826485, 41.81421984689738]]], [[[-72.71596745826486, 41.814214846897386], [-72.71596745826486, 41.814239846897394], [-72.71597845826487, 41.8142398468974], [-72.71597845826486, 41.814214846897386], [-72.71596745826486, 41.814214846897386]]], [[[-72.71512345826486, 41.8144868468974], [-72.71512345826486, 41.81451284689741], [-72.71513345826486, 41.81451284689739], [-72.71513345826486, 41.8144868468974], [-72.71512345826486, 41.8144868468974]]], [[[-72.71471245826486, 41.81436784689736], [-72.71471245826486, 41.81439884689738], [-72.71470145826486, 41.814398846897404], [-72.71470145826486, 41.814367846897376], [-72.71471245826486, 41.81436784689736]]], [[[-72.71484645826483, 41.81420084689738], [-72.71482245826485, 41.814200846897386], [-72.71482245826486, 41.81418984689739], [-72.71484645826487, 41.81418984689738], [-72.71484645826483, 41.81420084689738]]], [[[-72.71452245826485, 41.81392084689739], [-72.71450245826485, 41.813920846897375], [-72.71450245826485, 41.81394484689737], [-72.71452245826485, 41.81394484689739], [-72.71452245826485, 41.81392084689739]]], [[[-72.71459445826486, 41.81402084689738], [-72.71458745826486, 41.81402084689738], [-72.71458745826484, 41.81403884689738], [-72.71459445826487, 41.81403884689739], [-72.71459445826486, 41.81402084689738]]], [[[-72.71432645826486, 41.81402084689738], [-72.71431845826484, 41.81402084689738], [-72.71431845826486, 41.8140388468974], [-72.71432645826484, 41.81403884689739], [-72.71432645826486, 41.81402084689738]]], [[[-72.71444745826486, 41.813968846897374], [-72.71442745826488, 41.81396884689738], [-72.71442745826486, 41.813992846897385], [-72.71444745826486, 41.813992846897385], [-72.71444745826486, 41.813968846897374]]], [[[-72.71448445826486, 41.814020846897385], [-72.71447645826485, 41.81402084689738], [-72.71447645826485, 41.814038846897375], [-72.71448445826486, 41.81403884689738], [-72.71448445826486, 41.814020846897385]]], [[[-72.71459745826486, 41.813918846897394], [-72.71457645826486, 41.81391884689739], [-72.71457645826483, 41.81394384689738], [-72.71459745826488, 41.813943846897395], [-72.71459745826486, 41.813918846897394]]], [[[-72.71436545826485, 41.81402884689737], [-72.71434545826484, 41.81402884689737], [-72.71434545826486, 41.8140538468974], [-72.71436545826487, 41.81405384689737], [-72.71436545826485, 41.81402884689737]]], [[[-72.71455945826487, 41.813944846897385], [-72.71453945826484, 41.813944846897385], [-72.71453945826488, 41.81396884689739], [-72.71455945826486, 41.81396884689739], [-72.71455945826487, 41.813944846897385]]], [[[-72.71453245826486, 41.81383084689738], [-72.71452245826485, 41.81383084689739], [-72.71452245826488, 41.813854846897385], [-72.71453245826484, 41.81385484689738], [-72.71453245826486, 41.81383084689738]]], [[[-72.71455845826488, 41.81402084689737], [-72.71455045826488, 41.814020846897385], [-72.71455045826487, 41.81403884689737], [-72.71455845826486, 41.81403884689737], [-72.71455845826488, 41.81402084689737]]], [[[-72.71448445826486, 41.813992846897385], [-72.71447645826484, 41.81399284689737], [-72.71447645826485, 41.81401184689739], [-72.71448445826486, 41.81401184689739], [-72.71448445826486, 41.813992846897385]]], [[[-72.71549345826486, 41.81387384689738], [-72.71549345826486, 41.81388684689737], [-72.71548745826487, 41.813886846897375], [-72.71548745826487, 41.81387384689737], [-72.71549345826486, 41.81387384689738]]], [[[-72.71470845826484, 41.81452784689738], [-72.71470845826485, 41.814496846897384], [-72.71470245826487, 41.81449684689738], [-72.71470245826485, 41.814527846897384], [-72.71470845826484, 41.81452784689738]]], [[[-72.71556645826485, 41.81462984689737], [-72.71558145826486, 41.81462984689739], [-72.71558145826486, 41.814617846897384], [-72.71556645826485, 41.814617846897384], [-72.71556645826485, 41.81462984689737]]], [[[-72.71598745826488, 41.81387184689738], [-72.71597045826486, 41.813871846897385], [-72.71597045826488, 41.813877846897384], [-72.71598745826486, 41.813877846897384], [-72.71598745826488, 41.81387184689738]]], [[[-72.71569745826487, 41.8139668468974], [-72.71571145826488, 41.81396684689739], [-72.71571145826488, 41.81395984689737], [-72.71569745826484, 41.813959846897376], [-72.71569745826487, 41.8139668468974]]], [[[-72.71471345826485, 41.81460084689737], [-72.71471345826487, 41.81461384689738], [-72.71472545826487, 41.814613846897394], [-72.71472545826488, 41.814600846897385], [-72.71471345826485, 41.81460084689737]]], [[[-72.71451145826487, 41.814490846897385], [-72.71448145826486, 41.814490846897385], [-72.71448145826486, 41.81447184689738], [-72.71451145826487, 41.81447184689738], [-72.71451145826487, 41.814490846897385]]], [[[-72.71435645826487, 41.81449084689739], [-72.71432645826486, 41.81449084689739], [-72.71432645826484, 41.81447184689738], [-72.71435645826485, 41.81447184689738], [-72.71435645826487, 41.81449084689739]]], [[[-72.71435845826488, 41.81436684689738], [-72.71435845826485, 41.81439784689739], [-72.71437645826484, 41.81439784689738], [-72.71437645826488, 41.81436684689738], [-72.71435845826488, 41.81436684689738]]], [[[-72.71430245826487, 41.81442684689739], [-72.71430245826485, 41.814450846897365], [-72.71432045826487, 41.81445084689738], [-72.71432045826487, 41.81442684689741], [-72.71430245826487, 41.81442684689739]]], [[[-72.71441345826486, 41.814398846897404], [-72.71441345826487, 41.81442984689738], [-72.71439545826486, 41.814429846897376], [-72.71439545826486, 41.81439884689738], [-72.71441345826486, 41.814398846897404]]], [[[-72.71441445826484, 41.81439884689738], [-72.71441445826486, 41.81442984689738], [-72.71443245826487, 41.814429846897376], [-72.71443245826487, 41.81439884689738], [-72.71441445826484, 41.81439884689738]]], [[[-72.71435745826486, 41.81439884689739], [-72.71435745826484, 41.814429846897404], [-72.71433945826486, 41.814429846897376], [-72.71433945826486, 41.81439884689738], [-72.71435745826486, 41.81439884689739]]], [[[-72.71434245826487, 41.813812846897385], [-72.71433045826488, 41.813812846897406], [-72.71433045826488, 41.81382284689737], [-72.71434245826487, 41.813822846897374], [-72.71434245826487, 41.813812846897385]]], [[[-72.71495045826487, 41.81462984689738], [-72.71496445826486, 41.81462984689738], [-72.71496445826486, 41.814617846897384], [-72.71495045826487, 41.81461784689738], [-72.71495045826487, 41.81462984689738]]], [[[-72.71430245826487, 41.814334846897374], [-72.71430245826488, 41.814361846897384], [-72.71432045826488, 41.81436184689738], [-72.71432045826487, 41.814334846897374], [-72.71430245826487, 41.814334846897374]]], [[[-72.71441345826484, 41.814334846897374], [-72.71441345826486, 41.81436584689739], [-72.71439545826485, 41.81436584689739], [-72.71439545826485, 41.814334846897374], [-72.71441345826484, 41.814334846897374]]], [[[-72.71447045826486, 41.81436684689738], [-72.71447045826486, 41.81439784689739], [-72.71448845826485, 41.81439784689737], [-72.71448845826487, 41.814366846897364], [-72.71447045826486, 41.81436684689738]]], [[[-72.71432545826484, 41.81449084689739], [-72.71429545826487, 41.81449084689737], [-72.71429545826484, 41.81447184689739], [-72.71432545826485, 41.814471846897376], [-72.71432545826484, 41.81449084689739]]], [[[-72.71462345826488, 41.81462984689738], [-72.71465445826487, 41.81462984689738], [-72.71465445826487, 41.814617846897384], [-72.71462345826485, 41.8146178468974], [-72.71462345826488, 41.81462984689738]]], [[[-72.71436445826488, 41.81402084689738], [-72.71435645826486, 41.81402084689738], [-72.71435645826487, 41.81403884689737], [-72.71436445826487, 41.81403884689738], [-72.71436445826488, 41.81402084689738]]], [[[-72.71544145826485, 41.814103846897375], [-72.71544145826486, 41.814128846897354], [-72.71545145826487, 41.814128846897354], [-72.71545145826487, 41.81410384689738], [-72.71544145826485, 41.814103846897375]]], [[[-72.71471245826484, 41.81433584689737], [-72.71471245826487, 41.81436684689738], [-72.71470145826487, 41.814366846897364], [-72.71470145826486, 41.81433584689739], [-72.71471245826484, 41.81433584689737]]], [[[-72.71535045826487, 41.81409384689737], [-72.71535045826487, 41.814117846897375], [-72.71536045826487, 41.81411784689736], [-72.71536045826485, 41.814093846897386], [-72.71535045826487, 41.81409384689737]]], [[[-72.71448545826486, 41.813920846897375], [-72.71446645826487, 41.81392084689739], [-72.71446645826487, 41.81394484689739], [-72.71448545826487, 41.813944846897385], [-72.71448545826486, 41.813920846897375]]], [[[-72.71432745826485, 41.81394484689738], [-72.71430745826484, 41.81394484689737], [-72.71430745826486, 41.81396884689739], [-72.71432745826486, 41.81396884689739], [-72.71432745826485, 41.81394484689738]]], [[[-72.71448545826486, 41.81402884689737], [-72.71446645826487, 41.814028846897386], [-72.71446645826488, 41.81405384689739], [-72.71448545826486, 41.81405384689739], [-72.71448545826486, 41.81402884689737]]], [[[-72.71452245826488, 41.81405384689738], [-72.71450245826486, 41.81405384689739], [-72.71450245826485, 41.814077846897376], [-72.71452245826487, 41.81407784689737], [-72.71452245826488, 41.81405384689738]]], [[[-72.71440745826486, 41.81402084689738], [-72.71439945826486, 41.81402084689738], [-72.71439945826485, 41.81403884689738], [-72.71440745826483, 41.814038846897375], [-72.71440745826486, 41.81402084689738]]], [[[-72.71452645826486, 41.814334846897374], [-72.71452645826484, 41.81436584689739], [-72.71454345826486, 41.81436584689739], [-72.71454345826487, 41.814334846897374], [-72.71452645826486, 41.814334846897374]]], [[[-72.71452145826487, 41.81402084689738], [-72.71451345826486, 41.81402084689738], [-72.71451345826486, 41.81403884689737], [-72.71452145826484, 41.81403884689737], [-72.71452145826487, 41.81402084689738]]], [[[-72.71574045826486, 41.81385184689738], [-72.71572545826484, 41.81385184689738], [-72.71572545826484, 41.81385884689738], [-72.71574045826485, 41.813858846897396], [-72.71574045826486, 41.81385184689738]]], [[[-72.71441445826486, 41.81436684689738], [-72.71441445826486, 41.814397846897386], [-72.71443245826484, 41.81439784689739], [-72.71443245826488, 41.81436684689739], [-72.71441445826486, 41.81436684689738]]], [[[-72.71452145826487, 41.81407784689737], [-72.71451345826488, 41.814077846897376], [-72.71451345826483, 41.81409584689739], [-72.71452145826485, 41.81409584689739], [-72.71452145826487, 41.81407784689737]]], [[[-72.71450245826487, 41.81383084689739], [-72.71449545826486, 41.81383084689738], [-72.71449545826486, 41.8138418468974], [-72.71450245826486, 41.8138418468974], [-72.71450245826487, 41.81383084689739]]], [[[-72.71457345826487, 41.814490846897385], [-72.71454345826486, 41.814490846897385], [-72.71454345826486, 41.81447184689738], [-72.71457345826488, 41.81447184689737], [-72.71457345826487, 41.814490846897385]]], [[[-72.71443245826485, 41.81443184689739], [-72.71439645826486, 41.814431846897364], [-72.71439645826484, 41.8144468468974], [-72.71443245826485, 41.81444684689738], [-72.71443245826485, 41.81443184689739]]], [[[-72.71452445826486, 41.81436684689738], [-72.71452445826483, 41.81439784689739], [-72.71450745826486, 41.814397846897386], [-72.71450745826486, 41.81436684689738], [-72.71452445826486, 41.81436684689738]]], [[[-72.71578945826487, 41.81385184689737], [-72.71576545826485, 41.81385184689738], [-72.71576545826484, 41.813858846897396], [-72.71578945826487, 41.81385884689739], [-72.71578945826487, 41.81385184689737]]], [[[-72.71452645826487, 41.814366846897386], [-72.71452645826486, 41.81439784689739], [-72.71454345826484, 41.81439784689739], [-72.71454345826487, 41.814366846897364], [-72.71452645826487, 41.814366846897386]]], [[[-72.71430145826483, 41.81444184689736], [-72.71427745826485, 41.81444184689739], [-72.71427745826485, 41.81445284689739], [-72.71430145826486, 41.81445284689739], [-72.71430145826483, 41.81444184689736]]], [[[-72.71455945826487, 41.8140538468974], [-72.71453945826485, 41.81405384689738], [-72.71453945826487, 41.81407784689738], [-72.71455945826486, 41.81407784689737], [-72.71455945826487, 41.8140538468974]]], [[[-72.71448545826485, 41.81396884689738], [-72.71446645826488, 41.81396884689739], [-72.71446645826487, 41.81399284689738], [-72.71448545826489, 41.813992846897406], [-72.71448545826485, 41.81396884689738]]], [[[-72.71440845826484, 41.813944846897385], [-72.71438945826486, 41.813944846897385], [-72.71438945826486, 41.81396884689738], [-72.71440845826488, 41.81396884689739], [-72.71440845826484, 41.813944846897385]]], [[[-72.71444745826486, 41.81394484689737], [-72.71442745826485, 41.813944846897385], [-72.71442745826488, 41.81396884689738], [-72.71444745826486, 41.813968846897374], [-72.71444745826486, 41.81394484689737]]], [[[-72.71553045826488, 41.814540846897394], [-72.71553045826487, 41.81456584689737], [-72.71552345826484, 41.81456584689737], [-72.71552345826487, 41.81454084689739], [-72.71553045826488, 41.814540846897394]]], [[[-72.71439545826487, 41.814431846897385], [-72.71437745826486, 41.81443184689738], [-72.71437745826485, 41.8144468468974], [-72.71439545826487, 41.8144468468974], [-72.71439545826487, 41.814431846897385]]], [[[-72.71429445826483, 41.81449084689739], [-72.71426445826486, 41.81449084689738], [-72.71426445826486, 41.81447184689739], [-72.71429445826485, 41.81447184689738], [-72.71429445826483, 41.81449084689739]]], [[[-72.71509645826487, 41.81406784689738], [-72.71509645826488, 41.814091846897384], [-72.71508945826484, 41.81409184689739], [-72.71508945826486, 41.81406784689739], [-72.71509645826487, 41.81406784689738]]], [[[-72.71446945826486, 41.814334846897374], [-72.71446945826486, 41.81436584689739], [-72.71445145826485, 41.81436584689739], [-72.71445145826485, 41.814334846897374], [-72.71446945826486, 41.814334846897374]]], [[[-72.71557745826486, 41.81406884689738], [-72.71557745826485, 41.8140998468974], [-72.71558445826486, 41.8140998468974], [-72.71558445826486, 41.814068846897385], [-72.71557745826486, 41.81406884689738]]], [[[-72.71452145826485, 41.813992846897385], [-72.71451345826486, 41.8139928468974], [-72.71451345826486, 41.814011846897365], [-72.71452145826484, 41.81401184689738], [-72.71452145826485, 41.813992846897385]]], [[[-72.71588645826485, 41.81455684689737], [-72.71588645826486, 41.8145578468974], [-72.71590045826485, 41.8145578468974], [-72.71590045826484, 41.81455684689739], [-72.71588645826485, 41.81455684689737]]], [[[-72.71582045826486, 41.81455884689739], [-72.71582045826484, 41.81455984689738], [-72.71583445826485, 41.81455984689738], [-72.71583445826488, 41.81455884689738], [-72.71582045826486, 41.81455884689739]]], [[[-72.71553245826486, 41.814169846897386], [-72.71553245826485, 41.81419384689739], [-72.71552245826486, 41.81419384689739], [-72.71552245826487, 41.81416984689739], [-72.71553245826486, 41.814169846897386]]], [[[-72.71440845826487, 41.814028846897386], [-72.71438945826488, 41.814028846897386], [-72.71438945826488, 41.81405384689739], [-72.71440845826486, 41.81405384689737], [-72.71440845826487, 41.814028846897386]]], [[[-72.71570445826487, 41.813967846897384], [-72.71570445826485, 41.8139918468974], [-72.71571345826486, 41.81399184689739], [-72.71571345826486, 41.81396784689739], [-72.71570445826487, 41.813967846897384]]], [[[-72.71448445826488, 41.81407784689737], [-72.71447645826484, 41.814077846897376], [-72.71447645826487, 41.81409584689739], [-72.71448445826488, 41.814095846897395], [-72.71448445826488, 41.81407784689737]]], [[[-72.71437645826487, 41.81443184689738], [-72.71434045826487, 41.814431846897385], [-72.71434045826484, 41.81444684689738], [-72.71437645826487, 41.8144468468974], [-72.71437645826487, 41.81443184689738]]], [[[-72.71569645826487, 41.81424784689738], [-72.71571145826486, 41.81424784689739], [-72.71571145826486, 41.81425484689736], [-72.71569645826486, 41.81425484689738], [-72.71569645826487, 41.81424784689738]]], [[[-72.71477045826488, 41.81389184689737], [-72.71478145826487, 41.81389184689738], [-72.71478145826487, 41.81388584689738], [-72.71477045826485, 41.81388584689737], [-72.71477045826488, 41.81389184689737]]], [[[-72.71521645826486, 41.814289846897374], [-72.71520445826486, 41.814289846897395], [-72.71520445826488, 41.81429484689738], [-72.71521645826486, 41.81429484689737], [-72.71521645826486, 41.814289846897374]]], [[[-72.71475845826485, 41.81391584689736], [-72.71475845826487, 41.81390384689739], [-72.71475245826487, 41.813903846897375], [-72.71475245826485, 41.81391584689739], [-72.71475845826485, 41.81391584689736]]], [[[-72.71521545826486, 41.81444184689738], [-72.71521545826486, 41.81446784689738], [-72.71520445826486, 41.814467846897394], [-72.71520445826485, 41.814441846897395], [-72.71521545826486, 41.81444184689738]]], [[[-72.71598045826487, 41.814555846897385], [-72.71594945826486, 41.81455584689739], [-72.71594945826484, 41.81456984689738], [-72.7159804582649, 41.81456984689739], [-72.71598045826487, 41.814555846897385]]], [[[-72.71517045826486, 41.81435084689741], [-72.71518145826487, 41.81435084689738], [-72.71518145826487, 41.8143408468974], [-72.71517045826486, 41.81434084689738], [-72.71517045826486, 41.81435084689741]]], [[[-72.71446545826485, 41.81385584689739], [-72.71447545826487, 41.81385584689738], [-72.71447545826487, 41.813831846897386], [-72.71446545826487, 41.813831846897386], [-72.71446545826485, 41.81385584689739]]], [[[-72.71496545826486, 41.8143688468974], [-72.71495845826483, 41.8143688468974], [-72.71495845826486, 41.81437684689738], [-72.71496545826487, 41.814376846897375], [-72.71496545826486, 41.8143688468974]]], [[[-72.71459745826486, 41.81402884689738], [-72.71457645826486, 41.814028846897386], [-72.71457645826484, 41.81405384689738], [-72.71459745826486, 41.8140538468974], [-72.71459745826486, 41.81402884689738]]], [[[-72.71497245826485, 41.81441584689739], [-72.71496645826487, 41.81441584689738], [-72.71496645826488, 41.81442384689738], [-72.71497245826487, 41.8144238468974], [-72.71497245826485, 41.81441584689739]]], [[[-72.71529645826487, 41.81424684689738], [-72.71531445826487, 41.8142468468974], [-72.71531445826486, 41.81425384689741], [-72.71529645826485, 41.814253846897394], [-72.71529645826487, 41.81424684689738]]], [[[-72.71580845826486, 41.81414784689739], [-72.71580845826483, 41.81417284689738], [-72.71581545826486, 41.81417284689738], [-72.71581545826487, 41.81414784689739], [-72.71580845826486, 41.81414784689739]]], [[[-72.71493545826486, 41.814414846897385], [-72.71492945826486, 41.814414846897385], [-72.71492945826486, 41.814422846897386], [-72.71493545826486, 41.81442284689738], [-72.71493545826486, 41.814414846897385]]], [[[-72.71509645826487, 41.814092846897374], [-72.71509645826485, 41.81411684689737], [-72.71508945826486, 41.8141168468974], [-72.71508945826484, 41.81409284689737], [-72.71509645826487, 41.814092846897374]]], [[[-72.71575745826486, 41.81400484689738], [-72.71575745826487, 41.81400684689737], [-72.71574545826483, 41.814006846897406], [-72.71574545826485, 41.81400484689737], [-72.71575745826486, 41.81400484689738]]], [[[-72.71491245826489, 41.81435784689739], [-72.71490545826484, 41.81435784689738], [-72.71490545826487, 41.81436484689739], [-72.71491245826485, 41.81436484689739], [-72.71491245826489, 41.81435784689739]]], [[[-72.71499645826486, 41.814436846897394], [-72.71498945826488, 41.814436846897394], [-72.71498945826487, 41.81444484689739], [-72.71499645826486, 41.81444484689739], [-72.71499645826486, 41.814436846897394]]], [[[-72.71455845826486, 41.81407784689737], [-72.71455045826487, 41.81407784689737], [-72.71455045826484, 41.814095846897374], [-72.71455845826488, 41.814095846897395], [-72.71455845826486, 41.81407784689737]]], [[[-72.71566445826487, 41.81396784689737], [-72.71566445826485, 41.8139918468974], [-72.71565745826484, 41.813991846897395], [-72.71565745826487, 41.813967846897384], [-72.71566445826487, 41.81396784689737]]], [[[-72.71514245826485, 41.814168846897374], [-72.71514245826486, 41.81419284689738], [-72.71513145826486, 41.81419284689737], [-72.71513145826486, 41.81416884689739], [-72.71514245826485, 41.814168846897374]]], [[[-72.71557645826486, 41.81419484689741], [-72.71557645826485, 41.81421884689736], [-72.71556945826487, 41.814218846897376], [-72.71556945826487, 41.81419484689739], [-72.71557645826486, 41.81419484689741]]], [[[-72.71517745826485, 41.81424584689739], [-72.71519545826487, 41.81424584689737], [-72.71519545826484, 41.81425284689737], [-72.71517745826486, 41.81425284689737], [-72.71517745826485, 41.81424584689739]]], [[[-72.71583245826486, 41.814043846897405], [-72.71582145826486, 41.81404384689738], [-72.71582145826486, 41.81406884689738], [-72.71583245826486, 41.814068846897385], [-72.71583245826486, 41.814043846897405]]], [[[-72.71553245826487, 41.81404384689739], [-72.71553245826485, 41.81406784689739], [-72.71552245826487, 41.814067846897395], [-72.71552245826484, 41.814043846897384], [-72.71553245826487, 41.81404384689739]]], [[[-72.71534845826484, 41.81416984689741], [-72.71534845826486, 41.81419384689739], [-72.71533845826488, 41.81419384689739], [-72.71533845826487, 41.81416984689738], [-72.71534845826484, 41.81416984689741]]], [[[-72.71596545826486, 41.813973846897376], [-72.71596645826487, 41.81397384689737], [-72.71596645826489, 41.813958846897386], [-72.71596545826489, 41.81395884689738], [-72.71596545826486, 41.813973846897376]]], [[[-72.71582045826486, 41.814541846897384], [-72.71582045826486, 41.81454284689737], [-72.71583445826487, 41.81454284689735], [-72.71583445826487, 41.8145418468974], [-72.71582045826486, 41.814541846897384]]], [[[-72.71563345826486, 41.81453084689739], [-72.71563345826486, 41.814555846897406], [-72.71564345826488, 41.8145558468974], [-72.71564345826488, 41.81453084689742], [-72.71563345826486, 41.81453084689739]]], [[[-72.71566845826487, 41.81457384689739], [-72.71568645826486, 41.814573846897375], [-72.71568645826486, 41.81459184689738], [-72.71566845826483, 41.81459184689737], [-72.71566845826487, 41.81457384689739]]], [[[-72.71579845826486, 41.81389584689738], [-72.71579845826484, 41.81391984689739], [-72.71579245826487, 41.81391984689737], [-72.71579245826486, 41.81389584689739], [-72.71579845826486, 41.81389584689738]]], [[[-72.71507645826486, 41.81455484689738], [-72.71507645826486, 41.81457884689738], [-72.71506645826486, 41.814578846897376], [-72.71506645826486, 41.81455484689738], [-72.71507645826486, 41.81455484689738]]], [[[-72.71522745826486, 41.81409384689738], [-72.71522745826488, 41.81411784689739], [-72.71523445826486, 41.814117846897375], [-72.71523445826487, 41.81409384689741], [-72.71522745826486, 41.81409384689738]]], [[[-72.71471445826488, 41.81387784689739], [-72.71471445826485, 41.81390284689737], [-72.71472445826487, 41.81390284689737], [-72.71472445826487, 41.813877846897356], [-72.71471445826488, 41.81387784689739]]], [[[-72.71568445826486, 41.81462984689738], [-72.71570945826485, 41.81462984689738], [-72.71570945826485, 41.81461784689738], [-72.71568445826486, 41.81461784689739], [-72.71568445826486, 41.81462984689738]]], [[[-72.71471445826487, 41.81408084689736], [-72.71471445826487, 41.81410584689739], [-72.71472445826487, 41.81410584689739], [-72.71472445826487, 41.81408084689738], [-72.71471445826487, 41.81408084689736]]], [[[-72.71449745826486, 41.814327846897385], [-72.71447245826486, 41.81432784689737], [-72.71447245826486, 41.81431584689737], [-72.71449745826486, 41.81431584689739], [-72.71449745826486, 41.814327846897385]]], [[[-72.71452045826487, 41.81416684689739], [-72.71452045826487, 41.81419284689738], [-72.71450845826486, 41.81419284689736], [-72.71450845826486, 41.81416684689739], [-72.71452045826487, 41.81416684689739]]], [[[-72.71582045826486, 41.81447284689738], [-72.71582045826486, 41.81447484689738], [-72.71583445826485, 41.8144748468974], [-72.71583445826485, 41.814472846897374], [-72.71582045826486, 41.81447284689738]]], [[[-72.71586545826487, 41.814628846897385], [-72.71586745826485, 41.814628846897385], [-72.71586745826485, 41.81461484689738], [-72.71586545826484, 41.814614846897406], [-72.71586545826487, 41.814628846897385]]], [[[-72.71577145826487, 41.814301846897386], [-72.71577145826487, 41.81432784689737], [-72.71578245826487, 41.81432784689737], [-72.71578245826488, 41.814301846897386], [-72.71577145826487, 41.814301846897386]]], [[[-72.71565945826487, 41.81462984689738], [-72.71568445826486, 41.81462984689738], [-72.71568445826486, 41.81461784689739], [-72.71565945826485, 41.81461784689739], [-72.71565945826487, 41.81462984689738]]], [[[-72.71445845826486, 41.81424684689738], [-72.71445845826486, 41.81427184689738], [-72.71447045826486, 41.81427184689739], [-72.71447045826486, 41.81424684689738], [-72.71445845826486, 41.81424684689738]]], [[[-72.71445845826483, 41.81414084689739], [-72.71445845826484, 41.814165846897374], [-72.71447045826486, 41.814165846897374], [-72.71447045826484, 41.81414084689739], [-72.71445845826483, 41.81414084689739]]], [[[-72.71596545826486, 41.81432084689738], [-72.71596545826486, 41.81432284689739], [-72.71595145826487, 41.8143228468974], [-72.71595145826487, 41.81432084689738], [-72.71596545826486, 41.81432084689738]]], [[[-72.71553245826485, 41.81454084689739], [-72.71553245826486, 41.81455284689738], [-72.71554645826485, 41.81455284689737], [-72.71554645826487, 41.81454084689739], [-72.71553245826485, 41.81454084689739]]], [[[-72.71553245826486, 41.814487846897386], [-72.71553245826485, 41.8145128468974], [-72.71554645826485, 41.8145128468974], [-72.71554645826488, 41.81448784689737], [-72.71553245826486, 41.814487846897386]]], [[[-72.71485745826487, 41.81424884689738], [-72.71483345826488, 41.81424884689737], [-72.71483345826486, 41.814255846897375], [-72.71485745826485, 41.814255846897375], [-72.71485745826487, 41.81424884689738]]], [[[-72.71553245826486, 41.81443484689738], [-72.71553245826486, 41.81445984689739], [-72.71554645826488, 41.81445984689739], [-72.71554645826482, 41.814434846897385], [-72.71553245826486, 41.81443484689738]]], [[[-72.71567745826485, 41.81455684689738], [-72.71567745826486, 41.81457184689738], [-72.71566745826486, 41.81457184689738], [-72.71566745826486, 41.81455684689737], [-72.71567745826485, 41.81455684689738]]], [[[-72.71479745826488, 41.81406284689738], [-72.71477345826486, 41.814062846897386], [-72.71477345826487, 41.81407284689738], [-72.71479745826487, 41.81407284689738], [-72.71479745826488, 41.81406284689738]]], [[[-72.71548645826486, 41.81396784689737], [-72.71548645826483, 41.8139918468974], [-72.71547545826485, 41.81399184689737], [-72.71547545826485, 41.813967846897384], [-72.71548645826486, 41.81396784689737]]], [[[-72.71560345826485, 41.813851846897386], [-72.71557945826487, 41.81385184689737], [-72.71557945826484, 41.81385884689739], [-72.71560345826487, 41.81385884689739], [-72.71560345826485, 41.813851846897386]]], [[[-72.71439245826485, 41.81419384689739], [-72.71439245826487, 41.814219846897394], [-72.71438045826486, 41.8142198468974], [-72.71438045826486, 41.814193846897375], [-72.71439245826485, 41.81419384689739]]], [[[-72.71535845826487, 41.81448184689741], [-72.71535845826487, 41.8145058468974], [-72.71536445826489, 41.8145058468974], [-72.71536445826483, 41.81448184689737], [-72.71535845826487, 41.81448184689741]]], [[[-72.71530645826486, 41.81419584689739], [-72.71530645826486, 41.81421984689738], [-72.71529645826485, 41.81421984689738], [-72.71529645826485, 41.81419584689739], [-72.71530645826486, 41.81419584689739]]], [[[-72.71526645826485, 41.8142208468974], [-72.71526645826488, 41.814245846897386], [-72.71527345826486, 41.814245846897386], [-72.71527345826486, 41.814220846897385], [-72.71526645826485, 41.8142208468974]]], [[[-72.71526645826488, 41.814144846897385], [-72.71526645826486, 41.81416984689738], [-72.71527345826486, 41.81416984689738], [-72.71527345826487, 41.81414484689738], [-72.71526645826488, 41.814144846897385]]], [[[-72.71522745826486, 41.81406884689739], [-72.71522745826486, 41.81409284689738], [-72.71523445826486, 41.814092846897374], [-72.71523445826485, 41.81406884689737], [-72.71522745826486, 41.81406884689739]]], [[[-72.71503445826487, 41.81435284689739], [-72.71503445826487, 41.814376846897375], [-72.71502445826485, 41.81437684689739], [-72.71502445826485, 41.81435284689741], [-72.71503445826487, 41.81435284689739]]], [[[-72.71540645826485, 41.814049846897376], [-72.71538545826488, 41.81404984689738], [-72.71538545826485, 41.81405284689738], [-72.71540645826485, 41.814052846897376], [-72.71540645826485, 41.814049846897376]]], [[[-72.71518545826486, 41.814143846897394], [-72.71518545826486, 41.81416884689739], [-72.71519545826486, 41.814168846897374], [-72.71519545826484, 41.8141438468974], [-72.71518545826486, 41.814143846897394]]], [[[-72.71575745826489, 41.81398784689737], [-72.71575745826487, 41.81398984689741], [-72.71574545826489, 41.81398984689738], [-72.71574545826485, 41.813987846897376], [-72.71575745826489, 41.81398784689737]]], [[[-72.71539645826486, 41.81453684689738], [-72.71539645826485, 41.81456284689739], [-72.71540745826485, 41.814562846897374], [-72.71540745826485, 41.81453684689735], [-72.71539645826486, 41.81453684689738]]], [[[-72.71544145826488, 41.81454084689741], [-72.71544145826486, 41.814565846897395], [-72.71543045826485, 41.814565846897395], [-72.71543045826485, 41.81454084689739], [-72.71544145826488, 41.81454084689741]]], [[[-72.71570445826484, 41.81406884689739], [-72.71570445826488, 41.81408084689739], [-72.71571345826487, 41.81408084689739], [-72.71571345826484, 41.81406884689738], [-72.71570445826484, 41.81406884689739]]], [[[-72.71572445826487, 41.8144878468974], [-72.71572445826486, 41.81451284689741], [-72.71573545826487, 41.81451284689741], [-72.71573545826487, 41.814487846897386], [-72.71572445826487, 41.8144878468974]]], [[[-72.71539645826485, 41.814483846897375], [-72.71539645826486, 41.814509846897394], [-72.71540745826486, 41.814509846897394], [-72.71540745826488, 41.81448384689738], [-72.71539645826485, 41.814483846897375]]], [[[-72.71582645826487, 41.81387184689739], [-72.71582645826486, 41.81389584689739], [-72.71583245826486, 41.81389584689738], [-72.71583245826486, 41.81387184689738], [-72.71582645826487, 41.81387184689739]]], [[[-72.71551545826486, 41.81462984689738], [-72.71554045826485, 41.81462984689738], [-72.71554045826485, 41.81461784689738], [-72.71551545826486, 41.814617846897384], [-72.71551545826486, 41.81462984689738]]], [[[-72.71512245826486, 41.81434184689739], [-72.71512245826486, 41.81436584689739], [-72.71511145826486, 41.814365846897395], [-72.71511145826484, 41.81434184689739], [-72.71512245826486, 41.81434184689739]]], [[[-72.71558545826487, 41.814381846897376], [-72.71558545826487, 41.81441284689738], [-72.71557045826485, 41.81441284689739], [-72.71557045826486, 41.814381846897376], [-72.71558545826487, 41.814381846897376]]], [[[-72.71570345826487, 41.814157846897395], [-72.71570345826485, 41.81418184689739], [-72.71569645826487, 41.81418184689739], [-72.71569645826487, 41.81415784689739], [-72.71570345826487, 41.814157846897395]]], [[[-72.71596545826486, 41.81419084689738], [-72.71596545826485, 41.81419184689738], [-72.71595145826488, 41.81419184689738], [-72.71595145826488, 41.81419084689738], [-72.71596545826486, 41.81419084689738]]], [[[-72.71566445826484, 41.814157846897416], [-72.71566445826487, 41.81418184689738], [-72.71565745826486, 41.81418184689739], [-72.71565745826487, 41.81415784689738], [-72.71566445826484, 41.814157846897416]]], [[[-72.71570445826487, 41.814106846897396], [-72.7157044582649, 41.81413184689738], [-72.71571345826484, 41.81413184689739], [-72.71571345826487, 41.81410684689739], [-72.71570445826487, 41.814106846897396]]], [[[-72.71539545826487, 41.81432384689739], [-72.71539545826488, 41.814348846897396], [-72.71538845826488, 41.8143488468974], [-72.7153884582649, 41.81432384689739], [-72.71539545826487, 41.81432384689739]]], [[[-72.71535045826487, 41.81401784689739], [-72.71535045826485, 41.81404284689739], [-72.71536045826485, 41.8140428468974], [-72.71536045826487, 41.81401784689739], [-72.71535045826487, 41.81401784689739]]], [[[-72.71602845826486, 41.814245846897386], [-72.71602845826486, 41.81427184689738], [-72.71601645826486, 41.81427184689739], [-72.71601645826486, 41.81424584689738], [-72.71602845826486, 41.814245846897386]]], [[[-72.71602845826486, 41.81448384689739], [-72.71602845826486, 41.814509846897394], [-72.71601645826487, 41.814509846897415], [-72.71601645826486, 41.81448384689739], [-72.71602845826486, 41.81448384689739]]], [[[-72.71489445826487, 41.81443884689737], [-72.71489445826485, 41.814427846897374], [-72.71490445826487, 41.81442784689737], [-72.71490445826485, 41.81443884689739], [-72.71489445826487, 41.81443884689737]]], [[[-72.71522645826485, 41.8140688468974], [-72.71522645826487, 41.814092846897374], [-72.71521945826485, 41.81409284689737], [-72.71521945826485, 41.81406884689739], [-72.71522645826485, 41.8140688468974]]], [[[-72.71548645826486, 41.81406884689739], [-72.71548645826485, 41.814092846897374], [-72.71547545826488, 41.81409284689736], [-72.71547545826485, 41.81406884689739], [-72.71548645826486, 41.81406884689739]]], [[[-72.71558545826484, 41.81441384689736], [-72.71558545826484, 41.81443984689737], [-72.71557045826485, 41.81443984689738], [-72.71557045826486, 41.814413846897374], [-72.71558545826484, 41.81441384689736]]], [[[-72.71583245826486, 41.81398084689739], [-72.71582145826484, 41.81398084689738], [-72.71582145826486, 41.814016846897374], [-72.71583245826486, 41.814016846897374], [-72.71583245826486, 41.81398084689739]]], [[[-72.71548645826486, 41.814093846897386], [-72.71548645826486, 41.81411784689737], [-72.71547545826489, 41.81411784689738], [-72.71547545826489, 41.814093846897386], [-72.71548645826486, 41.814093846897386]]], [[[-72.71558545826484, 41.81443984689737], [-72.71558545826487, 41.81446584689739], [-72.71557045826486, 41.81446584689738], [-72.71557045826485, 41.81443984689738], [-72.71558545826484, 41.81443984689737]]], [[[-72.71500345826486, 41.81454084689739], [-72.71499645826486, 41.8145408468974], [-72.71499645826485, 41.81454984689741], [-72.71500345826487, 41.81454984689737], [-72.71500345826486, 41.81454084689739]]], [[[-72.71499345826486, 41.81454084689739], [-72.71498645826486, 41.81454084689739], [-72.71498645826486, 41.814549846897386], [-72.71499345826486, 41.81454984689738], [-72.71499345826486, 41.81454084689739]]], [[[-72.71526345826486, 41.81454884689739], [-72.71526345826486, 41.814560846897386], [-72.71525145826486, 41.81456084689741], [-72.71525145826486, 41.81454884689737], [-72.71526345826486, 41.81454884689739]]], [[[-72.71596545826486, 41.81407884689741], [-72.71596545826486, 41.81408084689736], [-72.71595145826488, 41.81408084689737], [-72.71595145826487, 41.814078846897395], [-72.71596545826486, 41.81407884689741]]], [[[-72.71522645826488, 41.814093846897364], [-72.71522645826485, 41.814117846897396], [-72.71521945826485, 41.81411784689738], [-72.71521945826485, 41.814093846897386], [-72.71522645826488, 41.814093846897364]]], [[[-72.71596545826485, 41.814534846897374], [-72.71596545826486, 41.81453684689737], [-72.71595145826485, 41.81453684689739], [-72.71595145826485, 41.814534846897395], [-72.71596545826485, 41.814534846897374]]], [[[-72.71558545826487, 41.814492846897394], [-72.71558545826485, 41.8145188468974], [-72.71557045826485, 41.81451884689737], [-72.71557045826485, 41.81449284689738], [-72.71558545826487, 41.814492846897394]]], [[[-72.71596545826488, 41.81452684689737], [-72.71596545826485, 41.814527846897384], [-72.71595145826487, 41.81452784689738], [-72.71595145826487, 41.81452684689738], [-72.71596545826488, 41.81452684689737]]], [[[-72.71507645826486, 41.81437784689741], [-72.71507645826487, 41.81440284689738], [-72.71506645826486, 41.81440284689738], [-72.71506645826487, 41.814377846897386], [-72.71507645826486, 41.81437784689741]]], [[[-72.71526345826486, 41.81452184689738], [-72.71526345826486, 41.814547846897376], [-72.71525145826486, 41.81454784689739], [-72.71525145826486, 41.814521846897385], [-72.71526345826486, 41.81452184689738]]], [[[-72.71596545826486, 41.81435484689739], [-72.71596545826486, 41.81435684689737], [-72.71595145826487, 41.81435684689737], [-72.71595145826487, 41.814354846897395], [-72.71596545826486, 41.81435484689739]]], [[[-72.71520545826486, 41.81457684689736], [-72.71522745826486, 41.814576846897396], [-72.71522745826488, 41.81458384689739], [-72.71520545826486, 41.814583846897385], [-72.71520545826486, 41.81457684689736]]], [[[-72.71602845826486, 41.81390284689738], [-72.71602845826486, 41.81392884689738], [-72.71601645826485, 41.81392884689737], [-72.71601645826485, 41.813902846897385], [-72.71602845826486, 41.81390284689738]]], [[[-72.71530845826487, 41.81409484689737], [-72.71530845826486, 41.81411884689738], [-72.71531545826487, 41.8141188468974], [-72.71531545826485, 41.814094846897376], [-72.71530845826487, 41.81409484689737]]], [[[-72.71494345826487, 41.81435384689739], [-72.71493645826487, 41.81435384689739], [-72.71493645826486, 41.814361846897384], [-72.71494345826486, 41.814361846897384], [-72.71494345826487, 41.81435384689739]]], [[[-72.71494545826488, 41.81453184689737], [-72.71493745826486, 41.814531846897374], [-72.71493745826484, 41.814540846897394], [-72.71494545826486, 41.81454084689737], [-72.71494545826488, 41.81453184689737]]], [[[-72.71507845826486, 41.814453846897386], [-72.71507845826487, 41.814477846897354], [-72.71508845826484, 41.81447784689738], [-72.71508845826486, 41.814453846897386], [-72.71507845826486, 41.814453846897386]]], [[[-72.71539545826485, 41.81450084689737], [-72.71539545826487, 41.814524846897385], [-72.71538845826485, 41.81452484689739], [-72.71538845826485, 41.81450084689738], [-72.71539545826485, 41.81450084689737]]], [[[-72.71526545826487, 41.814521846897385], [-72.71526545826485, 41.814534846897395], [-72.71527545826486, 41.814534846897395], [-72.71527545826487, 41.8145218468974], [-72.71526545826487, 41.814521846897385]]], [[[-72.71570545826486, 41.813880846897376], [-72.71572845826486, 41.81388084689738], [-72.71572845826488, 41.81387484689738], [-72.71570545826485, 41.81387484689736], [-72.71570545826486, 41.813880846897376]]], [[[-72.71497445826486, 41.81452284689738], [-72.71496745826485, 41.81452284689741], [-72.71496745826488, 41.81453184689737], [-72.71497445826485, 41.81453184689738], [-72.71497445826486, 41.81452284689738]]], [[[-72.71499345826487, 41.814512846897394], [-72.71498645826486, 41.81451284689738], [-72.71498645826485, 41.814521846897385], [-72.71499345826484, 41.81452184689739], [-72.71499345826487, 41.814512846897394]]], [[[-72.71495545826487, 41.8141888468974], [-72.71494545826486, 41.814188846897395], [-72.7149454582649, 41.81419084689738], [-72.71495545826487, 41.81419084689738], [-72.71495545826487, 41.8141888468974]]], [[[-72.7149454582649, 41.81419084689738], [-72.7149454582649, 41.81421184689739], [-72.71495545826487, 41.814211846897386], [-72.71495545826487, 41.81419084689738], [-72.7149454582649, 41.81419084689738]]], [[[-72.71514345826486, 41.814016846897374], [-72.71514345826488, 41.814041846897396], [-72.71515345826487, 41.8140418468974], [-72.71515345826487, 41.81401684689737], [-72.71514345826486, 41.814016846897374]]], [[[-72.71548745826486, 41.813967846897384], [-72.71548745826487, 41.81399184689739], [-72.71549745826485, 41.813991846897416], [-72.71549745826489, 41.81396784689737], [-72.71548745826486, 41.813967846897384]]], [[[-72.71539645826486, 41.81429884689738], [-72.71539645826486, 41.814324846897385], [-72.71540745826485, 41.814324846897385], [-72.71540745826486, 41.81429884689737], [-72.71539645826486, 41.81429884689738]]], [[[-72.71512145826487, 41.81431584689737], [-72.71511045826486, 41.81431584689739], [-72.71511045826486, 41.814304846897386], [-72.71512145826487, 41.814304846897386], [-72.71512145826487, 41.81431584689737]]], [[[-72.71548845826486, 41.814407846897396], [-72.71548845826484, 41.8144338468974], [-72.71547845826487, 41.814433846897394], [-72.7154784582649, 41.81440784689738], [-72.71548845826486, 41.814407846897396]]], [[[-72.71548745826486, 41.81399284689739], [-72.71548745826485, 41.81401784689739], [-72.71549745826486, 41.81401784689739], [-72.71549745826486, 41.813992846897385], [-72.71548745826486, 41.81399284689739]]], [[[-72.71548845826484, 41.814460846897376], [-72.71548845826487, 41.81448684689738], [-72.71547845826485, 41.81448684689737], [-72.71547845826488, 41.814460846897376], [-72.71548845826484, 41.814460846897376]]], [[[-72.71548845826484, 41.81443484689737], [-72.71548845826484, 41.81445984689739], [-72.71547845826488, 41.8144598468974], [-72.71547845826484, 41.814434846897385], [-72.71548845826484, 41.81443484689737]]], [[[-72.71548745826485, 41.81401784689739], [-72.71548745826485, 41.8140428468974], [-72.71549745826486, 41.814042846897394], [-72.71549745826486, 41.81401784689739], [-72.71548745826485, 41.81401784689739]]], [[[-72.71490645826486, 41.814246846897376], [-72.71488245826485, 41.81424684689738], [-72.71488245826488, 41.8142368468974], [-72.71490645826488, 41.81423684689739], [-72.71490645826486, 41.814246846897376]]], [[[-72.71477245826483, 41.8144738468974], [-72.71477245826487, 41.814499846897384], [-72.71476145826486, 41.814499846897384], [-72.71476145826487, 41.81447384689738], [-72.71477245826483, 41.8144738468974]]], [[[-72.71544145826486, 41.81440784689738], [-72.71544145826485, 41.81443384689739], [-72.71543045826485, 41.81443384689739], [-72.71543045826486, 41.81440784689738], [-72.71544145826486, 41.81440784689738]]], [[[-72.71548745826489, 41.81406884689737], [-72.71548745826489, 41.81409284689737], [-72.71549745826486, 41.81409284689739], [-72.71549745826485, 41.814068846897406], [-72.71548745826489, 41.81406884689737]]], [[[-72.71587345826487, 41.81396884689738], [-72.71587445826488, 41.813968846897374], [-72.71587445826488, 41.81395884689737], [-72.71587345826487, 41.81395884689739], [-72.71587345826487, 41.81396884689738]]], [[[-72.71457345826485, 41.81413984689737], [-72.71459845826485, 41.81413984689736], [-72.71459845826486, 41.8141268468974], [-72.7145734582649, 41.81412684689741], [-72.71457345826485, 41.81413984689737]]], [[[-72.71450945826486, 41.814139846897376], [-72.71453345826488, 41.81413984689738], [-72.71453345826485, 41.81412684689738], [-72.71450945826486, 41.814126846897395], [-72.71450945826486, 41.814139846897376]]], [[[-72.71482145826486, 41.8140628468974], [-72.71479845826485, 41.814062846897365], [-72.71479845826485, 41.814072846897375], [-72.71482145826488, 41.814072846897396], [-72.71482145826486, 41.8140628468974]]], [[[-72.71458645826488, 41.81416684689741], [-72.71458645826486, 41.81419284689736], [-72.71459845826487, 41.81419284689738], [-72.71459845826487, 41.814166846897386], [-72.71458645826488, 41.81416684689741]]], [[[-72.71588645826485, 41.81406884689738], [-72.71588645826485, 41.814069846897404], [-72.71590045826484, 41.81406984689738], [-72.71590045826484, 41.814068846897385], [-72.71588645826485, 41.81406884689738]]], [[[-72.71526045826486, 41.813901846897394], [-72.71526045826486, 41.81390784689741], [-72.71525745826486, 41.81390784689739], [-72.71525745826486, 41.81390184689739], [-72.71526045826486, 41.813901846897394]]], [[[-72.71562045826488, 41.813992846897385], [-72.71562045826485, 41.81401784689739], [-72.71560845826488, 41.81401784689739], [-72.7156084582649, 41.81399284689738], [-72.71562045826488, 41.813992846897385]]], [[[-72.71558945826486, 41.813914846897376], [-72.71561245826487, 41.81391484689736], [-72.71561245826486, 41.81390884689739], [-72.71558945826484, 41.813908846897405], [-72.71558945826486, 41.813914846897376]]], [[[-72.71470745826487, 41.81403684689737], [-72.71470745826487, 41.81406284689738], [-72.71469645826487, 41.81406284689738], [-72.71469645826488, 41.81403684689739], [-72.71470745826487, 41.81403684689737]]], [[[-72.71533945826486, 41.81390784689739], [-72.71533945826486, 41.81391384689738], [-72.71534245826487, 41.813913846897364], [-72.71534245826487, 41.81390784689739], [-72.71533945826486, 41.81390784689739]]], [[[-72.71528245826485, 41.81391284689738], [-72.71528245826485, 41.81391884689741], [-72.71527945826487, 41.81391884689737], [-72.71527945826485, 41.813912846897395], [-72.71528245826485, 41.81391284689738]]], [[[-72.71533945826486, 41.81391384689738], [-72.71533945826486, 41.81391984689738], [-72.71534245826486, 41.813919846897385], [-72.71534245826487, 41.813913846897364], [-72.71533945826486, 41.81391384689738]]], [[[-72.71534045826486, 41.81392584689736], [-72.71534045826486, 41.81392084689739], [-72.71535145826486, 41.81392084689739], [-72.71535145826486, 41.81392584689737], [-72.71534045826486, 41.81392584689736]]], [[[-72.71561245826487, 41.81391484689736], [-72.71563545826487, 41.81391484689736], [-72.71563545826486, 41.81390884689739], [-72.71561245826486, 41.81390884689739], [-72.71561245826487, 41.81391484689736]]], [[[-72.71533945826485, 41.81389584689739], [-72.71533945826486, 41.81390184689739], [-72.71534245826486, 41.81390184689738], [-72.71534245826486, 41.81389584689738], [-72.71533945826485, 41.81389584689739]]], [[[-72.71567845826486, 41.81439784689739], [-72.71567845826485, 41.81442384689738], [-72.71568945826485, 41.81442384689737], [-72.71568945826485, 41.81439784689739], [-72.71567845826486, 41.81439784689739]]], [[[-72.71458545826484, 41.81416684689738], [-72.71458545826488, 41.81419284689738], [-72.71457345826485, 41.81419284689737], [-72.71457345826488, 41.81416684689741], [-72.71458545826484, 41.81416684689738]]], [[[-72.71553045826488, 41.81446084689737], [-72.71553045826487, 41.81448684689736], [-72.71552345826485, 41.81448684689738], [-72.71552345826488, 41.81446084689738], [-72.71553045826488, 41.81446084689737]]], [[[-72.71489445826487, 41.81441684689738], [-72.71489445826488, 41.81440484689738], [-72.71490445826487, 41.81440484689737], [-72.71490445826488, 41.81441684689739], [-72.71489445826487, 41.81441684689738]]], [[[-72.71433045826487, 41.814246846897376], [-72.71433045826487, 41.81427184689739], [-72.71434245826487, 41.81427184689738], [-72.71434245826487, 41.81424684689738], [-72.71433045826487, 41.814246846897376]]], [[[-72.71581845826485, 41.814458846897416], [-72.71581845826485, 41.81448484689738], [-72.71580645826485, 41.814484846897386], [-72.71580645826486, 41.814458846897395], [-72.71581845826485, 41.814458846897416]]], [[[-72.71562145826488, 41.81401784689737], [-72.71562145826486, 41.81404284689738], [-72.71563345826485, 41.81404284689738], [-72.71563345826485, 41.81401784689739], [-72.71562145826488, 41.81401784689737]]], [[[-72.71562145826486, 41.81406884689738], [-72.71562145826488, 41.81409284689736], [-72.71563345826486, 41.814092846897374], [-72.71563345826486, 41.81406884689739], [-72.71562145826486, 41.81406884689738]]], [[[-72.71556545826486, 41.813880846897376], [-72.71558845826486, 41.81388084689738], [-72.71558845826486, 41.81387484689737], [-72.71556545826486, 41.81387484689738], [-72.71556545826486, 41.813880846897376]]], [[[-72.71570445826487, 41.81404384689738], [-72.71570445826488, 41.814067846897395], [-72.71571345826487, 41.81406784689739], [-72.71571345826484, 41.81404384689738], [-72.71570445826487, 41.81404384689738]]], [[[-72.71554145826487, 41.81391584689738], [-72.71556445826488, 41.81391584689737], [-72.71556445826484, 41.813921846897394], [-72.71554145826484, 41.8139218468974], [-72.71554145826487, 41.81391584689738]]], [[[-72.71570445826488, 41.814195846897384], [-72.71570445826487, 41.81421984689738], [-72.71571345826486, 41.81421984689738], [-72.71571345826486, 41.814195846897384], [-72.71570445826488, 41.814195846897384]]], [[[-72.71549445826483, 41.813915846897395], [-72.71551745826486, 41.81391584689738], [-72.71551745826487, 41.81392184689738], [-72.71549445826486, 41.81392184689739], [-72.71549445826483, 41.813915846897395]]], [[[-72.71556545826488, 41.81391584689738], [-72.71558845826486, 41.81391584689738], [-72.71558845826486, 41.8139218468974], [-72.71556545826485, 41.813921846897394], [-72.71556545826488, 41.81391584689738]]], [[[-72.71552945826488, 41.81385184689737], [-72.71550645826485, 41.81385184689737], [-72.71550645826484, 41.813858846897396], [-72.71552945826487, 41.81385884689738], [-72.71552945826488, 41.81385184689737]]], [[[-72.71570445826488, 41.81422084689738], [-72.71570445826487, 41.81424484689739], [-72.71571345826486, 41.81424484689738], [-72.71571345826486, 41.81422084689738], [-72.71570445826488, 41.81422084689738]]], [[[-72.71507845826486, 41.81437784689739], [-72.71507845826486, 41.81440284689739], [-72.71508845826486, 41.81440284689738], [-72.71508845826487, 41.814377846897386], [-72.71507845826486, 41.81437784689739]]], [[[-72.71522745826486, 41.81437684689738], [-72.71520545826486, 41.81437684689739], [-72.71520545826486, 41.81438784689736], [-72.71522745826486, 41.814387846897375], [-72.71522745826486, 41.81437684689738]]], [[[-72.71572945826485, 41.81390684689739], [-72.71575245826484, 41.81390684689739], [-72.71575245826484, 41.81390084689738], [-72.71572945826485, 41.81390084689739], [-72.71572945826485, 41.81390684689739]]], [[[-72.71444545826486, 41.814327846897385], [-72.71442045826485, 41.814327846897385], [-72.71442045826488, 41.8143158468974], [-72.71444545826485, 41.8143158468974], [-72.71444545826486, 41.814327846897385]]], [[[-72.71466045826486, 41.81380284689739], [-72.71466045826486, 41.81382884689738], [-72.71465045826488, 41.813828846897415], [-72.71465045826484, 41.813802846897374], [-72.71466045826486, 41.81380284689739]]], [[[-72.71470745826488, 41.8141158468974], [-72.71470745826487, 41.81414184689738], [-72.71469645826484, 41.81414184689738], [-72.71469645826488, 41.8141158468974], [-72.71470745826488, 41.8141158468974]]], [[[-72.71470745826488, 41.813828846897415], [-72.71470745826485, 41.813854846897385], [-72.71469645826488, 41.8138548468974], [-72.7146964582649, 41.8138288468974], [-72.71470745826488, 41.813828846897415]]], [[[-72.71500345826485, 41.81429184689739], [-72.71499645826486, 41.81429184689736], [-72.71499645826488, 41.81429984689738], [-72.71500345826487, 41.81429984689738], [-72.71500345826485, 41.81429184689739]]], [[[-72.71432845826486, 41.8141408468974], [-72.71432845826486, 41.81416684689739], [-72.71431745826486, 41.81416684689741], [-72.71431745826487, 41.8141408468974], [-72.71432845826486, 41.8141408468974]]], [[[-72.71558545826487, 41.814466846897375], [-72.71558545826487, 41.814492846897394], [-72.71557045826485, 41.81449284689738], [-72.71557045826486, 41.81446684689738], [-72.71558545826487, 41.814466846897375]]], [[[-72.71433045826488, 41.81419384689739], [-72.71433045826487, 41.81421884689738], [-72.71434245826488, 41.81421884689739], [-72.71434245826488, 41.814193846897375], [-72.71433045826488, 41.81419384689739]]], [[[-72.71518545826487, 41.81421984689738], [-72.71518545826486, 41.81424384689741], [-72.71519545826486, 41.814243846897384], [-72.71519545826484, 41.8142198468974], [-72.71518545826487, 41.81421984689738]]], [[[-72.71522745826485, 41.8140438468974], [-72.71522745826488, 41.81406784689737], [-72.71523445826485, 41.81406784689738], [-72.71523445826486, 41.81404384689738], [-72.71522745826485, 41.8140438468974]]], [[[-72.71425745826487, 41.814159846897375], [-72.71425745826488, 41.81418684689738], [-72.71427545826488, 41.814186846897385], [-72.71427545826486, 41.814159846897404], [-72.71425745826487, 41.814159846897375]]], [[[-72.71505945826486, 41.81414384689739], [-72.71505945826486, 41.814168846897374], [-72.71506645826486, 41.814168846897374], [-72.71506645826486, 41.8141438468974], [-72.71505945826486, 41.81414384689739]]], [[[-72.71505945826486, 41.81416984689738], [-72.71505945826488, 41.81419384689739], [-72.71506645826484, 41.81419384689739], [-72.71506645826486, 41.81416984689742], [-72.71505945826486, 41.81416984689738]]], [[[-72.71580745826486, 41.814121846897386], [-72.71580745826486, 41.81414784689739], [-72.71579545826486, 41.8141478468974], [-72.71579545826488, 41.814121846897386], [-72.71580745826486, 41.814121846897386]]], [[[-72.71505945826486, 41.814194846897394], [-72.71505945826488, 41.814218846897376], [-72.71506645826486, 41.81421884689738], [-72.71506645826486, 41.81419484689739], [-72.71505945826486, 41.814194846897394]]], [[[-72.71580745826486, 41.81414784689739], [-72.71580745826486, 41.81417384689739], [-72.71579545826486, 41.81417384689739], [-72.71579545826486, 41.8141478468974], [-72.71580745826486, 41.81414784689739]]], [[[-72.71425745826485, 41.81421584689739], [-72.71425745826488, 41.81424284689739], [-72.71427545826486, 41.81424284689739], [-72.71427545826486, 41.814215846897376], [-72.71425745826485, 41.81421584689739]]], [[[-72.71514345826486, 41.8139668468974], [-72.71514345826486, 41.81399084689737], [-72.71515345826485, 41.813990846897354], [-72.71515345826485, 41.8139668468974], [-72.71514345826486, 41.8139668468974]]], [[[-72.71518545826484, 41.8139928468974], [-72.71518545826486, 41.81401784689739], [-72.71519545826487, 41.81401784689739], [-72.71519545826486, 41.8139928468974], [-72.71518545826484, 41.8139928468974]]], [[[-72.71530845826486, 41.814170846897376], [-72.71530845826486, 41.81419484689739], [-72.71531545826487, 41.81419484689739], [-72.71531545826487, 41.81417084689737], [-72.71530845826486, 41.814170846897376]]], [[[-72.71588645826486, 41.81399184689739], [-72.71588645826488, 41.81399284689738], [-72.71590045826487, 41.8139928468974], [-72.71590045826484, 41.8139918468974], [-72.71588645826486, 41.81399184689739]]], [[[-72.71425745826487, 41.8141878468974], [-72.7142574582649, 41.81421484689739], [-72.71427545826486, 41.81421484689737], [-72.71427545826486, 41.81418784689738], [-72.71425745826487, 41.8141878468974]]], [[[-72.71425745826488, 41.814243846897384], [-72.71425745826487, 41.8142708468974], [-72.71427545826486, 41.81427084689737], [-72.71427545826486, 41.814243846897384], [-72.71425745826488, 41.814243846897384]]], [[[-72.71530845826484, 41.81422084689739], [-72.71530845826487, 41.814245846897386], [-72.71531545826488, 41.81424584689738], [-72.71531545826487, 41.81422084689738], [-72.71530845826484, 41.81422084689739]]], [[[-72.71518545826486, 41.813967846897384], [-72.71518545826486, 41.8139918468974], [-72.71519545826486, 41.813991846897366], [-72.71519545826486, 41.813967846897384], [-72.71518545826486, 41.813967846897384]]], [[[-72.71557745826486, 41.814100846897375], [-72.71557745826485, 41.81413184689739], [-72.71558445826487, 41.814131846897396], [-72.71558445826486, 41.814100846897375], [-72.71557745826486, 41.814100846897375]]], [[[-72.71433045826487, 41.814166846897386], [-72.71433045826487, 41.81419284689738], [-72.71434245826488, 41.81419284689737], [-72.71434245826487, 41.814166846897386], [-72.71433045826487, 41.814166846897386]]], [[[-72.71553345826484, 41.81414384689739], [-72.71553345826484, 41.81416884689739], [-72.71554545826487, 41.814168846897374], [-72.71554545826483, 41.814143846897394], [-72.71553345826484, 41.81414384689739]]], [[[-72.71470745826488, 41.8138558468974], [-72.71470745826487, 41.81388084689738], [-72.71469645826487, 41.81388084689739], [-72.71469645826487, 41.8138558468974], [-72.71470745826488, 41.8138558468974]]], [[[-72.71516745826486, 41.81455584689737], [-72.71516745826484, 41.81458184689739], [-72.71515745826485, 41.81458184689739], [-72.71515745826485, 41.81455584689738], [-72.71516745826486, 41.81455584689737]]], [[[-72.71596545826485, 41.81397584689738], [-72.71595445826485, 41.81397584689738], [-72.71595445826486, 41.813999846897374], [-72.71596545826485, 41.813999846897374], [-72.71596545826485, 41.81397584689738]]], [[[-72.71445745826486, 41.814193846897375], [-72.71445745826486, 41.814218846897376], [-72.71444545826486, 41.81421884689738], [-72.71444545826486, 41.814193846897375], [-72.71445745826486, 41.814193846897375]]], [[[-72.71493045826486, 41.81424884689737], [-72.71490645826488, 41.81424884689737], [-72.71490645826486, 41.81425584689739], [-72.71493045826487, 41.81425584689739], [-72.71493045826486, 41.81424884689737]]], [[[-72.71482145826484, 41.814155846897386], [-72.71479845826487, 41.81415584689738], [-72.71479845826484, 41.81416684689739], [-72.71482145826488, 41.81416684689739], [-72.71482145826484, 41.814155846897386]]], [[[-72.71588645826485, 41.81411184689738], [-72.71588645826486, 41.814112846897395], [-72.71587245826487, 41.81411284689738], [-72.71587245826487, 41.81411184689739], [-72.71588645826485, 41.81411184689738]]], [[[-72.71482145826486, 41.814202846897395], [-72.71479845826487, 41.814202846897395], [-72.71479845826487, 41.81421284689739], [-72.71482145826488, 41.81421284689739], [-72.71482145826486, 41.814202846897395]]], [[[-72.71521545826486, 41.81450784689739], [-72.71521545826486, 41.8145338468974], [-72.71520445826488, 41.8145338468974], [-72.71520445826486, 41.81450784689739], [-72.71521545826486, 41.81450784689739]]], [[[-72.71521545826488, 41.81441584689737], [-72.71521545826486, 41.81444184689738], [-72.71520445826485, 41.814441846897395], [-72.71520445826488, 41.8144158468974], [-72.71521545826488, 41.81441584689737]]], [[[-72.71471445826487, 41.81403084689738], [-72.71471445826487, 41.81405584689738], [-72.71472445826487, 41.81405584689736], [-72.71472445826488, 41.814030846897396], [-72.71471445826487, 41.81403084689738]]], [[[-72.71576945826487, 41.81451184689741], [-72.71576945826486, 41.8145378468974], [-72.71575945826484, 41.81453784689738], [-72.71575945826486, 41.81451184689739], [-72.71576945826487, 41.81451184689741]]], [[[-72.71491945826486, 41.81420284689738], [-72.71489545826488, 41.814202846897395], [-72.71489545826486, 41.814212846897384], [-72.71491945826487, 41.81421284689738], [-72.71491945826486, 41.81420284689738]]], [[[-72.71464845826488, 41.81414084689739], [-72.71464845826485, 41.814165846897374], [-72.71463645826482, 41.814165846897374], [-72.71463645826486, 41.81414084689739], [-72.71464845826488, 41.81414084689739]]], [[[-72.71452345826486, 41.8142468468974], [-72.71452345826486, 41.8142718468974], [-72.71453545826485, 41.814271846897384], [-72.71453545826486, 41.8142468468974], [-72.71452345826486, 41.8142468468974]]], [[[-72.71452345826486, 41.81414084689739], [-72.71452345826486, 41.814165846897374], [-72.71453545826483, 41.81416584689737], [-72.71453545826488, 41.81414084689739], [-72.71452345826486, 41.81414084689739]]], [[[-72.71517045826486, 41.8145288468974], [-72.71517045826486, 41.81455484689739], [-72.71518145826487, 41.81455484689735], [-72.71518145826487, 41.814528846897375], [-72.71517045826486, 41.8145288468974]]], [[[-72.71517045826486, 41.8145558468974], [-72.71517045826486, 41.81456784689736], [-72.71518145826487, 41.81456784689739], [-72.71518145826487, 41.814555846897385], [-72.71517045826486, 41.8145558468974]]], [[[-72.71495445826484, 41.81424884689737], [-72.71493145826487, 41.81424884689738], [-72.71493145826486, 41.81425584689739], [-72.71495445826487, 41.81425584689738], [-72.71495445826484, 41.81424884689737]]], [[[-72.71566445826484, 41.813992846897385], [-72.71566445826485, 41.81401784689739], [-72.71565745826483, 41.81401784689739], [-72.71565745826484, 41.81399284689737], [-72.71566445826484, 41.813992846897385]]], [[[-72.71575945826487, 41.8140738468974], [-72.71575945826484, 41.8140998468974], [-72.71577045826486, 41.8140998468974], [-72.71577045826487, 41.81407384689739], [-72.71575945826487, 41.8140738468974]]], [[[-72.71566445826484, 41.814143846897394], [-72.71566445826488, 41.81415684689737], [-72.71565745826487, 41.81415684689739], [-72.71565745826484, 41.814143846897394], [-72.71566445826484, 41.814143846897394]]], [[[-72.71471445826487, 41.81405584689738], [-72.71471445826487, 41.81408084689736], [-72.71472445826487, 41.81408084689738], [-72.71472445826487, 41.81405584689736], [-72.71471445826487, 41.81405584689738]]], [[[-72.71522645826487, 41.81414384689739], [-72.71522645826485, 41.81416884689739], [-72.71521945826485, 41.814168846897374], [-72.71521945826485, 41.81414384689739], [-72.71522645826487, 41.81414384689739]]], [[[-72.71566445826485, 41.81401784689739], [-72.71566445826485, 41.81404284689739], [-72.71565745826483, 41.81404284689741], [-72.71565745826483, 41.81401784689739], [-72.71566445826485, 41.81401784689739]]], [[[-72.71575945826484, 41.81417984689738], [-72.71575945826486, 41.814204846897375], [-72.71577045826487, 41.81420484689737], [-72.71577045826486, 41.81417984689738], [-72.71575945826484, 41.81417984689738]]], [[[-72.71522645826488, 41.81411884689737], [-72.71522645826487, 41.81414384689739], [-72.71521945826485, 41.81414384689739], [-72.71521945826484, 41.8141188468974], [-72.71522645826488, 41.81411884689737]]], [[[-72.71496445826486, 41.813851846897364], [-72.71494045826486, 41.81385184689738], [-72.71494045826486, 41.813862846897386], [-72.71496445826487, 41.8138628468974], [-72.71496445826486, 41.813851846897364]]], [[[-72.71482145826485, 41.814108846897376], [-72.71479845826484, 41.814108846897376], [-72.71479845826487, 41.81412084689738], [-72.71482145826485, 41.814120846897374], [-72.71482145826485, 41.814108846897376]]], [[[-72.71461645826484, 41.81380284689735], [-72.71461645826486, 41.81382884689739], [-72.71462745826483, 41.81382884689737], [-72.71462745826486, 41.81380284689739], [-72.71461645826484, 41.81380284689735]]], [[[-72.71487045826485, 41.814108846897376], [-72.71484645826486, 41.81410884689737], [-72.71484645826489, 41.8141208468974], [-72.71487045826484, 41.81412084689738], [-72.71487045826485, 41.814108846897376]]], [[[-72.71566445826485, 41.8140688468974], [-72.71566445826488, 41.814092846897374], [-72.71565745826487, 41.814092846897374], [-72.71565745826484, 41.814068846897385], [-72.71566445826485, 41.8140688468974]]], [[[-72.71581945826486, 41.814299846897384], [-72.71581945826486, 41.814339846897376], [-72.71583145826484, 41.81433984689737], [-72.71583145826486, 41.81429984689742], [-72.71581945826486, 41.814299846897384]]], [[[-72.71567845826486, 41.81450384689737], [-72.71567845826486, 41.814529846897365], [-72.71568945826485, 41.81452984689739], [-72.71568945826486, 41.81450384689737], [-72.71567845826486, 41.81450384689737]]], [[[-72.71489545826486, 41.81415584689738], [-72.71487145826487, 41.8141558468974], [-72.71487145826487, 41.814166846897386], [-72.71489545826485, 41.814166846897386], [-72.71489545826486, 41.81415584689738]]], [[[-72.71465145826488, 41.814166846897386], [-72.71465145826485, 41.814192846897356], [-72.71466345826484, 41.81419284689737], [-72.71466345826488, 41.814166846897386], [-72.71465145826488, 41.814166846897386]]], [[[-72.71553245826485, 41.81414384689739], [-72.71553245826485, 41.814168846897374], [-72.71552245826484, 41.81416884689739], [-72.71552245826484, 41.81414384689739], [-72.71553245826485, 41.81414384689739]]], [[[-72.71452045826486, 41.81421984689738], [-72.71452045826486, 41.814245846897386], [-72.71450845826487, 41.814245846897386], [-72.71450845826486, 41.81421984689738], [-72.71452045826486, 41.81421984689738]]], [[[-72.71478645826487, 41.81436984689739], [-72.71476245826487, 41.81436984689739], [-72.71476245826484, 41.81435784689739], [-72.71478645826484, 41.81435784689739], [-72.71478645826487, 41.81436984689739]]], [[[-72.71558645826487, 41.81454084689739], [-72.71558645826487, 41.814565846897366], [-72.71559645826484, 41.814565846897395], [-72.71559645826486, 41.81454084689739], [-72.71558645826487, 41.81454084689739]]], [[[-72.71465145826488, 41.81414084689739], [-72.71465145826485, 41.81416584689737], [-72.71466345826488, 41.81416584689739], [-72.71466345826487, 41.81414084689739], [-72.71465145826488, 41.81414084689739]]], [[[-72.71452345826485, 41.81421984689738], [-72.71452345826486, 41.814245846897386], [-72.71453545826486, 41.814245846897386], [-72.71453545826489, 41.814219846897394], [-72.71452345826485, 41.81421984689738]]], [[[-72.71477445826486, 41.81439784689739], [-72.71477445826487, 41.81442384689739], [-72.71478645826485, 41.814423846897384], [-72.71478645826487, 41.81439784689739], [-72.71477445826486, 41.81439784689739]]], [[[-72.71539445826487, 41.81409784689738], [-72.71539445826485, 41.81413484689739], [-72.71538445826488, 41.81413484689737], [-72.7153844582649, 41.814097846897376], [-72.71539445826487, 41.81409784689738]]], [[[-72.71487045826487, 41.8141558468974], [-72.71484645826484, 41.81415584689738], [-72.71484645826487, 41.81416684689741], [-72.71487045826485, 41.814166846897386], [-72.71487045826487, 41.8141558468974]]], [[[-72.71547645826486, 41.8142468468974], [-72.71549645826482, 41.8142468468974], [-72.71549645826487, 41.8142538468974], [-72.71547645826486, 41.8142538468974], [-72.71547645826486, 41.8142468468974]]], [[[-72.71477245826486, 41.81415584689739], [-72.71474945826486, 41.814155846897386], [-72.71474945826486, 41.814166846897386], [-72.71477245826487, 41.81416684689739], [-72.71477245826486, 41.81415584689739]]], [[[-72.71581945826486, 41.814339846897376], [-72.71581945826487, 41.81437984689738], [-72.71583145826489, 41.81437984689736], [-72.71583145826484, 41.81433984689737], [-72.71581945826486, 41.814339846897376]]], [[[-72.71517045826485, 41.814475846897366], [-72.71517045826486, 41.81450184689738], [-72.71518145826488, 41.81450184689739], [-72.71518145826487, 41.814475846897395], [-72.71517045826485, 41.814475846897366]]], [[[-72.71498045826483, 41.81423584689739], [-72.71498045826486, 41.8142538468974], [-72.71499045826486, 41.8142538468974], [-72.71499045826486, 41.81423584689739], [-72.71498045826483, 41.81423584689739]]], [[[-72.71477245826486, 41.8144238468974], [-72.71477245826486, 41.81444984689738], [-72.71476145826487, 41.814449846897375], [-72.71476145826487, 41.81442384689739], [-72.71477245826486, 41.8144238468974]]], [[[-72.71575945826484, 41.8140998468974], [-72.71575945826486, 41.814125846897376], [-72.71577045826488, 41.81412584689739], [-72.71577045826486, 41.8140998468974], [-72.71575945826484, 41.8140998468974]]], [[[-72.71458545826486, 41.8141938468974], [-72.71458545826486, 41.8142188468974], [-72.71457345826487, 41.81421884689738], [-72.71457345826487, 41.814193846897396], [-72.71458545826486, 41.8141938468974]]], [[[-72.71539445826487, 41.81417384689739], [-72.71539445826485, 41.81421084689738], [-72.71538445826486, 41.81421084689739], [-72.71538445826486, 41.8141738468974], [-72.71539445826487, 41.81417384689739]]], [[[-72.71517045826486, 41.814423846897384], [-72.71517045826486, 41.814448846897385], [-72.71518145826487, 41.81444884689737], [-72.71518145826487, 41.81442384689738], [-72.71517045826486, 41.814423846897384]]], [[[-72.71464845826488, 41.81419384689739], [-72.71464845826486, 41.81421884689739], [-72.71463645826486, 41.81421884689738], [-72.71463645826486, 41.81419384689739], [-72.71464845826488, 41.81419384689739]]], [[[-72.71445745826486, 41.81414084689739], [-72.71445745826486, 41.81416584689737], [-72.71444545826485, 41.814165846897374], [-72.71444545826486, 41.81414084689737], [-72.71445745826486, 41.81414084689739]]], [[[-72.71602845826487, 41.814013846897396], [-72.71602845826486, 41.8140408468974], [-72.71601645826486, 41.81404084689737], [-72.71601645826486, 41.81401384689738], [-72.71602845826487, 41.814013846897396]]], [[[-72.71471445826488, 41.814455846897374], [-72.71471445826488, 41.814480846897375], [-72.71472645826486, 41.814480846897396], [-72.71472645826488, 41.81445584689737], [-72.71471445826488, 41.814455846897374]]], [[[-72.71602845826486, 41.8140408468974], [-72.71602845826483, 41.8140688468974], [-72.71601645826486, 41.81406884689737], [-72.71601645826486, 41.81404084689737], [-72.71602845826486, 41.8140408468974]]], [[[-72.71512345826486, 41.81443484689739], [-72.71512345826486, 41.81445984689739], [-72.71513345826486, 41.8144598468974], [-72.71513345826484, 41.81443484689737], [-72.71512345826486, 41.81443484689739]]], [[[-72.71602845826486, 41.81412484689739], [-72.71602845826486, 41.814152846897386], [-72.71601645826486, 41.81415284689737], [-72.71601645826487, 41.81412484689737], [-72.71602845826486, 41.81412484689739]]], [[[-72.71548945826486, 41.81440784689738], [-72.71548945826484, 41.8144338468974], [-72.71550045826484, 41.81443384689739], [-72.71550045826487, 41.81440784689739], [-72.71548945826486, 41.81440784689738]]], [[[-72.71458645826485, 41.81421984689738], [-72.71458645826486, 41.814245846897386], [-72.71459845826486, 41.814245846897386], [-72.71459845826485, 41.81421984689739], [-72.71458645826485, 41.81421984689738]]], [[[-72.71471445826487, 41.81432984689739], [-72.71471445826485, 41.814354846897395], [-72.71472645826488, 41.81435484689737], [-72.71472645826486, 41.81432984689739], [-72.71471445826487, 41.81432984689739]]], [[[-72.71535845826483, 41.81445684689737], [-72.71535845826486, 41.81448084689738], [-72.71536445826484, 41.814480846897375], [-72.71536445826483, 41.81445684689737], [-72.71535845826483, 41.81445684689737]]], [[[-72.71471445826487, 41.81438084689741], [-72.71471445826487, 41.814404846897396], [-72.71472645826486, 41.814404846897396], [-72.71472645826486, 41.814380846897386], [-72.71471445826487, 41.81438084689741]]], [[[-72.71481745826486, 41.814377846897386], [-72.71481745826483, 41.8144068468974], [-72.71482345826485, 41.81440684689739], [-72.71482345826485, 41.814377846897386], [-72.71481745826486, 41.814377846897386]]], [[[-72.71586245826488, 41.81385184689738], [-72.71583945826487, 41.81385184689737], [-72.71583945826487, 41.813858846897396], [-72.71586245826487, 41.8138588468974], [-72.71586245826488, 41.81385184689738]]], [[[-72.71447145826487, 41.81432784689737], [-72.71444645826485, 41.81432784689738], [-72.71444645826486, 41.81431584689738], [-72.71447145826487, 41.8143158468974], [-72.71447145826487, 41.81432784689737]]], [[[-72.71433045826488, 41.81414084689737], [-72.71433045826487, 41.814166846897386], [-72.71434245826487, 41.814166846897386], [-72.71434245826487, 41.81414084689739], [-72.71433045826488, 41.81414084689737]]], [[[-72.71582645826486, 41.81389584689739], [-72.71582645826484, 41.813919846897385], [-72.71583245826487, 41.81391984689738], [-72.71583245826486, 41.81389584689738], [-72.71582645826486, 41.81389584689739]]], [[[-72.71588445826485, 41.81446184689737], [-72.71588445826487, 41.81448784689736], [-72.71587245826487, 41.8144878468974], [-72.71587245826487, 41.81446184689739], [-72.71588445826485, 41.81446184689737]]], [[[-72.71535845826486, 41.814405846897394], [-72.71535845826487, 41.81443084689739], [-72.71536445826487, 41.814430846897395], [-72.71536445826487, 41.814405846897394], [-72.71535845826486, 41.814405846897394]]], [[[-72.71602845826486, 41.81395784689736], [-72.71602845826486, 41.81398484689739], [-72.71601645826486, 41.81398484689739], [-72.71601645826486, 41.81395784689739], [-72.71602845826486, 41.81395784689736]]], [[[-72.71581845826486, 41.81453884689738], [-72.71581845826486, 41.814563846897386], [-72.71580645826486, 41.814563846897386], [-72.71580645826486, 41.81453884689738], [-72.71581845826486, 41.81453884689738]]], [[[-72.71496445826487, 41.81449384689739], [-72.71495645826487, 41.81449384689738], [-72.71495645826488, 41.81450284689738], [-72.71496445826489, 41.81450284689737], [-72.71496445826487, 41.81449384689739]]], [[[-72.71572445826486, 41.81432884689739], [-72.71572445826486, 41.81435484689737], [-72.71573545826486, 41.81435484689739], [-72.71573545826486, 41.81432884689739], [-72.71572445826486, 41.81432884689739]]], [[[-72.71470845826485, 41.81455284689738], [-72.71470845826488, 41.814528846897375], [-72.71470245826487, 41.81452884689739], [-72.71470245826485, 41.8145528468974], [-72.71470845826485, 41.81455284689738]]], [[[-72.71479745826488, 41.81410884689738], [-72.71477345826486, 41.81410884689738], [-72.71477345826484, 41.81412084689737], [-72.71479745826485, 41.814120846897374], [-72.71479745826488, 41.81410884689738]]], [[[-72.71531445826487, 41.8143578468974], [-72.71531445826486, 41.81438284689738], [-72.71530445826485, 41.814382846897374], [-72.71530445826488, 41.81435784689739], [-72.71531445826487, 41.8143578468974]]], [[[-72.71446545826487, 41.813831846897386], [-72.71447545826487, 41.813831846897386], [-72.71447545826487, 41.81380684689739], [-72.71446545826487, 41.81380684689739], [-72.71446545826487, 41.813831846897386]]], [[[-72.71503645826486, 41.81455484689738], [-72.71503645826486, 41.81457884689738], [-72.71504245826486, 41.81457884689737], [-72.71504245826488, 41.814554846897366], [-72.71503645826486, 41.81455484689738]]], [[[-72.71548845826487, 41.81429584689739], [-72.71548245826484, 41.81429584689737], [-72.71548245826486, 41.81432084689738], [-72.71548845826486, 41.81432084689738], [-72.71548845826487, 41.81429584689739]]], [[[-72.71596745826484, 41.81405584689738], [-72.71596745826487, 41.81408084689738], [-72.71597845826484, 41.81408084689738], [-72.71597845826486, 41.81405584689738], [-72.71596745826484, 41.81405584689738]]], [[[-72.71503645826486, 41.8144788468974], [-72.71503645826486, 41.81450284689738], [-72.71504245826486, 41.81450284689738], [-72.71504245826486, 41.814478846897394], [-72.71503645826486, 41.8144788468974]]], [[[-72.71483845826488, 41.814582846897395], [-72.71481345826487, 41.81458284689739], [-72.71481345826486, 41.814592846897376], [-72.71483845826486, 41.8145928468974], [-72.71483845826488, 41.814582846897395]]], [[[-72.71500345826487, 41.81455084689739], [-72.71499645826485, 41.81455084689739], [-72.71499645826486, 41.814559846897374], [-72.71500345826486, 41.81455984689738], [-72.71500345826487, 41.81455084689739]]], [[[-72.71548645826488, 41.81419484689739], [-72.71548645826488, 41.81421884689739], [-72.71547545826485, 41.814218846897376], [-72.71547545826485, 41.81419484689739], [-72.71548645826488, 41.81419484689739]]], [[[-72.71448745826486, 41.81443184689738], [-72.71445145826488, 41.81443184689737], [-72.71445145826486, 41.81444684689738], [-72.71448745826484, 41.8144468468974], [-72.71448745826486, 41.81443184689738]]], [[[-72.71555245826487, 41.81432084689738], [-72.71554045826488, 41.81432084689738], [-72.71554045826485, 41.81432784689737], [-72.71555245826487, 41.814327846897385], [-72.71555245826487, 41.81432084689738]]], [[[-72.71572445826486, 41.81454084689739], [-72.71572445826484, 41.81457184689738], [-72.71573545826485, 41.81457184689737], [-72.71573545826486, 41.81454084689739], [-72.71572445826486, 41.81454084689739]]], [[[-72.71596545826486, 41.81445784689737], [-72.71596545826486, 41.81445984689738], [-72.71595145826487, 41.814459846897385], [-72.71595145826487, 41.81445784689738], [-72.71596545826486, 41.81445784689737]]], [[[-72.71597145826486, 41.81462884689739], [-72.71597245826486, 41.814628846897385], [-72.71597245826486, 41.81461484689738], [-72.71597145826486, 41.814614846897385], [-72.71597145826486, 41.81462884689739]]], [[[-72.71576945826486, 41.81434084689738], [-72.71576945826484, 41.81436584689739], [-72.71575945826484, 41.81436584689739], [-72.71575945826484, 41.81434084689738], [-72.71576945826486, 41.81434084689738]]], [[[-72.71466345826487, 41.81433384689736], [-72.71462745826484, 41.81433384689737], [-72.71462745826486, 41.81435184689738], [-72.71466345826487, 41.81435184689738], [-72.71466345826487, 41.81433384689736]]], [[[-72.71543945826485, 41.81462984689738], [-72.71546345826486, 41.81462984689739], [-72.71546345826486, 41.81461784689738], [-72.71543945826487, 41.81461784689738], [-72.71543945826485, 41.81462984689738]]], [[[-72.71514345826486, 41.814042846897394], [-72.71514345826486, 41.81406684689737], [-72.71515345826485, 41.81406684689739], [-72.71515345826487, 41.81404284689739], [-72.71514345826486, 41.814042846897394]]], [[[-72.71447045826484, 41.81439884689739], [-72.71447045826486, 41.8144298468974], [-72.7144884582649, 41.81442984689738], [-72.71448845826485, 41.814398846897404], [-72.71447045826484, 41.81439884689739]]], [[[-72.71471445826487, 41.81420684689737], [-72.71471445826487, 41.81423184689739], [-72.7147244582649, 41.814231846897385], [-72.71472445826487, 41.81420684689739], [-72.71471445826487, 41.81420684689737]]], [[[-72.7157574582649, 41.81406484689739], [-72.71575745826487, 41.81406684689738], [-72.71574545826486, 41.81406684689738], [-72.71574545826489, 41.81406484689739], [-72.7157574582649, 41.81406484689739]]], [[[-72.71596545826486, 41.8143638468974], [-72.71596545826488, 41.81436484689739], [-72.71595145826488, 41.81436484689739], [-72.71595145826487, 41.81436384689739], [-72.71596545826486, 41.8143638468974]]], [[[-72.71549445826486, 41.814289846897395], [-72.71548245826486, 41.81428984689739], [-72.71548245826484, 41.81429584689737], [-72.71549445826486, 41.81429584689739], [-72.71549445826486, 41.814289846897395]]], [[[-72.71470745826485, 41.81380284689739], [-72.71470745826487, 41.81382784689738], [-72.71469645826487, 41.81382784689739], [-72.71469645826488, 41.81380284689739], [-72.71470745826485, 41.81380284689739]]], [[[-72.71500445826487, 41.81433084689738], [-72.71499645826488, 41.814330846897384], [-72.71499645826485, 41.814338846897385], [-72.71500445826483, 41.814338846897364], [-72.71500445826487, 41.81433084689738]]], [[[-72.71470745826487, 41.81406384689736], [-72.71470745826487, 41.81408884689739], [-72.71469645826485, 41.8140888468974], [-72.7146964582649, 41.81406384689738], [-72.71470745826487, 41.81406384689736]]], [[[-72.71530845826486, 41.814069846897375], [-72.71530845826486, 41.81409384689738], [-72.71531545826488, 41.81409384689737], [-72.71531545826485, 41.8140698468974], [-72.71530845826486, 41.814069846897375]]], [[[-72.71535045826488, 41.813967846897384], [-72.71535045826487, 41.813991846897416], [-72.71536045826487, 41.81399184689738], [-72.71536045826487, 41.813967846897384], [-72.71535045826488, 41.813967846897384]]], [[[-72.71432745826485, 41.81405384689737], [-72.71430745826487, 41.8140538468974], [-72.71430745826487, 41.81407784689738], [-72.71432745826486, 41.81407784689737], [-72.71432745826485, 41.81405384689737]]], [[[-72.71452245826485, 41.81394484689739], [-72.71450245826485, 41.81394484689737], [-72.71450245826486, 41.813968846897374], [-72.71452245826488, 41.81396884689739], [-72.71452245826485, 41.81394484689739]]], [[[-72.71570445826488, 41.81417084689737], [-72.71570445826485, 41.8141948468974], [-72.71571345826483, 41.81419484689739], [-72.71571345826486, 41.81417084689738], [-72.71570445826488, 41.81417084689737]]], [[[-72.71588645826485, 41.8139828468974], [-72.71588645826486, 41.813984846897384], [-72.71587245826487, 41.81398484689739], [-72.71587245826487, 41.813982846897396], [-72.71588645826485, 41.8139828468974]]], [[[-72.71516745826486, 41.81452884689737], [-72.71516745826486, 41.81455484689739], [-72.71515745826485, 41.814554846897366], [-72.71515745826485, 41.81452884689739], [-72.71516745826486, 41.81452884689737]]], [[[-72.71602845826486, 41.81392984689738], [-72.71602845826486, 41.813956846897376], [-72.71601645826486, 41.81395684689738], [-72.71601645826486, 41.813929846897395], [-72.71602845826486, 41.81392984689738]]], [[[-72.71544045826487, 41.81407884689739], [-72.71544045826487, 41.81410284689739], [-72.7154294582649, 41.81410284689737], [-72.71542945826485, 41.81407884689739], [-72.71544045826487, 41.81407884689739]]], [[[-72.71575745826487, 41.814030846897374], [-72.71575745826485, 41.81403184689739], [-72.71574545826486, 41.81403184689737], [-72.71574545826485, 41.81403084689738], [-72.71575745826487, 41.814030846897374]]], [[[-72.71579945826485, 41.814628846897385], [-72.71580045826487, 41.814628846897385], [-72.71580045826487, 41.81461484689738], [-72.71579945826485, 41.81461484689737], [-72.71579945826485, 41.814628846897385]]], [[[-72.71530645826486, 41.81406984689739], [-72.71530645826488, 41.81409384689738], [-72.71529645826486, 41.814093846897364], [-72.71529645826486, 41.81406984689739], [-72.71530645826486, 41.81406984689739]]], [[[-72.71452245826488, 41.81396884689739], [-72.71450245826486, 41.813968846897374], [-72.71450245826487, 41.8139928468974], [-72.71452245826487, 41.81399284689739], [-72.71452245826488, 41.81396884689739]]], [[[-72.71552245826484, 41.8139668468974], [-72.71554445826487, 41.81396684689739], [-72.71554445826484, 41.81395984689738], [-72.71552245826484, 41.81395984689738], [-72.71552245826484, 41.8139668468974]]], [[[-72.71471245826486, 41.81445484689737], [-72.71471245826486, 41.81448184689741], [-72.71469545826487, 41.814481846897394], [-72.71469545826486, 41.81445484689738], [-72.71471245826486, 41.81445484689737]]], [[[-72.71501645826486, 41.81462984689738], [-72.71504145826486, 41.81462984689738], [-72.71504145826486, 41.81461784689739], [-72.71501645826487, 41.81461784689738], [-72.71501645826486, 41.81462984689738]]], [[[-72.71526545826488, 41.814468846897384], [-72.71526545826488, 41.81449484689739], [-72.71527545826487, 41.8144948468974], [-72.71527545826486, 41.81446884689738], [-72.71526545826488, 41.814468846897384]]], [[[-72.71516745826486, 41.81450284689739], [-72.71516745826486, 41.81452884689737], [-72.71515745826485, 41.81452884689739], [-72.71515745826485, 41.81450284689737], [-72.71516745826486, 41.81450284689739]]], [[[-72.71572945826487, 41.81390784689738], [-72.71575245826486, 41.813907846897386], [-72.71575245826486, 41.813913846897385], [-72.71572945826486, 41.81391384689739], [-72.71572945826487, 41.81390784689738]]], [[[-72.71509845826486, 41.8139668468974], [-72.71509845826486, 41.81399084689738], [-72.71510845826487, 41.813990846897404], [-72.71510845826487, 41.8139668468974], [-72.71509845826486, 41.8139668468974]]], [[[-72.71440845826486, 41.81405384689737], [-72.71438945826488, 41.81405384689739], [-72.71438945826485, 41.81407784689737], [-72.71440845826487, 41.81407784689738], [-72.71440845826486, 41.81405384689737]]], [[[-72.71588645826486, 41.814025846897394], [-72.71588645826485, 41.814027846897396], [-72.71587245826485, 41.81402784689738], [-72.71587245826487, 41.81402584689738], [-72.71588645826486, 41.814025846897394]]], [[[-72.71432645826485, 41.813992846897385], [-72.71431845826486, 41.813992846897385], [-72.71431845826484, 41.81401184689737], [-72.71432645826486, 41.8140118468974], [-72.71432645826485, 41.813992846897385]]], [[[-72.71577145826487, 41.81443484689738], [-72.71577145826485, 41.81446084689739], [-72.71578245826487, 41.814460846897376], [-72.71578245826487, 41.81443484689738], [-72.71577145826487, 41.81443484689738]]], [[[-72.71534845826486, 41.81401784689739], [-72.71534845826486, 41.8140678468974], [-72.7153384582649, 41.81406784689739], [-72.71533845826487, 41.81401784689739], [-72.71534845826486, 41.81401784689739]]], [[[-72.71570345826487, 41.81401784689739], [-72.71570345826484, 41.81404284689739], [-72.71569645826486, 41.81404284689738], [-72.71569645826486, 41.81401784689739], [-72.71570345826487, 41.81401784689739]]], [[[-72.71497345826488, 41.814353846897376], [-72.71496645826487, 41.814353846897376], [-72.71496645826485, 41.814361846897384], [-72.71497345826484, 41.81436184689739], [-72.71497345826488, 41.814353846897376]]], [[[-72.71490545826488, 41.81453184689736], [-72.71489845826486, 41.814531846897374], [-72.71489845826484, 41.81454084689739], [-72.71490545826485, 41.81454084689739], [-72.71490545826488, 41.81453184689736]]], [[[-72.71553345826484, 41.81416984689739], [-72.71553345826486, 41.81419384689739], [-72.71554545826484, 41.814193846897375], [-72.71554545826483, 41.8141698468974], [-72.71553345826484, 41.81416984689739]]], [[[-72.71484645826486, 41.814202846897395], [-72.71482245826486, 41.81420284689739], [-72.71482245826486, 41.81421284689739], [-72.71484645826487, 41.81421284689739], [-72.71484645826486, 41.814202846897395]]], [[[-72.71571045826487, 41.81462984689739], [-72.71573545826486, 41.81462984689739], [-72.71573545826486, 41.814617846897384], [-72.71571045826488, 41.81461784689739], [-72.71571045826487, 41.81462984689739]]], [[[-72.71489645826486, 41.81445084689738], [-72.71489645826486, 41.81447084689741], [-72.71490445826485, 41.81447084689741], [-72.71490445826488, 41.81445084689737], [-72.71489645826486, 41.81445084689738]]], [[[-72.71490545826487, 41.81452284689738], [-72.71489845826486, 41.81452284689738], [-72.71489845826486, 41.814531846897374], [-72.71490545826488, 41.81453184689736], [-72.71490545826487, 41.81452284689738]]], [[[-72.71430245826487, 41.81439484689738], [-72.71430245826488, 41.81442584689739], [-72.71432045826488, 41.81442584689738], [-72.71432045826488, 41.81439484689738], [-72.71430245826487, 41.81439484689738]]], [[[-72.71444945826485, 41.814490846897385], [-72.71441945826486, 41.814490846897385], [-72.71441945826484, 41.8144718468974], [-72.71444945826487, 41.81447184689738], [-72.71444945826485, 41.814490846897385]]], [[[-72.71602845826486, 41.81445784689738], [-72.71602845826487, 41.8144828468974], [-72.71601645826486, 41.814482846897384], [-72.71601645826486, 41.81445784689739], [-72.71602845826486, 41.81445784689738]]], [[[-72.71563345826486, 41.81439784689741], [-72.71563345826486, 41.81442384689739], [-72.71564345826486, 41.8144238468974], [-72.71564345826485, 41.81439784689738], [-72.71563345826486, 41.81439784689741]]], [[[-72.71544045826487, 41.81412884689739], [-72.71544045826487, 41.81415384689738], [-72.71542945826488, 41.81415384689738], [-72.71542945826484, 41.81412884689738], [-72.71544045826487, 41.81412884689739]]], [[[-72.71570345826485, 41.814093846897386], [-72.71570345826487, 41.81410584689738], [-72.71569645826487, 41.81410584689739], [-72.71569645826486, 41.81409384689739], [-72.71570345826485, 41.814093846897386]]], [[[-72.71512245826486, 41.814316846897384], [-72.71512245826486, 41.81434084689739], [-72.71511145826484, 41.814340846897394], [-72.71511145826486, 41.814316846897384], [-72.71512245826486, 41.814316846897384]]], [[[-72.71588645826485, 41.814376846897396], [-72.71588645826485, 41.81437784689737], [-72.71590045826485, 41.814377846897386], [-72.71590045826487, 41.81437684689739], [-72.71588645826485, 41.814376846897396]]], [[[-72.71582045826484, 41.814404846897375], [-72.71582045826484, 41.814405846897394], [-72.71583445826488, 41.814405846897394], [-72.71583445826487, 41.81440484689737], [-72.71582045826484, 41.814404846897375]]], [[[-72.71494245826482, 41.814438846897396], [-72.71493645826486, 41.81443884689738], [-72.71493645826486, 41.8144468468974], [-72.71494245826484, 41.81444684689738], [-72.71494245826482, 41.814438846897396]]], [[[-72.71494345826484, 41.814345846897396], [-72.71493645826484, 41.81434584689742], [-72.71493645826487, 41.81435384689739], [-72.71494345826487, 41.81435384689739], [-72.71494345826484, 41.814345846897396]]], [[[-72.71544045826488, 41.81410384689737], [-72.71544045826487, 41.81412884689739], [-72.71542945826484, 41.81412884689738], [-72.71542945826485, 41.81410384689739], [-72.71544045826488, 41.81410384689737]]], [[[-72.71566545826485, 41.814093846897386], [-72.71566545826488, 41.81411784689738], [-72.71567245826486, 41.81411784689737], [-72.71567245826486, 41.814093846897364], [-72.71566545826485, 41.814093846897386]]], [[[-72.71580845826486, 41.81412184689737], [-72.71580845826486, 41.81414784689739], [-72.71581545826487, 41.81414784689739], [-72.71581545826486, 41.814121846897386], [-72.71580845826486, 41.81412184689737]]], [[[-72.71500345826486, 41.81449384689737], [-72.71499645826486, 41.81449384689739], [-72.71499645826489, 41.81450284689739], [-72.71500345826487, 41.81450284689738], [-72.71500345826486, 41.81449384689737]]], [[[-72.71470745826484, 41.8142218468974], [-72.71470745826488, 41.81424784689739], [-72.71469645826488, 41.81424784689737], [-72.71469645826487, 41.81422184689739], [-72.71470745826484, 41.8142218468974]]], [[[-72.71435845826485, 41.81439884689739], [-72.71435845826488, 41.814429846897376], [-72.71437645826487, 41.814429846897376], [-72.71437645826487, 41.814398846897376], [-72.71435845826485, 41.81439884689739]]], [[[-72.71466245826487, 41.81380284689739], [-72.71466245826488, 41.813828846897394], [-72.71467245826486, 41.81382884689739], [-72.71467245826487, 41.81380284689739], [-72.71466245826487, 41.81380284689739]]], [[[-72.71552345826487, 41.814320846897374], [-72.71551145826486, 41.814320846897395], [-72.71551145826487, 41.814327846897385], [-72.71552345826487, 41.81432784689737], [-72.71552345826487, 41.814320846897374]]], [[[-72.71581745826488, 41.81411384689738], [-72.71581745826487, 41.81411484689738], [-72.71583145826487, 41.81411484689737], [-72.71583145826486, 41.814113846897385], [-72.71581745826488, 41.81411384689738]]], [[[-72.71544145826485, 41.814166846897386], [-72.71544145826485, 41.81419184689738], [-72.71545145826488, 41.81419184689737], [-72.71545145826488, 41.81416684689739], [-72.71544145826485, 41.814166846897386]]], [[[-72.71566445826484, 41.81404384689739], [-72.71566445826487, 41.814067846897395], [-72.71565745826486, 41.81406784689739], [-72.71565745826484, 41.81404384689737], [-72.71566445826484, 41.81404384689739]]], [[[-72.71588645826485, 41.81444484689737], [-72.71588645826485, 41.8144468468974], [-72.71590045826485, 41.8144468468974], [-72.71590045826484, 41.81444484689737], [-72.71588645826485, 41.81444484689737]]], [[[-72.71490545826487, 41.81430084689738], [-72.71489845826486, 41.81430084689738], [-72.71489845826486, 41.814306846897374], [-72.71490545826487, 41.81430684689735], [-72.71490545826487, 41.81430084689738]]], [[[-72.71446945826487, 41.81436684689738], [-72.71446945826486, 41.814397846897386], [-72.71445145826485, 41.81439784689738], [-72.71445145826489, 41.81436684689736], [-72.71446945826487, 41.81436684689738]]], [[[-72.71526345826486, 41.8143088468974], [-72.71526345826484, 41.8143238468974], [-72.71527045826487, 41.81432384689739], [-72.71527045826485, 41.81430884689739], [-72.71526345826486, 41.8143088468974]]], [[[-72.71503645826486, 41.814453846897386], [-72.71503645826485, 41.81447784689737], [-72.71504245826486, 41.81447784689738], [-72.71504245826486, 41.81445384689737], [-72.71503645826486, 41.814453846897386]]], [[[-72.71567745826485, 41.81442484689738], [-72.71567745826484, 41.814449846897375], [-72.71566745826486, 41.81444984689736], [-72.71566745826486, 41.814424846897374], [-72.71567745826485, 41.81442484689738]]], [[[-72.71521045826486, 41.8143238468974], [-72.71521045826485, 41.81433784689738], [-72.71520345826487, 41.814337846897395], [-72.71520345826487, 41.814323846897395], [-72.71521045826486, 41.8143238468974]]], [[[-72.71539645826488, 41.81456384689739], [-72.71539645826485, 41.814575846897384], [-72.71540745826486, 41.814575846897384], [-72.71540745826486, 41.81456384689738], [-72.71539645826488, 41.81456384689739]]], [[[-72.71565745826483, 41.81424784689737], [-72.71567145826485, 41.81424784689739], [-72.71567145826486, 41.81425484689738], [-72.71565745826486, 41.814254846897384], [-72.71565745826483, 41.81424784689737]]], [[[-72.71553245826486, 41.814381846897376], [-72.71553245826489, 41.81440684689739], [-72.7155464582649, 41.81440684689739], [-72.71554645826485, 41.81438184689736], [-72.71553245826486, 41.814381846897376]]], [[[-72.71486445826486, 41.8145828468974], [-72.71483945826486, 41.8145828468974], [-72.71483945826486, 41.814592846897376], [-72.71486445826487, 41.814592846897376], [-72.71486445826486, 41.8145828468974]]], [[[-72.71445045826488, 41.81443184689738], [-72.71443345826486, 41.81443184689738], [-72.71443345826486, 41.8144468468974], [-72.71445045826485, 41.8144468468974], [-72.71445045826488, 41.81443184689738]]], [[[-72.71526445826485, 41.81417084689738], [-72.71526445826485, 41.81419484689739], [-72.71525745826484, 41.81419484689739], [-72.71525745826486, 41.81417084689737], [-72.71526445826485, 41.81417084689738]]], [[[-72.71497245826487, 41.81445584689738], [-72.71496645826488, 41.81445584689737], [-72.71496645826487, 41.814463846897375], [-72.71497245826487, 41.814463846897375], [-72.71497245826487, 41.81445584689738]]], [[[-72.71583245826487, 41.813966846897365], [-72.71582145826486, 41.81396684689737], [-72.71582145826484, 41.81397884689739], [-72.71583245826486, 41.813978846897385], [-72.71583245826487, 41.813966846897365]]], [[[-72.71478145826485, 41.81391584689737], [-72.71478145826487, 41.81390384689739], [-72.71477545826487, 41.813903846897375], [-72.71477545826487, 41.813915846897395], [-72.71478145826485, 41.81391584689737]]], [[[-72.71572245826488, 41.814381846897376], [-72.71572245826486, 41.8144068468974], [-72.71571245826486, 41.81440684689739], [-72.71571245826486, 41.814381846897376], [-72.71572245826488, 41.814381846897376]]], [[[-72.71596745826486, 41.81443484689738], [-72.71596745826486, 41.81446084689738], [-72.71597845826486, 41.81446084689738], [-72.71597845826483, 41.81443484689737], [-72.71596745826486, 41.81443484689738]]], [[[-72.71553245826486, 41.81401784689739], [-72.71553245826485, 41.8140428468974], [-72.71552245826487, 41.81404284689738], [-72.71552245826484, 41.81401784689738], [-72.71553245826486, 41.81401784689739]]], [[[-72.71515645826486, 41.81435084689736], [-72.71516845826486, 41.814350846897376], [-72.71516845826486, 41.81434084689739], [-72.71515645826486, 41.81434084689738], [-72.71515645826486, 41.81435084689736]]], [[[-72.71491945826486, 41.81420084689739], [-72.71489545826485, 41.8142008468974], [-72.71489545826488, 41.81418984689739], [-72.71491945826487, 41.81418984689739], [-72.71491945826486, 41.81420084689739]]], [[[-72.71597945826488, 41.81462884689739], [-72.71598145826488, 41.814628846897385], [-72.71598145826486, 41.814614846897385], [-72.71597945826487, 41.81461484689738], [-72.71597945826488, 41.81462884689739]]], [[[-72.71575745826485, 41.81409084689739], [-72.71575745826486, 41.81409184689738], [-72.71574545826486, 41.81409184689739], [-72.71574545826486, 41.8140908468974], [-72.71575745826485, 41.81409084689739]]], [[[-72.71527045826485, 41.81430884689739], [-72.71527045826487, 41.81432384689739], [-72.71527745826484, 41.81432384689739], [-72.71527745826485, 41.814308846897354], [-72.71527045826485, 41.81430884689739]]], [[[-72.71483245826488, 41.81424884689738], [-72.71480945826488, 41.81424884689737], [-72.71480945826485, 41.81425584689739], [-72.71483245826487, 41.81425584689738], [-72.71483245826488, 41.81424884689738]]], [[[-72.71549545826487, 41.8142958468974], [-72.71548845826487, 41.81429584689739], [-72.71548845826486, 41.81432084689738], [-72.71549545826485, 41.81432084689738], [-72.71549545826487, 41.8142958468974]]], [[[-72.71439545826486, 41.814166846897386], [-72.71439545826486, 41.81419284689736], [-72.71440745826486, 41.81419284689738], [-72.71440745826484, 41.814166846897386], [-72.71439545826486, 41.814166846897386]]], [[[-72.71484245826488, 41.81385184689738], [-72.71481845826489, 41.81385184689738], [-72.71481845826486, 41.81386284689739], [-72.71484245826487, 41.813862846897365], [-72.71484245826488, 41.81385184689738]]], [[[-72.71449945826487, 41.81381184689738], [-72.71449945826485, 41.81380184689738], [-72.71447545826484, 41.81380184689739], [-72.71447545826486, 41.81381184689739], [-72.71449945826487, 41.81381184689738]]], [[[-72.71575745826486, 41.81405684689739], [-72.71575745826487, 41.81405784689738], [-72.71574545826485, 41.81405784689739], [-72.71574545826486, 41.81405684689739], [-72.71575745826486, 41.81405684689739]]], [[[-72.71588645826486, 41.81417184689738], [-72.71588645826485, 41.81417284689738], [-72.71590045826484, 41.81417284689738], [-72.71590045826485, 41.81417184689739], [-72.71588645826486, 41.81417184689738]]], [[[-72.71432645826486, 41.81407784689737], [-72.71431845826486, 41.8140778468974], [-72.71431845826484, 41.814095846897374], [-72.71432645826486, 41.814095846897374], [-72.71432645826486, 41.81407784689737]]], [[[-72.71535845826486, 41.814380846897386], [-72.71535845826486, 41.814405846897394], [-72.71536445826487, 41.814405846897394], [-72.71536445826484, 41.814380846897414], [-72.71535845826486, 41.814380846897386]]], [[[-72.71596545826488, 41.814440846897405], [-72.71596545826488, 41.81444284689739], [-72.71595145826487, 41.81444284689739], [-72.71595145826485, 41.81444084689738], [-72.71596545826488, 41.814440846897405]]], [[[-72.71526645826485, 41.81417084689738], [-72.71526645826486, 41.81419484689737], [-72.71527345826486, 41.81419484689739], [-72.71527345826487, 41.814170846897376], [-72.71526645826485, 41.81417084689738]]], [[[-72.71582045826486, 41.8144648468974], [-72.71582045826484, 41.81446584689738], [-72.71583445826488, 41.814465846897384], [-72.71583445826485, 41.81446484689739], [-72.71582045826486, 41.8144648468974]]], [[[-72.71503645826489, 41.814302846897384], [-72.71503645826488, 41.814326846897366], [-72.71504245826486, 41.81432684689738], [-72.71504245826488, 41.81430284689739], [-72.71503645826489, 41.814302846897384]]], [[[-72.71557645826486, 41.814043846897356], [-72.71557645826486, 41.814067846897395], [-72.71556945826488, 41.81406784689738], [-72.71556945826485, 41.81404384689739], [-72.71557645826486, 41.814043846897356]]], [[[-72.71499345826486, 41.81452284689739], [-72.71498645826485, 41.81452284689739], [-72.71498645826485, 41.814531846897374], [-72.71499345826486, 41.814531846897374], [-72.71499345826486, 41.81452284689739]]], [[[-72.71477245826486, 41.81406084689738], [-72.71474945826486, 41.81406084689739], [-72.71474945826485, 41.81405084689739], [-72.71477245826486, 41.81405084689739], [-72.71477245826486, 41.81406084689738]]], [[[-72.71548745826485, 41.81404384689739], [-72.71548745826486, 41.814067846897395], [-72.71549745826486, 41.81406784689739], [-72.71549745826486, 41.81404384689739], [-72.71548745826485, 41.81404384689739]]], [[[-72.71516745826486, 41.81387984689738], [-72.71518745826485, 41.8138798468974], [-72.71518745826486, 41.81387284689738], [-72.71516745826486, 41.81387284689738], [-72.71516745826486, 41.81387984689738]]], [[[-72.71459745826486, 41.81396784689736], [-72.71457645826486, 41.81396784689739], [-72.71457645826487, 41.813991846897395], [-72.71459745826486, 41.81399184689738], [-72.71459745826486, 41.81396784689736]]], [[[-72.71493545826486, 41.81442284689738], [-72.71492945826486, 41.814422846897386], [-72.71492945826485, 41.81443084689739], [-72.71493545826485, 41.814430846897395], [-72.71493545826486, 41.81442284689738]]], [[[-72.71596745826484, 41.81397584689738], [-72.71596745826487, 41.81400184689738], [-72.71597845826486, 41.814001846897376], [-72.71597845826486, 41.81397584689738], [-72.71596745826484, 41.81397584689738]]], [[[-72.71452445826486, 41.81433484689738], [-72.71452445826486, 41.81436584689739], [-72.71450745826486, 41.81436584689739], [-72.71450745826486, 41.81433484689739], [-72.71452445826486, 41.81433484689738]]], [[[-72.71544045826487, 41.81401084689739], [-72.71544045826487, 41.81404784689739], [-72.71542945826485, 41.81404784689739], [-72.71542945826488, 41.81401084689739], [-72.71544045826487, 41.81401084689739]]], [[[-72.71505645826487, 41.81411884689739], [-72.71505645826487, 41.81414384689739], [-72.71504945826486, 41.81414384689739], [-72.71504945826486, 41.814118846897394], [-72.71505645826487, 41.81411884689739]]], [[[-72.71554545826486, 41.81435284689741], [-72.71552545826488, 41.81435284689739], [-72.71552545826486, 41.81434284689739], [-72.71554545826486, 41.8143428468974], [-72.71554545826486, 41.81435284689741]]], [[[-72.71602845826486, 41.814096846897385], [-72.71602845826486, 41.81412484689739], [-72.71601645826487, 41.81412484689737], [-72.71601645826486, 41.814096846897385], [-72.71602845826486, 41.814096846897385]]], [[[-72.71539445826488, 41.81413584689737], [-72.71539445826487, 41.8141728468974], [-72.71538445826484, 41.81417284689739], [-72.71538445826485, 41.81413584689739], [-72.71539445826488, 41.81413584689737]]], [[[-72.71598445826484, 41.81397584689738], [-72.71598445826486, 41.813981846897384], [-72.71597845826487, 41.81398184689739], [-72.71597845826486, 41.81397584689738], [-72.71598445826484, 41.81397584689738]]], [[[-72.71596545826488, 41.814061846897374], [-72.71596545826486, 41.81406284689737], [-72.71595145826487, 41.81406284689738], [-72.71595145826488, 41.81406184689737], [-72.71596545826488, 41.814061846897374]]], [[[-72.71582045826486, 41.81421484689737], [-72.71582045826489, 41.8142408468974], [-72.71583045826488, 41.81424084689739], [-72.71583045826486, 41.81421484689739], [-72.71582045826486, 41.81421484689737]]], [[[-72.71562045826488, 41.81419584689739], [-72.71562045826485, 41.81421984689738], [-72.71560845826485, 41.81421984689737], [-72.71560845826488, 41.814195846897384], [-72.71562045826488, 41.81419584689739]]], [[[-72.71576145826486, 41.8146298468974], [-72.71577345826488, 41.81462984689738], [-72.71577345826486, 41.81461784689738], [-72.71576145826484, 41.81461784689738], [-72.71576145826486, 41.8146298468974]]], [[[-72.71588645826486, 41.81417984689738], [-72.71588645826486, 41.814181846897384], [-72.71587245826488, 41.814181846897384], [-72.71587245826487, 41.81417984689737], [-72.71588645826486, 41.81417984689738]]], [[[-72.71588645826486, 41.81420584689738], [-72.71588645826485, 41.8142068468974], [-72.71590045826484, 41.814206846897385], [-72.71590045826487, 41.81420584689739], [-72.71588645826486, 41.81420584689738]]], [[[-72.71509645826487, 41.81414284689738], [-72.71509645826487, 41.81416784689737], [-72.71508945826486, 41.81416784689736], [-72.71508945826487, 41.81414284689737], [-72.71509645826487, 41.81414284689738]]], [[[-72.71515645826486, 41.8143268468974], [-72.71516845826486, 41.81432684689737], [-72.71516845826487, 41.81431584689739], [-72.71515645826486, 41.81431584689739], [-72.71515645826486, 41.8143268468974]]], [[[-72.71434245826484, 41.81382384689739], [-72.71433045826488, 41.813823846897385], [-72.71433045826488, 41.813834846897386], [-72.71434245826487, 41.813834846897386], [-72.71434245826484, 41.81382384689739]]], [[[-72.71452245826488, 41.814028846897386], [-72.71450245826486, 41.81402884689738], [-72.71450245826486, 41.81405384689739], [-72.71452245826488, 41.81405384689738], [-72.71452245826488, 41.814028846897386]]], [[[-72.71526045826486, 41.81389584689738], [-72.71526045826486, 41.813901846897394], [-72.71525745826486, 41.81390184689739], [-72.71525745826486, 41.81389584689739], [-72.71526045826486, 41.81389584689738]]], [[[-72.71553345826484, 41.813967846897384], [-72.71553345826484, 41.81399184689739], [-72.71554545826487, 41.81399184689737], [-72.71554545826483, 41.81396784689739], [-72.71553345826484, 41.813967846897384]]], [[[-72.71441445826486, 41.814334846897374], [-72.71441445826486, 41.8143658468974], [-72.71443245826487, 41.81436584689739], [-72.71443245826488, 41.814334846897374], [-72.71441445826486, 41.814334846897374]]], [[[-72.7143424582649, 41.81386884689739], [-72.71433045826487, 41.81386884689738], [-72.71433045826484, 41.81387984689738], [-72.71434245826487, 41.813879846897386], [-72.7143424582649, 41.81386884689739]]], [[[-72.71544045826487, 41.81397284689739], [-72.71544045826488, 41.8140098468974], [-72.71542945826485, 41.8140098468974], [-72.71542945826486, 41.81397284689739], [-72.71544045826487, 41.81397284689739]]], [[[-72.71575745826486, 41.81402184689738], [-72.71575745826486, 41.814023846897385], [-72.71574545826488, 41.814023846897385], [-72.71574545826486, 41.814021846897376], [-72.71575745826486, 41.81402184689738]]], [[[-72.71436545826487, 41.813944846897385], [-72.71434545826486, 41.813944846897385], [-72.71434545826484, 41.813968846897374], [-72.71436545826485, 41.81396884689739], [-72.71436545826487, 41.813944846897385]]], [[[-72.71494545826486, 41.81449384689739], [-72.71493745826486, 41.81449384689739], [-72.71493745826487, 41.81450284689738], [-72.71494545826486, 41.81450284689738], [-72.71494545826486, 41.81449384689739]]], [[[-72.71522645826485, 41.81416984689738], [-72.71522645826487, 41.814193846897375], [-72.71521945826485, 41.814193846897375], [-72.71521945826485, 41.81416984689739], [-72.71522645826485, 41.81416984689738]]], [[[-72.71458545826486, 41.81424684689738], [-72.71458545826485, 41.814271846897384], [-72.71457345826487, 41.81427184689739], [-72.71457345826487, 41.81424684689738], [-72.71458545826486, 41.81424684689738]]], [[[-72.71464845826486, 41.814166846897386], [-72.71464845826488, 41.81419284689736], [-72.71463645826486, 41.81419284689738], [-72.71463645826486, 41.8141668468974], [-72.71464845826486, 41.814166846897386]]], [[[-72.71491245826485, 41.8143728468974], [-72.71490545826487, 41.8143728468974], [-72.71490545826487, 41.81436484689739], [-72.71491245826485, 41.81436484689739], [-72.71491245826485, 41.8143728468974]]], [[[-72.71527545826486, 41.814377846897386], [-72.71525245826486, 41.81437784689739], [-72.71525245826484, 41.814387846897375], [-72.71527545826486, 41.814387846897375], [-72.71527545826486, 41.814377846897386]]], [[[-72.71434245826485, 41.813857846897385], [-72.71433045826488, 41.81385784689738], [-72.71433045826487, 41.81386884689738], [-72.7143424582649, 41.81386884689739], [-72.71434245826485, 41.813857846897385]]], [[[-72.71518545826486, 41.81411884689739], [-72.71518545826486, 41.814143846897394], [-72.71519545826484, 41.8141438468974], [-72.71519545826486, 41.81411884689738], [-72.71518545826486, 41.81411884689739]]], [[[-72.71570345826485, 41.81422084689739], [-72.71570345826485, 41.814244846897395], [-72.71569645826486, 41.81424484689741], [-72.71569645826486, 41.81422084689739], [-72.71570345826485, 41.81422084689739]]], [[[-72.71450245826487, 41.813865846897386], [-72.71449545826486, 41.813865846897386], [-72.71449545826485, 41.813876846897365], [-72.71450245826485, 41.81387684689737], [-72.71450245826487, 41.813865846897386]]], [[[-72.71503445826487, 41.814377846897386], [-72.71503445826487, 41.81440284689738], [-72.71502445826486, 41.81440284689738], [-72.71502445826488, 41.814377846897386], [-72.71503445826487, 41.814377846897386]]], [[[-72.71558545826487, 41.81456784689736], [-72.71558545826487, 41.81459384689739], [-72.71557045826489, 41.814593846897395], [-72.71557045826486, 41.81456784689737], [-72.71558545826487, 41.81456784689736]]], [[[-72.71531645826487, 41.81391284689737], [-72.71531645826487, 41.813918846897366], [-72.71532045826487, 41.81391884689739], [-72.71532045826486, 41.813912846897374], [-72.71531645826487, 41.81391284689737]]], [[[-72.71521645826488, 41.81444184689741], [-72.71521645826486, 41.81446784689741], [-72.71522845826486, 41.81446784689736], [-72.71522845826486, 41.81444184689738], [-72.71521645826488, 41.81444184689741]]], [[[-72.71535045826488, 41.81421984689739], [-72.71535045826485, 41.814244846897374], [-72.71536045826485, 41.81424484689739], [-72.71536045826485, 41.81421984689738], [-72.71535045826488, 41.81421984689739]]], [[[-72.71572245826486, 41.814407846897375], [-72.71572245826484, 41.8144338468974], [-72.71571245826486, 41.8144338468974], [-72.71571245826487, 41.81440784689738], [-72.71572245826486, 41.814407846897375]]], [[[-72.71489445826488, 41.81445084689735], [-72.71489445826487, 41.81443884689737], [-72.71490445826485, 41.81443884689739], [-72.71490445826488, 41.81445084689737], [-72.71489445826488, 41.81445084689735]]], [[[-72.71520345826487, 41.81429484689738], [-72.71520345826487, 41.8143088468974], [-72.71521045826488, 41.81430884689738], [-72.71521045826486, 41.81429484689737], [-72.71520345826487, 41.81429484689738]]], [[[-72.71576545826485, 41.81385184689738], [-72.71574145826486, 41.813851846897386], [-72.71574145826486, 41.813858846897396], [-72.71576545826484, 41.813858846897396], [-72.71576545826485, 41.81385184689738]]], [[[-72.71544145826488, 41.81421784689738], [-72.71544145826486, 41.814241846897396], [-72.71545145826484, 41.81424184689739], [-72.71545145826488, 41.81421784689738], [-72.71544145826488, 41.81421784689738]]], [[[-72.71527645826487, 41.8142898468974], [-72.71526445826485, 41.8142898468974], [-72.71526445826485, 41.8142948468974], [-72.71527645826487, 41.8142948468974], [-72.71527645826487, 41.8142898468974]]], [[[-72.71493545826486, 41.81433884689738], [-72.71492845826488, 41.81433884689738], [-72.71492845826484, 41.81434584689738], [-72.71493545826486, 41.814345846897375], [-72.71493545826486, 41.81433884689738]]], [[[-72.71457545826487, 41.81447284689736], [-72.71457545826486, 41.81450384689739], [-72.71459045826484, 41.814503846897395], [-72.71459045826488, 41.814472846897374], [-72.71457545826487, 41.81447284689736]]], [[[-72.71549445826484, 41.81391484689739], [-72.71551745826486, 41.81391484689738], [-72.71551745826486, 41.81390884689739], [-72.71549445826484, 41.81390884689738], [-72.71549445826484, 41.81391484689739]]], [[[-72.71531645826485, 41.813894846897384], [-72.71531645826487, 41.81390084689738], [-72.71532045826486, 41.81390084689738], [-72.71532045826484, 41.813894846897384], [-72.71531645826485, 41.813894846897384]]], [[[-72.71432745826486, 41.813896846897386], [-72.71430745826483, 41.813896846897386], [-72.71430745826484, 41.813920846897375], [-72.71432745826486, 41.813920846897396], [-72.71432745826486, 41.813896846897386]]], [[[-72.71539645826488, 41.81443184689737], [-72.71539645826485, 41.814456846897386], [-72.71540745826486, 41.81445684689738], [-72.71540745826489, 41.81443184689737], [-72.71539645826488, 41.81443184689737]]], [[[-72.71454245826486, 41.81449084689739], [-72.71451245826486, 41.814490846897385], [-72.71451245826485, 41.8144718468974], [-72.71454245826484, 41.814471846897405], [-72.71454245826486, 41.81449084689739]]], [[[-72.71582045826486, 41.81448984689739], [-72.71582045826486, 41.81449184689738], [-72.71583445826485, 41.8144918468974], [-72.71583445826487, 41.81448984689739], [-72.71582045826486, 41.81448984689739]]], [[[-72.71544045826487, 41.814204846897375], [-72.71544045826485, 41.814241846897396], [-72.71542945826486, 41.81424184689738], [-72.71542945826488, 41.81420484689736], [-72.71544045826487, 41.814204846897375]]], [[[-72.71522645826485, 41.81404384689738], [-72.71522645826487, 41.81406784689739], [-72.71521945826485, 41.814067846897395], [-72.71521945826485, 41.814043846897356], [-72.71522645826485, 41.81404384689738]]], [[[-72.71531445826486, 41.81454284689737], [-72.71531445826486, 41.81456984689739], [-72.71530445826487, 41.81456984689739], [-72.71530445826487, 41.81454284689737], [-72.71531445826486, 41.81454284689737]]], [[[-72.71596545826486, 41.814491846897376], [-72.71596545826486, 41.81449384689739], [-72.71595145826484, 41.81449384689738], [-72.71595145826488, 41.8144918468974], [-72.71596545826486, 41.814491846897376]]], [[[-72.71477245826486, 41.81445084689738], [-72.71477245826483, 41.8144738468974], [-72.71476145826487, 41.81447384689738], [-72.71476145826486, 41.814450846897365], [-72.71477245826486, 41.81445084689738]]], [[[-72.71496645826487, 41.81429184689738], [-72.71495845826485, 41.8142918468974], [-72.71495845826487, 41.81429984689739], [-72.71496645826488, 41.814299846897384], [-72.71496645826487, 41.81429184689738]]], [[[-72.71499545826487, 41.814445846897385], [-72.71499545826487, 41.81447084689739], [-72.71498845826486, 41.81447084689739], [-72.71498845826486, 41.81444584689738], [-72.71499545826487, 41.814445846897385]]], [[[-72.71479745826487, 41.81420084689738], [-72.71477345826484, 41.814200846897386], [-72.71477345826486, 41.81418984689739], [-72.7147974582649, 41.81418984689739], [-72.71479745826487, 41.81420084689738]]], [[[-72.71493445826485, 41.81452284689738], [-72.71492745826485, 41.81452284689741], [-72.71492745826487, 41.814531846897374], [-72.71493445826486, 41.81453184689737], [-72.71493445826485, 41.81452284689738]]], [[[-72.71554645826487, 41.81429584689739], [-72.71554045826487, 41.81429584689738], [-72.71554045826488, 41.81432084689738], [-72.71554645826487, 41.81432084689738], [-72.71554645826487, 41.81429584689739]]], [[[-72.71552345826487, 41.81429584689738], [-72.71551745826486, 41.814295846897394], [-72.71551745826486, 41.81432084689738], [-72.71552345826487, 41.814320846897374], [-72.71552345826487, 41.81429584689738]]], [[[-72.71521045826485, 41.81433784689738], [-72.71521045826488, 41.81435284689739], [-72.71520345826487, 41.81435284689739], [-72.71520345826487, 41.814337846897395], [-72.71521045826485, 41.81433784689738]]], [[[-72.71596545826486, 41.81416484689737], [-72.71596545826488, 41.814165846897374], [-72.71595145826487, 41.81416584689738], [-72.71595145826485, 41.81416484689737], [-72.71596545826486, 41.81416484689737]]], [[[-72.71588645826485, 41.81407684689738], [-72.71588645826486, 41.814078846897374], [-72.71590045826487, 41.81407884689739], [-72.71590045826484, 41.814076846897365], [-72.71588645826485, 41.81407684689738]]], [[[-72.71588645826486, 41.81405984689739], [-72.71588645826486, 41.81406184689736], [-72.71590045826487, 41.814061846897374], [-72.71590045826488, 41.81405984689739], [-72.71588645826486, 41.81405984689739]]], [[[-72.71490545826487, 41.81430684689735], [-72.71489845826486, 41.814306846897374], [-72.71489845826486, 41.8143138468974], [-72.71490545826487, 41.81431384689739], [-72.71490545826487, 41.81430684689735]]], [[[-72.71493545826486, 41.814353846897376], [-72.7149284582649, 41.81435384689738], [-72.71492845826488, 41.814361846897384], [-72.71493545826488, 41.81436184689737], [-72.71493545826486, 41.814353846897376]]], [[[-72.71440845826484, 41.81392084689738], [-72.71438945826486, 41.813920846897375], [-72.71438945826486, 41.813944846897385], [-72.71440845826484, 41.813944846897385], [-72.71440845826484, 41.81392084689738]]], [[[-72.71581845826486, 41.814485846897384], [-72.71581845826483, 41.81451084689737], [-72.71580645826486, 41.81451084689739], [-72.7158064582649, 41.814485846897384], [-72.71581845826486, 41.814485846897384]]], [[[-72.71503645826488, 41.81440284689738], [-72.71503645826488, 41.814427846897374], [-72.71504245826486, 41.81442784689737], [-72.71504245826488, 41.814402846897366], [-72.71503645826488, 41.81440284689738]]], [[[-72.71565745826484, 41.8139668468974], [-72.71567245826486, 41.8139668468974], [-72.71567245826488, 41.81395984689737], [-72.71565745826487, 41.813959846897376], [-72.71565745826484, 41.8139668468974]]], [[[-72.71439245826487, 41.81424684689738], [-72.71439245826487, 41.81427184689739], [-72.71438045826484, 41.81427184689739], [-72.71438045826486, 41.81424684689738], [-72.71439245826487, 41.81424684689738]]], [[[-72.71566545826485, 41.81411884689739], [-72.71566545826484, 41.81414384689738], [-72.71567245826485, 41.814143846897394], [-72.71567245826486, 41.81411884689739], [-72.71566545826485, 41.81411884689739]]], [[[-72.71535845826484, 41.81453184689737], [-72.71535845826484, 41.81455684689737], [-72.71536445826486, 41.81455684689738], [-72.71536445826487, 41.814531846897374], [-72.71535845826484, 41.81453184689737]]], [[[-72.71588645826489, 41.814522846897376], [-72.71588645826488, 41.81452384689737], [-72.71590045826484, 41.81452384689737], [-72.71590045826485, 41.81452284689738], [-72.71588645826489, 41.814522846897376]]], [[[-72.71544145826486, 41.81456684689739], [-72.71544145826486, 41.81459284689738], [-72.71543045826485, 41.814592846897376], [-72.71543045826488, 41.8145668468974], [-72.71544145826486, 41.81456684689739]]], [[[-72.71438745826487, 41.814490846897385], [-72.71435745826487, 41.814490846897385], [-72.71435745826484, 41.81447184689738], [-72.71438745826485, 41.81447184689739], [-72.71438745826487, 41.814490846897385]]], [[[-72.71470045826486, 41.81433384689738], [-72.71466345826487, 41.81433384689736], [-72.71466345826487, 41.81435184689738], [-72.71470045826487, 41.814351846897374], [-72.71470045826486, 41.81433384689738]]], [[[-72.71602845826486, 41.813985846897396], [-72.71602845826487, 41.814012846897384], [-72.71601645826486, 41.814012846897384], [-72.71601645826485, 41.813985846897396], [-72.71602845826486, 41.813985846897396]]], [[[-72.71526345826487, 41.81441584689738], [-72.71526345826486, 41.81444184689738], [-72.71525145826486, 41.814441846897395], [-72.71525145826486, 41.8144158468974], [-72.71526345826487, 41.81441584689738]]], [[[-72.71484645826487, 41.814013846897396], [-72.71482245826488, 41.814013846897396], [-72.71482245826486, 41.81402484689738], [-72.71484645826486, 41.81402484689738], [-72.71484645826487, 41.814013846897396]]], [[[-72.71588645826488, 41.81440284689739], [-72.71588645826486, 41.81440384689738], [-72.71590045826488, 41.814403846897385], [-72.71590045826485, 41.81440284689739], [-72.71588645826488, 41.81440284689739]]], [[[-72.71499645826488, 41.814420846897384], [-72.71498945826485, 41.814420846897384], [-72.71498945826487, 41.81442884689739], [-72.71499645826486, 41.81442884689738], [-72.71499645826488, 41.814420846897384]]], [[[-72.71487345826486, 41.81462984689738], [-72.71489845826484, 41.8146298468974], [-72.71489845826486, 41.814617846897384], [-72.71487345826488, 41.81461784689738], [-72.71487345826486, 41.81462984689738]]], [[[-72.71434245826488, 41.81384684689738], [-72.71433045826488, 41.813846846897356], [-72.7143304582649, 41.813856846897394], [-72.7143424582649, 41.813856846897394], [-72.71434245826488, 41.81384684689738]]], [[[-72.71567845826485, 41.81454584689738], [-72.71567845826485, 41.81457184689738], [-72.71568945826486, 41.81457184689739], [-72.71568945826486, 41.81454584689739], [-72.71567845826485, 41.81454584689738]]], [[[-72.71496545826487, 41.81431584689739], [-72.71495845826486, 41.81431584689739], [-72.71495845826487, 41.81432384689739], [-72.71496545826487, 41.81432384689739], [-72.71496545826487, 41.81431584689739]]], [[[-72.71541545826483, 41.81462984689738], [-72.71543945826485, 41.81462984689738], [-72.71543945826487, 41.81461784689738], [-72.71541545826484, 41.81461784689738], [-72.71541545826483, 41.81462984689738]]], [[[-72.71602845826486, 41.81451084689739], [-72.71602845826484, 41.81453584689737], [-72.71601645826485, 41.814535846897385], [-72.71601645826486, 41.81451084689741], [-72.71602845826486, 41.81451084689739]]], [[[-72.71563345826486, 41.81450384689738], [-72.71563345826485, 41.81452984689737], [-72.71564345826486, 41.814529846897365], [-72.71564345826489, 41.81450384689737], [-72.71563345826486, 41.81450384689738]]], [[[-72.71572445826486, 41.81451384689738], [-72.71572445826486, 41.814539846897375], [-72.71573545826487, 41.81453984689741], [-72.71573545826486, 41.8145138468974], [-72.71572445826486, 41.81451384689738]]], [[[-72.71493445826486, 41.81450384689738], [-72.71492745826487, 41.81450384689737], [-72.71492745826487, 41.8145128468974], [-72.71493445826486, 41.81451284689741], [-72.71493445826486, 41.81450384689738]]], [[[-72.71596545826486, 41.814397846897386], [-72.71596545826486, 41.81439984689737], [-72.71595145826487, 41.81439984689739], [-72.71595145826488, 41.81439784689739], [-72.71596545826486, 41.814397846897386]]], [[[-72.71509245826488, 41.8146298468974], [-72.71511645826486, 41.814629846897404], [-72.71511645826486, 41.81461784689736], [-72.71509245826486, 41.81461784689738], [-72.71509245826488, 41.8146298468974]]], [[[-72.7147074582649, 41.81416884689738], [-72.71470745826488, 41.8141948468974], [-72.71469645826488, 41.81419484689739], [-72.71469645826488, 41.81416884689739], [-72.7147074582649, 41.81416884689738]]], [[[-72.71475245826487, 41.813903846897375], [-72.71475245826488, 41.813891846897384], [-72.71474645826484, 41.81389184689737], [-72.71474645826486, 41.81390384689739], [-72.71475245826487, 41.813903846897375]]], [[[-72.71494345826486, 41.814300846897396], [-72.71493645826486, 41.81430084689738], [-72.71493645826487, 41.814308846897376], [-72.71494345826486, 41.8143088468974], [-72.71494345826486, 41.814300846897396]]], [[[-72.71596545826489, 41.81451784689739], [-72.71596545826486, 41.81451984689738], [-72.71595145826487, 41.8145198468974], [-72.71595145826487, 41.814517846897395], [-72.71596545826489, 41.81451784689739]]], [[[-72.71489545826483, 41.81406284689737], [-72.71487145826485, 41.814062846897365], [-72.71487145826487, 41.814072846897375], [-72.71489545826488, 41.81407284689741], [-72.71489545826483, 41.81406284689737]]], [[[-72.71599645826484, 41.814628846897385], [-72.71599745826485, 41.814628846897385], [-72.71599745826487, 41.81461484689738], [-72.71599645826487, 41.81461484689736], [-72.71599645826484, 41.814628846897385]]], [[[-72.71555245826487, 41.81429584689738], [-72.71554645826487, 41.81429584689739], [-72.71554645826487, 41.81432084689738], [-72.71555245826487, 41.81432084689738], [-72.71555245826487, 41.81429584689738]]], [[[-72.71534845826484, 41.81396784689737], [-72.71534845826486, 41.81401784689739], [-72.71533845826487, 41.81401784689739], [-72.71533845826485, 41.813967846897384], [-72.71534845826484, 41.81396784689737]]], [[[-72.71544145826488, 41.81407884689738], [-72.71544145826488, 41.8141028468974], [-72.71545145826487, 41.814102846897384], [-72.71545145826487, 41.81407884689737], [-72.71544145826488, 41.81407884689738]]], [[[-72.71481945826487, 41.81430584689738], [-72.71481945826487, 41.814334846897374], [-72.71482645826487, 41.814334846897374], [-72.71482645826487, 41.814305846897376], [-72.71481945826487, 41.81430584689738]]], [[[-72.71439545826485, 41.81414084689738], [-72.71439545826486, 41.814166846897386], [-72.71440745826484, 41.814166846897386], [-72.71440745826487, 41.81414084689738], [-72.71439545826485, 41.81414084689738]]], [[[-72.71596545826485, 41.81423284689736], [-72.71596545826486, 41.81423484689739], [-72.71595145826487, 41.8142348468974], [-72.71595145826487, 41.81423284689737], [-72.71596545826485, 41.81423284689736]]], [[[-72.71566445826487, 41.8141828468974], [-72.71566445826487, 41.81419484689739], [-72.71565745826483, 41.814194846897394], [-72.71565745826484, 41.8141828468974], [-72.71566445826487, 41.8141828468974]]], [[[-72.71516745826486, 41.81447584689739], [-72.71516745826486, 41.81450184689738], [-72.71515745826485, 41.81450184689737], [-72.71515745826485, 41.814475846897395], [-72.71516745826486, 41.81447584689739]]], [[[-72.71595345826489, 41.814000846897365], [-72.71594145826487, 41.814000846897386], [-72.71594145826484, 41.81402484689738], [-72.71595345826486, 41.81402484689738], [-72.71595345826489, 41.814000846897365]]], [[[-72.71562145826486, 41.81404384689738], [-72.71562145826486, 41.81406784689739], [-72.71563345826486, 41.81406784689738], [-72.71563345826486, 41.81404384689738], [-72.71562145826486, 41.81404384689738]]], [[[-72.71435845826485, 41.814334846897374], [-72.71435845826487, 41.814365846897395], [-72.71437645826487, 41.814365846897395], [-72.71437645826485, 41.814334846897374], [-72.71435845826485, 41.814334846897374]]], [[[-72.71517045826486, 41.81431484689739], [-72.71518145826484, 41.81431484689739], [-72.71518145826487, 41.81430384689739], [-72.71517045826488, 41.8143038468974], [-72.71517045826486, 41.81431484689739]]], [[[-72.71521745826485, 41.81432384689739], [-72.71521745826485, 41.81433784689737], [-72.71521045826485, 41.81433784689738], [-72.71521045826486, 41.8143238468974], [-72.71521745826485, 41.81432384689739]]], [[[-72.71482745826486, 41.81433584689737], [-72.71482745826486, 41.81434284689737], [-72.71486645826488, 41.81434284689739], [-72.71486645826486, 41.81433584689737], [-72.71482745826486, 41.81433584689737]]], [[[-72.71435745826486, 41.81436684689738], [-72.71435745826487, 41.81439784689738], [-72.71433945826486, 41.81439784689738], [-72.71433945826486, 41.814366846897364], [-72.71435745826486, 41.81436684689738]]], [[[-72.71471445826487, 41.814304846897386], [-72.71471445826487, 41.81432984689739], [-72.71472645826486, 41.81432984689739], [-72.71472645826486, 41.81430484689738], [-72.71471445826487, 41.814304846897386]]], [[[-72.71493545826486, 41.81432384689739], [-72.71492845826486, 41.81432384689739], [-72.71492845826488, 41.8143308468974], [-72.71493545826486, 41.81433084689738], [-72.71493545826486, 41.81432384689739]]], [[[-72.71570045826486, 41.813851846897386], [-72.71567745826485, 41.81385184689737], [-72.71567745826484, 41.81385884689742], [-72.71570045826488, 41.8138588468974], [-72.71570045826486, 41.813851846897386]]], [[[-72.71570445826485, 41.81401784689739], [-72.71570445826485, 41.81404284689739], [-72.71571345826486, 41.814042846897394], [-72.71571345826484, 41.81401784689739], [-72.71570445826485, 41.81401784689739]]], [[[-72.71557645826483, 41.814169846897386], [-72.71557645826486, 41.814193846897375], [-72.71556945826488, 41.81419384689739], [-72.71556945826485, 41.8141698468974], [-72.71557645826483, 41.814169846897386]]], [[[-72.71588645826488, 41.8141368468974], [-72.71588645826486, 41.81413884689737], [-72.71587245826487, 41.81413884689739], [-72.71587245826487, 41.8141368468974], [-72.71588645826488, 41.8141368468974]]], [[[-72.71477245826486, 41.814062846897365], [-72.71474945826486, 41.81406284689738], [-72.71474945826488, 41.8140728468974], [-72.71477245826485, 41.814072846897375], [-72.71477245826486, 41.814062846897365]]], [[[-72.71549445826486, 41.81388084689739], [-72.71551745826487, 41.813880846897376], [-72.71551745826486, 41.813874846897356], [-72.71549445826487, 41.81387484689738], [-72.71549445826486, 41.81388084689739]]], [[[-72.71558645826487, 41.81451384689738], [-72.71558645826488, 41.81453984689739], [-72.71559645826486, 41.81453984689739], [-72.71559645826484, 41.81451384689739], [-72.71558645826487, 41.81451384689738]]], [[[-72.7158864582649, 41.81450484689738], [-72.71588645826483, 41.81450684689739], [-72.71590045826484, 41.81450684689741], [-72.71590045826488, 41.81450484689739], [-72.7158864582649, 41.81450484689738]]], [[[-72.71470545826486, 41.814327846897385], [-72.71467545826485, 41.814327846897356], [-72.71467545826485, 41.81431584689738], [-72.71470545826486, 41.81431584689737], [-72.71470545826486, 41.814327846897385]]], [[[-72.71490545826485, 41.81456984689738], [-72.71489845826484, 41.814569846897385], [-72.71489845826486, 41.81457884689737], [-72.71490545826488, 41.81457884689737], [-72.71490545826485, 41.81456984689738]]], [[[-72.71526645826486, 41.814094846897355], [-72.71526645826488, 41.81411884689739], [-72.71527345826486, 41.81411884689738], [-72.71527345826487, 41.81409484689737], [-72.71526645826486, 41.814094846897355]]], [[[-72.71543745826486, 41.81428984689739], [-72.71542545826486, 41.81428984689738], [-72.71542545826485, 41.8142958468974], [-72.71543745826486, 41.81429584689739], [-72.71543745826486, 41.81428984689739]]], [[[-72.71444745826486, 41.81402884689737], [-72.71442745826486, 41.81402884689737], [-72.71442745826486, 41.81405384689739], [-72.71444745826486, 41.81405384689739], [-72.71444745826486, 41.81402884689737]]], [[[-72.71588645826485, 41.81400884689739], [-72.71588645826486, 41.81400984689739], [-72.71587245826487, 41.81400984689737], [-72.71587245826487, 41.81400884689737], [-72.71588645826485, 41.81400884689739]]], [[[-72.71553345826486, 41.81411884689739], [-72.71553345826484, 41.81414384689739], [-72.71554545826483, 41.814143846897394], [-72.71554545826484, 41.814118846897394], [-72.71553345826486, 41.81411884689739]]], [[[-72.71516745826486, 41.81442384689739], [-72.71516745826486, 41.814448846897385], [-72.71515745826487, 41.814448846897385], [-72.71515745826487, 41.81442384689737], [-72.71516745826486, 41.81442384689739]]], [[[-72.71544145826486, 41.814128846897354], [-72.71544145826485, 41.814166846897386], [-72.71545145826488, 41.81416684689739], [-72.71545145826487, 41.814128846897354], [-72.71544145826486, 41.814128846897354]]], [[[-72.71588645826485, 41.81406884689738], [-72.71588645826485, 41.814069846897404], [-72.71587245826488, 41.81406984689738], [-72.71587245826485, 41.814068846897385], [-72.71588645826485, 41.81406884689738]]], [[[-72.71590845826488, 41.813917846897354], [-72.71591345826488, 41.81391784689737], [-72.71591345826485, 41.813918846897394], [-72.71590845826488, 41.813918846897394], [-72.71590845826488, 41.813917846897354]]], [[[-72.71582045826486, 41.814524846897385], [-72.71582045826486, 41.814525846897375], [-72.71583445826485, 41.814525846897375], [-72.71583445826485, 41.81452484689737], [-72.71582045826486, 41.814524846897385]]], [[[-72.71544245826487, 41.81440784689738], [-72.71544245826483, 41.81443384689739], [-72.71545445826487, 41.814433846897394], [-72.71545445826487, 41.814407846897375], [-72.71544245826487, 41.81440784689738]]], [[[-72.71471445826487, 41.8144308468974], [-72.71471445826488, 41.814455846897374], [-72.71472645826488, 41.81445584689737], [-72.71472645826486, 41.81443084689739], [-72.71471445826487, 41.8144308468974]]], [[[-72.71580745826486, 41.81406884689738], [-72.71580745826486, 41.81409484689738], [-72.71579545826488, 41.81409484689738], [-72.71579545826486, 41.81406884689739], [-72.71580745826486, 41.81406884689738]]], [[[-72.71544145826488, 41.8144878468974], [-72.71544145826485, 41.814512846897394], [-72.71543045826486, 41.814512846897394], [-72.71543045826485, 41.81448784689738], [-72.71544145826488, 41.8144878468974]]], [[[-72.71432745826486, 41.81396884689739], [-72.71430745826486, 41.81396884689739], [-72.71430745826483, 41.813992846897385], [-72.71432745826488, 41.813992846897364], [-72.71432745826486, 41.81396884689739]]], [[[-72.71582045826484, 41.81401884689739], [-72.71580845826486, 41.814018846897376], [-72.71580845826483, 41.81404284689741], [-72.71582045826484, 41.81404284689739], [-72.71582045826484, 41.81401884689739]]], [[[-72.71539545826487, 41.81442484689738], [-72.71539545826485, 41.81444984689737], [-72.71538845826488, 41.814449846897375], [-72.71538845826485, 41.81442484689737], [-72.71539545826487, 41.81442484689738]]], [[[-72.71503645826486, 41.81435284689738], [-72.71503645826486, 41.81437684689739], [-72.71504245826486, 41.814376846897375], [-72.71504245826486, 41.81435284689739], [-72.71503645826486, 41.81435284689738]]], [[[-72.71556545826486, 41.813880846897376], [-72.71558845826486, 41.81388084689738], [-72.71558845826486, 41.813886846897375], [-72.71556545826486, 41.813886846897375], [-72.71556545826486, 41.813880846897376]]], [[[-72.71596545826485, 41.81413084689739], [-72.71596545826485, 41.81413184689737], [-72.71595145826487, 41.81413184689739], [-72.71595145826485, 41.81413084689737], [-72.71596545826485, 41.81413084689739]]], [[[-72.71513945826486, 41.81391384689739], [-72.71516345826487, 41.81391384689738], [-72.71516345826488, 41.81392184689738], [-72.71513945826487, 41.813921846897394], [-72.71513945826486, 41.81391384689739]]], [[[-72.71492445826487, 41.81462984689738], [-72.71494945826488, 41.81462984689738], [-72.71494945826487, 41.8146178468974], [-72.71492445826486, 41.81461784689739], [-72.71492445826487, 41.81462984689738]]], [[[-72.71596745826484, 41.814108846897376], [-72.71596745826486, 41.814133846897384], [-72.71597845826487, 41.81413384689739], [-72.71597845826486, 41.814108846897376], [-72.71596745826484, 41.814108846897376]]], [[[-72.71575945826484, 41.814152846897386], [-72.71575945826486, 41.81417884689739], [-72.71577045826486, 41.8141788468974], [-72.71577045826486, 41.814152846897386], [-72.71575945826484, 41.814152846897386]]], [[[-72.71440545826489, 41.81384784689739], [-72.71440545826486, 41.813865846897386], [-72.71439845826487, 41.813865846897386], [-72.71439845826487, 41.81384784689739], [-72.71440545826489, 41.81384784689739]]], [[[-72.71499545826487, 41.814308846897376], [-72.71498845826486, 41.81430884689739], [-72.71498845826484, 41.81431584689737], [-72.7149954582649, 41.81431584689737], [-72.71499545826487, 41.814308846897376]]], [[[-72.71433045826487, 41.81421984689738], [-72.71433045826488, 41.814245846897386], [-72.71434245826485, 41.814245846897386], [-72.71434245826487, 41.81421984689738], [-72.71433045826487, 41.81421984689738]]], [[[-72.71494345826484, 41.81433884689737], [-72.71493645826486, 41.81433884689737], [-72.71493645826484, 41.81434584689742], [-72.71494345826484, 41.814345846897396], [-72.71494345826484, 41.81433884689737]]], [[[-72.71543745826487, 41.81432084689738], [-72.71542545826485, 41.814320846897374], [-72.71542545826486, 41.814327846897385], [-72.71543745826486, 41.814327846897385], [-72.71543745826487, 41.81432084689738]]], [[[-72.71448045826487, 41.81449084689737], [-72.71445045826486, 41.81449084689738], [-72.71445045826485, 41.81447184689737], [-72.71448045826486, 41.8144718468974], [-72.71448045826487, 41.81449084689737]]], [[[-72.71553045826488, 41.81451384689739], [-72.71553045826487, 41.81453984689739], [-72.71552345826485, 41.814539846897375], [-72.71552345826487, 41.81451384689738], [-72.71553045826488, 41.81451384689739]]], [[[-72.71576645826487, 41.81388784689738], [-72.71577245826485, 41.81388784689739], [-72.71577245826485, 41.81390084689738], [-72.71576645826488, 41.813900846897376], [-72.71576645826487, 41.81388784689738]]], [[[-72.71588645826486, 41.81405984689739], [-72.71588645826486, 41.81406184689736], [-72.71587245826487, 41.81406184689737], [-72.71587245826488, 41.81405984689739], [-72.71588645826486, 41.81405984689739]]], [[[-72.71562145826486, 41.814093846897386], [-72.71562145826485, 41.81411784689739], [-72.71563345826486, 41.81411784689737], [-72.71563345826486, 41.814093846897386], [-72.71562145826486, 41.814093846897386]]], [[[-72.71503645826488, 41.81437784689737], [-72.71503645826488, 41.81440284689738], [-72.71504245826488, 41.814402846897366], [-72.71504245826488, 41.81437784689738], [-72.71503645826488, 41.81437784689737]]], [[[-72.71477245826487, 41.81450084689738], [-72.71477245826485, 41.814525846897396], [-72.71476145826487, 41.814525846897375], [-72.71476145826485, 41.81450084689738], [-72.71477245826487, 41.81450084689738]]], [[[-72.71526045826486, 41.81390784689741], [-72.71526045826486, 41.81391384689737], [-72.71525745826486, 41.81391384689738], [-72.71525745826486, 41.81390784689739], [-72.71526045826486, 41.81390784689741]]], [[[-72.71509645826487, 41.814117846897375], [-72.71509645826487, 41.81414284689738], [-72.71508945826487, 41.81414284689737], [-72.71508945826486, 41.814117846897375], [-72.71509645826487, 41.814117846897375]]], [[[-72.71558645826487, 41.8144878468974], [-72.71558645826487, 41.814512846897394], [-72.71559645826484, 41.81451284689739], [-72.71559645826484, 41.81448784689738], [-72.71558645826487, 41.8144878468974]]], [[[-72.71491245826485, 41.81434584689739], [-72.71490545826488, 41.81434584689739], [-72.71490545826488, 41.814351846897374], [-72.71491245826485, 41.81435184689738], [-72.71491245826485, 41.81434584689739]]], [[[-72.71526345826486, 41.814337846897374], [-72.71526345826487, 41.81435284689739], [-72.71527045826487, 41.81435284689739], [-72.71527045826485, 41.81433784689738], [-72.71526345826486, 41.814337846897374]]], [[[-72.71588645826486, 41.813999846897374], [-72.71588645826486, 41.81400184689738], [-72.71590045826485, 41.814001846897376], [-72.71590045826485, 41.81399984689737], [-72.71588645826486, 41.813999846897374]]], [[[-72.71494345826486, 41.8143308468974], [-72.71493645826484, 41.8143308468974], [-72.71493645826486, 41.81433884689737], [-72.71494345826484, 41.81433884689737], [-72.71494345826486, 41.8143308468974]]], [[[-72.71581745826488, 41.81410484689737], [-72.71581745826487, 41.81410684689739], [-72.71583145826486, 41.81410684689739], [-72.71583145826487, 41.81410484689738], [-72.71581745826488, 41.81410484689737]]], [[[-72.71583245826484, 41.81462884689739], [-72.71583345826487, 41.814628846897385], [-72.71583345826487, 41.81461484689738], [-72.71583245826486, 41.814614846897385], [-72.71583245826484, 41.81462884689739]]], [[[-72.71512345826486, 41.814578846897376], [-72.71512345826486, 41.81458084689738], [-72.71513345826486, 41.81458084689739], [-72.71513345826486, 41.81457884689738], [-72.71512345826486, 41.814578846897376]]], [[[-72.71514345826486, 41.81409284689737], [-72.71514345826486, 41.814116846897385], [-72.71515345826487, 41.81411684689736], [-72.71515345826487, 41.814092846897374], [-72.71514345826486, 41.81409284689737]]], [[[-72.71471245826486, 41.814431846897385], [-72.71471245826487, 41.81445084689735], [-72.71470145826487, 41.81445084689737], [-72.71470145826486, 41.81443184689737], [-72.71471245826486, 41.814431846897385]]], [[[-72.71526045826486, 41.81391384689737], [-72.71526045826486, 41.813919846897385], [-72.71525745826486, 41.81391984689739], [-72.71525745826486, 41.81391384689738], [-72.71526045826486, 41.81391384689737]]], [[[-72.71596345826487, 41.81462884689739], [-72.71596445826486, 41.81462884689739], [-72.71596445826486, 41.814614846897385], [-72.71596345826484, 41.81461484689738], [-72.71596345826487, 41.81462884689739]]], [[[-72.71588445826487, 41.81451484689738], [-72.71588445826488, 41.81454084689739], [-72.71587245826487, 41.81454084689739], [-72.71587245826487, 41.81451484689739], [-72.71588445826487, 41.81451484689738]]], [[[-72.71505945826486, 41.814118846897394], [-72.71505945826486, 41.81414384689739], [-72.71506645826486, 41.8141438468974], [-72.71506645826486, 41.81411884689738], [-72.71505945826486, 41.814118846897394]]], [[[-72.71499545826488, 41.8143538468974], [-72.71498845826486, 41.81435384689739], [-72.71498845826486, 41.81436184689737], [-72.7149954582649, 41.81436184689737], [-72.71499545826488, 41.8143538468974]]], [[[-72.71588645826489, 41.81403484689739], [-72.71588645826486, 41.81403584689738], [-72.71590045826487, 41.81403584689738], [-72.71590045826485, 41.81403484689739], [-72.71588645826489, 41.81403484689739]]], [[[-72.71503645826488, 41.81432784689737], [-72.71503645826486, 41.81435184689738], [-72.71504245826488, 41.814351846897374], [-72.71504245826486, 41.814327846897385], [-72.71503645826488, 41.81432784689737]]], [[[-72.71588645826488, 41.81405184689739], [-72.71588645826486, 41.81405284689739], [-72.71590045826484, 41.814052846897404], [-72.71590045826484, 41.81405184689739], [-72.71588645826488, 41.81405184689739]]], [[[-72.71425845826487, 41.81380184689739], [-72.71425845826488, 41.8138278468974], [-72.71426945826488, 41.81382784689738], [-72.71426945826485, 41.81380184689738], [-72.71425845826487, 41.81380184689739]]], [[[-72.71531645826485, 41.81455784689738], [-72.71531645826487, 41.81456984689739], [-72.71532445826486, 41.814569846897406], [-72.71532445826485, 41.81455784689738], [-72.71531645826485, 41.81455784689738]]], [[[-72.71582045826484, 41.81441284689738], [-72.71582045826489, 41.8144148468974], [-72.71583445826485, 41.814414846897385], [-72.71583445826487, 41.8144128468974], [-72.71582045826484, 41.81441284689738]]], [[[-72.71477545826487, 41.813915846897395], [-72.71477545826487, 41.813903846897375], [-72.71477045826487, 41.8139038468974], [-72.71477045826485, 41.81391584689737], [-72.71477545826487, 41.813915846897395]]], [[[-72.71581845826486, 41.81429984689738], [-72.71581845826488, 41.81432584689736], [-72.71580645826486, 41.81432584689736], [-72.71580645826486, 41.81429984689739], [-72.71581845826486, 41.81429984689738]]], [[[-72.71436545826487, 41.81405384689737], [-72.71434545826486, 41.8140538468974], [-72.71434545826484, 41.81407784689737], [-72.7143654582649, 41.81407784689737], [-72.71436545826487, 41.81405384689737]]], [[[-72.71505645826485, 41.81419484689739], [-72.71505645826488, 41.81421884689739], [-72.71504945826484, 41.81421884689737], [-72.71504945826486, 41.81419484689739], [-72.71505645826485, 41.81419484689739]]], [[[-72.71494245826487, 41.81441484689739], [-72.71493645826487, 41.81441484689737], [-72.71493645826487, 41.81442284689741], [-72.71494245826484, 41.81442284689739], [-72.71494245826487, 41.81441484689739]]], [[[-72.71587145826486, 41.81432884689738], [-72.71587145826486, 41.814339846897376], [-72.7158724582649, 41.81433984689737], [-72.71587245826487, 41.81432884689738], [-72.71587145826486, 41.81432884689738]]], [[[-72.71448545826487, 41.813944846897385], [-72.71446645826487, 41.81394484689739], [-72.71446645826488, 41.81396884689739], [-72.71448545826485, 41.81396884689738], [-72.71448545826487, 41.813944846897385]]], [[[-72.71435745826486, 41.81433484689738], [-72.71435745826484, 41.81436584689739], [-72.71433945826485, 41.81436584689739], [-72.71433945826486, 41.814334846897374], [-72.71435745826486, 41.81433484689738]]], [[[-72.71588645826485, 41.81414584689738], [-72.71588645826483, 41.814146846897394], [-72.71590045826483, 41.814146846897394], [-72.71590045826487, 41.814145846897375], [-72.71588645826485, 41.81414584689738]]], [[[-72.71512245826486, 41.81444284689739], [-72.71512245826486, 41.81446684689738], [-72.71511145826486, 41.81446684689738], [-72.71511145826487, 41.8144428468974], [-72.71512245826486, 41.81444284689739]]], [[[-72.71459745826488, 41.813943846897395], [-72.71457645826483, 41.81394384689738], [-72.71457645826486, 41.81396784689739], [-72.71459745826486, 41.81396784689736], [-72.71459745826488, 41.813943846897395]]], [[[-72.71556545826486, 41.81391484689738], [-72.71558845826486, 41.81391484689737], [-72.71558845826486, 41.81390884689738], [-72.71556545826483, 41.813908846897384], [-72.71556545826486, 41.81391484689738]]], [[[-72.71484645826486, 41.81410884689737], [-72.71482245826488, 41.81410884689738], [-72.71482245826483, 41.81412084689735], [-72.71484645826489, 41.8141208468974], [-72.71484645826486, 41.81410884689737]]], [[[-72.71512245826487, 41.814467846897394], [-72.71512245826484, 41.81449284689737], [-72.71511145826486, 41.81449284689738], [-72.71511145826486, 41.81446784689738], [-72.71512245826487, 41.814467846897394]]], [[[-72.71521545826488, 41.81438884689739], [-72.71521545826488, 41.81441484689739], [-72.71520445826486, 41.8144148468974], [-72.71520445826486, 41.81438884689738], [-72.71521545826488, 41.81438884689739]]], [[[-72.71517045826488, 41.81433884689739], [-72.71518145826487, 41.81433884689739], [-72.71518145826487, 41.81432884689739], [-72.71517045826486, 41.81432884689739], [-72.71517045826488, 41.81433884689739]]], [[[-72.71499345826487, 41.81449384689739], [-72.71498645826486, 41.81449384689739], [-72.71498645826486, 41.81450284689738], [-72.71499345826486, 41.81450284689739], [-72.71499345826487, 41.81449384689739]]], [[[-72.71514345826486, 41.81406784689737], [-72.71514345826486, 41.814091846897384], [-72.71515345826485, 41.814091846897384], [-72.71515345826485, 41.81406784689737], [-72.71514345826486, 41.81406784689737]]], [[[-72.71580745826483, 41.81399384689738], [-72.71580745826486, 41.81401484689738], [-72.71579545826486, 41.814014846897386], [-72.71579545826488, 41.813993846897354], [-72.71580745826483, 41.81399384689738]]], [[[-72.71465145826487, 41.81424684689738], [-72.71465145826487, 41.81427184689739], [-72.71466345826487, 41.81427184689739], [-72.71466345826485, 41.81424684689739], [-72.71465145826487, 41.81424684689738]]], [[[-72.71514345826486, 41.81399184689739], [-72.71514345826486, 41.814016846897374], [-72.71515345826487, 41.81401684689737], [-72.71515345826487, 41.813991846897395], [-72.71514345826486, 41.81399184689739]]], [[[-72.71499545826487, 41.81432384689737], [-72.71498845826486, 41.81432384689739], [-72.71498845826486, 41.81433084689739], [-72.71499545826487, 41.8143308468974], [-72.71499545826487, 41.81432384689737]]], [[[-72.71474645826484, 41.81389184689737], [-72.71475845826485, 41.81389184689738], [-72.71475845826487, 41.81388584689737], [-72.71474645826486, 41.813885846897385], [-72.71474645826484, 41.81389184689737]]], [[[-72.71509645826488, 41.81401684689738], [-72.71509645826487, 41.81404184689737], [-72.71508945826487, 41.8140418468974], [-72.71508945826486, 41.81401684689736], [-72.71509645826488, 41.81401684689738]]], [[[-72.71588645826488, 41.81397484689738], [-72.71588645826485, 41.81397584689738], [-72.71587245826487, 41.81397584689737], [-72.71587245826487, 41.81397484689737], [-72.71588645826488, 41.81397484689738]]], [[[-72.7156084582649, 41.81396684689737], [-72.71563245826486, 41.81396684689738], [-72.71563245826485, 41.813959846897376], [-72.71560845826487, 41.81395984689738], [-72.7156084582649, 41.81396684689737]]], [[[-72.71581845826485, 41.81451184689737], [-72.71581845826486, 41.814537846897395], [-72.71580645826486, 41.81453784689739], [-72.7158064582649, 41.81451184689739], [-72.71581845826485, 41.81451184689737]]], [[[-72.71487045826484, 41.81401284689737], [-72.71484645826486, 41.814012846897384], [-72.71484645826484, 41.8140018468974], [-72.71487045826484, 41.814001846897376], [-72.71487045826484, 41.81401284689737]]], [[[-72.71535645826488, 41.814531846897374], [-72.71535645826486, 41.814556846897375], [-72.71534845826486, 41.81455684689737], [-72.71534845826487, 41.81453184689739], [-72.71535645826488, 41.814531846897374]]], [[[-72.71533845826487, 41.81424684689738], [-72.71535945826486, 41.81424684689738], [-72.71535945826484, 41.81425384689741], [-72.71533845826485, 41.8142538468974], [-72.71533845826487, 41.81424684689738]]], [[[-72.71548945826486, 41.814566846897385], [-72.71548945826487, 41.814592846897405], [-72.71550045826484, 41.814592846897376], [-72.71550045826487, 41.8145668468974], [-72.71548945826486, 41.814566846897385]]], [[[-72.71533945826486, 41.81390184689739], [-72.71533945826486, 41.81390784689739], [-72.71534245826487, 41.81390784689739], [-72.71534245826486, 41.81390184689738], [-72.71533945826486, 41.81390184689739]]], [[[-72.71548845826484, 41.81454084689739], [-72.71548845826487, 41.814565846897395], [-72.71547845826487, 41.81456584689739], [-72.71547845826485, 41.81454084689739], [-72.71548845826484, 41.81454084689739]]], [[[-72.71505045826486, 41.81396584689738], [-72.71506445826486, 41.81396584689738], [-72.71506445826486, 41.81395884689737], [-72.71505045826486, 41.813958846897386], [-72.71505045826486, 41.81396584689738]]], [[[-72.71432745826486, 41.813920846897396], [-72.71430745826484, 41.813920846897375], [-72.71430745826484, 41.81394484689737], [-72.71432745826485, 41.81394484689738], [-72.71432745826486, 41.813920846897396]]], [[[-72.71518445826486, 41.81416984689738], [-72.71518445826486, 41.81419384689739], [-72.71517745826486, 41.814193846897375], [-72.71517745826486, 41.81416984689738], [-72.71518445826486, 41.81416984689738]]], [[[-72.71470745826487, 41.81414284689737], [-72.7147074582649, 41.81416884689738], [-72.71469645826488, 41.81416884689739], [-72.71469645826487, 41.81414284689738], [-72.71470745826487, 41.81414284689737]]], [[[-72.71530645826483, 41.81422084689739], [-72.71530645826486, 41.81424584689738], [-72.71529645826486, 41.81424584689738], [-72.71529645826485, 41.814220846897385], [-72.71530645826483, 41.81422084689739]]], [[[-72.71570345826488, 41.81399284689737], [-72.71570345826487, 41.81401784689739], [-72.71569645826486, 41.81401784689739], [-72.71569645826487, 41.813992846897385], [-72.71570345826488, 41.81399284689737]]], [[[-72.71512745826486, 41.814290846897386], [-72.71512745826486, 41.814302846897384], [-72.71511745826486, 41.81430284689739], [-72.71511745826486, 41.814290846897386], [-72.71512745826486, 41.814290846897386]]], [[[-72.71509645826488, 41.813991846897395], [-72.71509645826488, 41.81401684689738], [-72.71508945826486, 41.81401684689736], [-72.71508945826486, 41.8139918468974], [-72.71509645826488, 41.813991846897395]]], [[[-72.71588645826485, 41.81414584689738], [-72.71588645826483, 41.814146846897394], [-72.71587245826488, 41.814146846897394], [-72.71587245826487, 41.814145846897375], [-72.71588645826485, 41.81414584689738]]], [[[-72.71572245826488, 41.8144878468974], [-72.71572245826486, 41.8145128468974], [-72.71571245826485, 41.8145128468974], [-72.71571245826486, 41.81448784689738], [-72.71572245826488, 41.8144878468974]]], [[[-72.71491545826485, 41.814531846897374], [-72.71490845826486, 41.81453184689736], [-72.71490845826487, 41.81454084689737], [-72.71491545826485, 41.814540846897394], [-72.71491545826485, 41.814531846897374]]], [[[-72.71544145826486, 41.81419284689737], [-72.71544145826488, 41.814216846897374], [-72.71545145826487, 41.81421684689737], [-72.71545145826485, 41.81419284689738], [-72.71544145826486, 41.81419284689737]]], [[[-72.71548945826486, 41.814381846897376], [-72.71548945826487, 41.81440684689739], [-72.71550045826484, 41.81440684689739], [-72.71550045826484, 41.81438184689737], [-72.71548945826486, 41.814381846897376]]], [[[-72.71568045826486, 41.813887846897366], [-72.71568645826486, 41.81388784689738], [-72.71568645826486, 41.81390084689738], [-72.71568045826486, 41.81390084689738], [-72.71568045826486, 41.813887846897366]]], [[[-72.71436545826487, 41.813920846897375], [-72.71434545826486, 41.813920846897375], [-72.71434545826486, 41.813944846897385], [-72.71436545826487, 41.813944846897385], [-72.71436545826487, 41.813920846897375]]], [[[-72.71521945826484, 41.81424584689737], [-72.71523345826485, 41.8142458468974], [-72.71523345826486, 41.81425284689738], [-72.71521945826484, 41.81425284689737], [-72.71521945826484, 41.81424584689737]]], [[[-72.71500345826485, 41.81450384689738], [-72.71499645826486, 41.81450384689737], [-72.71499645826488, 41.81451284689737], [-72.71500345826486, 41.81451284689739], [-72.71500345826485, 41.81450384689738]]], [[[-72.71539645826485, 41.814078846897374], [-72.71539645826488, 41.81409684689737], [-72.71540645826488, 41.81409684689735], [-72.71540645826488, 41.814078846897374], [-72.71539645826485, 41.814078846897374]]], [[[-72.71588645826489, 41.81439384689738], [-72.71588645826486, 41.81439584689736], [-72.71590045826485, 41.81439584689737], [-72.71590045826488, 41.81439384689738], [-72.71588645826489, 41.81439384689738]]], [[[-72.71518445826486, 41.814219846897394], [-72.71518445826486, 41.8142438468974], [-72.71517745826485, 41.81424384689738], [-72.71517745826486, 41.81421984689739], [-72.71518445826486, 41.814219846897394]]], [[[-72.71517045826486, 41.81450284689737], [-72.71517045826486, 41.8145288468974], [-72.71518145826487, 41.814528846897375], [-72.71518145826487, 41.81450284689738], [-72.71517045826486, 41.81450284689737]]], [[[-72.71515645826483, 41.814314846897375], [-72.71516845826486, 41.81431484689739], [-72.71516845826487, 41.81430384689739], [-72.71515645826487, 41.814303846897374], [-72.71515645826483, 41.814314846897375]]], [[[-72.71582045826487, 41.81413584689739], [-72.71582045826487, 41.814161846897385], [-72.71583045826486, 41.81416184689739], [-72.71583045826486, 41.81413584689738], [-72.71582045826487, 41.81413584689739]]], [[[-72.71562345826484, 41.814573846897375], [-72.71564145826486, 41.814573846897375], [-72.71564145826486, 41.81459184689738], [-72.71562345826487, 41.8145918468974], [-72.71562345826484, 41.814573846897375]]], [[[-72.71526645826485, 41.814069846897404], [-72.71526645826486, 41.814093846897386], [-72.71527345826486, 41.81409384689739], [-72.71527345826486, 41.814069846897404], [-72.71526645826485, 41.814069846897404]]], [[[-72.71558645826487, 41.814381846897376], [-72.71558645826487, 41.81440784689739], [-72.71559645826486, 41.81440784689738], [-72.71559645826484, 41.81438184689739], [-72.71558645826487, 41.814381846897376]]], [[[-72.71497245826487, 41.8144238468974], [-72.71496645826488, 41.81442384689738], [-72.71496645826487, 41.81443184689737], [-72.71497245826485, 41.81443184689738], [-72.71497245826487, 41.8144238468974]]], [[[-72.71479745826487, 41.81410684689739], [-72.71477345826484, 41.81410684689739], [-72.71477345826486, 41.814096846897385], [-72.71479745826484, 41.81409684689739], [-72.71479745826487, 41.81410684689739]]], [[[-72.71580745826486, 41.81429884689739], [-72.71582945826486, 41.814298846897394], [-72.71582945826486, 41.81429084689738], [-72.71580745826486, 41.8142908468974], [-72.71580745826486, 41.81429884689739]]], [[[-72.71596545826485, 41.81405284689738], [-72.71596545826489, 41.8140548468974], [-72.71595145826488, 41.8140548468974], [-72.71595145826485, 41.81405284689738], [-72.71596545826485, 41.81405284689738]]], [[[-72.71481645826486, 41.81392184689739], [-72.71481645826486, 41.81391184689738], [-72.71479345826484, 41.813911846897376], [-72.71479345826485, 41.813921846897394], [-72.71481645826486, 41.81392184689739]]], [[[-72.71534845826484, 41.81458384689737], [-72.71536345826487, 41.814583846897364], [-72.71536345826486, 41.814592846897376], [-72.71534845826487, 41.814592846897376], [-72.71534845826484, 41.81458384689737]]], [[[-72.71570445826487, 41.81408184689737], [-72.71570445826487, 41.8141058468974], [-72.71571345826486, 41.814105846897405], [-72.71571345826487, 41.81408184689739], [-72.71570445826487, 41.81408184689737]]], [[[-72.71579845826486, 41.813871846897385], [-72.71579845826486, 41.81389584689738], [-72.71579245826486, 41.81389584689739], [-72.71579245826486, 41.8138718468974], [-72.71579845826486, 41.813871846897385]]], [[[-72.71531445826487, 41.8143838468974], [-72.71531445826487, 41.81440984689738], [-72.71530445826488, 41.81440984689738], [-72.71530445826487, 41.81438384689739], [-72.71531445826487, 41.8143838468974]]], [[[-72.71535045826484, 41.81414384689739], [-72.71535045826488, 41.814168846897395], [-72.71536045826485, 41.81416884689738], [-72.71536045826487, 41.81414384689739], [-72.71535045826484, 41.81414384689739]]], [[[-72.71596545826486, 41.81454384689738], [-72.71596545826486, 41.81454484689737], [-72.71595145826487, 41.814544846897405], [-72.71595145826487, 41.814543846897394], [-72.71596545826486, 41.81454384689738]]], [[[-72.71491545826485, 41.814540846897394], [-72.71490845826487, 41.81454084689737], [-72.71490845826487, 41.81454984689738], [-72.71491545826485, 41.81454984689742], [-72.71491545826485, 41.814540846897394]]], [[[-72.71535645826489, 41.81438084689741], [-72.71535645826485, 41.81440584689738], [-72.71534845826486, 41.814405846897394], [-72.71534845826484, 41.81438084689741], [-72.71535645826489, 41.81438084689741]]], [[[-72.71602845826486, 41.814152846897386], [-72.71602845826487, 41.81416584689737], [-72.71601645826485, 41.81416584689739], [-72.71601645826486, 41.81415284689737], [-72.71602845826486, 41.814152846897386]]], [[[-72.71431745826486, 41.814138846897364], [-72.71434245826487, 41.814138846897386], [-72.71434245826487, 41.81412684689739], [-72.71431745826489, 41.81412684689738], [-72.71431745826486, 41.814138846897364]]], [[[-72.71544245826486, 41.81454084689739], [-72.71544245826486, 41.814565846897395], [-72.71545445826484, 41.81456584689739], [-72.71545445826486, 41.814540846897394], [-72.71544245826486, 41.81454084689739]]], [[[-72.71488245826487, 41.81458084689739], [-72.71488245826488, 41.81457484689738], [-72.71478145826487, 41.8145748468974], [-72.71478145826488, 41.81458084689737], [-72.71488245826487, 41.81458084689739]]], [[[-72.71585745826485, 41.814628846897385], [-72.71585845826486, 41.8146288468974], [-72.71585845826488, 41.81461484689739], [-72.71585745826485, 41.81461484689736], [-72.71585745826485, 41.814628846897385]]], [[[-72.71434245826487, 41.813834846897386], [-72.71433045826488, 41.813834846897386], [-72.71433045826485, 41.81384584689737], [-72.71434245826488, 41.81384584689738], [-72.71434245826487, 41.813834846897386]]], [[[-72.71496545826487, 41.81442384689739], [-72.71495945826484, 41.81442384689739], [-72.71495945826484, 41.81443184689738], [-72.71496545826483, 41.814431846897406], [-72.71496545826487, 41.81442384689739]]], [[[-72.71521645826486, 41.8144688468974], [-72.71521645826486, 41.81449484689739], [-72.71522845826486, 41.81449484689739], [-72.71522845826486, 41.81446884689739], [-72.71521645826486, 41.8144688468974]]], [[[-72.71553245826487, 41.814118846897394], [-72.71553245826485, 41.81414384689739], [-72.71552245826484, 41.81414384689739], [-72.71552245826489, 41.81411884689737], [-72.71553245826487, 41.814118846897394]]], [[[-72.71522645826487, 41.81419484689739], [-72.71522645826485, 41.81421884689738], [-72.71521945826484, 41.81421884689739], [-72.71521945826487, 41.81419484689739], [-72.71522645826487, 41.81419484689739]]], [[[-72.71425845826487, 41.81406684689738], [-72.71425845826488, 41.81407884689739], [-72.71426945826487, 41.81407884689739], [-72.71426945826488, 41.81406684689739], [-72.71425845826487, 41.81406684689738]]], [[[-72.71509845826486, 41.81401684689737], [-72.71509845826488, 41.814041846897396], [-72.71510845826488, 41.814041846897396], [-72.71510845826487, 41.81401684689738], [-72.71509845826486, 41.81401684689737]]], [[[-72.71496545826487, 41.81435384689736], [-72.71495845826486, 41.81435384689739], [-72.71495845826486, 41.81436184689738], [-72.71496545826486, 41.814361846897384], [-72.71496545826487, 41.81435384689736]]], [[[-72.71484645826486, 41.814012846897384], [-72.71482245826485, 41.81401284689737], [-72.71482245826488, 41.814001846897405], [-72.71484645826484, 41.8140018468974], [-72.71484645826486, 41.814012846897384]]], [[[-72.71575545826487, 41.814219846897366], [-72.71575545826485, 41.814244846897395], [-72.71574545826488, 41.814244846897395], [-72.71574545826486, 41.81421984689739], [-72.71575545826487, 41.814219846897366]]], [[[-72.71563145826485, 41.81442484689737], [-72.71563145826487, 41.81444984689738], [-72.71562145826485, 41.81444984689737], [-72.71562145826485, 41.81442484689739], [-72.71563145826485, 41.81442484689737]]], [[[-72.71485845826484, 41.81445284689739], [-72.71485345826486, 41.814454846897384], [-72.71486245826485, 41.81447684689739], [-72.71486745826488, 41.81447384689737], [-72.71485845826484, 41.81445284689739]]], [[[-72.71562045826485, 41.814068846897385], [-72.71562045826487, 41.81409284689738], [-72.71560845826488, 41.81409284689736], [-72.71560845826485, 41.814068846897385], [-72.71562045826485, 41.814068846897385]]], [[[-72.71566445826485, 41.814195846897384], [-72.71566445826485, 41.81421984689741], [-72.71565745826489, 41.81421984689738], [-72.71565745826484, 41.81419584689739], [-72.71566445826485, 41.814195846897384]]], [[[-72.71471245826486, 41.8143998468974], [-72.71471245826486, 41.814431846897385], [-72.71470145826486, 41.81443184689737], [-72.71470145826484, 41.8143998468974], [-72.71471245826486, 41.8143998468974]]], [[[-72.71499545826487, 41.8143308468974], [-72.71498845826486, 41.81433084689739], [-72.71498845826486, 41.81433884689737], [-72.71499545826487, 41.81433884689737], [-72.71499545826487, 41.8143308468974]]], [[[-72.71575745826486, 41.814047846897395], [-72.71575745826486, 41.81404984689737], [-72.71574545826486, 41.81404984689737], [-72.71574545826483, 41.81404784689741], [-72.71575745826486, 41.814047846897395]]], [[[-72.71444645826485, 41.81407784689737], [-72.71443845826487, 41.81407784689737], [-72.71443845826485, 41.81409584689739], [-72.71444645826486, 41.81409584689738], [-72.71444645826485, 41.81407784689737]]], [[[-72.71493545826488, 41.8143088468974], [-72.71492845826486, 41.81430884689738], [-72.71492845826488, 41.8143158468974], [-72.71493545826488, 41.81431584689739], [-72.71493545826488, 41.8143088468974]]], [[[-72.71514245826485, 41.81399184689738], [-72.71514245826486, 41.8140168468974], [-72.71513145826488, 41.81401684689736], [-72.71513145826486, 41.813991846897366], [-72.71514245826485, 41.81399184689738]]], [[[-72.71588645826488, 41.81415484689739], [-72.71588645826485, 41.81415584689739], [-72.71587245826487, 41.81415584689737], [-72.71587245826487, 41.81415484689738], [-72.71588645826488, 41.81415484689739]]], [[[-72.71562145826486, 41.813967846897384], [-72.71562145826486, 41.81399184689737], [-72.71563345826485, 41.81399184689739], [-72.71563345826486, 41.81396784689737], [-72.71562145826486, 41.813967846897384]]], [[[-72.71522745826485, 41.814219846897394], [-72.71522745826486, 41.814243846897384], [-72.71523445826483, 41.814243846897405], [-72.71523445826486, 41.814219846897394], [-72.71522745826485, 41.814219846897394]]], [[[-72.71556945826485, 41.81424684689738], [-72.71558345826486, 41.81424684689738], [-72.71558345826486, 41.8142538468974], [-72.71556945826487, 41.8142538468974], [-72.71556945826485, 41.81424684689738]]], [[[-72.71562145826485, 41.81419484689741], [-72.71562145826486, 41.81421884689738], [-72.71563345826485, 41.8142188468974], [-72.71563345826486, 41.8141948468974], [-72.71562145826485, 41.81419484689741]]], [[[-72.71548845826487, 41.81451384689738], [-72.71548845826486, 41.814539846897375], [-72.71547845826488, 41.8145398468974], [-72.71547845826488, 41.81451384689738], [-72.71548845826487, 41.81451384689738]]], [[[-72.71526545826487, 41.81438984689738], [-72.71526545826488, 41.814415846897404], [-72.71527545826487, 41.814415846897404], [-72.71527545826484, 41.81438984689737], [-72.71526545826487, 41.81438984689738]]], [[[-72.71588645826489, 41.81403484689739], [-72.71588645826486, 41.81403584689738], [-72.7158724582649, 41.81403584689738], [-72.71587245826485, 41.81403484689739], [-72.71588645826489, 41.81403484689739]]], [[[-72.71505645826487, 41.81401784689739], [-72.71505645826487, 41.81404284689737], [-72.71504945826486, 41.814042846897394], [-72.71504945826487, 41.81401784689739], [-72.71505645826487, 41.81401784689739]]], [[[-72.71500345826486, 41.81456984689737], [-72.71499645826486, 41.81456984689738], [-72.71499645826486, 41.81457884689738], [-72.71500345826486, 41.81457884689736], [-72.71500345826486, 41.81456984689737]]], [[[-72.71588645826486, 41.81453084689739], [-72.71588645826486, 41.814532846897386], [-72.71590045826484, 41.81453284689738], [-72.71590045826485, 41.81453084689739], [-72.71588645826486, 41.81453084689739]]], [[[-72.71535845826486, 41.81395884689738], [-72.71534045826486, 41.813958846897386], [-72.71534045826485, 41.81396584689738], [-72.71535845826484, 41.8139658468974], [-72.71535845826486, 41.81395884689738]]], [[[-72.71576945826487, 41.81456484689739], [-72.71576945826487, 41.81459084689739], [-72.71575945826486, 41.814590846897374], [-72.71575945826487, 41.81456484689739], [-72.71576945826487, 41.81456484689739]]], [[[-72.71544145826488, 41.81451384689738], [-72.71544145826488, 41.8145398468974], [-72.71543045826486, 41.81453984689739], [-72.71543045826486, 41.81451384689736], [-72.71544145826488, 41.81451384689738]]], [[[-72.71485845826486, 41.814517846897374], [-72.71485345826486, 41.8145208468974], [-72.71486345826486, 41.814541846897384], [-72.71486845826486, 41.8145388468974], [-72.71485845826486, 41.814517846897374]]], [[[-72.71457145826486, 41.81380284689739], [-72.71457145826486, 41.813828846897394], [-72.71458145826485, 41.81382884689739], [-72.71458145826486, 41.81380284689739], [-72.71457145826486, 41.81380284689739]]], [[[-72.71490745826486, 41.8141428468974], [-72.71489645826486, 41.8141428468974], [-72.71489645826486, 41.81414384689739], [-72.71490745826488, 41.81414384689741], [-72.71490745826486, 41.8141428468974]]], [[[-72.71518845826486, 41.81391284689739], [-72.71521245826486, 41.813912846897395], [-72.71521245826486, 41.813905846897384], [-72.71518845826485, 41.8139058468974], [-72.71518845826486, 41.81391284689739]]], [[[-72.71481745826486, 41.813851846897386], [-72.71479445826488, 41.81385184689739], [-72.71479445826485, 41.813862846897386], [-72.71481745826486, 41.813862846897386], [-72.71481745826486, 41.813851846897386]]], [[[-72.71580845826486, 41.8141748468974], [-72.71580845826486, 41.81420084689738], [-72.71581845826486, 41.814200846897386], [-72.71581845826485, 41.81417484689739], [-72.71580845826486, 41.8141748468974]]], [[[-72.71465145826488, 41.81421984689739], [-72.71465145826487, 41.814245846897386], [-72.71466345826487, 41.81424584689737], [-72.71466345826485, 41.81421984689739], [-72.71465145826488, 41.81421984689739]]], [[[-72.71553045826488, 41.81438184689739], [-72.71553045826487, 41.81440684689739], [-72.7155234582649, 41.81440684689739], [-72.71552345826487, 41.81438184689738], [-72.71553045826488, 41.81438184689739]]], [[[-72.71521645826486, 41.81449484689739], [-72.71521645826486, 41.8145208468974], [-72.71522845826486, 41.81452084689737], [-72.71522845826486, 41.81449484689739], [-72.71521645826486, 41.81449484689739]]], [[[-72.71425845826485, 41.81385484689738], [-72.71425845826488, 41.81388084689738], [-72.71426945826487, 41.813880846897376], [-72.71426945826488, 41.8138548468974], [-72.71425845826485, 41.81385484689738]]], [[[-72.71544245826487, 41.814513846897384], [-72.71544245826485, 41.81453984689739], [-72.71545445826486, 41.81453984689739], [-72.71545445826487, 41.81451384689736], [-72.71544245826487, 41.814513846897384]]], [[[-72.71531445826486, 41.81443684689738], [-72.71531445826486, 41.81446284689738], [-72.71530445826487, 41.814462846897385], [-72.71530445826487, 41.814436846897394], [-72.71531445826486, 41.81443684689738]]], [[[-72.71557845826484, 41.81385184689741], [-72.71555445826485, 41.81385184689739], [-72.71555445826485, 41.81385884689739], [-72.71557845826486, 41.81385884689738], [-72.71557845826484, 41.81385184689741]]], [[[-72.71596545826485, 41.81415584689739], [-72.71596545826486, 41.81415784689738], [-72.71595145826485, 41.8141578468974], [-72.71595145826485, 41.81415584689739], [-72.71596545826485, 41.81415584689739]]], [[[-72.71535645826485, 41.81440584689738], [-72.71535645826486, 41.81443084689738], [-72.71534845826487, 41.814430846897395], [-72.71534845826486, 41.814405846897394], [-72.71535645826485, 41.81440584689738]]], [[[-72.71588645826485, 41.81400884689739], [-72.71588645826486, 41.81400984689739], [-72.71590045826485, 41.81400984689738], [-72.71590045826484, 41.814008846897366], [-72.71588645826485, 41.81400884689739]]], [[[-72.71596745826487, 41.81435584689737], [-72.71596745826484, 41.8143808468974], [-72.71597845826484, 41.8143808468974], [-72.71597845826486, 41.8143558468974], [-72.71596745826487, 41.81435584689737]]], [[[-72.71576645826487, 41.813875846897375], [-72.71577245826488, 41.813875846897375], [-72.71577245826485, 41.81388784689739], [-72.71576645826487, 41.81388784689738], [-72.71576645826487, 41.813875846897375]]], [[[-72.71545145826487, 41.81404984689738], [-72.71543145826485, 41.81404984689737], [-72.71543145826486, 41.81405284689738], [-72.71545145826485, 41.814052846897376], [-72.71545145826487, 41.81404984689738]]], [[[-72.71553245826486, 41.81399284689738], [-72.71553245826486, 41.81401784689739], [-72.71552245826484, 41.81401784689738], [-72.71552245826487, 41.81399284689739], [-72.71553245826486, 41.81399284689738]]], [[[-72.71507845826486, 41.81450384689738], [-72.71507845826486, 41.81452884689737], [-72.71508845826486, 41.81452884689738], [-72.71508845826486, 41.81450384689739], [-72.71507845826486, 41.81450384689738]]], [[[-72.71576945826486, 41.81448584689737], [-72.71576945826487, 41.81451184689741], [-72.71575945826486, 41.81451184689739], [-72.71575945826487, 41.81448584689738], [-72.71576945826486, 41.81448584689737]]], [[[-72.71509845826486, 41.81419384689737], [-72.71509845826486, 41.81421784689737], [-72.71510845826487, 41.81421784689738], [-72.71510845826487, 41.81419384689739], [-72.71509845826486, 41.81419384689737]]], [[[-72.71552145826486, 41.8145828468974], [-72.71554545826486, 41.8145828468974], [-72.71554545826483, 41.814592846897376], [-72.71552145826485, 41.814592846897376], [-72.71552145826486, 41.8145828468974]]], [[[-72.71526345826486, 41.814442846897386], [-72.71526345826484, 41.81446884689736], [-72.71525145826486, 41.814468846897405], [-72.71525145826486, 41.81444284689738], [-72.71526345826486, 41.814442846897386]]], [[[-72.71509845826486, 41.81404284689741], [-72.71509845826485, 41.81406684689738], [-72.71510845826487, 41.81406684689738], [-72.71510845826487, 41.8140428468974], [-72.71509845826486, 41.81404284689741]]], [[[-72.71444745826486, 41.81392084689739], [-72.71442745826485, 41.81392084689737], [-72.71442745826485, 41.813944846897385], [-72.71444745826486, 41.81394484689737], [-72.71444745826486, 41.81392084689739]]], [[[-72.71447045826486, 41.814334846897374], [-72.71447045826486, 41.81436584689739], [-72.71448845826487, 41.81436584689739], [-72.71448845826487, 41.814334846897374], [-72.71447045826486, 41.814334846897374]]], [[[-72.71481245826486, 41.8145828468974], [-72.71478845826485, 41.814582846897395], [-72.71478845826489, 41.814592846897376], [-72.71481245826486, 41.814592846897376], [-72.71481245826486, 41.8145828468974]]], [[[-72.71514245826486, 41.814117846897396], [-72.71514245826486, 41.814142846897376], [-72.71513145826486, 41.8141428468974], [-72.71513145826486, 41.81411784689741], [-72.71514245826486, 41.814117846897396]]], [[[-72.71497445826485, 41.814559846897374], [-72.71496745826487, 41.81455984689737], [-72.71496745826487, 41.81456884689739], [-72.71497445826485, 41.81456884689741], [-72.71497445826485, 41.814559846897374]]], [[[-72.71574645826486, 41.81396684689739], [-72.71576945826486, 41.81396684689739], [-72.71576945826484, 41.81395984689738], [-72.71574645826487, 41.81395984689737], [-72.71574645826486, 41.81396684689739]]], [[[-72.71500445826484, 41.81430884689739], [-72.71499645826489, 41.81430884689738], [-72.71499645826486, 41.8143158468974], [-72.71500445826486, 41.8143158468974], [-72.71500445826484, 41.81430884689739]]], [[[-72.71539545826487, 41.81439984689738], [-72.7153954582649, 41.814423846897405], [-72.71538845826485, 41.814423846897384], [-72.71538845826485, 41.81439984689738], [-72.71539545826487, 41.81439984689738]]], [[[-72.71596545826488, 41.81411284689739], [-72.71596545826486, 41.814114846897375], [-72.71595145826487, 41.814114846897375], [-72.71595145826487, 41.81411284689739], [-72.71596545826488, 41.81411284689739]]], [[[-72.71470745826488, 41.814010846897375], [-72.71470745826487, 41.814035846897376], [-72.71469645826487, 41.814035846897404], [-72.71469645826488, 41.81401084689738], [-72.71470745826488, 41.814010846897375]]], [[[-72.71577145826487, 41.814487846897386], [-72.71577145826488, 41.814512846897394], [-72.71578245826485, 41.814512846897394], [-72.71578245826485, 41.81448784689738], [-72.71577145826487, 41.814487846897386]]], [[[-72.71539645826488, 41.814010846897375], [-72.71539645826486, 41.81404784689739], [-72.71540645826487, 41.81404784689738], [-72.71540645826488, 41.81401084689739], [-72.71539645826488, 41.814010846897375]]], [[[-72.71448545826486, 41.81405384689739], [-72.71446645826488, 41.81405384689739], [-72.71446645826488, 41.81407784689739], [-72.71448545826485, 41.81407784689738], [-72.71448545826486, 41.81405384689739]]], [[[-72.71544145826488, 41.81438184689738], [-72.71544145826488, 41.8144068468974], [-72.71543045826488, 41.81440684689738], [-72.71543045826486, 41.814381846897376], [-72.71544145826488, 41.81438184689738]]], [[[-72.71484645826487, 41.814062846897386], [-72.71482245826486, 41.81406284689739], [-72.71482245826485, 41.81407284689738], [-72.71484645826486, 41.814072846897396], [-72.71484645826487, 41.814062846897386]]], [[[-72.71538145826486, 41.81389384689739], [-72.71538145826486, 41.8139178468974], [-72.71537545826486, 41.81391784689736], [-72.71537545826486, 41.81389384689739], [-72.71538145826486, 41.81389384689739]]], [[[-72.71575745826486, 41.8139788468974], [-72.71575745826486, 41.813980846897394], [-72.71574545826485, 41.81398084689737], [-72.71574545826485, 41.813978846897385], [-72.71575745826486, 41.8139788468974]]], [[[-72.71551845826487, 41.81391584689739], [-72.71554145826487, 41.81391584689738], [-72.71554145826484, 41.8139218468974], [-72.71551845826487, 41.81392184689739], [-72.71551845826487, 41.81391584689739]]], [[[-72.71500345826486, 41.81451284689739], [-72.71499645826488, 41.81451284689737], [-72.71499645826485, 41.81452184689739], [-72.71500345826485, 41.8145218468974], [-72.71500345826486, 41.81451284689739]]], [[[-72.71440845826488, 41.81396884689739], [-72.71438945826486, 41.81396884689738], [-72.71438945826485, 41.813992846897385], [-72.71440845826483, 41.813992846897385], [-72.71440845826488, 41.81396884689739]]], [[[-72.71588645826486, 41.8144878468974], [-72.71588645826488, 41.81448984689739], [-72.71590045826485, 41.81448984689739], [-72.71590045826485, 41.81448784689738], [-72.71588645826486, 41.8144878468974]]], [[[-72.71432745826485, 41.814028846897365], [-72.71430745826486, 41.81402884689738], [-72.71430745826487, 41.8140538468974], [-72.71432745826485, 41.81405384689737], [-72.71432745826485, 41.814028846897365]]], [[[-72.71553245826487, 41.81455384689739], [-72.71553245826486, 41.81457884689738], [-72.71554645826487, 41.814578846897405], [-72.71554645826485, 41.814553846897375], [-72.71553245826487, 41.81455384689739]]], [[[-72.71575545826485, 41.81413984689738], [-72.71575545826488, 41.814165846897374], [-72.71574545826488, 41.81416584689737], [-72.71574545826486, 41.814139846897376], [-72.71575545826485, 41.81413984689738]]], [[[-72.71444645826485, 41.813992846897385], [-72.71443845826485, 41.81399284689738], [-72.71443845826484, 41.81401184689739], [-72.71444645826487, 41.81401184689739], [-72.71444645826485, 41.813992846897385]]], [[[-72.71566445826487, 41.81422084689739], [-72.71566445826487, 41.81424484689739], [-72.71565745826487, 41.81424484689739], [-72.71565745826486, 41.81422084689738], [-72.71566445826487, 41.81422084689739]]], [[[-72.71512345826486, 41.81453984689739], [-72.71512345826486, 41.814565846897395], [-72.71513345826486, 41.814565846897395], [-72.71513345826486, 41.81453984689739], [-72.71512345826486, 41.81453984689739]]], [[[-72.71582045826486, 41.8145328468974], [-72.71582045826484, 41.81453484689737], [-72.71583445826488, 41.814534846897395], [-72.71583445826487, 41.81453284689738], [-72.71582045826486, 41.8145328468974]]], [[[-72.71493545826486, 41.81433084689738], [-72.71492845826488, 41.8143308468974], [-72.71492845826488, 41.81433884689738], [-72.71493545826486, 41.81433884689738], [-72.71493545826486, 41.81433084689738]]], [[[-72.71566745826486, 41.814395846897376], [-72.71568745826487, 41.81439584689738], [-72.71568745826484, 41.814385846897366], [-72.71566745826486, 41.81438584689739], [-72.71566745826486, 41.814395846897376]]], [[[-72.71509845826486, 41.8141428468974], [-72.71509845826488, 41.814167846897384], [-72.71510845826487, 41.81416784689737], [-72.71510845826487, 41.814142846897376], [-72.71509845826486, 41.8141428468974]]], [[[-72.71526545826488, 41.814415846897404], [-72.71526545826485, 41.814441846897374], [-72.71527545826484, 41.814441846897374], [-72.71527545826487, 41.814415846897404], [-72.71526545826488, 41.814415846897404]]], [[[-72.71588645826486, 41.81442784689735], [-72.71588645826486, 41.8144298468974], [-72.71590045826487, 41.8144298468974], [-72.71590045826487, 41.814427846897374], [-72.71588645826486, 41.81442784689735]]], [[[-72.71516745826486, 41.81444984689738], [-72.71516745826486, 41.81447584689739], [-72.71515745826485, 41.814475846897395], [-72.71515745826485, 41.81444984689736], [-72.71516745826486, 41.81444984689738]]], [[[-72.71512245826486, 41.81436684689738], [-72.71512245826484, 41.81439184689737], [-72.71511145826486, 41.8143918468974], [-72.71511145826486, 41.814366846897364], [-72.71512245826486, 41.81436684689738]]], [[[-72.71546645826486, 41.813871846897385], [-72.71546645826487, 41.81389584689738], [-72.71546045826486, 41.81389584689738], [-72.71546045826486, 41.813871846897385], [-72.71546645826486, 41.813871846897385]]], [[[-72.71596745826487, 41.81440884689738], [-72.71596745826483, 41.814433846897394], [-72.71597845826486, 41.8144338468974], [-72.71597845826486, 41.814408846897386], [-72.71596745826487, 41.81440884689738]]], [[[-72.71455845826486, 41.813992846897385], [-72.71455045826487, 41.81399284689738], [-72.71455045826487, 41.81401184689739], [-72.71455845826488, 41.8140118468974], [-72.71455845826486, 41.813992846897385]]], [[[-72.71544145826486, 41.81401084689738], [-72.71544145826485, 41.81404784689739], [-72.71545145826485, 41.81404784689741], [-72.71545145826485, 41.81401084689739], [-72.71544145826486, 41.81401084689738]]], [[[-72.71514245826488, 41.81396684689737], [-72.71514245826486, 41.813990846897376], [-72.71513145826486, 41.81399084689737], [-72.71513145826488, 41.81396684689739], [-72.71514245826488, 41.81396684689737]]], [[[-72.71430245826488, 41.814362846897374], [-72.71430245826487, 41.81439384689738], [-72.71432045826484, 41.81439384689738], [-72.71432045826487, 41.81436284689737], [-72.71430245826488, 41.814362846897374]]], [[[-72.71562045826487, 41.814170846897376], [-72.71562045826488, 41.81419484689739], [-72.71560845826487, 41.81419484689739], [-72.7156084582649, 41.81417084689736], [-72.71562045826487, 41.814170846897376]]], [[[-72.71517045826485, 41.81436284689736], [-72.71518145826487, 41.814362846897374], [-72.71518145826487, 41.81435284689738], [-72.71517045826486, 41.81435284689739], [-72.71517045826485, 41.81436284689736]]], [[[-72.71499545826488, 41.81430084689737], [-72.71498845826486, 41.81430084689736], [-72.71498845826486, 41.81430884689739], [-72.71499545826487, 41.814308846897376], [-72.71499545826488, 41.81430084689737]]], [[[-72.71566145826486, 41.81390884689737], [-72.71566145826488, 41.813920846897375], [-72.71566745826486, 41.81392084689737], [-72.71566745826487, 41.81390884689739], [-72.71566145826486, 41.81390884689737]]], [[[-72.71505945826485, 41.814219846897394], [-72.71505945826486, 41.814243846897384], [-72.71506645826486, 41.81424384689739], [-72.71506645826484, 41.81421984689737], [-72.71505945826485, 41.814219846897394]]], [[[-72.71602845826486, 41.814351846897374], [-72.71602845826486, 41.814376846897375], [-72.71601645826486, 41.81437684689738], [-72.71601645826487, 41.81435184689737], [-72.71602845826486, 41.814351846897374]]], [[[-72.71467145826486, 41.814608846897386], [-72.71467145826486, 41.81460984689738], [-72.71467245826483, 41.814609846897376], [-72.71467345826484, 41.81460984689738], [-72.71467445826485, 41.81460984689739], [-72.71467445826488, 41.814608846897386], [-72.71467445826488, 41.814607846897374], [-72.71467445826487, 41.814606846897384], [-72.71467345826485, 41.814606846897384], [-72.71467245826484, 41.814606846897384], [-72.71467145826485, 41.814606846897384], [-72.71467145826487, 41.81460784689736], [-72.71467145826486, 41.814608846897386]]], [[[-72.71602445826487, 41.813883846897376], [-72.71602445826487, 41.813884846897395], [-72.71602545826485, 41.81388584689738], [-72.71602645826486, 41.81388584689737], [-72.71602745826489, 41.813885846897385], [-72.71602845826487, 41.813885846897385], [-72.71602845826487, 41.813884846897395], [-72.71602845826486, 41.8138838468974], [-72.71602845826483, 41.8138828468974], [-72.71602745826485, 41.8138828468974], [-72.71602645826486, 41.81388284689741], [-72.71602545826488, 41.813882846897364], [-72.71602445826487, 41.813883846897376]]], [[[-72.71568545826486, 41.81436384689739], [-72.71568645826486, 41.81436384689739], [-72.71568645826487, 41.81436484689739], [-72.71568645826486, 41.81436384689739], [-72.71568545826486, 41.81436384689739]]]]}}]}