{"type": "FeatureCollection", "name": "Lowes_rack_line", "crs": {"type": "name", "properties": {"name": "urn:ogc:def:crs:EPSG::4326"}}, "features": [{"type": "Feature", "properties": {"fill": null, "stroke-width": "0.5", "stroke": null}, "geometry": {"type": "MultiLineString", "coordinates": [[[-72.7149584582649, 41.814231846897385], [-72.71495145826488, 41.81423184689739], [-72.71495145826489, 41.81423684689739], [-72.71495845826487, 41.81423684689739], [-72.7149584582649, 41.814231846897385]], [[-72.71548745826486, 41.81387184689737], [-72.71549345826487, 41.813871846897364], [-72.71549345826486, 41.81387384689738], [-72.71548745826487, 41.81387384689737], [-72.71548745826486, 41.81387184689737]], [[-72.71597945826485, 41.8139008468974], [-72.71598645826487, 41.813900846897376], [-72.71598645826488, 41.81390484689739], [-72.71597945826487, 41.813904846897394], [-72.71597945826485, 41.8139008468974]], [[-72.71580745826486, 41.81392784689739], [-72.71580745826486, 41.813921846897394], [-72.71580545826485, 41.81392184689738], [-72.7158054582649, 41.81392784689737], [-72.71580745826486, 41.81392784689739]], [[-72.71526245826486, 41.81399584689739], [-72.71526945826486, 41.81399584689738], [-72.71526945826486, 41.81400384689738], [-72.71526245826486, 41.814003846897386], [-72.71526245826486, 41.81399584689739]], [[-72.71531645826487, 41.81391284689737], [-72.71531645826487, 41.813918846897366]], [[-72.71531645826487, 41.813918846897366], [-72.71532045826487, 41.81391884689739]], [[-72.71532045826487, 41.81391884689739], [-72.71532045826486, 41.813912846897374]], [[-72.71532045826486, 41.813912846897374], [-72.71531645826487, 41.81391284689737]], [[-72.71536045826488, 41.814365846897395], [-72.71536445826486, 41.81436584689739], [-72.71536445826484, 41.8143698468974], [-72.7153604582649, 41.8143698468974], [-72.71536045826488, 41.814365846897395]], [[-72.71535145826486, 41.813862846897386], [-72.71535145826485, 41.81386384689741]], [[-72.71535045826485, 41.81391984689739], [-72.71535045826487, 41.813918846897394]], [[-72.71535145826488, 41.81391884689736], [-72.71535145826486, 41.81391984689736]], [[-72.71535045826485, 41.8138998468974], [-72.71535045826487, 41.813898846897395]], [[-72.71535045826487, 41.813912846897395], [-72.71535045826487, 41.813910846897365]], [[-72.71535045826488, 41.813850846897374], [-72.71535045826487, 41.81385284689737]], [[-72.71535145826488, 41.81385284689739], [-72.71535245826486, 41.81385284689738]], [[-72.71535145826486, 41.813850846897374], [-72.71535245826486, 41.813850846897374]], [[-72.71535145826485, 41.8138518468974], [-72.71535045826487, 41.81385184689737]], [[-72.71535145826486, 41.81388784689739], [-72.71535045826487, 41.81388784689738]], [[-72.71535145826486, 41.81388684689739], [-72.71535045826487, 41.81388684689738]], [[-72.71535045826487, 41.81387584689738], [-72.71535045826485, 41.8138748468974]], [[-72.71535145826488, 41.81387584689738], [-72.71535245826487, 41.813875846897375]], [[-72.71535045826487, 41.81386384689739], [-72.71535045826485, 41.81386284689738]], [[-72.71535045826485, 41.8138748468974], [-72.71535045826487, 41.81386384689739]], [[-72.71535045826487, 41.81388684689738], [-72.71535045826487, 41.81387584689738]], [[-72.71535045826485, 41.81391984689739], [-72.71535045826487, 41.813918846897394]], [[-72.71535245826487, 41.813899846897385], [-72.71535245826486, 41.81389884689741]], [[-72.71535045826487, 41.81385184689737], [-72.71535045826488, 41.813850846897374], [-72.71535145826486, 41.813850846897374], [-72.71535145826485, 41.8138518468974]], [[-72.71535145826486, 41.81389984689738], [-72.71535245826487, 41.813899846897385]], [[-72.71535145826486, 41.813862846897386], [-72.71535045826485, 41.81386284689738]], [[-72.71535145826486, 41.81389984689738], [-72.71535045826485, 41.8138998468974]], [[-72.71535045826487, 41.81386384689739], [-72.71535045826485, 41.81386284689738]], [[-72.71535045826485, 41.8138998468974], [-72.71535045826487, 41.813898846897395]], [[-72.71535245826486, 41.813919846897385], [-72.71535245826486, 41.813918846897394]], [[-72.71535045826487, 41.81387584689738], [-72.71535045826485, 41.8138748468974]], [[-72.71535145826486, 41.813910846897386], [-72.71535145826486, 41.813911846897376]], [[-72.71535145826485, 41.8138518468974], [-72.71535145826486, 41.813862846897386]], [[-72.71535145826486, 41.813910846897386], [-72.71535045826487, 41.813910846897365]], [[-72.71535145826488, 41.81391884689736], [-72.71535245826486, 41.813918846897394]], [[-72.71535045826487, 41.813898846897395], [-72.71535045826487, 41.81388784689738]], [[-72.71535145826486, 41.813911846897376], [-72.71535145826488, 41.81391884689736]], [[-72.71535145826485, 41.81387484689736], [-72.71535145826488, 41.81387584689738]], [[-72.71535045826485, 41.81386284689738], [-72.71535045826487, 41.81385184689737]], [[-72.71535145826486, 41.81391984689736], [-72.71535245826486, 41.813919846897385]], [[-72.71535245826487, 41.813863846897384], [-72.71535245826486, 41.81386284689738]], [[-72.71535245826486, 41.81388784689737], [-72.71535245826487, 41.81388684689737]], [[-72.71535045826487, 41.813918846897394], [-72.71535045826487, 41.81391184689739]], [[-72.71535145826486, 41.81388784689739], [-72.71535245826486, 41.81388784689737]], [[-72.71535145826485, 41.81386384689741], [-72.71535245826487, 41.813863846897384]], [[-72.71535145826486, 41.81388684689739], [-72.71535245826487, 41.81388684689737]], [[-72.71535145826486, 41.81389984689738], [-72.71535145826486, 41.813910846897386]], [[-72.71535145826485, 41.81386384689741], [-72.71535145826485, 41.81387484689736]], [[-72.71535145826485, 41.81387484689736], [-72.71535045826485, 41.8138748468974]], [[-72.71535145826488, 41.81387584689738], [-72.71535145826486, 41.81388684689739]], [[-72.71535045826487, 41.81388784689738], [-72.71535045826487, 41.81388684689738]], [[-72.71535245826486, 41.813850846897374], [-72.71535245826486, 41.81385284689738]], [[-72.71535145826486, 41.813898846897395], [-72.71535145826486, 41.81389984689738]], [[-72.71535145826486, 41.81391984689736], [-72.71535045826485, 41.81391984689739]], [[-72.71535145826486, 41.813911846897376], [-72.71535045826487, 41.81391184689739]], [[-72.71535145826486, 41.81388684689739], [-72.71535145826486, 41.81388784689739]], [[-72.71535245826487, 41.813875846897375], [-72.71535245826486, 41.81387484689738]], [[-72.71535045826487, 41.81391184689739], [-72.71535045826487, 41.813910846897365]], [[-72.71535145826488, 41.81391884689736], [-72.71535145826486, 41.81391984689736], [-72.71535045826485, 41.81391984689739], [-72.71535045826487, 41.813918846897394]], [[-72.71535145826486, 41.813910846897386], [-72.71535245826487, 41.813910846897386]], [[-72.71535045826487, 41.813910846897365], [-72.71535045826485, 41.8138998468974]], [[-72.71535145826485, 41.81386384689741], [-72.71535045826487, 41.81386384689739]], [[-72.71535145826488, 41.81387584689738], [-72.71535045826487, 41.81387584689738]], [[-72.71535145826486, 41.8139128468974], [-72.71535245826486, 41.81391284689737]], [[-72.71535145826486, 41.81388784689739], [-72.71535145826486, 41.813898846897395]], [[-72.71535145826486, 41.813862846897386], [-72.71535245826486, 41.81386284689738]], [[-72.71535145826486, 41.813898846897395], [-72.71535045826487, 41.813898846897395]], [[-72.71535045826487, 41.81388784689738], [-72.71535045826487, 41.81388684689738]], [[-72.71535145826485, 41.81387484689736], [-72.71535245826486, 41.81387484689738]], [[-72.71535245826486, 41.81391284689737], [-72.71535245826487, 41.813910846897386]], [[-72.71535145826486, 41.813898846897395], [-72.71535245826486, 41.81389884689741]], [[-72.71535145826488, 41.81391884689736], [-72.71535045826487, 41.813918846897394]], [[-72.7157554582649, 41.81387484689738], [-72.71575545826488, 41.81388084689739], [-72.71575345826486, 41.81388084689738], [-72.71575345826486, 41.813874846897384], [-72.7157554582649, 41.81387484689738]], [[-72.71525645826489, 41.81390784689738], [-72.71525545826486, 41.81390784689739]], [[-72.71525645826486, 41.81390684689738], [-72.71525645826486, 41.813901846897394]], [[-72.71525745826487, 41.81390684689738], [-72.71525745826486, 41.81390784689739]], [[-72.71525645826486, 41.813901846897394], [-72.71525645826486, 41.81390084689736]], [[-72.71525745826486, 41.81390184689739], [-72.71525745826487, 41.81390684689738]], [[-72.71525645826486, 41.81390084689736], [-72.71525645826486, 41.81389584689738]], [[-72.71525645826486, 41.8139138468974], [-72.71525645826488, 41.813912846897395]], [[-72.71525645826488, 41.813912846897395], [-72.71525645826489, 41.81390784689738]], [[-72.71525745826486, 41.813914846897376], [-72.71525745826484, 41.81391284689738]], [[-72.71525645826488, 41.813912846897395], [-72.71525545826488, 41.813912846897374]], [[-72.71525645826486, 41.81391484689738], [-72.71525545826486, 41.81391484689738]], [[-72.71525645826486, 41.8139138468974], [-72.71525745826486, 41.81391384689738]], [[-72.71525645826488, 41.813912846897395], [-72.71525745826484, 41.81391284689738]], [[-72.71525745826486, 41.81389584689739], [-72.71525745826486, 41.81389384689737]], [[-72.71525645826486, 41.81391884689737], [-72.71525645826486, 41.8139138468974]], [[-72.71525645826489, 41.81390784689738], [-72.71525745826486, 41.81390784689739]], [[-72.71525745826486, 41.813894846897384], [-72.71525745826486, 41.81389584689739]], [[-72.71525545826486, 41.81391484689738], [-72.71525545826488, 41.813912846897374]], [[-72.71525645826486, 41.81390084689736], [-72.71525745826486, 41.81390084689738]], [[-72.71525745826486, 41.81390784689739], [-72.71525745826487, 41.81390684689738]], [[-72.71525645826486, 41.81391884689737], [-72.71525745826486, 41.81391884689738]], [[-72.71525745826484, 41.81391284689738], [-72.71525745826486, 41.81391384689738]], [[-72.71526245826486, 41.813894846897384], [-72.71526245826486, 41.81389384689738]], [[-72.71525745826486, 41.81390784689739], [-72.71525745826484, 41.81391284689738]], [[-72.71525745826486, 41.81389384689737], [-72.71525545826486, 41.81389384689737]], [[-72.71526245826486, 41.81389384689738], [-72.71526345826486, 41.81389384689738]], [[-72.71526245826486, 41.81389384689738], [-72.71526345826486, 41.81389384689738], [-72.71526345826484, 41.8138948468974], [-72.71526245826486, 41.813894846897384]], [[-72.71525645826486, 41.81389584689738], [-72.71525645826486, 41.81389384689739]], [[-72.71525745826486, 41.81389584689739], [-72.71525745826486, 41.81390084689738]], [[-72.71525745826486, 41.81390084689738], [-72.71525745826486, 41.81390184689739]], [[-72.71525645826486, 41.81391984689736], [-72.71525545826486, 41.813919846897385]], [[-72.71525645826486, 41.81390684689738], [-72.71525545826485, 41.813906846897396]], [[-72.71525745826486, 41.81389584689739], [-72.71525545826486, 41.81389584689738]], [[-72.71526245826486, 41.81389584689738], [-72.71526345826484, 41.81389584689738]], [[-72.71525645826486, 41.81390084689736], [-72.71525545826486, 41.81390084689738]], [[-72.71526245826486, 41.81389584689738], [-72.71526245826486, 41.813894846897384]], [[-72.71525645826486, 41.81391884689737], [-72.71525545826486, 41.813918846897394]], [[-72.71525545826486, 41.81390184689737], [-72.71525545826486, 41.81390084689738]], [[-72.71525645826486, 41.81389384689739], [-72.71525745826486, 41.81389384689737]], [[-72.71525645826486, 41.81390684689738], [-72.71525745826487, 41.81390684689738]], [[-72.71525745826486, 41.81390184689739], [-72.71525745826486, 41.81390084689738]], [[-72.71525645826486, 41.813901846897394], [-72.71525545826486, 41.81390184689737]], [[-72.71525745826486, 41.81389384689737], [-72.71526245826486, 41.81389384689738]], [[-72.71525745826486, 41.81391984689739], [-72.71525745826486, 41.81391884689738]], [[-72.71525545826486, 41.813919846897385], [-72.71525545826486, 41.813918846897394]], [[-72.71526345826484, 41.81389584689738], [-72.71526345826484, 41.8138948468974]], [[-72.71525545826486, 41.81389584689738], [-72.71525545826486, 41.81389384689737]], [[-72.71525645826486, 41.813901846897394], [-72.71525745826486, 41.81390184689739]], [[-72.71525745826486, 41.81391384689738], [-72.71525745826486, 41.81391884689738]], [[-72.71526245826486, 41.813894846897384], [-72.71525745826486, 41.813894846897384]], [[-72.71525745826486, 41.81391884689738], [-72.71525745826486, 41.81391984689739], [-72.71525645826486, 41.81391984689736], [-72.71525645826486, 41.81391884689737]], [[-72.71525645826489, 41.81390784689738], [-72.71525645826486, 41.81390684689738]], [[-72.71525645826486, 41.81390684689738], [-72.71525745826487, 41.81390684689738]], [[-72.71525545826486, 41.81390784689739], [-72.71525545826485, 41.813906846897396]], [[-72.71508145826486, 41.813885846897385], [-72.71508145826488, 41.81387284689738], [-72.71508845826486, 41.81387284689739], [-72.71508845826486, 41.813885846897385], [-72.71508145826486, 41.813885846897385]], [[-72.71526245826486, 41.81392084689739], [-72.71526245826486, 41.813923846897374]], [[-72.71525145826486, 41.813920846897375], [-72.71525145826486, 41.813923846897374]], [[-72.71525145826486, 41.813920846897375], [-72.71526245826486, 41.81392084689739], [-72.71526245826486, 41.81391984689739], [-72.71525145826486, 41.81391984689739], [-72.71525145826486, 41.813920846897375]], [[-72.71531245826486, 41.81391984689737], [-72.71531245826488, 41.813923846897374]], [[-72.71531945826484, 41.81391984689738], [-72.71531945826487, 41.813923846897374]], [[-72.71531945826484, 41.81391984689738], [-72.71531245826486, 41.81391984689737], [-72.71531945826484, 41.81391984689738]], [[-72.71590045826484, 41.813890846897394], [-72.71589745826489, 41.81389084689739], [-72.71589745826486, 41.813894846897384], [-72.71590045826483, 41.8138948468974], [-72.71590045826484, 41.813890846897394]], [[-72.71590745826485, 41.81389084689739], [-72.71590345826486, 41.813890846897394], [-72.71590345826488, 41.813894846897384], [-72.71590745826487, 41.813894846897384], [-72.71590745826485, 41.81389084689739]], [[-72.71528345826486, 41.81403884689739], [-72.71528345826486, 41.814032846897376], [-72.71528945826486, 41.814032846897376], [-72.71528945826486, 41.814038846897375], [-72.71528345826486, 41.81403884689739]], [[-72.71508845826486, 41.81389084689739], [-72.71508845826486, 41.81388984689739]], [[-72.71508845826486, 41.81388984689739], [-72.71508845826486, 41.81388884689738]], [[-72.71508845826486, 41.81388984689739], [-72.71508845826486, 41.81389084689739]], [[-72.71508745826485, 41.81389184689738], [-72.71508745826485, 41.81388784689738], [-72.71508845826486, 41.81388784689738], [-72.71508845826484, 41.813886846897375], [-72.71508345826486, 41.813886846897375], [-72.71508345826486, 41.81389184689738], [-72.71508845826486, 41.81389184689737], [-72.71508745826485, 41.81389184689738]], [[-72.71508845826486, 41.81389184689737], [-72.71508845826484, 41.813886846897375]], [[-72.71508745826486, 41.81389084689739], [-72.71508745826486, 41.81388984689739]], [[-72.71508745826486, 41.81388984689739], [-72.71508745826486, 41.81388884689739]], [[-72.71533945826486, 41.81390784689739], [-72.71533945826486, 41.81391384689738]], [[-72.71533945826486, 41.81391384689738], [-72.71534245826487, 41.813913846897364]], [[-72.71534245826487, 41.813913846897364], [-72.71534245826487, 41.81390784689739]], [[-72.71534245826487, 41.81390784689739], [-72.71533945826486, 41.81390784689739]], [[-72.71528245826487, 41.81389484689737], [-72.71528245826487, 41.8139008468974]], [[-72.71527945826486, 41.813894846897384], [-72.71528245826487, 41.81389484689737]], [[-72.71527945826486, 41.81390084689738], [-72.71527945826486, 41.813894846897384]], [[-72.71528245826487, 41.8139008468974], [-72.71527945826486, 41.81390084689738]], [[-72.71526045826486, 41.813901846897394], [-72.71526045826486, 41.81390784689741]], [[-72.71526045826486, 41.81390784689741], [-72.71525745826486, 41.81390784689739]], [[-72.71525745826486, 41.81390784689739], [-72.71525745826486, 41.81390184689739]], [[-72.71525745826486, 41.81390184689739], [-72.71526045826486, 41.813901846897394]], [[-72.71550545826486, 41.8145108468974], [-72.71550545826484, 41.81451684689737], [-72.71550045826484, 41.81451684689735], [-72.71550045826486, 41.81451084689739], [-72.71550545826486, 41.8145108468974]], [[-72.71550545826484, 41.81456384689738], [-72.71550545826484, 41.81456984689737], [-72.71550045826486, 41.81456984689736], [-72.71550045826484, 41.81456384689739], [-72.71550545826484, 41.81456384689738]], [[-72.71533745826483, 41.8139198468974], [-72.71533745826484, 41.813925846897384], [-72.71534045826486, 41.81392584689736], [-72.71534045826486, 41.813919846897385], [-72.71533745826483, 41.8139198468974]], [[-72.71516445826487, 41.81387884689737], [-72.71516045826486, 41.813878846897374], [-72.71516045826488, 41.81387484689738], [-72.71516445826487, 41.8138748468974], [-72.71516445826487, 41.81387884689737]], [[-72.71548745826486, 41.813924846897386], [-72.71549345826486, 41.813924846897386], [-72.71549345826486, 41.81392184689741], [-72.71548745826485, 41.81392184689739], [-72.71548745826486, 41.813924846897386]], [[-72.71561545826485, 41.81447484689738], [-72.71561545826485, 41.81448084689738], [-72.71562145826488, 41.81448084689738], [-72.71562145826485, 41.81447484689738], [-72.71561545826485, 41.81447484689738]], [[-72.71517145826486, 41.81398984689741], [-72.71517145826488, 41.81399584689738], [-72.71517745826486, 41.8139958468974], [-72.71517745826486, 41.81398984689738], [-72.71517145826486, 41.81398984689741]], [[-72.71550545826486, 41.814483846897396], [-72.71550545826483, 41.814490846897385], [-72.71550045826486, 41.814490846897385], [-72.71550045826486, 41.81448384689738], [-72.71550545826486, 41.814483846897396]], [[-72.71481445826488, 41.81445084689737], [-72.71481245826486, 41.81443284689738]], [[-72.71480245826487, 41.814433846897394], [-72.71480445826488, 41.81445184689739]], [[-72.71481145826485, 41.81443184689739], [-72.71480345826487, 41.81443184689738]], [[-72.71480445826488, 41.81445184689739], [-72.71481445826488, 41.81445084689737]], [[-72.71550545826487, 41.8143808468974], [-72.71550545826484, 41.814387846897375], [-72.71550045826486, 41.81438784689738], [-72.71550045826486, 41.81438084689738], [-72.71550545826487, 41.8143808468974]], [[-72.71569445826486, 41.814345846897375], [-72.71569445826486, 41.81434684689739], [-72.71569345826488, 41.81434684689739], [-72.71569245826488, 41.81434684689739], [-72.71569345826488, 41.81434684689739], [-72.71569445826486, 41.81434684689739], [-72.71569445826486, 41.814345846897375], [-72.71569345826487, 41.81434584689739], [-72.71569445826486, 41.814345846897375]], [[-72.71569445826486, 41.814345846897375], [-72.71569345826487, 41.81434584689739], [-72.71569345826488, 41.81434684689739]], [[-72.71569345826488, 41.81434684689739], [-72.71569245826488, 41.81434684689739]], [[-72.71450845826486, 41.81414184689738], [-72.71450245826486, 41.814141846897385]], [[-72.71450245826487, 41.814139846897376], [-72.71450245826485, 41.81414884689739], [-72.71450845826487, 41.814148846897396], [-72.71450845826487, 41.81413984689736], [-72.71450245826487, 41.814139846897376]], [[-72.71523745826487, 41.8139598468974], [-72.71523745826487, 41.81396584689738], [-72.71523545826486, 41.8139658468974], [-72.71523545826486, 41.81395984689738], [-72.71523745826487, 41.8139598468974]], [[-72.71492745826488, 41.81449384689738], [-72.71494445826488, 41.81449384689739]], [[-72.71494445826488, 41.81449384689739], [-72.71494445826488, 41.81448784689737]], [[-72.71494445826488, 41.81448784689737], [-72.71494445826488, 41.81449384689739]], [[-72.71492745826488, 41.81449384689738], [-72.71492745826487, 41.81448784689738]], [[-72.71492745826487, 41.81448784689738], [-72.71492845826488, 41.814487846897386]], [[-72.71492845826488, 41.814487846897386], [-72.71492845826488, 41.81449384689739]], [[-72.71494445826488, 41.81448784689737], [-72.71494445826488, 41.814484846897386]], [[-72.71494445826488, 41.814484846897386], [-72.71492745826488, 41.81448484689738]], [[-72.71492745826488, 41.81448484689738], [-72.71492745826487, 41.81448784689738]], [[-72.71494445826488, 41.81448784689737], [-72.71494445826487, 41.814485846897384]], [[-72.71494445826487, 41.814485846897384], [-72.71493645826486, 41.81448584689738]], [[-72.71493645826486, 41.81448584689738], [-72.71493645826486, 41.81448784689738]], [[-72.71493645826486, 41.81448784689738], [-72.71493545826486, 41.8144878468974]], [[-72.71493545826486, 41.81448584689739], [-72.71492845826485, 41.814485846897384]], [[-72.71492845826485, 41.814485846897384], [-72.71492845826488, 41.814487846897386]], [[-72.71493545826486, 41.8144878468974], [-72.71493545826486, 41.81449384689737]], [[-72.71492845826488, 41.814487846897386], [-72.71493545826486, 41.8144878468974]], [[-72.71493545826486, 41.8144878468974], [-72.71493545826486, 41.81448584689739]], [[-72.71494445826488, 41.81449384689739], [-72.71492845826488, 41.81449384689739]], [[-72.71493645826486, 41.81448784689738], [-72.71493645826487, 41.81449384689737]], [[-72.71583245826487, 41.813966846897365], [-72.71583245826487, 41.813973846897376], [-72.71583745826486, 41.813973846897404], [-72.71583745826486, 41.81396684689739], [-72.71583245826487, 41.813966846897365]], [[-72.71556845826485, 41.81429084689738], [-72.71556845826484, 41.81429784689739], [-72.71557045826486, 41.81429784689738], [-72.71557045826486, 41.814290846897386], [-72.71556845826485, 41.81429084689738]], [[-72.71534245826484, 41.81450384689738], [-72.71534245826487, 41.8145098468974], [-72.71534845826484, 41.814509846897394], [-72.71534845826486, 41.81450384689737], [-72.71534245826484, 41.81450384689738]], [[-72.71492745826488, 41.81417784689737], [-72.71492145826485, 41.81417784689738], [-72.71492145826488, 41.81417184689739], [-72.71492745826488, 41.814171846897395], [-72.71492745826488, 41.81417784689737]], [[-72.71436445826485, 41.81407784689737], [-72.71436445826488, 41.81408384689738]], [[-72.71434645826484, 41.81407784689737], [-72.71436445826485, 41.81407784689737]], [[-72.71434645826488, 41.81408384689737], [-72.71434645826484, 41.81407784689737]], [[-72.71436445826488, 41.81408384689738], [-72.71434645826488, 41.81408384689737]], [[-72.71490045826486, 41.81416484689737], [-72.71490345826486, 41.81416484689737], [-72.71490345826486, 41.81416884689738], [-72.71490045826486, 41.814168846897374], [-72.71490045826486, 41.81416484689737]], [[-72.71477445826487, 41.81457384689738], [-72.71478145826487, 41.81457384689737], [-72.71477445826487, 41.81457384689738]], [[-72.71543145826486, 41.814308846897376], [-72.71543145826486, 41.81432084689738]], [[-72.71543145826486, 41.81432084689738], [-72.71543745826487, 41.81432084689738]], [[-72.71543745826487, 41.81432084689738], [-72.71543745826483, 41.81430884689738]], [[-72.71543145826486, 41.814308846897376], [-72.71543745826483, 41.81430884689738]], [[-72.71543145826486, 41.814308846897376], [-72.71543145826486, 41.81432084689738]], [[-72.71482345826487, 41.814380846897386], [-72.71481945826486, 41.814380846897386], [-72.71481945826486, 41.81438484689738], [-72.71482345826483, 41.81438484689739], [-72.71482345826487, 41.814380846897386]], [[-72.71441745826486, 41.813866846897376], [-72.71440545826485, 41.81386684689738], [-72.71440545826484, 41.81387384689737], [-72.71441745826486, 41.81387384689737], [-72.71441745826486, 41.813866846897376]], [[-72.71547445826486, 41.81395984689736], [-72.71547445826485, 41.8139658468974], [-72.71547545826486, 41.81396584689737], [-72.71547545826486, 41.81395984689736], [-72.71547445826486, 41.81395984689736]], [[-72.71521745826486, 41.81395984689738], [-72.71521745826486, 41.81396584689738], [-72.71521845826486, 41.8139658468974], [-72.71521845826486, 41.81395984689739], [-72.71521745826486, 41.81395984689738]], [[-72.71577245826487, 41.813959846897376], [-72.71577245826487, 41.81396584689738], [-72.71577045826486, 41.81396584689738], [-72.71577045826488, 41.81395984689738], [-72.71577245826487, 41.813959846897376]], [[-72.71499045826486, 41.81423384689738], [-72.71499045826486, 41.81423584689739]], [[-72.71499045826486, 41.81423584689739], [-72.71498045826483, 41.81423584689739]], [[-72.71498045826483, 41.81423584689739], [-72.71498045826488, 41.81423384689738]], [[-72.71499045826486, 41.81423384689738], [-72.71498045826488, 41.81423384689738]], [[-72.71566545826487, 41.81438584689738], [-72.71566745826486, 41.81438584689739]], [[-72.71566745826486, 41.81438584689739], [-72.71566745826486, 41.814395846897376]], [[-72.71566745826486, 41.814395846897376], [-72.71566545826487, 41.81439584689736]], [[-72.71566545826487, 41.81438584689738], [-72.71566545826487, 41.81439584689736]], [[-72.71562045826487, 41.814359846897375], [-72.71562145826486, 41.814359846897375]], [[-72.71562145826486, 41.814359846897375], [-72.71562145826485, 41.81437084689738]], [[-72.71562145826485, 41.81437084689738], [-72.71562045826487, 41.81437084689739]], [[-72.71562045826487, 41.814359846897375], [-72.71562045826487, 41.81437084689739]], [[-72.71490745826486, 41.8140488468974], [-72.71490745826485, 41.81405084689738]], [[-72.71490745826485, 41.81405084689738], [-72.71489645826485, 41.81405084689739]], [[-72.71489645826485, 41.81405084689739], [-72.71489645826486, 41.8140488468974]], [[-72.71490745826486, 41.8140488468974], [-72.71489645826486, 41.8140488468974]], [[-72.71477545826485, 41.81445284689739], [-72.71477645826486, 41.81445284689739], [-72.71477645826485, 41.81452584689739], [-72.71477945826486, 41.814524846897385], [-72.71477945826487, 41.81455084689738], [-72.71477645826486, 41.81455284689738], [-72.71477645826486, 41.81455684689738], [-72.71477545826488, 41.814556846897375], [-72.71477545826485, 41.81445284689739]], [[-72.71455945826486, 41.81392084689738], [-72.71453945826484, 41.81392084689737], [-72.71453945826485, 41.813913846897385], [-72.71453945826487, 41.813912846897395], [-72.71454045826486, 41.81391284689738], [-72.71454045826485, 41.81391184689738], [-72.71454045826486, 41.81391084689737], [-72.71454145826486, 41.81391084689738], [-72.71454245826487, 41.81391084689741], [-72.71454245826486, 41.81390984689738], [-72.71454345826487, 41.8139098468974], [-72.71455545826485, 41.813909846897396], [-72.71455645826487, 41.813909846897374], [-72.71455745826488, 41.813910846897386], [-72.71455845826488, 41.81391184689738], [-72.71455845826486, 41.813912846897395], [-72.71455945826486, 41.813913846897385], [-72.71455945826486, 41.81392084689738]], [[-72.71462845826485, 41.81405684689737], [-72.71462145826486, 41.81405684689738]], [[-72.71462845826485, 41.81405684689737], [-72.71462145826486, 41.81405684689738]], [[-72.71462845826484, 41.814074846897384], [-72.71462145826486, 41.81407484689738]], [[-72.71463345826484, 41.81407784689737], [-72.71463345826487, 41.81405384689739]], [[-72.71462445826484, 41.81405684689738], [-72.71462545826489, 41.81405684689739]], [[-72.71462545826486, 41.814073846897394], [-72.71462545826488, 41.81407484689739]], [[-72.71461545826487, 41.81407784689737], [-72.71461545826484, 41.81405384689739]], [[-72.71462545826486, 41.814073846897394], [-72.71462445826486, 41.81407384689737]], [[-72.71462845826485, 41.81405384689739], [-72.71463345826487, 41.81405384689739]], [[-72.71462845826484, 41.81407384689741], [-72.71462145826486, 41.814073846897394]], [[-72.71462545826488, 41.81407484689739], [-72.71462445826486, 41.81407484689739]], [[-72.71463445826487, 41.8140538468974], [-72.71463445826485, 41.81407784689737]], [[-72.71462445826486, 41.81407784689738], [-72.71461845826485, 41.81407784689737]], [[-72.71462845826484, 41.81407784689738], [-72.71463345826484, 41.81407784689737]], [[-72.71462445826486, 41.81407784689738], [-72.71461545826487, 41.81407784689737]], [[-72.71463445826485, 41.81407784689737], [-72.71462545826488, 41.81407784689738]], [[-72.71462845826484, 41.81407784689738], [-72.71462845826485, 41.81405384689739]], [[-72.71462545826488, 41.81407784689738], [-72.71462545826488, 41.8140538468974]], [[-72.71462545826488, 41.8140538468974], [-72.71463445826487, 41.8140538468974]], [[-72.71462145826483, 41.81407784689737], [-72.71462145826487, 41.81405384689739]], [[-72.71462545826488, 41.8140538468974], [-72.71462445826488, 41.8140538468974]], [[-72.71462445826486, 41.81407384689737], [-72.71462545826486, 41.814073846897394]], [[-72.71462545826489, 41.81405684689739], [-72.71462445826484, 41.81405684689738]], [[-72.71461645826486, 41.8140538468974], [-72.71462145826487, 41.81405384689739]], [[-72.71461545826484, 41.81405384689739], [-72.71462445826488, 41.8140538468974]], [[-72.71462445826486, 41.81407484689739], [-72.71462445826486, 41.81407384689737]], [[-72.71462445826488, 41.8140538468974], [-72.71462445826486, 41.81407784689738]], [[-72.71462545826489, 41.81405684689739], [-72.71462445826484, 41.81405684689738]], [[-72.71462545826488, 41.81407484689739], [-72.71462445826486, 41.81407484689739]], [[-72.71461645826486, 41.8140778468974], [-72.71462145826483, 41.81407784689737]], [[-72.71462545826488, 41.81407784689738], [-72.71463145826489, 41.8140778468974]], [[-72.71461645826486, 41.8140778468974], [-72.71461645826486, 41.8140538468974]], [[-72.71462545826489, 41.81405684689739], [-72.71462445826484, 41.81405684689738]], [[-72.71462545826488, 41.81407784689738], [-72.71462445826486, 41.81407784689738]], [[-72.71595445826485, 41.81390084689739], [-72.71596445826486, 41.81390084689739], [-72.71596445826484, 41.813905846897406], [-72.71595445826485, 41.81390584689739], [-72.71595445826485, 41.81390084689739]], [[-72.71530945826485, 41.81461284689737], [-72.71527445826487, 41.81461284689738]], [[-72.71530945826485, 41.814628846897385], [-72.71527445826486, 41.814628846897385]], [[-72.71527245826486, 41.814625846897385], [-72.71527245826486, 41.814615846897375]], [[-72.71531345826486, 41.81462584689739], [-72.71531245826486, 41.81462584689738]], [[-72.71530945826485, 41.81461784689739], [-72.71530945826484, 41.814623846897376]], [[-72.71527445826486, 41.81461684689738], [-72.71527245826486, 41.81461684689738]], [[-72.71529645826486, 41.81462684689739], [-72.71529545826486, 41.814625846897385]], [[-72.71529545826486, 41.814625846897385], [-72.71529545826486, 41.81462784689739]], [[-72.71529545826486, 41.81462784689739], [-72.71529445826488, 41.81462784689735]], [[-72.71529445826488, 41.81462784689735], [-72.71529445826486, 41.81462684689737]], [[-72.71529345826487, 41.81462784689739], [-72.71529245826484, 41.81462784689739]], [[-72.71529245826486, 41.814626846897376], [-72.71529345826488, 41.8146268468974]], [[-72.71528745826487, 41.81462784689739], [-72.71528645826487, 41.81462584689739]], [[-72.71528445826486, 41.814627846897366], [-72.71528445826486, 41.81462584689738]], [[-72.71530245826486, 41.814626846897376], [-72.71530245826486, 41.81462784689739]], [[-72.71529945826487, 41.81462684689738], [-72.71529945826487, 41.814625846897385]], [[-72.71527945826486, 41.81462584689737], [-72.71528045826486, 41.81462584689738]], [[-72.71529645826486, 41.81462784689739], [-72.71529545826486, 41.81462784689739]], [[-72.71530945826485, 41.81461784689739], [-72.71530945826485, 41.81461284689737]], [[-72.71528445826486, 41.81462684689737], [-72.71528345826486, 41.81462684689736]], [[-72.71527245826486, 41.814615846897375], [-72.71527045826487, 41.814615846897375]], [[-72.71531345826486, 41.814610846897374], [-72.71527045826488, 41.81461084689739]], [[-72.71527445826486, 41.81462484689738], [-72.71527245826486, 41.814624846897374]], [[-72.71528545826486, 41.81462684689738], [-72.71528545826486, 41.81462784689739]], [[-72.71531345826486, 41.81463084689738], [-72.71527045826487, 41.81463084689739]], [[-72.71530945826484, 41.814616846897366], [-72.71531245826486, 41.81461684689739]], [[-72.71528645826486, 41.814626846897376], [-72.71528645826487, 41.81462584689739]], [[-72.71529745826486, 41.81462784689739], [-72.71529745826486, 41.81462584689738]], [[-72.71527445826486, 41.81461784689739], [-72.71530945826485, 41.81461784689739]], [[-72.71527445826487, 41.81461284689738], [-72.71527445826486, 41.81461784689739]], [[-72.71531245826486, 41.81461584689737], [-72.71531345826486, 41.814615846897375]], [[-72.71531245826486, 41.81461584689737], [-72.71530945826485, 41.81461584689736]], [[-72.71528245826487, 41.814625846897364], [-72.71528245826487, 41.81462784689739]], [[-72.71531245826486, 41.81462584689738], [-72.71531245826486, 41.81461584689737]], [[-72.71528745826487, 41.81462584689736], [-72.71528745826487, 41.81462784689739]], [[-72.71528745826487, 41.81462584689736], [-72.71528645826487, 41.81462584689739]], [[-72.71527245826486, 41.814625846897385], [-72.71527445826486, 41.81462584689738]], [[-72.71527445826486, 41.81462084689738], [-72.71527245826486, 41.8146208468974]], [[-72.71528945826488, 41.814625846897385], [-72.71528945826488, 41.81462784689739]], [[-72.71531245826486, 41.81462584689738], [-72.71530945826485, 41.81462584689738]], [[-72.71530445826488, 41.814626846897376], [-72.71530445826488, 41.81462784689739]], [[-72.71530945826484, 41.81462484689737], [-72.71531245826485, 41.814624846897374]], [[-72.71527445826486, 41.814628846897385], [-72.71527445826487, 41.814623846897376]], [[-72.71530345826486, 41.81462784689739], [-72.71530345826487, 41.81462684689739]], [[-72.71527045826488, 41.81461084689739], [-72.71527045826487, 41.81463084689739]], [[-72.71528145826485, 41.814625846897364], [-72.71528145826487, 41.814627846897395]], [[-72.71528345826486, 41.81462784689739], [-72.71528345826486, 41.81462584689738]], [[-72.71531345826486, 41.81463084689738], [-72.71531345826486, 41.814610846897374]], [[-72.71530945826485, 41.81462084689737], [-72.71531245826486, 41.81462084689738]], [[-72.71529845826488, 41.81462784689739], [-72.71529945826487, 41.81462784689737]], [[-72.71530945826484, 41.814623846897376], [-72.71527445826487, 41.814623846897376]], [[-72.71529245826486, 41.814625846897385], [-72.71529345826487, 41.81462584689738]], [[-72.71528045826484, 41.81462784689739], [-72.71527945826487, 41.81462784689739]], [[-72.71529445826486, 41.81462684689737], [-72.71529545826486, 41.814626846897376]], [[-72.71528645826487, 41.81462584689739], [-72.71528545826486, 41.81462584689738]], [[-72.71528845826488, 41.814625846897385], [-72.71528845826487, 41.81462784689739]], [[-72.71528245826487, 41.81462784689739], [-72.71528145826485, 41.814625846897364]], [[-72.71529545826486, 41.814626846897376], [-72.71529645826486, 41.81462684689739]], [[-72.71527245826486, 41.814621846897374], [-72.71527445826486, 41.81462184689738]], [[-72.71528545826486, 41.81462784689739], [-72.71528645826486, 41.81462784689737]], [[-72.71527245826486, 41.814615846897375], [-72.71527445826486, 41.81461584689735]], [[-72.71529645826486, 41.81462584689738], [-72.71529645826486, 41.81462784689739]], [[-72.71529545826486, 41.81462784689739], [-72.71529545826486, 41.814626846897376]], [[-72.71530345826486, 41.8146258468974], [-72.71530245826486, 41.814626846897376]], [[-72.71528345826486, 41.81462784689739], [-72.71528345826486, 41.81462584689738]], [[-72.71529945826487, 41.81462784689737], [-72.71529945826487, 41.81462684689738]], [[-72.71529845826487, 41.814625846897364], [-72.71529745826486, 41.81462784689739]], [[-72.71527045826485, 41.814625846897385], [-72.71527245826486, 41.814625846897385]], [[-72.71529945826487, 41.814625846897385], [-72.71529845826487, 41.814625846897364]], [[-72.71529845826487, 41.81462684689738], [-72.71529845826488, 41.81462784689739]], [[-72.71530245826486, 41.81462784689739], [-72.71530345826486, 41.81462784689739]], [[-72.71528045826486, 41.81462584689738], [-72.71528045826484, 41.81462784689739]], [[-72.71528845826487, 41.81462784689739], [-72.71528845826488, 41.814625846897385]], [[-72.71530945826484, 41.814623846897376], [-72.71530945826485, 41.814628846897385]], [[-72.71528945826488, 41.81462784689739], [-72.71528845826488, 41.814625846897385]], [[-72.71528645826486, 41.81462784689737], [-72.71528645826486, 41.814626846897376]], [[-72.71529145826486, 41.81462784689739], [-72.71529145826486, 41.81462584689738]], [[-72.71529245826484, 41.81462784689739], [-72.71529145826486, 41.81462784689739]], [[-72.71527445826487, 41.814623846897376], [-72.71527445826486, 41.81461784689739]], [[-72.71529345826487, 41.81462584689738], [-72.71529345826487, 41.81462784689739]], [[-72.71530245826487, 41.81462584689738], [-72.71530345826486, 41.8146258468974]], [[-72.71531245826486, 41.81462084689738], [-72.71530945826485, 41.81462084689737]], [[-72.71530445826488, 41.81462784689739], [-72.7153044582649, 41.81462584689739]], [[-72.71527045826487, 41.81463084689739], [-72.71531345826486, 41.81463084689738]], [[-72.71513045826485, 41.813958846897386], [-72.71513045826487, 41.81396484689739], [-72.71513145826486, 41.813964846897406], [-72.71513145826486, 41.813958846897386], [-72.71513045826485, 41.813958846897386]], [[-72.71516445826487, 41.814616846897366], [-72.71516145826486, 41.81461684689737]], [[-72.71520845826485, 41.81462484689738], [-72.71521045826486, 41.81462484689738]], [[-72.71519645826486, 41.81462784689739], [-72.71519745826487, 41.814627846897395]], [[-72.71519745826487, 41.81462684689738], [-72.71519645826487, 41.81462684689738]], [[-72.71519645826487, 41.81462684689738], [-72.71519645826486, 41.814625846897385]], [[-72.71519045826486, 41.81462584689738], [-72.71519045826486, 41.81462784689739]], [[-72.71520845826485, 41.81461784689738], [-72.71520845826487, 41.81461284689736]], [[-72.71520845826487, 41.81461284689736], [-72.71516445826487, 41.81461284689736]], [[-72.71516445826487, 41.81461284689736], [-72.71516445826488, 41.8146178468974]], [[-72.71520845826485, 41.814623846897376], [-72.71520845826487, 41.814628846897385]], [[-72.71520845826487, 41.814628846897385], [-72.71516445826487, 41.814628846897385]], [[-72.71516445826487, 41.814628846897385], [-72.71516445826487, 41.81462384689738]], [[-72.71516045826488, 41.814625846897385], [-72.71516145826486, 41.814625846897385]], [[-72.71516145826486, 41.814625846897385], [-72.71516145826486, 41.81461584689736]], [[-72.71516145826486, 41.81461584689736], [-72.71516045826486, 41.814615846897404]], [[-72.71516145826486, 41.814625846897385], [-72.71516445826487, 41.81462584689738]], [[-72.71516145826486, 41.81461584689736], [-72.71516445826487, 41.814615846897404]], [[-72.71521145826486, 41.81462584689738], [-72.71521045826486, 41.81462584689738]], [[-72.71521045826486, 41.81462584689738], [-72.71521045826486, 41.81461584689736]], [[-72.71521045826486, 41.81461584689736], [-72.71521145826486, 41.81461584689739]], [[-72.71521145826486, 41.81461084689738], [-72.71516045826486, 41.81461084689737]], [[-72.71516045826486, 41.81461084689737], [-72.71516045826486, 41.81463084689741]], [[-72.71516445826488, 41.8146178468974], [-72.71520845826485, 41.81461784689738]], [[-72.71518645826487, 41.81462584689739], [-72.71518745826486, 41.814625846897385]], [[-72.71518745826486, 41.814625846897385], [-72.71518745826486, 41.81462784689739]], [[-72.71518645826487, 41.81462684689739], [-72.71518745826486, 41.814626846897376]], [[-72.71518345826486, 41.814625846897385], [-72.71518345826486, 41.81462784689737]], [[-72.71518245826486, 41.81462784689739], [-72.71518245826488, 41.814625846897385]], [[-72.71520845826485, 41.814623846897376], [-72.71516445826487, 41.81462384689738]], [[-72.71519045826486, 41.81462684689738], [-72.71518945826486, 41.814625846897385]], [[-72.71521145826486, 41.814630846897394], [-72.71516045826486, 41.81463084689741]], [[-72.71516045826486, 41.81463084689741], [-72.71521145826486, 41.814630846897394]], [[-72.71517845826486, 41.8146268468974], [-72.71517745826486, 41.814626846897376]], [[-72.71519145826487, 41.81462784689737], [-72.71519045826486, 41.81462584689738]], [[-72.71516445826487, 41.8146208468974], [-72.71516145826486, 41.814620846897384]], [[-72.71518045826487, 41.81462584689737], [-72.71517945826486, 41.81462584689738]], [[-72.71518945826486, 41.814625846897385], [-72.71518945826486, 41.81462784689739]], [[-72.71516145826486, 41.814621846897396], [-72.71516445826487, 41.814621846897374]], [[-72.71521045826486, 41.81462084689738], [-72.71520845826487, 41.814620846897384]], [[-72.71516445826487, 41.81462384689738], [-72.71516445826488, 41.8146178468974]], [[-72.71519645826486, 41.814625846897385], [-72.71519745826487, 41.81462584689738]], [[-72.71519245826487, 41.81462784689739], [-72.71519345826486, 41.81462784689739]], [[-72.71518945826486, 41.81462784689739], [-72.71518845826486, 41.81462784689739]], [[-72.71519345826488, 41.8146258468974], [-72.71519245826487, 41.81462584689738]], [[-72.71518245826488, 41.814625846897385], [-72.71518245826486, 41.81462784689739]], [[-72.71521045826486, 41.81462584689738], [-72.71520845826487, 41.81462584689738]], [[-72.71518145826487, 41.814625846897385], [-72.71518045826487, 41.81462584689737]], [[-72.71519245826487, 41.81462584689738], [-72.71519145826487, 41.81462784689737]], [[-72.71517445826487, 41.81462584689739], [-72.71517445826484, 41.81462784689739]], [[-72.71517645826485, 41.81462784689739], [-72.71517545826487, 41.814625846897385]], [[-72.71519345826486, 41.81462684689737], [-72.71519345826488, 41.8146258468974]], [[-72.71517845826486, 41.8146278468974], [-72.71517845826486, 41.81462584689737]], [[-72.71519345826486, 41.81462784689739], [-72.71519345826486, 41.81462684689737]], [[-72.71519745826487, 41.814627846897395], [-72.71519745826487, 41.81462684689738]], [[-72.71518145826487, 41.81462784689741], [-72.71518045826487, 41.81462584689737]], [[-72.71518845826488, 41.81462684689737], [-72.71518945826486, 41.814626846897376]], [[-72.71520845826487, 41.814620846897384], [-72.71521045826486, 41.81462084689738]], [[-72.71518145826487, 41.814625846897385], [-72.71518145826487, 41.81462784689741]], [[-72.71519845826487, 41.81462784689739], [-72.71519845826488, 41.81462584689738]], [[-72.71517545826487, 41.814625846897385], [-72.71517545826487, 41.81462784689737]], [[-72.71518945826486, 41.814626846897376], [-72.71519045826486, 41.81462684689738]], [[-72.71518545826487, 41.81462784689739], [-72.71518545826486, 41.81462584689737]], [[-72.71521045826486, 41.81461584689736], [-72.71520845826485, 41.81461584689736]], [[-72.71518745826486, 41.814626846897376], [-72.71518845826488, 41.81462684689737]], [[-72.71521145826486, 41.814630846897394], [-72.71521145826486, 41.81461084689738]], [[-72.71517445826484, 41.81462784689739], [-72.71517345826486, 41.814627846897366]], [[-72.71517945826486, 41.8146278468974], [-72.71518045826487, 41.81462784689739]], [[-72.71519245826487, 41.81462684689739], [-72.71519245826487, 41.81462784689739]], [[-72.71518345826486, 41.81462784689737], [-72.71518245826488, 41.814625846897385]], [[-72.71518045826487, 41.814626846897376], [-72.71518045826487, 41.81462584689737]], [[-72.71516445826487, 41.81462484689739], [-72.71516145826486, 41.81462484689738]], [[-72.71518945826486, 41.81462784689739], [-72.71518945826486, 41.814626846897376]], [[-72.71518045826487, 41.81462784689739], [-72.71518045826487, 41.814626846897376]], [[-72.71517645826486, 41.814625846897385], [-72.71517645826485, 41.81462784689739]], [[-72.71519045826486, 41.81462784689739], [-72.71518945826486, 41.81462784689739]], [[-72.71517745826486, 41.81462784689739], [-72.71517745826486, 41.81462584689738]], [[-72.71520845826485, 41.81461784689738], [-72.71520845826485, 41.814623846897376]], [[-72.71517645826485, 41.81462784689739], [-72.71517645826486, 41.814625846897385]], [[-72.71518845826486, 41.81462784689739], [-72.71518745826486, 41.814626846897376]], [[-72.71518745826486, 41.81462784689739], [-72.71518645826487, 41.8146278468974]], [[-72.71520845826487, 41.81461684689737], [-72.71521045826486, 41.81461684689737]], [[-72.71517345826486, 41.81462584689738], [-72.71517445826487, 41.81462584689739]], [[-72.71519845826487, 41.81462684689739], [-72.71519845826487, 41.81462784689739]], [[-72.71518645826487, 41.8146278468974], [-72.71518545826487, 41.81462784689739]], [[-72.71517945826486, 41.81462684689737], [-72.71517945826486, 41.8146278468974]], [[-72.71558245826486, 41.81424284689739], [-72.71558045826487, 41.81424284689739]], [[-72.71558045826487, 41.81424284689739], [-72.71558045826488, 41.8142408468974]], [[-72.71557945826487, 41.814240846897384], [-72.71557945826487, 41.81424284689739]], [[-72.71558245826488, 41.81423684689739], [-72.71557745826485, 41.8142368468974]], [[-72.71557045826484, 41.81422284689739], [-72.71557045826485, 41.814223846897384]], [[-72.7155814582649, 41.81422384689737], [-72.71558145826486, 41.8142218468974]], [[-72.71558145826486, 41.8142218468974], [-72.71557045826488, 41.81422184689741]], [[-72.71557045826488, 41.81422184689741], [-72.71556745826486, 41.81422184689741]], [[-72.71556745826486, 41.81423984689739], [-72.71556645826486, 41.814239846897394]], [[-72.71556645826486, 41.814239846897394], [-72.71556745826486, 41.81423984689739]], [[-72.71558045826485, 41.8142438468974], [-72.71558045826487, 41.81424284689739]], [[-72.71558145826485, 41.814245846897386], [-72.7155814582649, 41.814243846897384]], [[-72.71558245826486, 41.814228846897386], [-72.71557745826486, 41.8142288468974]], [[-72.71558045826487, 41.81422584689739], [-72.71558045826488, 41.81422384689738]], [[-72.71558245826488, 41.81422784689736], [-72.71558245826488, 41.81422684689738]], [[-72.71557745826485, 41.8142368468974], [-72.71557945826484, 41.81423684689739]], [[-72.71558045826488, 41.814232846897376], [-72.71558045826487, 41.814230846897395]], [[-72.71557945826486, 41.814229846897376], [-72.71557945826486, 41.814230846897395]], [[-72.71557945826486, 41.814225846897365], [-72.71557945826487, 41.81422684689739]], [[-72.71558245826488, 41.814229846897376], [-72.71558245826486, 41.814228846897386]], [[-72.71557945826486, 41.81422884689738], [-72.71557945826484, 41.8142278468974]], [[-72.71556745826486, 41.81423984689739], [-72.71556745826486, 41.81424584689741]], [[-72.71556745826486, 41.81424584689741], [-72.71557045826486, 41.81424584689738]], [[-72.71557945826487, 41.81422684689739], [-72.71557745826487, 41.81422684689738]], [[-72.71557745826485, 41.81422784689737], [-72.71558245826488, 41.81422784689736]], [[-72.71557045826485, 41.814223846897384], [-72.7155814582649, 41.81422384689737]], [[-72.71557945826486, 41.81423384689738], [-72.71557945826486, 41.81423484689739]], [[-72.71556745826487, 41.814227846897374], [-72.71556645826485, 41.81422784689738]], [[-72.71558045826487, 41.81423884689737], [-72.71558045826485, 41.81423684689739]], [[-72.71558645826487, 41.8142458468974], [-72.71558145826485, 41.814245846897386]], [[-72.71558245826485, 41.814225846897386], [-72.71557745826486, 41.81422584689739]], [[-72.71558245826485, 41.8142348468974], [-72.71558045826487, 41.81423484689739]], [[-72.71557745826485, 41.814238846897375], [-72.71558245826486, 41.814238846897375]], [[-72.71558045826485, 41.81423684689739], [-72.71558045826487, 41.81423484689739]], [[-72.7155814582649, 41.814243846897384], [-72.71557045826488, 41.8142438468974]], [[-72.71558645826487, 41.8142458468974], [-72.71558645826487, 41.81422184689741]], [[-72.71557945826486, 41.814230846897395], [-72.71557745826485, 41.814230846897395]], [[-72.71558245826488, 41.814240846897384], [-72.71557745826487, 41.81424084689739]], [[-72.71558245826488, 41.81423384689737], [-72.71558245826485, 41.81423284689737]], [[-72.71557945826487, 41.81424284689739], [-72.71557745826486, 41.81424284689739]], [[-72.71557745826486, 41.81422584689739], [-72.71557945826486, 41.814225846897365]], [[-72.71558045826487, 41.814230846897395], [-72.71558045826487, 41.814229846897376]], [[-72.71557045826486, 41.81424584689738], [-72.71558145826485, 41.814245846897386]], [[-72.71558145826486, 41.8142218468974], [-72.71558645826487, 41.81422184689741]], [[-72.71557745826487, 41.81422684689738], [-72.71557745826485, 41.81422784689737]], [[-72.71557045826488, 41.8142438468974], [-72.71557045826488, 41.81424484689738]], [[-72.71558245826488, 41.81422684689738], [-72.71558045826487, 41.81422684689739]], [[-72.71557945826484, 41.81423684689739], [-72.71557945826486, 41.81423484689739]], [[-72.71558045826487, 41.81422584689739], [-72.71558245826485, 41.814225846897386]], [[-72.71556845826484, 41.81424484689739], [-72.71556845826485, 41.814222846897394]], [[-72.71558245826485, 41.81423284689737], [-72.71557745826485, 41.81423284689738]], [[-72.71557745826485, 41.81423484689739], [-72.71558245826485, 41.8142348468974]], [[-72.71557945826484, 41.81423684689739], [-72.71557945826486, 41.81423884689738]], [[-72.71558245826486, 41.81423084689738], [-72.71558045826487, 41.814230846897395]], [[-72.71558045826487, 41.81422684689739], [-72.71558045826487, 41.81422584689739]], [[-72.71558045826487, 41.81423484689739], [-72.71558045826487, 41.81423384689737]], [[-72.71557945826487, 41.814243846897384], [-72.71557945826487, 41.81424284689739]], [[-72.71558045826487, 41.814229846897376], [-72.71558245826488, 41.814229846897376]], [[-72.71558045826487, 41.81422884689738], [-72.71558045826487, 41.81422784689738]], [[-72.71557745826487, 41.81424084689739], [-72.71557945826487, 41.814240846897384]], [[-72.71557945826486, 41.814225846897365], [-72.71557945826488, 41.81422384689739]], [[-72.71557945826487, 41.814240846897384], [-72.71557945826486, 41.81423884689738]], [[-72.71557745826485, 41.814230846897395], [-72.71558245826486, 41.81423084689738]], [[-72.71557745826486, 41.81423384689737], [-72.71557945826486, 41.81423384689738]], [[-72.71557745826486, 41.81424284689739], [-72.71558245826486, 41.81424284689739]], [[-72.71557745826485, 41.814229846897376], [-72.71557945826486, 41.814229846897376]], [[-72.71556645826486, 41.814228846897386], [-72.71556745826486, 41.81422884689738]], [[-72.71556845826485, 41.814222846897394], [-72.71557045826484, 41.81422284689739]], [[-72.71557945826486, 41.81423884689738], [-72.71557745826485, 41.814238846897375]], [[-72.71558045826488, 41.8142408468974], [-72.71558245826488, 41.814240846897384]], [[-72.71558045826485, 41.81423684689739], [-72.71558245826488, 41.81423684689739]], [[-72.71558045826488, 41.8142408468974], [-72.71558045826487, 41.81423884689737]], [[-72.71556645826485, 41.81422784689738], [-72.71556645826486, 41.814228846897386]], [[-72.71558245826486, 41.814238846897375], [-72.71558045826487, 41.81423884689737]], [[-72.71557745826485, 41.81423284689738], [-72.71557745826486, 41.81423384689737]], [[-72.71557945826486, 41.81423484689739], [-72.71557745826485, 41.81423484689739]], [[-72.71557745826486, 41.8142288468974], [-72.71557745826485, 41.814229846897376]], [[-72.71557045826488, 41.81424484689738], [-72.71556845826484, 41.81424484689739]], [[-72.71558045826487, 41.81423384689737], [-72.71558245826488, 41.81423384689737]], [[-72.71557945826486, 41.81423284689738], [-72.71557945826486, 41.814230846897395]], [[-72.71556745826486, 41.81422884689738], [-72.71556745826486, 41.81423984689739]], [[-72.71556745826486, 41.81422184689741], [-72.71556745826487, 41.814227846897374]], [[-72.71567345826486, 41.81395984689738], [-72.71567345826485, 41.813965846897375], [-72.71567645826487, 41.813965846897375], [-72.71567645826487, 41.813959846897376], [-72.71567345826486, 41.81395984689738]], [[-72.71569645826486, 41.81395984689737], [-72.71569645826486, 41.81396584689738], [-72.71569345826484, 41.813965846897375], [-72.71569345826487, 41.813959846897376], [-72.71569645826486, 41.81395984689737]], [[-72.71565545826486, 41.81395984689738], [-72.71565545826483, 41.81396584689738], [-72.71565745826484, 41.8139658468974], [-72.71565745826487, 41.813959846897376], [-72.71565545826486, 41.81395984689738]], [[-72.71450845826486, 41.81427284689739], [-72.71451645826488, 41.81427284689739], [-72.71451645826487, 41.814279846897364], [-72.71450845826486, 41.81427984689737], [-72.71450845826486, 41.81427284689739]], [[-72.71472445826488, 41.81391084689737], [-72.71471245826487, 41.813910846897386], [-72.71471245826484, 41.81390384689738], [-72.71472445826487, 41.81390384689738], [-72.71472445826488, 41.81391084689737]], [[-72.71542445826486, 41.81430884689738], [-72.71542445826486, 41.81429584689738]], [[-72.71543145826486, 41.81429584689738], [-72.71542445826486, 41.81429584689738]], [[-72.71543145826486, 41.814308846897376], [-72.71542445826486, 41.81430884689738]], [[-72.71543045826486, 41.8142958468974], [-72.71543045826485, 41.81430884689738]], [[-72.71543145826486, 41.81429584689738], [-72.71543145826486, 41.814308846897376]], [[-72.71554045826488, 41.81432084689738], [-72.71555245826487, 41.81432084689738]], [[-72.71555245826487, 41.814327846897385], [-72.71554045826485, 41.81432784689737]], [[-72.71554045826488, 41.81432084689738], [-72.71555245826487, 41.81432084689738]], [[-72.71555245826487, 41.81432084689738], [-72.71555245826487, 41.814327846897385]], [[-72.71554045826488, 41.81432084689738], [-72.71554045826485, 41.81432784689737]], [[-72.71543145826486, 41.81429584689738], [-72.71543145826486, 41.814308846897376]], [[-72.71543745826483, 41.81430884689738], [-72.71543745826486, 41.81429584689739]], [[-72.71543145826486, 41.81429584689738], [-72.71543145826486, 41.814308846897376]], [[-72.71543145826486, 41.81429584689738], [-72.71543745826486, 41.81429584689739]], [[-72.71543145826486, 41.814308846897376], [-72.71543745826483, 41.81430884689738]], [[-72.71545945826486, 41.81430884689739], [-72.71545945826486, 41.81432084689738]], [[-72.71545345826486, 41.814320846897395], [-72.71545345826485, 41.81430884689738]], [[-72.71545945826486, 41.81430884689739], [-72.71545945826486, 41.81432084689738]], [[-72.71545945826486, 41.81432084689738], [-72.71545345826486, 41.814320846897395]], [[-72.71545945826486, 41.81430884689739], [-72.71545345826485, 41.81430884689738]], [[-72.71545945826486, 41.81429584689738], [-72.71545945826486, 41.81430884689739]], [[-72.71546645826486, 41.8143088468974], [-72.71546645826487, 41.8142958468974]], [[-72.71546045826487, 41.8142958468974], [-72.71546045826486, 41.81430884689739]], [[-72.71545945826486, 41.81430884689739], [-72.71546645826486, 41.8143088468974]], [[-72.71545945826486, 41.81429584689738], [-72.71546645826487, 41.8142958468974]], [[-72.71548245826486, 41.81428984689739], [-72.71549445826486, 41.814289846897395]], [[-72.71549445826486, 41.81429584689739], [-72.71549445826486, 41.814289846897395]], [[-72.71549445826486, 41.81429584689739], [-72.71548245826484, 41.81429584689737]], [[-72.71549445826486, 41.81429584689739], [-72.71548245826484, 41.81429584689737]], [[-72.71548245826484, 41.81429584689737], [-72.71548245826486, 41.81428984689739]], [[-72.71543145826486, 41.814308846897376], [-72.71543145826486, 41.81432084689738]], [[-72.71542445826486, 41.81432084689738], [-72.71542445826486, 41.81430884689738]], [[-72.71543045826485, 41.81430884689738], [-72.71543045826486, 41.81432084689736]], [[-72.71543145826486, 41.81432084689738], [-72.71542445826486, 41.81432084689738]], [[-72.71543145826486, 41.814308846897376], [-72.71542445826486, 41.81430884689738]], [[-72.71545945826486, 41.81430884689739], [-72.71545945826486, 41.81432084689738]], [[-72.71546645826486, 41.81432084689738], [-72.71546645826486, 41.8143088468974]], [[-72.71546045826486, 41.81430884689739], [-72.71546045826486, 41.81432084689738]], [[-72.71545945826486, 41.81432084689738], [-72.71546645826486, 41.81432084689738]], [[-72.71545945826486, 41.81430884689739], [-72.71546645826486, 41.8143088468974]], [[-72.71551745826486, 41.8143088468974], [-72.71551745826486, 41.81432084689738]], [[-72.71551145826486, 41.814320846897395], [-72.71551145826487, 41.814308846897376]], [[-72.71551745826486, 41.8143088468974], [-72.71551745826486, 41.81432084689738]], [[-72.71551745826486, 41.81432084689738], [-72.71551145826486, 41.814320846897395]], [[-72.71551745826486, 41.8143088468974], [-72.71551145826487, 41.814308846897376]], [[-72.71551745826486, 41.814295846897394], [-72.71551745826486, 41.8143088468974]], [[-72.71552345826487, 41.8143088468974], [-72.71552345826487, 41.81429584689738]], [[-72.71551745826486, 41.814295846897394], [-72.71551745826486, 41.8143088468974]], [[-72.71551745826486, 41.8143088468974], [-72.71552345826487, 41.8143088468974]], [[-72.71551745826486, 41.814295846897394], [-72.71552345826487, 41.81429584689738]], [[-72.71548845826487, 41.81429584689739], [-72.71548845826484, 41.814308846897376]], [[-72.71548845826487, 41.81429584689739], [-72.71549545826487, 41.8142958468974]], [[-72.71549545826487, 41.814308846897376], [-72.71549545826487, 41.8142958468974]], [[-72.71548945826486, 41.81429584689739], [-72.71548945826486, 41.81430884689738]], [[-72.71548845826484, 41.814308846897376], [-72.71549545826487, 41.814308846897376]], [[-72.71551145826486, 41.814320846897395], [-72.71552345826487, 41.814320846897374]], [[-72.71552345826487, 41.81432784689737], [-72.71551145826487, 41.814327846897385]], [[-72.71551145826486, 41.814320846897395], [-72.71551145826487, 41.814327846897385]], [[-72.71552345826487, 41.814320846897374], [-72.71552345826487, 41.81432784689737]], [[-72.71551145826486, 41.814320846897395], [-72.71552345826487, 41.814320846897374]], [[-72.71554645826487, 41.8143088468974], [-72.71554645826487, 41.81432084689738]], [[-72.71554045826488, 41.81432084689738], [-72.71554045826488, 41.81430884689739]], [[-72.71554645826487, 41.8143088468974], [-72.71554645826487, 41.81432084689738]], [[-72.71554645826487, 41.81432084689738], [-72.71554045826488, 41.81432084689738]], [[-72.71554645826487, 41.8143088468974], [-72.71554045826488, 41.81430884689739]], [[-72.71554645826487, 41.81429584689739], [-72.71554645826487, 41.8143088468974]], [[-72.71555245826487, 41.81430884689738], [-72.71555245826487, 41.81429584689738]], [[-72.71554645826487, 41.81429584689739], [-72.71554645826487, 41.8143088468974]], [[-72.71554645826487, 41.8143088468974], [-72.71555245826487, 41.81430884689738]], [[-72.71554645826487, 41.81429584689739], [-72.71555245826487, 41.81429584689738]], [[-72.71554645826487, 41.81429584689739], [-72.71554645826487, 41.8143088468974]], [[-72.71554045826488, 41.81430884689739], [-72.71554045826487, 41.81429584689738]], [[-72.71554645826487, 41.8143088468974], [-72.71554045826488, 41.81430884689739]], [[-72.71554645826487, 41.81429584689739], [-72.71554045826487, 41.81429584689738]], [[-72.71554645826487, 41.81429584689739], [-72.71554645826487, 41.8143088468974]], [[-72.71555245826487, 41.81429584689738], [-72.71554045826487, 41.81429584689738]], [[-72.71554045826488, 41.814289846897395], [-72.71555245826487, 41.814289846897395]], [[-72.71555245826487, 41.81429584689738], [-72.71554045826487, 41.81429584689738]], [[-72.71554045826487, 41.81429584689738], [-72.71554045826488, 41.814289846897395]], [[-72.71555245826487, 41.81429584689738], [-72.71555245826487, 41.814289846897395]], [[-72.71551745826486, 41.814295846897394], [-72.71551745826486, 41.8143088468974]], [[-72.71551745826486, 41.814295846897394], [-72.71551745826486, 41.8143088468974]], [[-72.71551745826486, 41.8143088468974], [-72.71551145826487, 41.814308846897376]], [[-72.71551145826487, 41.814308846897376], [-72.71551145826486, 41.814295846897394]], [[-72.71551745826486, 41.814295846897394], [-72.71551145826486, 41.814295846897394]], [[-72.71490445826488, 41.81445084689737], [-72.71490445826485, 41.81443884689739]], [[-72.71490445826485, 41.81443884689739], [-72.71491445826484, 41.81443884689739]], [[-72.71491445826484, 41.81443884689739], [-72.71491445826486, 41.81445084689737]], [[-72.71491445826486, 41.81445084689737], [-72.71490445826488, 41.81445084689737]], [[-72.71490845826487, 41.81445084689736], [-72.71490845826484, 41.814438846897374]], [[-72.71524345826487, 41.81429984689739], [-72.71524445826485, 41.814300846897375], [-72.71524745826487, 41.81430484689738], [-72.71524745826484, 41.81430584689736], [-72.71524445826488, 41.81430984689739], [-72.71524345826487, 41.81430984689738], [-72.71523945826488, 41.814307846897385], [-72.71523845826485, 41.81430684689738], [-72.71523845826486, 41.81430284689739], [-72.71523945826488, 41.814301846897386], [-72.71524345826487, 41.81429984689739]], [[-72.71580545826487, 41.814290846897386], [-72.71580545826487, 41.81429684689738], [-72.71580645826485, 41.81429684689738], [-72.71580645826486, 41.81429084689738], [-72.71580545826487, 41.814290846897386]], [[-72.71508745826488, 41.814251846897406], [-72.71508745826485, 41.81424584689737], [-72.71508945826486, 41.8142458468974], [-72.71508945826487, 41.8142518468974], [-72.71508745826488, 41.814251846897406]], [[-72.71517545826485, 41.8142528468974], [-72.71517545826488, 41.814246846897376], [-72.71517745826486, 41.8142468468974], [-72.71517745826486, 41.81425284689737], [-72.71517545826485, 41.8142528468974]], [[-72.71556745826487, 41.813958846897364], [-72.71556745826486, 41.81396484689738], [-72.71556845826484, 41.81396484689739], [-72.71556845826485, 41.813958846897386], [-72.71556745826487, 41.813958846897364]], [[-72.71571445826486, 41.8139598468974], [-72.71571445826483, 41.8139658468974], [-72.71571245826486, 41.81396584689739], [-72.71571245826486, 41.81395984689738], [-72.71571445826486, 41.8139598468974]], [[-72.71529445826486, 41.81406084689739], [-72.71529445826488, 41.814066846897354], [-72.71529645826486, 41.81406684689739], [-72.71529645826487, 41.81406084689738], [-72.71529445826486, 41.81406084689739]], [[-72.71560645826486, 41.81425484689738], [-72.71560645826487, 41.81424884689737], [-72.71560845826487, 41.81424884689737], [-72.71560845826485, 41.81425484689739], [-72.71560645826486, 41.81425484689738]], [[-72.71571345826486, 41.814014846897386], [-72.71571345826484, 41.81402084689738], [-72.71571845826486, 41.81402084689736], [-72.71571845826482, 41.8140148468974], [-72.71571345826486, 41.814014846897386]], [[-72.71470845826485, 41.81430984689739], [-72.71470245826487, 41.81430984689738], [-72.71470245826488, 41.81431584689737], [-72.71470845826487, 41.81431584689739], [-72.71470845826485, 41.81430984689739]], [[-72.71556745826486, 41.814253846897394], [-72.71556745826484, 41.814247846897395], [-72.71556845826484, 41.81424784689738], [-72.71556845826485, 41.8142538468974], [-72.71556745826486, 41.814253846897394]], [[-72.71542845826485, 41.81425184689741], [-72.71542845826487, 41.814245846897386], [-72.71543045826485, 41.81424584689738], [-72.71543045826486, 41.81425184689736], [-72.71542845826485, 41.81425184689741]], [[-72.71574445826487, 41.81425484689737], [-72.71574445826488, 41.81424884689737], [-72.71574545826486, 41.81424884689738], [-72.71574545826483, 41.81425484689737], [-72.71574445826487, 41.81425484689737]], [[-72.71478045826487, 41.81457384689739], [-72.71478245826485, 41.81457384689738]], [[-72.71478245826488, 41.81455784689737], [-72.71478045826485, 41.8145578468974]], [[-72.71478245826485, 41.81457384689738], [-72.71478245826488, 41.81455784689737]], [[-72.71478045826485, 41.8145578468974], [-72.71478045826487, 41.81457384689739], [-72.71477445826487, 41.81457384689738], [-72.71477445826484, 41.8145578468974], [-72.71478045826485, 41.8145578468974]], [[-72.71535245826486, 41.813870846897416], [-72.71535245826486, 41.813883846897376]], [[-72.71535845826487, 41.81388384689737], [-72.71535845826484, 41.813870846897395]], [[-72.71535845826484, 41.813870846897395], [-72.71535245826486, 41.813870846897416]], [[-72.71535245826486, 41.813883846897376], [-72.71535845826487, 41.81388384689737]], [[-72.71535945826486, 41.81434284689737], [-72.71535345826486, 41.81434284689739], [-72.71535345826487, 41.81434784689739], [-72.71535945826487, 41.81434784689739], [-72.71535945826486, 41.81434284689737]], [[-72.71542845826485, 41.813964846897406], [-72.71542845826485, 41.813970846897384], [-72.71542945826486, 41.813970846897384], [-72.71542945826486, 41.81396484689739], [-72.71542845826485, 41.813964846897406]], [[-72.71533745826486, 41.813881846897374], [-72.71533745826486, 41.81387884689737], [-72.71534045826486, 41.81387884689739], [-72.71534045826486, 41.81388184689739]], [[-72.71534145826485, 41.81388184689738], [-72.71533645826486, 41.81388184689739], [-72.71533645826486, 41.8138938468974], [-72.71534145826486, 41.81389384689739], [-72.71534145826485, 41.81388184689738]], [[-72.71538845826487, 41.814343846897394], [-72.71538845826488, 41.81435484689739], [-72.71538245826487, 41.814354846897395], [-72.71538245826486, 41.814343846897394], [-72.71538845826487, 41.814343846897394]], [[-72.71539545826488, 41.81434484689738], [-72.71537745826485, 41.81434484689736], [-72.71537745826485, 41.814345846897396], [-72.71539545826488, 41.81434584689739], [-72.71539545826488, 41.81434484689738]], [[-72.71539545826485, 41.81430184689738], [-72.71537745826487, 41.81430184689739], [-72.71539545826485, 41.81430184689738]], [[-72.71539545826488, 41.814310846897406], [-72.71537745826487, 41.814310846897385], [-72.71537745826488, 41.81431184689738], [-72.71539545826487, 41.81431184689739], [-72.71539545826488, 41.814310846897406]], [[-72.71539545826487, 41.814326846897394], [-72.7153774582649, 41.8143268468974], [-72.71537745826487, 41.814327846897385], [-72.71539545826488, 41.81432784689737], [-72.71539545826487, 41.814326846897394]], [[-72.71440445826487, 41.81390984689739], [-72.71439345826487, 41.81390984689739], [-72.71439345826487, 41.81392084689737], [-72.71440445826487, 41.813920846897375], [-72.71440445826487, 41.81390984689739]], [[-72.71497345826488, 41.81432384689739], [-72.71496645826487, 41.81432384689739]], [[-72.71497345826488, 41.81433884689739], [-72.71496645826485, 41.81433884689737]], [[-72.71497345826488, 41.814353846897376], [-72.71496645826487, 41.814353846897376]], [[-72.71497345826485, 41.814345846897396], [-72.71496645826488, 41.81434584689739]], [[-72.71497345826486, 41.81433084689739], [-72.71496645826487, 41.81433084689739]], [[-72.71497345826486, 41.8143158468974], [-72.71496645826487, 41.81431584689739]], [[-72.71496545826487, 41.814305846897376], [-72.71496545826487, 41.814376846897375]], [[-72.71495845826486, 41.8143088468974], [-72.71496545826487, 41.81430884689738]], [[-72.71495845826487, 41.81432384689739], [-72.71496545826487, 41.81432384689739]], [[-72.71495845826486, 41.81433884689738], [-72.71496545826486, 41.814338846897385]], [[-72.71495845826486, 41.81435384689739], [-72.71496545826487, 41.81435384689736]], [[-72.71495845826483, 41.8143688468974], [-72.71496545826486, 41.8143688468974]], [[-72.71495845826485, 41.81434584689739], [-72.71496545826484, 41.81434584689738]], [[-72.71495845826486, 41.81436184689738], [-72.71496545826486, 41.814361846897384]], [[-72.71495845826487, 41.81433084689739], [-72.71496545826487, 41.81433084689739]], [[-72.71495845826486, 41.81431584689739], [-72.71496545826487, 41.81431584689739]], [[-72.71496645826487, 41.81430584689736], [-72.71496645826485, 41.81437684689738]], [[-72.71497345826486, 41.81437684689739], [-72.71495845826486, 41.81437684689738]], [[-72.71495845826486, 41.81437684689738], [-72.71495845826486, 41.814300846897396]], [[-72.71495845826486, 41.814300846897396], [-72.71497345826486, 41.81430084689739]], [[-72.71497345826486, 41.81430884689739], [-72.71496645826484, 41.81430884689739]], [[-72.71497345826484, 41.81436184689739], [-72.71496645826485, 41.814361846897384]], [[-72.7149734582649, 41.814368846897395], [-72.71496645826488, 41.8143688468974]], [[-72.71497345826486, 41.81430084689739], [-72.71497345826486, 41.81437684689739]], [[-72.71498845826486, 41.814376846897375], [-72.71498845826486, 41.81430084689736]], [[-72.71500445826486, 41.81435384689738], [-72.71499645826486, 41.81435384689738]], [[-72.71500445826486, 41.814361846897384], [-72.71499645826486, 41.81436184689738]], [[-72.71500445826487, 41.81433084689738], [-72.71499645826488, 41.814330846897384]], [[-72.71499545826487, 41.81430584689738], [-72.71499545826488, 41.81437684689736]], [[-72.71498845826486, 41.81430884689739], [-72.71499545826487, 41.814308846897376]], [[-72.71498845826486, 41.81432384689739], [-72.71499545826487, 41.81432384689737]], [[-72.71498845826486, 41.81433884689737], [-72.71499545826487, 41.81433884689737]], [[-72.71498845826486, 41.81435384689739], [-72.71499545826488, 41.8143538468974]], [[-72.71498845826486, 41.81436884689739], [-72.71499545826485, 41.8143688468974]], [[-72.71498845826486, 41.81434584689738], [-72.71499545826487, 41.81434584689739]], [[-72.71498845826486, 41.81436184689737], [-72.7149954582649, 41.81436184689737]], [[-72.71498845826486, 41.81433084689739], [-72.71499545826487, 41.8143308468974]], [[-72.71498845826484, 41.81431584689737], [-72.7149954582649, 41.81431584689737]], [[-72.71500445826483, 41.814338846897364], [-72.71499645826485, 41.814338846897385]], [[-72.71500445826486, 41.814376846897375], [-72.71498845826486, 41.814376846897375]], [[-72.71498845826486, 41.81430084689736], [-72.71500445826484, 41.81430084689739]], [[-72.71500445826484, 41.81430084689739], [-72.71500445826486, 41.814376846897375]], [[-72.71500445826486, 41.8143158468974], [-72.71499645826486, 41.8143158468974]], [[-72.71500445826484, 41.81436884689739], [-72.71499645826486, 41.8143688468974]], [[-72.71500445826486, 41.81432384689739], [-72.71499645826488, 41.81432384689739]], [[-72.71500445826486, 41.81434584689738], [-72.71499645826485, 41.81434584689739]], [[-72.71499645826486, 41.814305846897376], [-72.71499645826486, 41.814376846897375]], [[-72.71500445826484, 41.81430884689739], [-72.71499645826489, 41.81430884689738]], [[-72.71496645826485, 41.81444784689737], [-72.71497245826487, 41.81444784689737]], [[-72.71496645826487, 41.814463846897375], [-72.71497245826487, 41.814463846897375]], [[-72.71497245826488, 41.81440784689735], [-72.71497245826487, 41.81447184689738]], [[-72.71497245826487, 41.81447184689738], [-72.71495945826486, 41.81447184689738]], [[-72.71496545826486, 41.814463846897404], [-72.71495945826487, 41.814463846897375]], [[-72.71496545826484, 41.81441584689738], [-72.71495945826486, 41.8144158468974]], [[-72.71496545826487, 41.81443984689737], [-72.71495945826486, 41.81443984689738]], [[-72.71496645826488, 41.81442384689738], [-72.71497245826487, 41.8144238468974]], [[-72.71496645826488, 41.81445584689737], [-72.71497245826487, 41.81445584689738]], [[-72.71496645826488, 41.81443984689738], [-72.71497245826488, 41.814439846897365]], [[-72.71495945826486, 41.81447184689738], [-72.71495945826486, 41.81440784689736]], [[-72.71496545826486, 41.81444784689738], [-72.71495945826487, 41.81444784689738]], [[-72.71496545826487, 41.814455846897374], [-72.71495945826486, 41.814455846897374]], [[-72.71496645826487, 41.81443184689737], [-72.71497245826485, 41.81443184689738]], [[-72.71496545826483, 41.814431846897406], [-72.71495945826484, 41.81443184689738]], [[-72.71496545826487, 41.81442384689739], [-72.71495945826484, 41.81442384689739]], [[-72.71496645826487, 41.81441584689738], [-72.71497245826485, 41.81441584689739]], [[-72.71496545826486, 41.814411846897386], [-72.71496545826486, 41.8144718468974]], [[-72.71495945826486, 41.81440784689736], [-72.71497245826488, 41.81440784689735]], [[-72.71496645826487, 41.814411846897386], [-72.71496645826487, 41.8144718468974]], [[-72.71434945826486, 41.813864846897374], [-72.71434445826483, 41.81386484689738], [-72.71434445826488, 41.81384584689738], [-72.71434945826486, 41.81384584689736], [-72.71434945826486, 41.813864846897374]], [[-72.71539545826485, 41.81436084689739], [-72.71537745826485, 41.814360846897394], [-72.71537745826484, 41.81436184689738], [-72.71539545826487, 41.81436184689737], [-72.71539545826485, 41.81436084689739]], [[-72.71539545826488, 41.81439584689737], [-72.71537745826488, 41.81439584689738], [-72.71539545826488, 41.81439584689737]], [[-72.71513045826487, 41.81425184689737], [-72.71513045826487, 41.81424584689739], [-72.71513145826486, 41.8142458468974], [-72.71513145826486, 41.81425184689739], [-72.71513045826487, 41.81425184689737]], [[-72.71494245826487, 41.81441484689739], [-72.71494245826487, 41.814462846897364]], [[-72.71494245826487, 41.814462846897364], [-72.71492945826486, 41.81446284689737]], [[-72.71492945826486, 41.81446284689737], [-72.71492945826486, 41.814414846897385]], [[-72.71492945826486, 41.814414846897385], [-72.71494245826487, 41.81441484689739]], [[-72.71493645826487, 41.81442284689741], [-72.71494245826484, 41.81442284689739]], [[-72.71493645826484, 41.814430846897395], [-72.71494245826483, 41.8144308468974]], [[-72.71493645826486, 41.814418846897375], [-72.71493645826486, 41.814462846897385]], [[-72.71493645826486, 41.81443884689738], [-72.71494245826482, 41.814438846897396]], [[-72.71493645826486, 41.8144468468974], [-72.71494245826484, 41.81444684689738]], [[-72.71493645826484, 41.81445484689738], [-72.71494245826484, 41.81445484689738]], [[-72.71493645826486, 41.814462846897385], [-72.71494245826487, 41.814462846897364]], [[-72.71493545826486, 41.81442284689738], [-72.71492945826486, 41.814422846897386]], [[-72.71493545826485, 41.814430846897395], [-72.71492945826485, 41.81443084689739]], [[-72.71493545826488, 41.8144188468974], [-72.71493545826486, 41.81446284689738]], [[-72.71493545826483, 41.814438846897396], [-72.71492945826486, 41.81443884689739]], [[-72.71493545826486, 41.81444684689738], [-72.71492945826486, 41.8144468468974]], [[-72.71493545826485, 41.81445484689741], [-72.71492945826485, 41.81445484689739]], [[-72.71493545826486, 41.81446284689738], [-72.71492945826486, 41.81446284689737]], [[-72.71488545826486, 41.81457384689739], [-72.71488545826487, 41.814592846897376], [-72.71488245826488, 41.814592846897376], [-72.71488245826488, 41.8145738468974], [-72.71488545826486, 41.81457384689739]], [[-72.71526245826486, 41.81401584689737], [-72.71526945826486, 41.81401584689736], [-72.71526945826487, 41.81402684689738], [-72.71526245826486, 41.81402684689739], [-72.71526245826486, 41.81401584689737]], [[-72.71591245826487, 41.81388084689739], [-72.71590945826487, 41.81388084689739], [-72.71590945826489, 41.8138838468974], [-72.71591245826488, 41.813883846897376], [-72.71591245826487, 41.81388084689739]], [[-72.71589545826491, 41.813889846897375], [-72.71589545826488, 41.81389584689738]], [[-72.71590945826485, 41.813884846897395], [-72.71590945826485, 41.81388684689738], [-72.71591245826485, 41.81388684689739], [-72.71591345826488, 41.813886846897375], [-72.71591345826485, 41.813884846897395], [-72.71591245826487, 41.813884846897395], [-72.71590945826485, 41.813884846897395]], [[-72.71590245826485, 41.81389484689739], [-72.71590345826488, 41.813894846897384], [-72.71590245826485, 41.81389484689739]], [[-72.71590845826486, 41.81389584689738], [-72.71591345826485, 41.81389584689738], [-72.71591345826485, 41.813883846897404], [-72.71590845826488, 41.813883846897376], [-72.71590845826483, 41.813889846897375]], [[-72.71589545826491, 41.813889846897375], [-72.71590845826483, 41.813889846897375]], [[-72.71589245826488, 41.81388084689738], [-72.71589445826487, 41.813880846897376], [-72.71589445826486, 41.8138838468974], [-72.71589245826486, 41.81388384689738], [-72.71589245826488, 41.81388084689738]], [[-72.71589545826488, 41.81389584689738], [-72.71589145826486, 41.81389584689738], [-72.71589145826486, 41.813883846897376], [-72.71589545826487, 41.8138838468974], [-72.71589545826491, 41.813889846897375]], [[-72.71590845826486, 41.813886846897375], [-72.71589545826487, 41.81388684689738]], [[-72.71589545826488, 41.813884846897395], [-72.71589545826487, 41.81388684689738], [-72.71589145826485, 41.813886846897375], [-72.71589145826486, 41.813884846897395], [-72.71589545826488, 41.813884846897395]], [[-72.71590845826486, 41.81389584689738], [-72.71589545826488, 41.81389584689738]], [[-72.71590845826483, 41.813889846897375], [-72.71590845826486, 41.81389584689738]], [[-72.71590845826486, 41.81389584689738], [-72.71589545826488, 41.81389584689738]], [[-72.71530345826486, 41.814031846897386], [-72.71531045826487, 41.814031846897386], [-72.71531045826485, 41.814043846897384], [-72.71530345826486, 41.81404384689739], [-72.71530345826486, 41.814031846897386]], [[-72.71522845826486, 41.814583846897385], [-72.71522845826486, 41.81457084689738]], [[-72.71523145826487, 41.81457784689738], [-72.71523145826487, 41.81458084689738], [-72.71522845826486, 41.814580846897364], [-72.71522845826485, 41.81457484689738], [-72.71522845826486, 41.81457784689737], [-72.71523145826487, 41.81457784689738]], [[-72.71540845826486, 41.814071846897384], [-72.71540845826487, 41.81407584689737], [-72.71540645826488, 41.81407584689736], [-72.71540645826487, 41.814071846897384], [-72.71540845826486, 41.814071846897384]], [[-72.71547545826488, 41.81392784689738], [-72.71547545826486, 41.813921846897394], [-72.71547445826485, 41.813921846897394], [-72.71547445826486, 41.81392784689737], [-72.71547545826488, 41.81392784689738]], [[-72.71494345826486, 41.81432384689739], [-72.71493645826486, 41.814323846897395]], [[-72.71494345826486, 41.81431584689739], [-72.71493645826486, 41.81431584689738]], [[-72.7149284582649, 41.81435384689738], [-72.71493545826486, 41.814353846897376]], [[-72.71492845826486, 41.814368846897395], [-72.71492845826486, 41.81430084689736]], [[-72.71492845826488, 41.81433884689738], [-72.71493545826486, 41.81433884689738]], [[-72.71494345826484, 41.814345846897396], [-72.71493645826484, 41.81434584689742]], [[-72.71494345826486, 41.8143308468974], [-72.71493645826484, 41.8143308468974]], [[-72.71492845826484, 41.81434584689738], [-72.71493545826486, 41.814345846897375]], [[-72.71494345826486, 41.8143088468974], [-72.71493645826487, 41.814308846897376]], [[-72.71493645826484, 41.814305846897376], [-72.71493645826484, 41.81436884689739]], [[-72.71494345826486, 41.814361846897384], [-72.71493645826486, 41.814361846897384]], [[-72.71494345826484, 41.81433884689737], [-72.71493645826486, 41.81433884689737]], [[-72.71492845826486, 41.81432384689739], [-72.71493545826486, 41.81432384689739]], [[-72.71494345826486, 41.8143688468974], [-72.71492845826486, 41.814368846897395]], [[-72.71494345826486, 41.814300846897396], [-72.71494345826486, 41.8143688468974]], [[-72.71492845826488, 41.814361846897384], [-72.71493545826488, 41.81436184689737]], [[-72.71492845826486, 41.81430884689738], [-72.71493545826488, 41.8143088468974]], [[-72.71492845826488, 41.8143308468974], [-72.71493545826486, 41.81433084689738]], [[-72.71493545826485, 41.814305846897376], [-72.71493545826486, 41.81436884689739]], [[-72.71494345826487, 41.81435384689739], [-72.71493645826487, 41.81435384689739]], [[-72.71492845826488, 41.8143158468974], [-72.71493545826488, 41.81431584689739]], [[-72.71492845826486, 41.81430084689736], [-72.71494345826486, 41.814300846897396]], [[-72.71496745826487, 41.81438184689737], [-72.71497345826488, 41.814381846897376], [-72.71497345826486, 41.81437684689739], [-72.71496745826487, 41.81437684689738], [-72.71496745826487, 41.81438184689737]], [[-72.71552345826487, 41.81429584689738], [-72.71551145826486, 41.814295846897394]], [[-72.71551145826486, 41.814289846897395], [-72.71552345826487, 41.81428984689738]], [[-72.71552345826487, 41.81429584689738], [-72.71551145826486, 41.814295846897394]], [[-72.71551145826486, 41.814295846897394], [-72.71551145826486, 41.814289846897395]], [[-72.71552345826487, 41.81429584689738], [-72.71552345826487, 41.81428984689738]], [[-72.71519945826486, 41.814438846897374], [-72.71519945826486, 41.81444484689737], [-72.71520445826486, 41.81444484689737], [-72.71520445826486, 41.81443884689738], [-72.71519945826486, 41.814438846897374]], [[-72.71526545826487, 41.81403684689738], [-72.71526345826486, 41.81403684689738], [-72.71526345826484, 41.814042846897394], [-72.71526545826487, 41.81404284689738]], [[-72.71526845826486, 41.814037846897385], [-72.71526845826484, 41.8140418468974], [-72.71526445826485, 41.81404184689739], [-72.71526445826484, 41.81403784689741], [-72.71526845826486, 41.814037846897385]], [[-72.71481445826485, 41.81453884689738], [-72.71481245826484, 41.814520846897395]], [[-72.71481145826486, 41.81451984689739], [-72.71480345826485, 41.814520846897395]], [[-72.71480245826486, 41.81452184689737], [-72.71480445826488, 41.81453984689739]], [[-72.71480445826488, 41.81453984689739], [-72.71481445826485, 41.81453884689738]], [[-72.71500345826486, 41.814396846897374], [-72.71500345826487, 41.81444484689737]], [[-72.71500345826487, 41.81444484689737], [-72.71498945826487, 41.81444484689739]], [[-72.71498945826487, 41.81444484689739], [-72.71498945826485, 41.81439684689738]], [[-72.71498945826485, 41.81439684689738], [-72.71500345826486, 41.814396846897374]], [[-72.71499645826485, 41.814404846897375], [-72.71500345826486, 41.814404846897396]], [[-72.71499645826488, 41.81441284689738], [-72.71500345826486, 41.81441284689738]], [[-72.71499645826486, 41.81440084689739], [-72.71499645826486, 41.81444484689739]], [[-72.71499645826488, 41.814420846897384], [-72.71500345826486, 41.81442084689736]], [[-72.71499645826486, 41.81442884689738], [-72.71500345826486, 41.81442884689737]], [[-72.71499645826486, 41.814436846897394], [-72.71500345826489, 41.81443684689739]], [[-72.71499645826485, 41.814404846897375], [-72.71498945826484, 41.814404846897396]], [[-72.71499645826488, 41.81441284689738], [-72.71498945826485, 41.81441284689738]], [[-72.71499645826486, 41.81440084689739], [-72.71499645826486, 41.81444484689739]], [[-72.71499645826488, 41.814420846897384], [-72.71498945826485, 41.814420846897384]], [[-72.71499645826486, 41.81442884689738], [-72.71498945826487, 41.81442884689739]], [[-72.71499645826486, 41.814436846897394], [-72.71498945826488, 41.814436846897394]], [[-72.71554645826487, 41.8143088468974], [-72.71554645826487, 41.81432084689738]], [[-72.71555245826487, 41.81432084689738], [-72.71555245826487, 41.81430884689738]], [[-72.71554645826487, 41.8143088468974], [-72.71554645826487, 41.81432084689738]], [[-72.71554645826487, 41.8143088468974], [-72.71555245826487, 41.81430884689738]], [[-72.71554645826487, 41.81432084689738], [-72.71555245826487, 41.81432084689738]], [[-72.71545545826486, 41.81437284689739], [-72.71545545826487, 41.814378846897384], [-72.71545445826482, 41.814378846897384], [-72.71545445826484, 41.81437284689738], [-72.71545545826486, 41.81437284689739]], [[-72.71521045826486, 41.8143238468974], [-72.71520345826487, 41.814323846897395]], [[-72.71521045826488, 41.81430884689738], [-72.71521045826486, 41.8143238468974]], [[-72.71521745826485, 41.81432384689739], [-72.71521745826486, 41.81430884689739]], [[-72.71520345826487, 41.8143088468974], [-72.71521045826488, 41.81430884689738]], [[-72.71521045826486, 41.8143238468974], [-72.71521745826485, 41.81432384689739]], [[-72.71520345826487, 41.814323846897395], [-72.71520345826487, 41.8143088468974]], [[-72.71521745826486, 41.81430884689739], [-72.71521045826488, 41.81430884689738]], [[-72.71521045826488, 41.81430884689738], [-72.71521045826486, 41.8143238468974]], [[-72.71533645826486, 41.813850846897374], [-72.71532445826486, 41.813850846897374], [-72.71532445826485, 41.8138588468974], [-72.71533645826487, 41.81385884689739], [-72.71533645826486, 41.813850846897374]], [[-72.71595445826487, 41.81400484689736], [-72.7159404582649, 41.81400484689737]], [[-72.71595345826486, 41.81400484689738], [-72.71595445826487, 41.81400484689736]], [[-72.71595445826487, 41.814005846897395], [-72.71595445826487, 41.81400484689736]], [[-72.71595445826487, 41.81400484689736], [-72.71595445826487, 41.814005846897395]], [[-72.7159404582649, 41.81400484689737], [-72.71594045826488, 41.814005846897395]], [[-72.71595445826487, 41.81400484689736], [-72.71595445826487, 41.814005846897395]], [[-72.7159404582649, 41.81400484689737], [-72.71593945826487, 41.81400484689738], [-72.71593945826484, 41.814005846897395], [-72.71594045826488, 41.814005846897395]], [[-72.71594045826488, 41.814005846897395], [-72.7159404582649, 41.81400484689737]], [[-72.71594045826488, 41.814005846897395], [-72.71594145826487, 41.81400584689739]], [[-72.71595445826487, 41.814005846897395], [-72.71595345826488, 41.81400584689739]], [[-72.71594145826487, 41.81400484689738], [-72.7159404582649, 41.81400484689737]], [[-72.71594045826488, 41.814005846897395], [-72.71595445826487, 41.814005846897395]], [[-72.71438945826486, 41.81408384689738], [-72.71438945826485, 41.81407784689737]], [[-72.71440845826486, 41.8140838468974], [-72.71438945826486, 41.81408384689738]], [[-72.71440845826487, 41.81407784689738], [-72.71440845826486, 41.8140838468974]], [[-72.71438945826485, 41.81407784689737], [-72.71440845826487, 41.81407784689738]], [[-72.71468345826484, 41.81460084689739], [-72.71467645826486, 41.8146008468974], [-72.71467645826488, 41.81459584689736], [-72.71468345826484, 41.8145958468974], [-72.71468345826484, 41.81460084689739]], [[-72.71438645826484, 41.81384184689737], [-72.71438645826485, 41.81383284689738]], [[-72.71438145826487, 41.81383284689739], [-72.71438145826487, 41.813841846897375]], [[-72.71438645826485, 41.81383284689738], [-72.71438145826487, 41.81383284689739]], [[-72.71438645826487, 41.81384784689739], [-72.71438645826485, 41.8138398468974]], [[-72.71438145826487, 41.81383284689739], [-72.71438645826485, 41.81383284689738], [-72.71438645826487, 41.81383084689738], [-72.71438145826487, 41.81383084689738], [-72.71438145826487, 41.81383284689739]], [[-72.71439345826488, 41.81384784689739], [-72.71438645826487, 41.81384784689739]], [[-72.71439345826487, 41.81383984689741], [-72.71439345826488, 41.81384784689739]], [[-72.71438645826485, 41.8138398468974], [-72.71439345826487, 41.81383984689741]], [[-72.71438145826487, 41.813841846897375], [-72.71438645826484, 41.81384184689737]], [[-72.71445245826486, 41.81384784689737], [-72.71444545826486, 41.81384784689739]], [[-72.71444545826488, 41.813839846897395], [-72.71445245826486, 41.81383984689739]], [[-72.71444545826488, 41.81384184689738], [-72.71444545826486, 41.81383284689739]], [[-72.71444045826487, 41.813832846897384], [-72.71444045826483, 41.813841846897375]], [[-72.71444545826486, 41.81383284689739], [-72.71444045826487, 41.813832846897384]], [[-72.71444045826483, 41.813841846897375], [-72.71444545826488, 41.81384184689738]], [[-72.71444545826486, 41.81384784689739], [-72.71444545826488, 41.813839846897395]], [[-72.71445245826486, 41.81383984689739], [-72.71445245826486, 41.81384784689737]], [[-72.71444045826487, 41.813832846897384], [-72.71444545826486, 41.81383284689739], [-72.71444545826486, 41.813830846897375], [-72.71444045826486, 41.81383084689737], [-72.71444045826487, 41.813832846897384]], [[-72.71463045826488, 41.814028846897386], [-72.71463045826485, 41.81402684689739]], [[-72.71463045826488, 41.814028846897386], [-72.71463045826485, 41.81402684689739]], [[-72.71463345826487, 41.81402284689739], [-72.71463345826486, 41.81402784689739]], [[-72.71461945826485, 41.81402884689738], [-72.71461945826485, 41.81402684689739]], [[-72.71461645826487, 41.81402084689738], [-72.71461645826487, 41.814028846897386]], [[-72.71463345826487, 41.81402084689738], [-72.71463345826484, 41.81402884689737]], [[-72.71463345826486, 41.81402384689739], [-72.71461645826486, 41.814023846897385]], [[-72.71461945826485, 41.81402884689738], [-72.71461945826485, 41.81402684689739]], [[-72.71461645826486, 41.81402684689739], [-72.71463345826484, 41.814026846897384]], [[-72.71463345826484, 41.81402884689737], [-72.71461645826487, 41.814028846897386]], [[-72.71463345826487, 41.81402084689738], [-72.71461645826487, 41.81402084689738]], [[-72.71461545826484, 41.81396884689739], [-72.71462445826486, 41.81396884689739]], [[-72.71461545826484, 41.813992846897385], [-72.71461545826484, 41.81396884689739]], [[-72.71462445826488, 41.81397184689738], [-72.71462545826488, 41.813971846897374]], [[-72.71462445826486, 41.81398984689738], [-72.71462545826486, 41.81398984689738]], [[-72.71462545826486, 41.81398984689738], [-72.71462445826486, 41.81398984689738]], [[-72.71462545826486, 41.81396884689739], [-72.71462445826486, 41.81396884689739]], [[-72.71462545826488, 41.813971846897374], [-72.71462445826488, 41.81397184689738]], [[-72.71461645826484, 41.8139928468974], [-72.71461645826484, 41.813968846897374]], [[-72.71462145826484, 41.813992846897364], [-72.71462145826484, 41.81396884689736]], [[-72.71462545826486, 41.81398984689738], [-72.71462445826486, 41.81398984689738]], [[-72.71462845826487, 41.81397284689739], [-72.71462145826486, 41.81397284689739]], [[-72.71462545826486, 41.81396884689739], [-72.71463445826488, 41.81396884689739]], [[-72.71462845826485, 41.81397184689737], [-72.71462145826486, 41.813971846897374]], [[-72.71462545826486, 41.81397284689741], [-72.71462445826485, 41.81397284689737]], [[-72.71463445826487, 41.813992846897385], [-72.71462545826485, 41.813992846897385]], [[-72.71462845826487, 41.813992846897385], [-72.71462845826485, 41.813968846897396]], [[-72.71462545826485, 41.813992846897385], [-72.71463145826483, 41.81399284689738]], [[-72.71461645826484, 41.8139928468974], [-72.71462145826484, 41.813992846897364]], [[-72.71462545826486, 41.81398984689738], [-72.71462445826486, 41.81398984689738]], [[-72.71462545826485, 41.813992846897385], [-72.71462545826486, 41.81396884689739]], [[-72.71462445826488, 41.813992846897385], [-72.71461845826485, 41.81399284689739]], [[-72.71462445826486, 41.81396884689739], [-72.71462445826488, 41.813992846897385]], [[-72.71463445826488, 41.81396884689739], [-72.71463445826487, 41.813992846897385]], [[-72.71462445826488, 41.813992846897385], [-72.71461545826484, 41.813992846897385]], [[-72.71462845826487, 41.813992846897385], [-72.71463345826484, 41.813992846897385]], [[-72.71462845826487, 41.813989846897385], [-72.71462145826486, 41.81398984689739]], [[-72.71461645826484, 41.813968846897374], [-72.71462145826484, 41.81396884689736]], [[-72.71462845826487, 41.813989846897385], [-72.71462145826486, 41.81398984689739]], [[-72.71462445826485, 41.81397284689737], [-72.71462445826488, 41.81397184689738]], [[-72.71463345826484, 41.813992846897385], [-72.71463345826486, 41.813968846897374]], [[-72.71462545826488, 41.813971846897374], [-72.71462545826486, 41.81397284689741]], [[-72.71462545826485, 41.813992846897385], [-72.71462445826488, 41.813992846897385]], [[-72.71462845826485, 41.813968846897396], [-72.71463345826486, 41.813968846897374]], [[-72.71462545826486, 41.81397284689741], [-72.71462445826485, 41.81397284689737]], [[-72.71508745826486, 41.81395684689737], [-72.71508745826485, 41.813962846897375], [-72.71508945826487, 41.813962846897375], [-72.71508945826486, 41.8139568468974], [-72.71508745826486, 41.81395684689737]], [[-72.71467145826485, 41.81394484689737], [-72.71465245826485, 41.81394484689738], [-72.71465245826485, 41.81393784689738], [-72.71465245826487, 41.8139368468974], [-72.71465345826486, 41.81393584689739], [-72.71465445826489, 41.81393484689738], [-72.71465545826486, 41.81393484689737], [-72.71465545826487, 41.813933846897385], [-72.71466845826487, 41.81393384689738], [-72.71466945826488, 41.81393484689739], [-72.71467045826488, 41.813934846897396], [-72.71467045826488, 41.81393584689741], [-72.71467145826485, 41.81393584689739], [-72.71467145826486, 41.813936846897406], [-72.71467145826487, 41.81393784689738], [-72.71467145826485, 41.81394484689737]], [[-72.71436545826487, 41.813920846897375], [-72.71434545826486, 41.813920846897375], [-72.71434545826486, 41.81391384689739], [-72.71434545826487, 41.81391284689738], [-72.71434645826487, 41.813911846897376], [-72.71434645826487, 41.8139108468974], [-72.71434745826487, 41.81391084689737], [-72.71434845826488, 41.813909846897374], [-72.71436145826486, 41.81390984689737], [-72.71436245826486, 41.81390984689738], [-72.71436245826487, 41.813910846897386], [-72.71436345826487, 41.81391084689739], [-72.71436345826486, 41.8139118468974], [-72.71436445826485, 41.81391184689739], [-72.71436445826488, 41.81391284689739], [-72.71436445826487, 41.81391384689738], [-72.71436545826487, 41.81391384689738], [-72.71436545826487, 41.813920846897375]], [[-72.71586945826485, 41.81396784689738], [-72.71586645826486, 41.8139658468974], [-72.71586645826486, 41.813959846897376], [-72.71586945826486, 41.81395884689737], [-72.71586945826485, 41.81396784689738]], [[-72.71600345826488, 41.81389684689738], [-72.71600345826486, 41.813898846897395], [-72.71600945826486, 41.81389884689741], [-72.71600945826486, 41.813896846897386]], [[-72.71600445826488, 41.813894846897384], [-72.71600845826487, 41.813894846897384], [-72.71600845826488, 41.813898846897395], [-72.71600445826485, 41.813898846897416], [-72.71600445826488, 41.813894846897384]], [[-72.7148144582649, 41.81449584689736], [-72.71481245826486, 41.81447784689738]], [[-72.71481145826488, 41.8144768468974], [-72.71480345826485, 41.81447784689738]], [[-72.71480245826483, 41.81447884689741], [-72.71480445826487, 41.81449684689738]], [[-72.71480445826487, 41.81449684689738], [-72.7148144582649, 41.81449584689736]], [[-72.71490845826487, 41.814578846897376], [-72.71491545826485, 41.81457884689738]], [[-72.71490545826487, 41.81458784689739], [-72.71490545826488, 41.81457884689737]], [[-72.71490545826488, 41.81457884689737], [-72.71489845826486, 41.81457884689737]], [[-72.71491545826485, 41.81457884689738], [-72.71490845826487, 41.814578846897376]], [[-72.71490845826487, 41.814578846897376], [-72.71490845826486, 41.814569846897406]], [[-72.71490845826486, 41.814569846897406], [-72.71491545826484, 41.81456984689739]], [[-72.71489845826486, 41.81457884689737], [-72.71490545826488, 41.81457884689737]], [[-72.71490545826488, 41.81457884689737], [-72.71490545826485, 41.81456984689738]], [[-72.71490545826485, 41.81456984689738], [-72.71489845826484, 41.814569846897385]], [[-72.71491545826485, 41.81456884689741], [-72.71490845826486, 41.814568846897394]], [[-72.71490845826486, 41.814568846897394], [-72.71490845826487, 41.81455984689736]], [[-72.71490845826487, 41.81455984689736], [-72.71491545826485, 41.814559846897374]], [[-72.71489845826486, 41.81456884689739], [-72.71490545826485, 41.81456884689741]], [[-72.71490545826485, 41.81456884689741], [-72.71490545826487, 41.81455984689736]], [[-72.71491545826485, 41.814559846897374], [-72.71490845826487, 41.81455984689736]], [[-72.71490845826487, 41.81455984689736], [-72.71490845826487, 41.814550846897376]], [[-72.71490845826487, 41.814550846897376], [-72.71491545826487, 41.814550846897376]], [[-72.71490545826487, 41.81455984689736], [-72.71490545826487, 41.81455084689739]], [[-72.71490845826487, 41.81454984689738], [-72.71490845826487, 41.81454084689737]], [[-72.71490845826487, 41.81454084689737], [-72.71491545826485, 41.814540846897394]], [[-72.71489845826487, 41.8145498468974], [-72.71490545826487, 41.8145498468974]], [[-72.71490845826486, 41.81453184689736], [-72.71491545826485, 41.814531846897374]], [[-72.71489845826484, 41.81454084689739], [-72.71490545826485, 41.81454084689739]], [[-72.71491545826485, 41.814531846897374], [-72.71490845826486, 41.81453184689736]], [[-72.71490845826486, 41.81453184689736], [-72.71490845826484, 41.81452284689739]], [[-72.71490545826488, 41.81453184689736], [-72.71490545826487, 41.81452284689738]], [[-72.71490845826486, 41.814512846897394], [-72.71491545826485, 41.81451284689741]], [[-72.71489845826484, 41.814521846897385], [-72.71490545826487, 41.81452184689738]], [[-72.71490545826487, 41.8145128468974], [-72.71490545826488, 41.814503846897374]], [[-72.71490545826488, 41.814503846897374], [-72.71489845826486, 41.814503846897374]], [[-72.71490845826487, 41.81449384689737], [-72.71490845826487, 41.81450284689739]], [[-72.71490845826487, 41.81450284689739], [-72.71491545826485, 41.81450284689738]], [[-72.71490545826488, 41.81449384689739], [-72.71490545826487, 41.81450284689737]], [[-72.71491545826485, 41.81458784689738], [-72.71489845826487, 41.81458784689738]], [[-72.71489845826487, 41.81458784689738], [-72.71489845826486, 41.81449384689739]], [[-72.71489845826486, 41.81449384689739], [-72.71491545826484, 41.81449384689739]], [[-72.71491545826484, 41.81449384689739], [-72.71491545826485, 41.81458784689738]], [[-72.71489845826486, 41.814531846897374], [-72.71490545826488, 41.81453184689736]], [[-72.71490545826488, 41.81453184689736], [-72.71489845826486, 41.814531846897374]], [[-72.71490545826487, 41.81452284689738], [-72.71489845826486, 41.81452284689738]], [[-72.71490545826485, 41.81454084689739], [-72.71490545826488, 41.81453184689736]], [[-72.71490545826487, 41.81450284689737], [-72.71489845826484, 41.8145028468974]], [[-72.71490845826487, 41.81450384689737], [-72.71491545826485, 41.81450384689738]], [[-72.71490845826484, 41.81452284689739], [-72.71491545826485, 41.814522846897376]], [[-72.71490545826485, 41.81454084689739], [-72.71489845826484, 41.81454084689739]], [[-72.71491545826485, 41.814540846897394], [-72.71490845826487, 41.81454084689737]], [[-72.71490545826487, 41.81455984689736], [-72.71489845826486, 41.81455984689738]], [[-72.71490845826486, 41.814512846897394], [-72.71490845826487, 41.81450384689737]], [[-72.71491545826485, 41.81451284689741], [-72.71490845826486, 41.814512846897394]], [[-72.71491545826485, 41.814521846897385], [-72.71490845826486, 41.814521846897385]], [[-72.71489845826486, 41.81455984689738], [-72.71490545826487, 41.81455984689736]], [[-72.71490545826487, 41.81452184689738], [-72.71490545826487, 41.8145128468974]], [[-72.71491545826485, 41.81454984689742], [-72.71490845826487, 41.81454984689738]], [[-72.71490545826487, 41.8145128468974], [-72.71489845826487, 41.81451284689739]], [[-72.71490845826486, 41.814521846897385], [-72.71490845826486, 41.814512846897394]], [[-72.71490545826487, 41.81455084689739], [-72.71489845826486, 41.81455084689738]], [[-72.71489845826487, 41.81451284689739], [-72.71490545826487, 41.8145128468974]], [[-72.71490845826487, 41.81454084689737], [-72.71490845826486, 41.81453184689736]], [[-72.71490845826486, 41.81458784689738], [-72.71490845826487, 41.814578846897376]], [[-72.71490545826487, 41.8145498468974], [-72.71490545826485, 41.81454084689739]], [[-72.71498545826486, 41.81449384689739], [-72.71498545826486, 41.814485846897384]], [[-72.71498545826486, 41.814485846897384], [-72.71498545826486, 41.81449384689739]], [[-72.71498545826486, 41.81449384689739], [-72.71500445826486, 41.81449384689739]], [[-72.71499445826485, 41.81448484689738], [-72.71499445826487, 41.814485846897384]], [[-72.71498645826485, 41.814485846897384], [-72.71499445826487, 41.814485846897384]], [[-72.71500445826484, 41.81448584689738], [-72.71500445826484, 41.8144828468974]], [[-72.71499445826485, 41.81448484689738], [-72.71498645826486, 41.81448484689738]], [[-72.71500445826486, 41.81449384689739], [-72.71500445826484, 41.81448584689738]], [[-72.71498645826486, 41.81448484689738], [-72.71498645826485, 41.814485846897384]], [[-72.71498645826485, 41.814485846897384], [-72.71498545826486, 41.814485846897384]], [[-72.71500445826484, 41.81448584689738], [-72.71500445826484, 41.81448484689739]], [[-72.71500445826486, 41.81449384689739], [-72.71498545826486, 41.81449384689739]], [[-72.71500445826484, 41.81448584689738], [-72.71500445826486, 41.81449384689739]], [[-72.71498545826486, 41.81448284689738], [-72.71498545826486, 41.814485846897384]], [[-72.71500445826484, 41.8144828468974], [-72.71498545826486, 41.81448284689738]], [[-72.71500445826484, 41.81448484689739], [-72.71499445826485, 41.81448484689738]], [[-72.71499445826487, 41.814485846897384], [-72.71499445826485, 41.81448484689738]], [[-72.71499445826487, 41.814485846897384], [-72.71499445826485, 41.81449384689739]], [[-72.71491245826485, 41.81436484689739], [-72.71489845826483, 41.81436484689739]], [[-72.71489845826483, 41.81436484689739], [-72.71489845826486, 41.814372846897406]], [[-72.71489845826486, 41.814372846897406], [-72.71491245826485, 41.8143728468974]], [[-72.71491245826485, 41.8143728468974], [-72.71491245826485, 41.81436484689739]], [[-72.71490545826487, 41.81436484689739], [-72.71490545826487, 41.81436884689739]], [[-72.71490445826488, 41.81441684689739], [-72.71490445826487, 41.81440484689737]], [[-72.71490445826487, 41.81440484689737], [-72.71491445826486, 41.814404846897375]], [[-72.71491445826486, 41.814404846897375], [-72.71491445826487, 41.81441684689738]], [[-72.71491445826487, 41.81441684689738], [-72.71490445826488, 41.81441684689739]], [[-72.71490845826486, 41.81441684689738], [-72.71490845826486, 41.81440484689738]], [[-72.71490445826488, 41.81445084689737], [-72.71490445826485, 41.81443884689739]], [[-72.71490445826485, 41.81443884689739], [-72.71489445826487, 41.81443884689737]], [[-72.71489445826487, 41.81443884689737], [-72.71489445826488, 41.81445084689735]], [[-72.71489445826488, 41.81445084689735], [-72.71490445826488, 41.81445084689737]], [[-72.71490045826488, 41.81445084689738], [-72.71490045826486, 41.81443884689741]], [[-72.71546545826486, 41.81429584689738], [-72.71545345826486, 41.8142958468974]], [[-72.71545345826486, 41.814289846897395], [-72.71546545826486, 41.81428984689741]], [[-72.71546545826486, 41.81429584689738], [-72.71545345826486, 41.8142958468974]], [[-72.71545345826486, 41.8142958468974], [-72.71545345826486, 41.814289846897395]], [[-72.71546545826486, 41.81429584689738], [-72.71546545826486, 41.81428984689741]], [[-72.71517645826489, 41.81430284689739], [-72.71517645826486, 41.814363846897415]], [[-72.71516945826484, 41.81430284689737], [-72.71516945826488, 41.81436384689741]], [[-72.71516845826486, 41.814302846897384], [-72.71516845826486, 41.81436384689741]], [[-72.71517545826487, 41.81429484689737], [-72.71517545826487, 41.81430284689739]], [[-72.71517545826487, 41.81430284689739], [-72.71516345826485, 41.814302846897384]], [[-72.71516345826485, 41.814302846897384], [-72.71516845826486, 41.814302846897384]], [[-72.71516145826487, 41.814302846897405], [-72.71516145826487, 41.81436384689739]], [[-72.71517645826489, 41.81430284689739], [-72.71517545826487, 41.81430284689739]], [[-72.71516345826485, 41.814302846897384], [-72.71516145826487, 41.814302846897405]], [[-72.71516945826484, 41.81430284689737], [-72.71517545826487, 41.81430284689739]], [[-72.71516345826485, 41.81429484689737], [-72.71516345826485, 41.814302846897384]], [[-72.71517545826487, 41.81429484689737], [-72.71516345826485, 41.81429484689737]], [[-72.71516945826488, 41.81431484689739], [-72.71517045826486, 41.81431484689739]], [[-72.71517045826486, 41.814339846897376], [-72.71516945826487, 41.814339846897376]], [[-72.71517045826486, 41.81431484689739], [-72.71517045826486, 41.81431584689739]], [[-72.71516345826487, 41.81430184689736], [-72.71516345826485, 41.814302846897384]], [[-72.71517545826487, 41.81430284689739], [-72.71517545826485, 41.81430184689738]], [[-72.71516845826486, 41.81436384689741], [-72.71516145826487, 41.81436384689739]], [[-72.71517545826485, 41.81430184689738], [-72.71517445826484, 41.814301846897386]], [[-72.71516845826486, 41.81432684689737], [-72.71516845826486, 41.814327846897385]], [[-72.71517145826486, 41.81436384689739], [-72.71516945826488, 41.81436384689741]], [[-72.71517045826488, 41.814326846897394], [-72.71517045826486, 41.814327846897385]], [[-72.71516845826486, 41.81431484689739], [-72.71516845826487, 41.81431584689739]], [[-72.71516945826488, 41.81436384689741], [-72.71516845826486, 41.81436384689741]], [[-72.71516945826488, 41.81436384689741], [-72.71517645826486, 41.814363846897415]], [[-72.71516745826486, 41.81436384689739], [-72.71516845826486, 41.81436384689741]], [[-72.71517445826484, 41.814301846897386], [-72.71517445826487, 41.81430284689739]], [[-72.71517045826486, 41.814327846897385], [-72.71516945826487, 41.814327846897385]], [[-72.71516745826486, 41.81436384689739], [-72.71516845826486, 41.81436384689741]], [[-72.71516345826485, 41.814302846897384], [-72.71516345826487, 41.81430184689736]], [[-72.71516945826485, 41.814351846897374], [-72.71517045826485, 41.814351846897374]], [[-72.71516945826487, 41.814339846897376], [-72.71517045826486, 41.814339846897376]], [[-72.71516945826487, 41.81432684689737], [-72.71517045826488, 41.814326846897394]], [[-72.71517045826485, 41.814351846897374], [-72.71516945826485, 41.814351846897374]], [[-72.71517145826486, 41.81436384689739], [-72.71516945826488, 41.81436384689741]], [[-72.71517045826486, 41.81431584689739], [-72.71516945826488, 41.8143158468974]], [[-72.71521745826486, 41.81425284689737], [-72.71521745826485, 41.81424684689741], [-72.71521845826486, 41.8142468468974], [-72.71521845826487, 41.814252846897375], [-72.71521745826486, 41.81425284689737]], [[-72.71595445826485, 41.81399684689739], [-72.71595445826485, 41.81399584689739]], [[-72.71595445826485, 41.81399684689739], [-72.71594045826485, 41.81399684689738]], [[-72.7159404582649, 41.8139948468974], [-72.71594045826485, 41.81399684689738]], [[-72.71595345826488, 41.81399684689739], [-72.71595445826485, 41.81399684689739]], [[-72.71594045826485, 41.81399684689738], [-72.71594045826487, 41.813995846897384]], [[-72.71595445826487, 41.81399484689739], [-72.71595345826486, 41.81399484689739], [-72.71595345826486, 41.81399584689739]], [[-72.7159404582649, 41.8139948468974], [-72.71594145826488, 41.81399484689738], [-72.71594145826484, 41.813995846897384]], [[-72.71595445826485, 41.81399684689739], [-72.71595445826487, 41.81399484689739]], [[-72.71594045826485, 41.81399684689738], [-72.71593945826486, 41.81399684689739], [-72.71593945826486, 41.81399484689739], [-72.7159404582649, 41.8139948468974]], [[-72.71594045826487, 41.813995846897384], [-72.71595445826485, 41.81399584689739]], [[-72.71594145826484, 41.81399684689739], [-72.71594045826485, 41.81399684689738]], [[-72.71595445826487, 41.81399484689739], [-72.71595445826485, 41.81399684689739]], [[-72.71527645826487, 41.8142898468974], [-72.71527645826487, 41.8142948468974]], [[-72.71527645826487, 41.8142948468974], [-72.71526445826485, 41.8142948468974]], [[-72.71526445826485, 41.8142948468974], [-72.71526445826485, 41.8142898468974]], [[-72.71526445826485, 41.8142898468974], [-72.71527645826487, 41.8142898468974]], [[-72.71527645826488, 41.8142938468974], [-72.71526445826485, 41.81429384689738]], [[-72.71508845826486, 41.81458784689738], [-72.71508845826487, 41.81458284689739], [-72.71509345826486, 41.81458284689739], [-72.71509345826487, 41.81458784689738], [-72.71508845826486, 41.81458784689738]], [[-72.71508145826486, 41.81392084689739], [-72.71508145826486, 41.8139088468974], [-72.71508845826486, 41.8139088468974], [-72.71508845826486, 41.81392084689739], [-72.71508145826486, 41.81392084689739]], [[-72.71601045826486, 41.81390784689738], [-72.71599845826486, 41.813907846897386], [-72.71599845826486, 41.813900846897376], [-72.71601045826489, 41.813900846897376], [-72.71601045826486, 41.81390784689738]], [[-72.71599845826486, 41.813907846897386], [-72.71599845826486, 41.813900846897376], [-72.71600945826486, 41.81390084689738], [-72.71600945826485, 41.81390784689741]], [[-72.71466545826486, 41.81396584689738], [-72.71465845826486, 41.81396584689739]], [[-72.71465845826488, 41.81396884689739], [-72.71465845826486, 41.8139448468974]], [[-72.71466145826487, 41.81394484689739], [-72.71466145826486, 41.81396884689739]], [[-72.71466245826485, 41.81396884689737], [-72.71466145826486, 41.81396884689739]], [[-72.71465245826487, 41.81396884689739], [-72.71465245826485, 41.81394484689738]], [[-72.71466245826487, 41.813965846897375], [-72.71466145826486, 41.8139658468974]], [[-72.71466545826483, 41.81396884689739], [-72.71466545826483, 41.81394484689737]], [[-72.71467045826485, 41.81396884689739], [-72.71467045826486, 41.813944846897385]], [[-72.71466145826486, 41.81396884689739], [-72.71465545826486, 41.813968846897374]], [[-72.71466245826488, 41.813947846897385], [-72.71466145826486, 41.81394784689738]], [[-72.71465445826485, 41.81394484689737], [-72.71465845826486, 41.8139448468974]], [[-72.71467145826485, 41.81394484689737], [-72.71467145826486, 41.81396884689739]], [[-72.71466145826486, 41.8139658468974], [-72.71466245826487, 41.813965846897375]], [[-72.71466245826488, 41.813947846897385], [-72.71466245826487, 41.81394884689739]], [[-72.71466545826486, 41.81396584689738], [-72.71465845826486, 41.81396584689739]], [[-72.71465445826487, 41.81396884689738], [-72.71465445826485, 41.81394484689737]], [[-72.71466545826483, 41.81394484689737], [-72.71467045826486, 41.813944846897385]], [[-72.71466245826487, 41.81394884689739], [-72.71466145826484, 41.813948846897375]], [[-72.71466545826485, 41.813947846897385], [-72.71465845826485, 41.81394784689738]], [[-72.71466245826487, 41.81394884689739], [-72.71466145826484, 41.813948846897375]], [[-72.71466245826485, 41.81396884689737], [-72.71466245826485, 41.813944846897385]], [[-72.71466245826485, 41.813944846897385], [-72.71467145826485, 41.81394484689737]], [[-72.71466245826485, 41.813944846897385], [-72.71466145826487, 41.81394484689739]], [[-72.71467145826486, 41.81396884689739], [-72.71466245826485, 41.81396884689737]], [[-72.71466145826486, 41.81394784689738], [-72.71466245826488, 41.813947846897385]], [[-72.71466245826487, 41.813965846897375], [-72.71466145826486, 41.8139658468974]], [[-72.71466545826483, 41.81396884689739], [-72.71467045826485, 41.81396884689739]], [[-72.71466145826484, 41.813948846897375], [-72.71466145826486, 41.81394784689738]], [[-72.71466245826487, 41.813965846897375], [-72.71466145826486, 41.8139658468974]], [[-72.71466145826486, 41.81396884689739], [-72.71465245826487, 41.81396884689739]], [[-72.71465445826487, 41.81396884689738], [-72.71465845826488, 41.81396884689739]], [[-72.71466245826485, 41.81396884689737], [-72.71466845826487, 41.81396884689738]], [[-72.71465245826485, 41.81394484689738], [-72.71466145826487, 41.81394484689739]], [[-72.71466545826486, 41.8139488468974], [-72.71465845826488, 41.81394884689738]], [[-72.71545145826487, 41.81407884689737], [-72.71544045826487, 41.81407884689739], [-72.71544045826487, 41.81407384689741], [-72.71545145826488, 41.8140738468974], [-72.71545145826487, 41.81407884689737]], [[-72.71441745826488, 41.813847846897374], [-72.71442445826487, 41.81384784689739]], [[-72.71442445826484, 41.81383984689738], [-72.71441745826486, 41.81383984689738]], [[-72.71442445826486, 41.81384184689738], [-72.71442445826484, 41.81383284689738]], [[-72.71442945826485, 41.813832846897355], [-72.71442945826485, 41.81384184689738]], [[-72.71442445826484, 41.81383284689738], [-72.71442945826485, 41.813832846897355]], [[-72.71442945826485, 41.81384184689738], [-72.71442445826486, 41.81384184689738]], [[-72.71442445826487, 41.81384784689739], [-72.71442445826484, 41.81383984689738]], [[-72.71441745826486, 41.81383984689738], [-72.71441745826488, 41.813847846897374]], [[-72.71442945826485, 41.813832846897355], [-72.71442445826484, 41.81383284689738], [-72.71442445826487, 41.81383084689739], [-72.71442945826486, 41.813830846897375], [-72.71442945826485, 41.813832846897355]], [[-72.71504845826486, 41.81425384689741], [-72.71504845826487, 41.81424784689737], [-72.71505045826484, 41.81424784689739], [-72.71505045826486, 41.81425384689741], [-72.71504845826486, 41.81425384689741]], [[-72.71463445826485, 41.813920846897375], [-72.71461545826486, 41.81392084689739], [-72.71461545826486, 41.81391384689738], [-72.71461545826486, 41.81391284689739], [-72.71461645826487, 41.813911846897376], [-72.71461645826487, 41.81391084689737], [-72.71461745826487, 41.8139108468974], [-72.71461845826487, 41.813909846897374], [-72.71463145826486, 41.81390984689738], [-72.71463245826487, 41.813910846897386], [-72.71463345826486, 41.81391084689739], [-72.71463345826487, 41.81391184689739], [-72.71463445826487, 41.813911846897376], [-72.71463445826487, 41.81391284689739], [-72.71463445826487, 41.8139138468974], [-72.71463445826485, 41.813920846897375]], [[-72.71523545826483, 41.81431784689737], [-72.71523145826487, 41.81431784689738], [-72.71523145826487, 41.81432184689738], [-72.71523545826486, 41.81432184689738], [-72.71523545826483, 41.81431784689737]], [[-72.71545345826486, 41.814320846897395], [-72.71546545826486, 41.81432084689738]], [[-72.71546545826487, 41.814327846897385], [-72.71545345826486, 41.8143278468974]], [[-72.71545345826486, 41.814320846897395], [-72.71546545826486, 41.81432084689738]], [[-72.71546545826486, 41.81432084689738], [-72.71546545826487, 41.814327846897385]], [[-72.71545345826486, 41.814320846897395], [-72.71545345826486, 41.8143278468974]], [[-72.71527045826485, 41.81433784689738], [-72.71527045826487, 41.81435284689739]], [[-72.71527045826487, 41.81435284689739], [-72.71526345826487, 41.81435284689739]], [[-72.71526345826487, 41.81435284689739], [-72.71526345826486, 41.814337846897374]], [[-72.71526345826486, 41.814337846897374], [-72.71527045826485, 41.81433784689738]], [[-72.71527045826485, 41.81433784689738], [-72.71527045826487, 41.81435284689739]], [[-72.71527045826487, 41.81435284689739], [-72.71527745826486, 41.81435284689741]], [[-72.71527745826486, 41.81435284689741], [-72.71527745826486, 41.81433784689739]], [[-72.71527745826486, 41.81433784689739], [-72.71527045826485, 41.81433784689738]], [[-72.71530445826487, 41.81451284689737], [-72.71530445826487, 41.81451984689738], [-72.71530045826486, 41.81451984689739], [-72.71530045826485, 41.814512846897394], [-72.71530445826487, 41.81451284689737]], [[-72.71530345826486, 41.8145128468974], [-72.71530345826484, 41.814519846897376]], [[-72.71478345826488, 41.81445184689739], [-72.71477545826485, 41.8144518468974], [-72.71477445826484, 41.81445284689739], [-72.71477445826487, 41.81455684689738], [-72.71477545826487, 41.81455784689739], [-72.71478345826485, 41.81455784689739], [-72.71478345826486, 41.81455684689739], [-72.71477545826488, 41.814556846897375], [-72.71477545826485, 41.81445284689739], [-72.71478345826485, 41.81445284689739], [-72.71478345826488, 41.81445184689739]], [[-72.71515545826486, 41.81395884689737], [-72.71515545826487, 41.813964846897406], [-72.71515345826487, 41.813964846897406], [-72.71515345826487, 41.81395884689738], [-72.71515545826486, 41.81395884689737]], [[-72.71568045826486, 41.81387584689739], [-72.71568045826486, 41.81392484689738]], [[-72.71568045826486, 41.81392484689738], [-72.71569245826487, 41.813924846897386]], [[-72.71569245826487, 41.813924846897386], [-72.71569245826485, 41.81387584689738]], [[-72.71569245826485, 41.81387584689738], [-72.71568045826486, 41.81387584689739]], [[-72.71568645826486, 41.81387584689738], [-72.71568645826488, 41.813924846897386]], [[-72.71568545826486, 41.81387584689738], [-72.71568545826484, 41.81392484689738]], [[-72.71569245826484, 41.813912846897395], [-72.71568045826486, 41.81391284689738]], [[-72.71569245826487, 41.81390084689739], [-72.71568045826486, 41.81390084689738]], [[-72.71569245826488, 41.81388784689736], [-72.71568045826486, 41.813887846897366]], [[-72.71508145826485, 41.813897846897376], [-72.71508145826486, 41.813885846897385], [-72.71508845826486, 41.813885846897385], [-72.71508845826486, 41.81389784689738], [-72.71508145826485, 41.813897846897376]], [[-72.71534045826486, 41.81392084689739], [-72.71535145826486, 41.81392084689739]], [[-72.71535145826486, 41.81392084689739], [-72.71535145826486, 41.81392584689737]], [[-72.71535145826486, 41.81392584689737], [-72.71534045826486, 41.81392584689736]], [[-72.71534045826486, 41.81392584689736], [-72.71534045826486, 41.81392084689739]], [[-72.71539545826487, 41.81433584689739], [-72.71537745826485, 41.81433584689737], [-72.71537745826487, 41.81433684689738], [-72.71539545826484, 41.81433684689738], [-72.71539545826487, 41.81433584689739]], [[-72.71583045826486, 41.81421284689739], [-72.71583045826486, 41.814217846897385], [-72.71583345826487, 41.81421784689738], [-72.71583345826487, 41.81421284689739], [-72.71583045826486, 41.81421284689739]], [[-72.71534345826487, 41.81389584689738], [-72.71534345826487, 41.81389384689738]], [[-72.71534245826486, 41.81389584689738], [-72.71534345826487, 41.81389584689738]], [[-72.71534245826486, 41.81389584689738], [-72.71534245826486, 41.81389384689739]], [[-72.71534345826487, 41.81390084689736], [-72.71534245826487, 41.81390084689736]], [[-72.71534245826487, 41.81390784689739], [-72.71534245826484, 41.81390684689738]], [[-72.71533745826486, 41.81389384689739], [-72.71533645826486, 41.8138938468974]], [[-72.71533745826484, 41.8138958468974], [-72.71533745826487, 41.813894846897384]], [[-72.71533645826486, 41.813894846897384], [-72.71533645826486, 41.8138938468974]], [[-72.71534245826484, 41.81390684689738], [-72.71534245826487, 41.81390784689739]], [[-72.71533645826486, 41.813894846897384], [-72.71534245826486, 41.813894846897384]], [[-72.71534245826486, 41.81391884689737], [-72.71534245826486, 41.813919846897385], [-72.71534345826487, 41.8139198468974], [-72.71534345826484, 41.81391884689739]], [[-72.71534345826484, 41.81391884689739], [-72.71534345826487, 41.813913846897385]], [[-72.71534345826487, 41.8139198468974], [-72.71534345826484, 41.81391884689739]], [[-72.71534245826486, 41.813919846897385], [-72.71534245826486, 41.81391884689737]], [[-72.71534245826487, 41.81390784689739], [-72.71534245826486, 41.81391284689738]], [[-72.71534245826486, 41.81391284689738], [-72.71534245826487, 41.813913846897364]], [[-72.71534345826487, 41.813913846897385], [-72.71534345826487, 41.81391284689739]], [[-72.71534345826487, 41.81391284689739], [-72.71534345826485, 41.81390784689739]], [[-72.71534345826488, 41.81391484689737], [-72.71534345826487, 41.81391284689739]], [[-72.71534245826484, 41.81391484689737], [-72.71534245826486, 41.81391284689738]], [[-72.71534345826487, 41.813913846897385], [-72.71534245826487, 41.813913846897364]], [[-72.71534345826487, 41.81391284689739], [-72.71534245826486, 41.81391284689738]], [[-72.71534345826488, 41.81390184689738], [-72.71534245826486, 41.81390184689738]], [[-72.71534245826486, 41.81389384689739], [-72.71534345826487, 41.81389384689738]], [[-72.71534345826485, 41.81390784689739], [-72.71534345826487, 41.81390684689739]], [[-72.71534345826488, 41.81390184689738], [-72.71534345826487, 41.81390084689736]], [[-72.71534345826484, 41.81391884689739], [-72.71534245826486, 41.81391884689737]], [[-72.71533745826484, 41.8138958468974], [-72.71533645826487, 41.81389584689738]], [[-72.71534245826487, 41.81390084689736], [-72.71534245826486, 41.81390184689738]], [[-72.71534245826487, 41.813913846897364], [-72.71534245826486, 41.81391884689737]], [[-72.71534245826486, 41.81389384689739], [-72.71533645826486, 41.8138938468974]], [[-72.71534345826485, 41.81390784689739], [-72.71534345826487, 41.81390684689739]], [[-72.71534345826487, 41.81390684689739], [-72.71534245826484, 41.81390684689738]], [[-72.71534345826487, 41.81389384689738], [-72.71534245826486, 41.81389384689739]], [[-72.71534245826486, 41.81390184689738], [-72.71534245826487, 41.81390084689736]], [[-72.71533645826486, 41.8138938468974], [-72.71533645826486, 41.813894846897384]], [[-72.71534245826486, 41.81390184689738], [-72.71534245826484, 41.81390684689738]], [[-72.71534345826485, 41.81390784689739], [-72.71534245826487, 41.81390784689739]], [[-72.71534345826487, 41.81390684689739], [-72.71534345826488, 41.81390184689738]], [[-72.71534245826486, 41.813894846897384], [-72.71534245826486, 41.81389584689738]], [[-72.71534345826487, 41.81390084689736], [-72.71534345826487, 41.81389584689738]], [[-72.71534345826488, 41.81390184689738], [-72.71534345826487, 41.81390084689736]], [[-72.71534345826487, 41.81390684689739], [-72.71534245826484, 41.81390684689738]], [[-72.71534245826486, 41.81389584689738], [-72.71534245826487, 41.81390084689736]], [[-72.71534345826487, 41.81389584689738], [-72.71534345826487, 41.81389384689738]], [[-72.71533645826487, 41.81389584689738], [-72.71533645826486, 41.813894846897384]], [[-72.71521045826485, 41.81433784689738], [-72.71521745826485, 41.81433784689737]], [[-72.71521745826485, 41.81433784689737], [-72.71521745826485, 41.81432384689739]], [[-72.71521745826485, 41.81432384689739], [-72.71521045826486, 41.8143238468974]], [[-72.71521045826485, 41.81433784689738], [-72.71520345826487, 41.814337846897395]], [[-72.71520345826487, 41.814337846897395], [-72.71520345826487, 41.814323846897395]], [[-72.71520345826487, 41.814323846897395], [-72.71521045826486, 41.8143238468974]], [[-72.71520345826487, 41.814323846897395], [-72.71520345826487, 41.814337846897395]], [[-72.71520345826487, 41.814337846897395], [-72.71521045826485, 41.81433784689738]], [[-72.71521045826485, 41.81433784689738], [-72.71521045826486, 41.8143238468974]], [[-72.71521045826486, 41.8143238468974], [-72.71520345826487, 41.814323846897395]], [[-72.71521745826485, 41.81432384689739], [-72.71521745826485, 41.81433784689737]], [[-72.71521745826485, 41.81433784689737], [-72.71521045826485, 41.81433784689738]], [[-72.71521045826485, 41.81433784689738], [-72.71521045826486, 41.8143238468974]], [[-72.71521045826486, 41.8143238468974], [-72.71521745826485, 41.81432384689739]], [[-72.71521045826486, 41.8143238468974], [-72.71521045826485, 41.81433784689738]], [[-72.71521045826486, 41.8143238468974], [-72.71521045826485, 41.81433784689738]], [[-72.71485945826487, 41.81445184689739], [-72.71484545826485, 41.81445784689739], [-72.71484545826485, 41.8144568468974], [-72.71485845826489, 41.81445084689735], [-72.71485945826487, 41.81445184689739]], [[-72.71561945826487, 41.81429284689738], [-72.71562045826487, 41.814292846897374]], [[-72.71561945826488, 41.81429384689741], [-72.71561945826487, 41.81429284689738]], [[-72.71561945826488, 41.81429384689741], [-72.71561845826486, 41.81429384689741], [-72.71561845826486, 41.814292846897395], [-72.71561945826487, 41.81429284689738], [-72.71562045826487, 41.814292846897374], [-72.71561945826487, 41.81429284689738], [-72.71561945826488, 41.81429384689741]], [[-72.71535845826484, 41.8139658468974], [-72.71534945826485, 41.81396584689739]], [[-72.71534945826485, 41.81396584689739], [-72.71534045826485, 41.81396584689738]], [[-72.71534045826485, 41.81396584689738], [-72.71534045826486, 41.813958846897386]], [[-72.71534045826486, 41.813958846897386], [-72.71535845826486, 41.81395884689738]], [[-72.71535845826486, 41.81395884689738], [-72.71535845826484, 41.8139658468974]], [[-72.71535845826486, 41.81396184689738], [-72.71535645826485, 41.8139618468974]], [[-72.71535645826485, 41.8139618468974], [-72.71535645826488, 41.81396584689737]], [[-72.71534045826486, 41.8139618468974], [-72.71534245826487, 41.813961846897364]], [[-72.71534245826487, 41.813961846897364], [-72.71534245826486, 41.8139658468974]], [[-72.71500345826486, 41.81430084689739], [-72.71500345826487, 41.81429984689738]], [[-72.71500345826487, 41.81429984689738], [-72.71498945826487, 41.81429984689736]], [[-72.71498945826487, 41.81429984689736], [-72.71498945826487, 41.814300846897396]], [[-72.71498945826487, 41.814300846897396], [-72.71500345826486, 41.81430084689739]], [[-72.71500345826487, 41.81429984689738], [-72.71498945826487, 41.81429984689736]], [[-72.71498945826487, 41.81429984689736], [-72.71498945826488, 41.81429184689739]], [[-72.71498945826488, 41.81429184689739], [-72.71500345826485, 41.81429184689739]], [[-72.71500345826485, 41.81429184689739], [-72.71500345826487, 41.81429984689738]], [[-72.71499645826486, 41.81429184689736], [-72.71499645826488, 41.81429984689738]], [[-72.71539545826485, 41.81431984689736], [-72.71537745826485, 41.814319846897384], [-72.71537745826488, 41.814320846897374], [-72.71539545826487, 41.81432084689738], [-72.71539545826485, 41.81431984689736]], [[-72.71493745826484, 41.81457884689738], [-72.71494545826486, 41.81457884689739]], [[-72.71494545826486, 41.81457884689739], [-72.71493745826484, 41.81457884689738]], [[-72.71493445826486, 41.81457884689738], [-72.71493445826485, 41.81456984689738]], [[-72.71492745826487, 41.8145498468974], [-72.71493445826488, 41.814549846897386]], [[-72.71493745826486, 41.81452284689737], [-72.71494545826486, 41.814522846897376]], [[-72.71493445826486, 41.81453184689737], [-72.71493445826485, 41.81452284689738]], [[-72.71493745826484, 41.814521846897385], [-72.71493745826487, 41.81451284689739]], [[-72.71492745826487, 41.814521846897385], [-72.71493445826488, 41.81452184689738]], [[-72.71493745826486, 41.81450384689738], [-72.71494545826486, 41.814503846897374]], [[-72.71494545826486, 41.81458784689738], [-72.71492745826485, 41.81458784689739]], [[-72.71492745826485, 41.81458784689739], [-72.71492745826488, 41.81449384689738]], [[-72.71492745826488, 41.81449384689738], [-72.71494545826486, 41.81449384689739]], [[-72.71493745826487, 41.81451284689739], [-72.71493745826486, 41.81450384689738]], [[-72.71493745826484, 41.81455984689738], [-72.71494545826486, 41.81455984689738]], [[-72.71494545826486, 41.81456884689739], [-72.71493745826487, 41.81456884689738]], [[-72.71493445826486, 41.8145598468974], [-72.71493445826486, 41.814550846897376]], [[-72.71494545826486, 41.8145128468974], [-72.71493745826487, 41.81451284689739]], [[-72.71493445826486, 41.81449384689739], [-72.71493445826488, 41.81450284689737]], [[-72.71493745826486, 41.81456984689739], [-72.71494545826486, 41.814569846897406]], [[-72.71493445826485, 41.81456984689738], [-72.71492745826487, 41.814569846897385]], [[-72.71493445826486, 41.81451284689741], [-72.71492745826487, 41.8145128468974]], [[-72.71492745826487, 41.814531846897374], [-72.71493445826486, 41.81453184689737]], [[-72.71493745826486, 41.814531846897374], [-72.71494545826488, 41.81453184689737]], [[-72.71492745826488, 41.81454084689737], [-72.71493445826486, 41.81454084689739]], [[-72.71493445826488, 41.81450284689737], [-72.71492745826487, 41.8145028468974]], [[-72.71493745826484, 41.814540846897394], [-72.71493745826486, 41.814531846897374]], [[-72.71494545826486, 41.81454984689739], [-72.71493745826486, 41.81454984689739]], [[-72.71493745826484, 41.814587846897396], [-72.71493745826484, 41.81457884689738]], [[-72.71493445826488, 41.81452184689738], [-72.71493445826486, 41.81451284689741]], [[-72.71493745826484, 41.81455984689738], [-72.71493745826486, 41.81455084689739]], [[-72.71492745826487, 41.81456884689737], [-72.71493445826486, 41.814568846897394]], [[-72.71493445826486, 41.81453184689737], [-72.71492745826487, 41.814531846897374]], [[-72.71493745826484, 41.814540846897394], [-72.71494545826486, 41.81454084689737]], [[-72.71493445826486, 41.81454084689739], [-72.71493445826486, 41.81453184689737]], [[-72.71493445826486, 41.81451284689741], [-72.71493445826486, 41.81450384689738]], [[-72.71493745826486, 41.81449384689739], [-72.71493745826487, 41.81450284689738]], [[-72.71493745826486, 41.81454984689739], [-72.71493745826484, 41.814540846897394]], [[-72.71493445826486, 41.814568846897394], [-72.71493445826486, 41.8145598468974]], [[-72.71493445826488, 41.814549846897386], [-72.71493445826486, 41.81454084689739]], [[-72.71493445826488, 41.81458784689737], [-72.71493445826486, 41.81457884689738]], [[-72.71493745826486, 41.81455084689739], [-72.71494545826486, 41.81455084689737]], [[-72.71492745826487, 41.8145128468974], [-72.71493445826486, 41.81451284689741]], [[-72.71492745826487, 41.81455984689737], [-72.71493445826486, 41.8145598468974]], [[-72.71494545826486, 41.81455984689738], [-72.71493745826484, 41.81455984689738]], [[-72.71493445826486, 41.81450384689738], [-72.71492745826487, 41.81450384689737]], [[-72.71492745826487, 41.81457884689738], [-72.71493445826486, 41.81457884689738]], [[-72.71493445826486, 41.81454084689739], [-72.71492745826488, 41.81454084689737]], [[-72.71493445826486, 41.814550846897376], [-72.71492745826487, 41.814550846897376]], [[-72.71494545826488, 41.81453184689737], [-72.71493745826486, 41.814531846897374]], [[-72.71493745826486, 41.814531846897374], [-72.71493745826486, 41.81452284689737]], [[-72.71493445826486, 41.81457884689738], [-72.71492745826487, 41.81457884689738]], [[-72.71494545826486, 41.81452184689739], [-72.71493745826484, 41.814521846897385]], [[-72.71493445826485, 41.81452284689738], [-72.71492745826485, 41.81452284689741]], [[-72.71493745826487, 41.81456884689738], [-72.71493745826484, 41.81455984689738]], [[-72.71494545826486, 41.81449384689739], [-72.71494545826486, 41.81458784689738]], [[-72.71493745826484, 41.81457884689738], [-72.71493745826486, 41.81456984689739]], [[-72.71493745826487, 41.81450284689738], [-72.71494545826486, 41.81450284689738]], [[-72.71493745826487, 41.81451284689739], [-72.71494545826486, 41.8145128468974]], [[-72.71493445826486, 41.8145598468974], [-72.71492745826487, 41.81455984689737]], [[-72.71494545826486, 41.81454084689737], [-72.71493745826484, 41.814540846897394]], [[-72.71481245826486, 41.81457484689737], [-72.71478145826487, 41.8145748468974]], [[-72.71478145826487, 41.8145748468974], [-72.71478145826487, 41.81457384689737]], [[-72.71478145826487, 41.81457384689737], [-72.71478145826488, 41.81458084689737]], [[-72.71478145826488, 41.81458084689737], [-72.71481245826486, 41.81458084689738]], [[-72.71481245826486, 41.81458084689738], [-72.71481245826484, 41.814579846897395]], [[-72.71481245826484, 41.814579846897395], [-72.71485145826486, 41.81457984689738]], [[-72.71485145826486, 41.81457984689738], [-72.71485145826487, 41.81458084689739]], [[-72.71485145826487, 41.81458084689739], [-72.71488245826487, 41.81458084689739]], [[-72.71483145826487, 41.8145748468974], [-72.71482645826487, 41.814579846897395]], [[-72.71482645826487, 41.814579846897395], [-72.71482245826486, 41.814574846897386]], [[-72.71483645826484, 41.814579846897395], [-72.71483245826487, 41.8145748468974]], [[-72.71482145826486, 41.8145748468974], [-72.71481645826486, 41.814579846897395]], [[-72.71478145826487, 41.814571846897394], [-72.71488245826488, 41.81457184689739]], [[-72.71483245826487, 41.8145748468974], [-72.71483145826487, 41.8145748468974]], [[-72.71484645826486, 41.814579846897374], [-72.71484245826488, 41.81457484689738]], [[-72.71480645826487, 41.81458084689738], [-72.71480645826486, 41.81457484689738]], [[-72.71482245826486, 41.814574846897386], [-72.71482145826486, 41.8145748468974]], [[-72.71488245826488, 41.81457484689738], [-72.71485145826486, 41.81457484689738]], [[-72.71488245826488, 41.8145738468974], [-72.71488245826488, 41.81457484689738]], [[-72.71485645826486, 41.81458084689739], [-72.71485645826485, 41.814574846897386]], [[-72.71484245826488, 41.81457484689738], [-72.71484145826487, 41.81457484689737]], [[-72.71481245826484, 41.814579846897395], [-72.71481245826486, 41.81457484689737]], [[-72.71487945826486, 41.81458084689739], [-72.71487945826485, 41.814574846897386]], [[-72.71478145826487, 41.81457384689737], [-72.71478145826487, 41.814571846897394]], [[-72.71481645826486, 41.814579846897395], [-72.71481245826486, 41.81457484689737]], [[-72.71488245826488, 41.81457184689739], [-72.71488245826488, 41.8145738468974]], [[-72.71485145826486, 41.81457984689738], [-72.71485145826486, 41.81457484689738]], [[-72.71478445826486, 41.81458084689739], [-72.71478445826486, 41.814574846897386]], [[-72.71485145826486, 41.81457484689738], [-72.71484645826486, 41.814579846897374]], [[-72.71484145826487, 41.81457484689737], [-72.71483645826484, 41.814579846897395]], [[-72.71488245826487, 41.81458084689739], [-72.71488245826488, 41.8145738468974]], [[-72.71523445826487, 41.81414084689737], [-72.71523445826485, 41.814146846897394], [-72.71523845826488, 41.814146846897394], [-72.71523845826486, 41.81414084689739], [-72.71523445826487, 41.81414084689737]], [[-72.71513345826486, 41.814562846897374], [-72.71513345826486, 41.814566846897385], [-72.71513845826486, 41.81456684689737], [-72.71513845826486, 41.81456284689738], [-72.71513345826486, 41.814562846897374]], [[-72.71548245826486, 41.81432084689738], [-72.71549445826487, 41.81432084689737]], [[-72.71549445826486, 41.81432784689737], [-72.71548245826487, 41.81432784689738]], [[-72.71548245826486, 41.81432084689738], [-72.71549445826487, 41.81432084689737]], [[-72.71549445826487, 41.81432084689737], [-72.71549445826486, 41.81432784689737]], [[-72.71548245826486, 41.81432084689738], [-72.71548245826487, 41.81432784689738]], [[-72.71438945826485, 41.813992846897385], [-72.71440845826483, 41.813992846897385]], [[-72.71440845826483, 41.813992846897385], [-72.71440845826486, 41.813999846897374]], [[-72.71440845826486, 41.813999846897374], [-72.71438945826486, 41.813999846897374]], [[-72.71438945826486, 41.813999846897374], [-72.71438945826485, 41.813992846897385]], [[-72.71564245826487, 41.81429884689738], [-72.71564345826486, 41.814299846897384], [-72.71564345826486, 41.81430084689737]], [[-72.71564245826485, 41.814314846897396], [-72.71564245826487, 41.81431584689737], [-72.71564145826486, 41.81431484689738]], [[-72.71564245826487, 41.81431284689737], [-72.71564345826485, 41.81431384689739]], [[-72.71562345826486, 41.81430084689738], [-72.71562245826486, 41.81430184689738]], [[-72.71562145826486, 41.81430084689737], [-72.71562145826485, 41.814299846897384], [-72.71562245826486, 41.81429884689739]], [[-72.71564245826487, 41.81430184689741], [-72.71564145826486, 41.81430084689738]], [[-72.71562345826486, 41.81431484689739], [-72.71562245826486, 41.81431584689736], [-72.71562245826486, 41.81431484689738]], [[-72.71562145826488, 41.814313846897385], [-72.71562245826486, 41.81431484689738], [-72.71563245826486, 41.81430884689738], [-72.71564245826485, 41.814314846897396], [-72.71564345826485, 41.81431384689739], [-72.71563245826486, 41.814307846897364], [-72.71563245826488, 41.81429584689737], [-72.71564245826487, 41.81430184689741], [-72.71564345826486, 41.81430084689737], [-72.71563345826486, 41.81429484689738], [-72.71563345826486, 41.8142938468974], [-72.71563145826487, 41.81429384689738], [-72.71563145826487, 41.81429484689738], [-72.71563245826486, 41.81429484689739], [-72.71562145826486, 41.81430084689737], [-72.71562245826486, 41.81430184689738], [-72.71563245826488, 41.81429584689737], [-72.71563245826486, 41.814307846897364], [-72.71562145826488, 41.814313846897385]], [[-72.71562145826488, 41.814313846897385], [-72.71562245826486, 41.81431284689738]], [[-72.71538645826486, 41.814289846897395], [-72.71538645826486, 41.814295846897394], [-72.71538845826485, 41.814295846897366], [-72.71538845826487, 41.814289846897395], [-72.71538645826486, 41.814289846897395]], [[-72.71569145826486, 41.81434484689738], [-72.71569145826486, 41.814325846897376], [-72.71568145826487, 41.814325846897376], [-72.71568145826487, 41.81432784689736], [-72.71568945826485, 41.81432784689738], [-72.71568945826486, 41.814344846897384], [-72.71569145826486, 41.81434484689738]], [[-72.71566645826486, 41.81432584689737], [-72.71566645826485, 41.814343846897394], [-72.71568245826485, 41.81434384689739], [-72.71568245826487, 41.81434484689737], [-72.71566445826487, 41.81434484689736], [-72.71566445826487, 41.81432584689737], [-72.71566645826486, 41.81432584689737]], [[-72.71566445826487, 41.81430184689737], [-72.71566645826486, 41.8143018468974], [-72.71566645826486, 41.81429484689739], [-72.71567145826486, 41.81429484689738], [-72.71567145826486, 41.81429384689741], [-72.71566445826487, 41.81429384689741], [-72.71566445826487, 41.81430184689737]], [[-72.71569145826486, 41.81431284689737], [-72.71569145826486, 41.814293846897385], [-72.71568145826487, 41.81429384689741], [-72.71568145826488, 41.81429484689739], [-72.71568945826488, 41.81429484689738], [-72.71568945826486, 41.81431284689738], [-72.71569145826486, 41.81431284689737]], [[-72.71537645826486, 41.81392084689737], [-72.71537645826486, 41.81392384689739]], [[-72.71538845826487, 41.813920846897375], [-72.71538845826487, 41.813923846897374]], [[-72.71538845826487, 41.813920846897375], [-72.71537645826486, 41.81392084689737], [-72.71537645826486, 41.81391984689739], [-72.71538845826488, 41.81391984689739], [-72.71538845826487, 41.813920846897375]], [[-72.71489545826488, 41.814389846897384], [-72.71489545826485, 41.81439384689739]], [[-72.71489545826485, 41.81439384689739], [-72.71491445826489, 41.81439384689737]], [[-72.71491445826489, 41.81439384689737], [-72.71491445826486, 41.814389846897384]], [[-72.71491445826486, 41.814389846897384], [-72.71489545826488, 41.814389846897384]], [[-72.71497445826486, 41.81448684689738], [-72.71497445826488, 41.81449384689738]], [[-72.71495645826487, 41.81449384689738], [-72.71495645826487, 41.8144868468974]], [[-72.71497545826486, 41.81448484689739], [-72.71495645826487, 41.81448484689739]], [[-72.71497445826486, 41.81448684689738], [-72.71497445826488, 41.81448484689738]], [[-72.71497445826488, 41.81448484689738], [-72.71496545826486, 41.814484846897386]], [[-72.71496545826486, 41.814484846897386], [-72.71496545826486, 41.814486846897374]], [[-72.71495745826486, 41.81448684689738], [-72.71495645826487, 41.8144868468974]], [[-72.71496545826483, 41.814485846897405], [-72.71496545826486, 41.81449384689739]], [[-72.71496445826486, 41.814486846897374], [-72.71496445826486, 41.81448484689739]], [[-72.71497545826487, 41.81449384689739], [-72.71497545826486, 41.81448684689738]], [[-72.71496545826486, 41.814486846897374], [-72.71496445826486, 41.814486846897374]], [[-72.71497545826486, 41.81448684689738], [-72.71497445826486, 41.81448684689738]], [[-72.71495645826487, 41.81448484689739], [-72.71495645826487, 41.8144868468974]], [[-72.71497545826486, 41.81448684689738], [-72.71497545826486, 41.81448484689739]], [[-72.71496445826486, 41.81448484689739], [-72.71495745826486, 41.81448484689739]], [[-72.71495645826487, 41.81449384689738], [-72.71497545826487, 41.81449384689739]], [[-72.71495745826486, 41.81448684689738], [-72.71496445826486, 41.814486846897374]], [[-72.71495645826487, 41.8144868468974], [-72.71495645826487, 41.81449384689738]], [[-72.71497445826488, 41.81449384689738], [-72.71495645826487, 41.81449384689738]], [[-72.71495745826486, 41.81448484689739], [-72.71495745826486, 41.81448684689738]], [[-72.71535145826486, 41.81392084689739], [-72.71535145826486, 41.81392384689738]], [[-72.71534045826486, 41.81392084689739], [-72.71534045826486, 41.81392384689739]], [[-72.71534045826486, 41.81392084689739], [-72.71535145826486, 41.81392084689739], [-72.71535145826486, 41.81391984689736], [-72.71534045826486, 41.813919846897385], [-72.71534045826486, 41.81392084689739]], [[-72.71469145826487, 41.814535846897385], [-72.71468445826487, 41.81453584689736]], [[-72.71468445826487, 41.81453584689736], [-72.71468445826487, 41.81453684689737]], [[-72.71468445826486, 41.8145248468974], [-72.71468445826486, 41.81452384689739]], [[-72.71468345826486, 41.81453784689736], [-72.71467645826486, 41.81453784689738]], [[-72.71468345826486, 41.8145238468974], [-72.71467645826486, 41.81452384689739]], [[-72.71467645826486, 41.81453684689738], [-72.71467645826486, 41.81453584689737]], [[-72.71467645826485, 41.81452484689738], [-72.71467645826486, 41.81452384689739]], [[-72.7146804582649, 41.814534846897374], [-72.71467045826488, 41.81453484689737], [-72.71467045826486, 41.8145338468974], [-72.71468045826488, 41.8145338468974]], [[-72.71468045826488, 41.81452684689738], [-72.71467045826486, 41.81452684689736], [-72.71467045826485, 41.814527846897406], [-72.71468045826487, 41.81452784689738]], [[-72.71468045826487, 41.81452784689738], [-72.71468045826488, 41.8145338468974]], [[-72.7146804582649, 41.814534846897374], [-72.71468045826488, 41.81453584689737], [-72.71467645826486, 41.81453584689737]], [[-72.71468045826488, 41.81452684689738], [-72.71468045826488, 41.81452584689737], [-72.71467645826488, 41.81452584689737]], [[-72.71468345826486, 41.81453784689736], [-72.71468445826487, 41.81453684689737]], [[-72.71468445826486, 41.81452384689739], [-72.71468345826486, 41.8145238468974]], [[-72.71468445826486, 41.8145248468974], [-72.71469145826485, 41.81452484689739]], [[-72.71531645826485, 41.813894846897384], [-72.71531645826487, 41.81390084689738]], [[-72.71532045826486, 41.81390084689738], [-72.71532045826484, 41.813894846897384]], [[-72.71531645826487, 41.81390084689738], [-72.71532045826486, 41.81390084689738]], [[-72.71532045826484, 41.813894846897384], [-72.71531645826485, 41.813894846897384]], [[-72.71438045826486, 41.81412684689741], [-72.71438045826484, 41.814138846897364], [-72.71437745826485, 41.81413884689737], [-72.71437745826486, 41.814126846897395], [-72.71438045826486, 41.81412684689741]], [[-72.71444745826486, 41.81392084689739], [-72.71442745826485, 41.81392084689737], [-72.71442745826486, 41.81391384689739], [-72.71442745826485, 41.81391284689738], [-72.71442845826488, 41.81391184689739], [-72.71442845826488, 41.813910846897386], [-72.71442945826487, 41.81391084689739], [-72.71443045826487, 41.81391084689739], [-72.71443045826484, 41.81390984689739], [-72.71444345826488, 41.813909846897396], [-72.71444445826486, 41.813909846897374], [-72.71444445826488, 41.8139108468974], [-72.71444545826488, 41.813910846897386], [-72.71444645826486, 41.813911846897376], [-72.71444645826485, 41.81391284689739], [-72.71444745826486, 41.8139138468974], [-72.71444745826486, 41.81392084689739]], [[-72.71462845826485, 41.814032846897376], [-72.71462145826487, 41.81403284689739]], [[-72.71462845826485, 41.814032846897376], [-72.71462145826487, 41.81403284689739]], [[-72.71462845826485, 41.81404984689736], [-72.71462145826484, 41.81404984689739]], [[-72.71462845826485, 41.81404984689736], [-72.71462145826484, 41.81404984689739]], [[-72.71462845826483, 41.81402884689737], [-72.71463345826484, 41.81402884689737]], [[-72.71462845826485, 41.81405384689739], [-72.71462845826483, 41.81402884689737]], [[-72.71462545826485, 41.81402884689738], [-72.71463445826485, 41.81402884689738]], [[-72.71463445826485, 41.81402884689738], [-72.71463445826487, 41.8140538468974]], [[-72.71462445826488, 41.81404984689739], [-72.71462545826485, 41.81404984689736]], [[-72.71462545826488, 41.81403284689738], [-72.71462445826486, 41.81403284689739]], [[-72.71461645826487, 41.814028846897386], [-72.71462145826486, 41.814028846897386]], [[-72.71462545826488, 41.81403284689738], [-72.71462445826486, 41.81403284689739]], [[-72.71462845826485, 41.81405384689739], [-72.71463345826487, 41.81405384689739]], [[-72.71462545826485, 41.81402884689738], [-72.71462445826488, 41.814028846897386]], [[-72.71461545826487, 41.81402884689738], [-72.71462445826488, 41.814028846897386]], [[-72.71462545826485, 41.81404984689736], [-72.71462445826488, 41.81404984689739]], [[-72.71462145826487, 41.81405384689739], [-72.71462145826486, 41.814028846897386]], [[-72.71463445826487, 41.8140538468974], [-72.71462545826488, 41.8140538468974]], [[-72.71461645826486, 41.8140538468974], [-72.71462145826487, 41.81405384689739]], [[-72.71462445826486, 41.81403284689739], [-72.71462545826488, 41.81403284689738]], [[-72.71462445826488, 41.8140538468974], [-72.71461545826484, 41.81405384689739]], [[-72.71462545826488, 41.8140538468974], [-72.71463145826485, 41.81405384689739]], [[-72.71462445826488, 41.8140538468974], [-72.71461845826487, 41.81405384689738]], [[-72.71462545826488, 41.8140538468974], [-72.71462545826485, 41.81402884689738]], [[-72.71462545826485, 41.81404984689736], [-72.71462445826488, 41.81404984689739]], [[-72.71461645826486, 41.8140538468974], [-72.71461645826487, 41.814028846897386]], [[-72.71463345826487, 41.81405384689739], [-72.71463345826484, 41.81402884689737]], [[-72.71462545826488, 41.81403284689738], [-72.71462445826486, 41.81403284689739]], [[-72.71461545826484, 41.81405384689739], [-72.71461545826487, 41.81402884689738]], [[-72.71462545826485, 41.81404984689736], [-72.71462445826488, 41.81404984689739]], [[-72.71462445826488, 41.814028846897386], [-72.71462445826488, 41.8140538468974]], [[-72.71462545826488, 41.8140538468974], [-72.71462445826488, 41.8140538468974]], [[-72.71543745826486, 41.81429584689739], [-72.71542545826485, 41.8142958468974]], [[-72.71542545826486, 41.81428984689738], [-72.71543745826486, 41.81428984689739]], [[-72.71543745826486, 41.81429584689739], [-72.71542545826485, 41.8142958468974]], [[-72.71542545826485, 41.8142958468974], [-72.71542545826486, 41.81428984689738]], [[-72.71543745826486, 41.81429584689739], [-72.71543745826486, 41.81428984689739]], [[-72.71515745826485, 41.81458984689738], [-72.71516645826486, 41.81458984689737], [-72.71516645826485, 41.814582846897395], [-72.71515745826487, 41.81458284689739], [-72.71515745826485, 41.81458984689738]], [[-72.71516445826487, 41.814589846897384], [-72.71516445826487, 41.814582846897395]], [[-72.71516345826487, 41.81458984689738], [-72.71516345826487, 41.814582846897416]], [[-72.71516345826487, 41.81458984689738], [-72.71516345826487, 41.814582846897416]], [[-72.71516445826487, 41.81458684689739], [-72.71516645826486, 41.81458684689739]], [[-72.71516245826486, 41.8145898468974], [-72.71516245826486, 41.81458284689739]], [[-72.71515745826487, 41.81458284689739], [-72.71516645826485, 41.814582846897395]], [[-72.71516145826487, 41.81458984689737], [-72.71516145826486, 41.81458284689741]], [[-72.71554745826487, 41.81434284689738], [-72.7155474582649, 41.814349846897386], [-72.71554645826485, 41.81434984689738], [-72.71554645826487, 41.8143428468974], [-72.71554745826487, 41.81434284689738]], [[-72.71528045826486, 41.81391984689738], [-72.71528045826487, 41.81392384689739]], [[-72.71528645826486, 41.813919846897385], [-72.71528645826486, 41.81392384689738]], [[-72.71528645826486, 41.813919846897385], [-72.71528045826486, 41.81391984689738], [-72.71528645826486, 41.813919846897385]], [[-72.71567845826486, 41.81435384689738], [-72.71567745826486, 41.81435384689737], [-72.71567745826486, 41.814351846897374], [-72.71567845826486, 41.814351846897374], [-72.71567745826486, 41.814351846897374], [-72.71567745826486, 41.81435384689737], [-72.71567845826486, 41.81435384689738]], [[-72.71567945826486, 41.81435384689739], [-72.71567945826487, 41.814354846897395], [-72.71567845826485, 41.81435484689738], [-72.71567845826486, 41.814355846897385], [-72.71567745826488, 41.81435584689739], [-72.71567645826487, 41.814355846897385], [-72.71567645826488, 41.814354846897395], [-72.71567545826487, 41.8143548468974], [-72.71567545826488, 41.81435384689739], [-72.71567545826488, 41.814352846897386], [-72.71567645826488, 41.81435284689739], [-72.71567645826488, 41.81435184689737], [-72.71567745826486, 41.814351846897374], [-72.71567845826486, 41.814351846897374], [-72.71567945826486, 41.814351846897374], [-72.71567945826487, 41.814352846897386], [-72.71567945826486, 41.81435384689739]], [[-72.71528345826486, 41.813885846897385], [-72.71528545826484, 41.813885846897385]], [[-72.71528345826486, 41.813885846897385], [-72.71528545826486, 41.813886846897375]], [[-72.71528345826486, 41.81388684689735], [-72.71528545826486, 41.813886846897375]], [[-72.71528445826486, 41.81388884689738], [-72.71528445826486, 41.813886846897375]], [[-72.71528445826485, 41.813885846897385], [-72.71528445826486, 41.8138848468974]], [[-72.71528645826487, 41.81388884689738], [-72.71528645826487, 41.81388484689737]], [[-72.71528545826486, 41.81388884689739], [-72.71528645826487, 41.81388884689738]], [[-72.71528645826487, 41.81388484689737], [-72.71528545826486, 41.81388484689741]], [[-72.71528545826487, 41.813883846897376], [-72.71528045826484, 41.813883846897404]], [[-72.71528345826486, 41.81388884689738], [-72.71528545826486, 41.81388884689739]], [[-72.71528445826486, 41.8138848468974], [-72.71528445826485, 41.813885846897385]], [[-72.71528545826486, 41.81388884689739], [-72.71528545826486, 41.813886846897375]], [[-72.71528345826486, 41.81388884689738], [-72.71528545826486, 41.81388884689739]], [[-72.71528345826485, 41.8138848468974], [-72.71528545826486, 41.81388484689741]], [[-72.71528545826486, 41.81388484689741], [-72.71528545826484, 41.813885846897385]], [[-72.71528345826486, 41.81388684689735], [-72.71528545826486, 41.813886846897375]], [[-72.71528045826486, 41.813889846897375], [-72.71528045826484, 41.813883846897404], [-72.71528545826487, 41.813883846897376], [-72.71528545826484, 41.813889846897375], [-72.71528045826486, 41.813889846897375]], [[-72.71528345826486, 41.813889846897375], [-72.71528345826486, 41.8138838468974]], [[-72.71528345826485, 41.8138848468974], [-72.71528345826486, 41.813885846897385]], [[-72.71528345826486, 41.81388684689735], [-72.71528545826486, 41.813886846897375]], [[-72.71528345826486, 41.81388884689738], [-72.71528345826486, 41.81388684689735]], [[-72.71528345826486, 41.81388684689735], [-72.71528545826486, 41.813886846897375]], [[-72.71528345826486, 41.813885846897385], [-72.71528545826484, 41.813885846897385]], [[-72.71528345826485, 41.8138848468974], [-72.71528545826486, 41.81388484689741]], [[-72.71528045826486, 41.813889846897375], [-72.71528445826488, 41.813889846897375]], [[-72.71528545826486, 41.81388484689741], [-72.71528345826485, 41.8138848468974]], [[-72.71528445826486, 41.81388884689738], [-72.71528445826486, 41.813886846897375]], [[-72.71528345826486, 41.81388884689738], [-72.71528545826486, 41.81388884689739]], [[-72.71548845826484, 41.814308846897376], [-72.71548845826486, 41.81432084689738]], [[-72.71548945826486, 41.81430884689738], [-72.71548945826486, 41.81432084689738]], [[-72.71548845826484, 41.814308846897376], [-72.71549545826487, 41.814308846897376]], [[-72.71548845826486, 41.81432084689738], [-72.71549545826485, 41.81432084689738]], [[-72.71549545826485, 41.81432084689738], [-72.71549545826487, 41.814308846897376]], [[-72.71577245826488, 41.813875846897375], [-72.71577245826485, 41.81392484689741]], [[-72.71577845826486, 41.81388784689738], [-72.71576645826487, 41.81388784689738]], [[-72.71576645826487, 41.813875846897375], [-72.71576645826487, 41.8139248468974]], [[-72.71577845826485, 41.8139248468974], [-72.71577845826488, 41.81387584689737]], [[-72.71577845826488, 41.81387584689737], [-72.71576645826487, 41.813875846897375]], [[-72.71577245826488, 41.813875846897375], [-72.71577245826485, 41.81392484689741]], [[-72.71577845826485, 41.81390084689739], [-72.71576645826488, 41.813900846897376]], [[-72.71577845826488, 41.813912846897374], [-72.71576645826487, 41.813912846897374]], [[-72.71576645826487, 41.8139248468974], [-72.71577845826485, 41.8139248468974]], [[-72.71525445826487, 41.81406084689739], [-72.71525445826487, 41.81406884689737], [-72.71525745826484, 41.81406884689739], [-72.71525745826486, 41.81406084689739], [-72.71525445826487, 41.81406084689739]], [[-72.71490745826486, 41.814168846897374], [-72.71489645826487, 41.814168846897374], [-72.71489645826485, 41.81416384689739], [-72.71490745826488, 41.81416384689738], [-72.71490745826486, 41.814168846897374]], [[-72.71467045826486, 41.81399284689739], [-72.71465345826485, 41.81399284689738]], [[-72.71467045826485, 41.813999846897374], [-72.71467045826485, 41.81399484689739]], [[-72.71467045826486, 41.8140018468974], [-72.71465345826486, 41.814001846897376]], [[-72.71465345826486, 41.814001846897376], [-72.71465345826485, 41.81399284689738]], [[-72.71467045826485, 41.81399884689736], [-72.71465345826483, 41.81399884689737]], [[-72.71465645826484, 41.813992846897385], [-72.71465645826487, 41.8139958468974]], [[-72.71466745826486, 41.813993846897375], [-72.71466745826486, 41.81399284689737]], [[-72.71465645826484, 41.813992846897385], [-72.71465645826487, 41.8139958468974]], [[-72.71465645826484, 41.813992846897385], [-72.71465645826487, 41.81399384689739]], [[-72.71466745826486, 41.81399284689737], [-72.71466745826487, 41.813995846897384]], [[-72.71467045826486, 41.8140018468974], [-72.71467045826486, 41.81399284689739]], [[-72.71466745826486, 41.81399284689737], [-72.71466745826487, 41.813995846897384]], [[-72.71465345826486, 41.8139958468974], [-72.71467045826488, 41.8139958468974]], [[-72.71465645826487, 41.81399384689739], [-72.71465645826484, 41.813992846897385]], [[-72.71466745826486, 41.81399284689737], [-72.71466745826486, 41.813993846897375]], [[-72.71466945826486, 41.8146008468974], [-72.71466945826486, 41.81461484689738], [-72.71467645826485, 41.814614846897406], [-72.71467645826486, 41.8146008468974], [-72.71466945826486, 41.8146008468974]], [[-72.71598045826487, 41.81455884689739], [-72.71594945826487, 41.81455884689739]], [[-72.71594845826485, 41.81457884689738], [-72.71594845826486, 41.814579846897395]], [[-72.71594945826487, 41.814579846897395], [-72.71595045826487, 41.81457984689738]], [[-72.71595045826486, 41.81457884689737], [-72.71595045826486, 41.81457784689738]], [[-72.7159804582649, 41.81456984689739], [-72.71594945826484, 41.81456984689738]], [[-72.71594945826486, 41.81455584689739], [-72.71598045826487, 41.814555846897385]], [[-72.71594945826484, 41.81456984689738], [-72.71594945826486, 41.814577846897386]], [[-72.71595045826486, 41.81457884689737], [-72.71597945826487, 41.814578846897376]], [[-72.7159804582649, 41.81456984689739], [-72.71598045826487, 41.814577846897386]], [[-72.71598145826486, 41.814579846897395], [-72.71598145826486, 41.81457884689738]], [[-72.71597945826488, 41.81457784689738], [-72.71597945826487, 41.814578846897376]], [[-72.71595045826487, 41.81457984689738], [-72.71595045826486, 41.81457884689737]], [[-72.71598045826487, 41.814577846897386], [-72.71597945826488, 41.81457784689738]], [[-72.71597945826487, 41.814578846897376], [-72.71597945826488, 41.81457984689738]], [[-72.71597945826488, 41.81457984689738], [-72.71598045826484, 41.81457984689738]], [[-72.71594845826486, 41.814579846897395], [-72.71594945826487, 41.814579846897395]], [[-72.71595045826486, 41.81457784689738], [-72.71594945826486, 41.814577846897386]], [[-72.71594945826486, 41.814577846897386], [-72.71594845826485, 41.81457884689738]], [[-72.71598045826484, 41.81457984689738], [-72.71598145826486, 41.814579846897395]], [[-72.71594945826484, 41.81456984689738], [-72.71594945826486, 41.81455584689739]], [[-72.71598045826487, 41.814555846897385], [-72.7159804582649, 41.81456984689739]], [[-72.71598145826486, 41.81457884689738], [-72.71598045826487, 41.814577846897386]], [[-72.71575545826487, 41.81391384689739], [-72.71575545826485, 41.81390784689738], [-72.71575345826486, 41.81390784689739], [-72.71575345826486, 41.81391384689738], [-72.71575545826487, 41.81391384689739]], [[-72.71530345826484, 41.813982846897396], [-72.71531045826487, 41.81398284689739], [-72.71531045826487, 41.81399484689739], [-72.71530345826486, 41.813994846897394], [-72.71530345826484, 41.813982846897396]], [[-72.71525545826486, 41.81425484689739], [-72.71525545826488, 41.81424884689738], [-72.71525745826486, 41.814248846897385], [-72.71525745826487, 41.814254846897384], [-72.71525545826486, 41.81425484689739]], [[-72.71534345826487, 41.814553846897375], [-72.71534345826485, 41.8145608468974], [-72.71534845826486, 41.81456084689742], [-72.71534845826486, 41.814553846897375], [-72.71534345826487, 41.814553846897375]], [[-72.71533645826486, 41.8142538468974], [-72.71533645826486, 41.81424784689738], [-72.71533845826485, 41.81424784689738], [-72.71533845826485, 41.8142538468974], [-72.71533645826486, 41.8142538468974]], [[-72.71589945826486, 41.81432884689738], [-72.71589945826486, 41.81433584689739], [-72.71590345826485, 41.81433584689739], [-72.71590345826486, 41.81432884689738], [-72.71589945826486, 41.81432884689738]], [[-72.71491345826486, 41.814450846897365], [-72.71491345826485, 41.8144708468974]], [[-72.71491345826485, 41.8144708468974], [-72.71490445826485, 41.81447084689741]], [[-72.71490445826485, 41.81447084689741], [-72.71490445826488, 41.81445084689737]], [[-72.71490445826488, 41.81445084689737], [-72.71491345826486, 41.814450846897365]], [[-72.71491345826487, 41.81446084689737], [-72.71490445826487, 41.81446084689737]], [[-72.71490545826487, 41.81436484689739], [-72.71490545826487, 41.814305846897376]], [[-72.71491245826485, 41.81436484689739], [-72.71489845826483, 41.81436484689739]], [[-72.71491245826489, 41.81435784689739], [-72.71489845826486, 41.81435784689738]], [[-72.71491245826485, 41.81435184689738], [-72.71489845826487, 41.81435184689738]], [[-72.71491245826485, 41.81434584689739], [-72.71489845826484, 41.81434584689739]], [[-72.71491245826488, 41.81433284689739], [-72.71489845826486, 41.81433284689739]], [[-72.71491245826485, 41.814326846897394], [-72.71489845826486, 41.81432684689737]], [[-72.71491245826488, 41.814319846897384], [-72.71489845826486, 41.81431984689737]], [[-72.71491245826489, 41.81430684689737], [-72.71489845826486, 41.814306846897374]], [[-72.71491245826485, 41.81436484689739], [-72.71489845826483, 41.81436484689739]], [[-72.71489845826483, 41.81436484689739], [-72.71489845826486, 41.81430084689738]], [[-72.71489845826486, 41.81430084689738], [-72.71491245826485, 41.814300846897375]], [[-72.71491245826485, 41.814300846897375], [-72.71491245826485, 41.81436484689739]], [[-72.71491245826486, 41.814313846897385], [-72.71489845826486, 41.8143138468974]], [[-72.71491245826485, 41.81433884689738], [-72.71489845826487, 41.81433884689738]], [[-72.71569445826486, 41.8142548468974], [-72.71569445826485, 41.81424884689737], [-72.71569645826486, 41.81424884689737], [-72.71569645826486, 41.81425484689738], [-72.71569445826486, 41.8142548468974]], [[-72.71579045826488, 41.81392784689737], [-72.71579045826485, 41.813921846897394], [-72.71579245826487, 41.81392184689739], [-72.71579245826486, 41.813927846897386], [-72.71579045826488, 41.81392784689737]], [[-72.71483345826486, 41.81430584689739], [-72.71482745826486, 41.814305846897376], [-72.71482745826488, 41.81433484689738], [-72.71486645826486, 41.814334846897374], [-72.71486645826488, 41.81432884689738], [-72.71483345826486, 41.81432884689738], [-72.71483345826486, 41.81430584689739]], [[-72.71491245826485, 41.814300846897375], [-72.71489845826486, 41.81430084689738]], [[-72.71489845826486, 41.81430084689738], [-72.71489845826486, 41.81429284689738]], [[-72.71489845826486, 41.81429284689738], [-72.71491245826486, 41.81429284689738]], [[-72.71491245826486, 41.81429284689738], [-72.71491245826485, 41.814300846897375]], [[-72.71490545826487, 41.81430084689738], [-72.71490545826487, 41.81429684689738]], [[-72.71468145826485, 41.81450884689737], [-72.71468145826486, 41.814509846897394], [-72.71467445826485, 41.814509846897394], [-72.71467445826484, 41.8145078468974]], [[-72.71467445826485, 41.81450084689738], [-72.7146744582649, 41.814498846897386], [-72.71468145826486, 41.814498846897386], [-72.71468145826485, 41.81450084689738]], [[-72.71467445826487, 41.814506846897395], [-72.71467445826491, 41.81450184689738]], [[-72.71467445826487, 41.814506846897395], [-72.71466545826486, 41.81450684689741], [-72.71466445826488, 41.81450684689738], [-72.71466445826486, 41.81450784689739], [-72.71466545826488, 41.81450784689739], [-72.71467445826484, 41.8145078468974]], [[-72.71467445826485, 41.81450084689738], [-72.71466545826486, 41.81450084689737], [-72.71466445826488, 41.81450084689738], [-72.71466445826488, 41.81450184689737], [-72.71466545826489, 41.81450184689737], [-72.71467445826491, 41.81450184689738]], [[-72.71468145826485, 41.81450884689737], [-72.71468245826487, 41.81450884689737], [-72.71469045826487, 41.8145088468974], [-72.71469145826485, 41.814508846897375], [-72.71469245826488, 41.8145078468974], [-72.71469245826488, 41.8145018468974], [-72.71469145826488, 41.814499846897384], [-72.71469045826488, 41.814499846897384], [-72.71468245826489, 41.814499846897384], [-72.71468145826486, 41.814499846897384], [-72.71468145826485, 41.81450084689738]], [[-72.71525845826486, 41.81388884689739], [-72.71525845826484, 41.813892846897375], [-72.71526245826486, 41.81389284689736], [-72.71526245826486, 41.81388884689738], [-72.71525845826486, 41.81388884689739]], [[-72.71459945826486, 41.814619846897386], [-72.71460145826488, 41.814619846897386]], [[-72.71461645826489, 41.81461584689737], [-72.71460145826487, 41.81461584689737], [-72.71460145826488, 41.814619846897386]], [[-72.71461445826486, 41.814615846897375], [-72.71461445826486, 41.81460384689739]], [[-72.71461545826487, 41.814603846897384], [-72.71461445826486, 41.81460384689739]], [[-72.71461545826486, 41.814615846897375], [-72.71461545826487, 41.814603846897384]], [[-72.71459945826486, 41.814619846897386], [-72.71459945826483, 41.8146228468974], [-72.71460145826485, 41.81462284689739]], [[-72.71460145826485, 41.81462284689739], [-72.71460145826487, 41.81462684689738], [-72.71461645826484, 41.81462684689739], [-72.71461645826489, 41.81461584689737]], [[-72.71460145826487, 41.81461584689737], [-72.71459545826488, 41.814615846897375], [-72.71459545826488, 41.81463084689738], [-72.71462045826486, 41.81463084689737], [-72.71462045826486, 41.814615846897375], [-72.71461645826489, 41.81461584689737]], [[-72.71583445826487, 41.813922846897384], [-72.71583445826487, 41.813928846897376], [-72.71583245826486, 41.81392884689737], [-72.71583245826486, 41.81392284689739], [-72.71583445826487, 41.813922846897384]], [[-72.71439345826487, 41.813866846897376], [-72.71440545826485, 41.81386684689738], [-72.71440545826484, 41.81387384689737], [-72.71439345826485, 41.81387384689737], [-72.71439345826487, 41.813866846897376]], [[-72.71499045826485, 41.81437684689738], [-72.71499645826486, 41.814376846897375]], [[-72.71499045826485, 41.81437984689738], [-72.71499645826486, 41.81437984689738]], [[-72.71499045826485, 41.81438184689739], [-72.71499645826485, 41.81438184689738]], [[-72.71499645826488, 41.81438284689739], [-72.71499045826488, 41.81438284689737], [-72.71499045826485, 41.81437684689738], [-72.71499645826486, 41.814376846897375], [-72.71499645826488, 41.81438284689739]], [[-72.71468145826486, 41.81452084689738], [-72.71468145826486, 41.81452284689739], [-72.71467445826484, 41.81452284689739], [-72.71467445826487, 41.81452084689739]], [[-72.71467445826487, 41.81451984689737], [-72.71467445826488, 41.81451484689737]], [[-72.71468145826486, 41.81452084689738], [-72.71468145826486, 41.81452184689739], [-72.7146824582649, 41.814521846897385], [-72.71469045826487, 41.814521846897385], [-72.71469145826488, 41.814521846897385], [-72.71469245826485, 41.814519846897376], [-72.71469245826485, 41.81451384689738], [-72.71469145826487, 41.814512846897394], [-72.7146904582649, 41.81451284689739], [-72.71468245826485, 41.814512846897415], [-72.71468145826486, 41.81451284689737]], [[-72.71467445826487, 41.81451384689738], [-72.71467445826487, 41.81451184689738], [-72.71468145826486, 41.814511846897396], [-72.71468145826486, 41.81451284689737]], [[-72.71467445826487, 41.81451384689738], [-72.71466545826486, 41.814513846897384], [-72.71466445826483, 41.81451384689739], [-72.71466445826485, 41.81451484689738], [-72.71466545826488, 41.81451484689737], [-72.71467445826488, 41.81451484689737]], [[-72.71467445826487, 41.81451984689737], [-72.71466545826486, 41.81451984689738], [-72.71466445826486, 41.81451984689738], [-72.71466445826486, 41.814520846897395], [-72.71466545826485, 41.814520846897395], [-72.71467445826487, 41.81452084689739]], [[-72.71531745826488, 41.81390884689738], [-72.71531745826488, 41.813906846897396]], [[-72.71531945826484, 41.813906846897396], [-72.71531945826484, 41.81390884689739]], [[-72.71531645826487, 41.81390884689739], [-72.71531645826488, 41.81390684689737]], [[-72.71531745826488, 41.813906846897396], [-72.71531745826486, 41.8139058468974]], [[-72.71531645826485, 41.813909846897374], [-72.71531745826486, 41.813909846897374]], [[-72.71531845826485, 41.813911846897376], [-72.71531845826485, 41.81390984689739]], [[-72.71531645826488, 41.81390684689737], [-72.71531645826487, 41.81390484689738]], [[-72.71531745826485, 41.8139118468974], [-72.71531845826485, 41.813911846897376]], [[-72.71531545826485, 41.813905846897384], [-72.71531445826486, 41.81390484689741], [-72.71531445826487, 41.81390184689738], [-72.71531545826485, 41.81390184689739], [-72.71531945826484, 41.81390184689738], [-72.71531945826486, 41.81390384689738]], [[-72.71531845826486, 41.81390584689741], [-72.71531845826486, 41.81390684689738]], [[-72.71531645826487, 41.81390484689738], [-72.71531745826486, 41.81390484689741]], [[-72.71531745826486, 41.813909846897374], [-72.71531845826485, 41.81390984689739]], [[-72.71531645826485, 41.813909846897374], [-72.71531745826486, 41.813909846897374]], [[-72.71531845826485, 41.81390984689739], [-72.71531745826486, 41.813909846897374]], [[-72.71531645826485, 41.813909846897374], [-72.71531645826488, 41.81390684689737]], [[-72.71531845826487, 41.81390884689738], [-72.71531845826486, 41.81390684689738]], [[-72.71531945826486, 41.81390584689739], [-72.71531945826484, 41.813906846897396]], [[-72.71531645826488, 41.81390684689737], [-72.71531645826487, 41.81390584689739]], [[-72.71531745826488, 41.81390884689738], [-72.71531745826488, 41.813906846897396]], [[-72.71531645826485, 41.813909846897374], [-72.71531745826486, 41.813909846897374]], [[-72.71531945826484, 41.81390884689739], [-72.71531745826488, 41.81390884689738]], [[-72.71532045826486, 41.81390684689738], [-72.71531645826488, 41.81390684689737]], [[-72.71531745826486, 41.813909846897374], [-72.71531745826485, 41.8139118468974]], [[-72.71531845826485, 41.81390984689739], [-72.71531845826485, 41.813911846897376]], [[-72.71531645826488, 41.81390684689737], [-72.71531645826487, 41.81390484689738]], [[-72.71531745826486, 41.813909846897374], [-72.71531745826488, 41.813906846897396]], [[-72.71531645826488, 41.81390684689737], [-72.71531645826485, 41.813909846897374]], [[-72.71531745826486, 41.813909846897374], [-72.71531745826488, 41.81390884689738]], [[-72.71531645826487, 41.81390484689738], [-72.71531745826486, 41.81390484689741]], [[-72.71531845826486, 41.81390684689738], [-72.71531845826486, 41.81390584689741]], [[-72.71531745826485, 41.8139118468974], [-72.71531745826486, 41.813909846897374]], [[-72.71531545826485, 41.813905846897384], [-72.71531645826487, 41.81390584689739]], [[-72.71531645826487, 41.81390484689738], [-72.71531745826486, 41.81390484689741]], [[-72.71531845826485, 41.81390984689739], [-72.71531845826487, 41.81390884689738]], [[-72.71531945826486, 41.81390984689737], [-72.71531945826486, 41.813912846897416], [-72.71531545826487, 41.813912846897395], [-72.71531545826487, 41.81391184689738], [-72.71531445826486, 41.81391184689739], [-72.71531445826486, 41.81390884689739], [-72.71531545826485, 41.813908846897384]], [[-72.71531945826486, 41.81390384689738], [-72.71531945826486, 41.81390584689739]], [[-72.71531745826486, 41.8139058468974], [-72.71531945826486, 41.81390584689739]], [[-72.71531945826484, 41.81390884689739], [-72.71531945826486, 41.81390984689737]], [[-72.71531745826488, 41.813906846897396], [-72.71531745826488, 41.81390884689738]], [[-72.71531845826487, 41.81390884689738], [-72.71531845826485, 41.81390984689739]], [[-72.71531445826486, 41.81390584689739], [-72.71531445826486, 41.8139078468974]], [[-72.71532045826486, 41.81390684689738], [-72.71531645826488, 41.81390684689737]], [[-72.71531745826486, 41.81390484689741], [-72.71531745826488, 41.813906846897396]], [[-72.71531845826486, 41.81390684689738], [-72.71531845826487, 41.81390884689738]], [[-72.71531845826485, 41.813911846897376], [-72.71531745826485, 41.8139118468974]], [[-72.71531945826486, 41.81390984689737], [-72.71532045826486, 41.813909846897374], [-72.71532045826486, 41.81390684689738], [-72.71532045826486, 41.813903846897375], [-72.71531945826486, 41.81390384689738]], [[-72.71531745826488, 41.813906846897396], [-72.71531745826486, 41.81390484689741]], [[-72.71531645826487, 41.81390884689739], [-72.71531545826485, 41.813908846897384]], [[-72.71570545826485, 41.81387484689736], [-72.71570545826486, 41.813880846897376], [-72.71570345826485, 41.81388084689739], [-72.71570345826487, 41.813874846897384], [-72.71570545826485, 41.81387484689736]], [[-72.71527045826487, 41.81432384689739], [-72.71527045826485, 41.81433784689738]], [[-72.71527045826487, 41.81432384689739], [-72.71527045826485, 41.81433784689738]], [[-72.71527045826485, 41.81433784689738], [-72.71527745826486, 41.81433784689739]], [[-72.71527745826484, 41.81432384689739], [-72.71527045826487, 41.81432384689739]], [[-72.71527745826486, 41.81433784689739], [-72.71527745826484, 41.81432384689739]], [[-72.71527045826485, 41.81433784689738], [-72.71526345826486, 41.814337846897374]], [[-72.71526345826484, 41.8143238468974], [-72.71527045826487, 41.81432384689739]], [[-72.71526345826486, 41.814337846897374], [-72.71526345826484, 41.8143238468974]], [[-72.71532145826487, 41.81389584689738], [-72.71532145826487, 41.813893846897386]], [[-72.71532145826487, 41.81389484689739], [-72.71532045826484, 41.813894846897384]], [[-72.71532145826487, 41.8138828468974], [-72.71532045826488, 41.81388284689737], [-72.71532045826486, 41.81391984689738], [-72.71532145826488, 41.81391984689738], [-72.71532145826487, 41.8138828468974]], [[-72.71532145826488, 41.81391984689738], [-72.71532145826485, 41.81391784689739]], [[-72.71532045826486, 41.81391984689738], [-72.71532045826486, 41.81391784689738]], [[-72.71532045826484, 41.81391384689739], [-72.71532045826487, 41.813911846897376]], [[-72.71532145826485, 41.81391284689739], [-72.71532045826486, 41.813912846897374]], [[-72.71532045826488, 41.81388284689737], [-72.71532045826487, 41.8138838468974]], [[-72.71532145826487, 41.8138828468974], [-72.71532045826488, 41.81388284689737]], [[-72.71532145826487, 41.8138828468974], [-72.71532145826488, 41.813883846897376]], [[-72.71532145826487, 41.81390184689738], [-72.71532145826485, 41.81389984689739]], [[-72.71532145826487, 41.813918846897394], [-72.71532045826487, 41.81391884689739]], [[-72.71532145826487, 41.81389484689739], [-72.71532045826484, 41.813894846897384]], [[-72.71532045826486, 41.81389584689739], [-72.71532045826486, 41.81389384689741]], [[-72.71532145826487, 41.81390084689738], [-72.71532045826486, 41.81390084689738]], [[-72.71532045826486, 41.81390184689741], [-72.71532045826486, 41.813899846897385]], [[-72.71532145826487, 41.81391384689739], [-72.71532145826487, 41.81391184689739]], [[-72.71532145826485, 41.81391284689739], [-72.71532045826486, 41.813912846897374]], [[-72.71532145826487, 41.81390084689738], [-72.71532045826486, 41.81390084689738]], [[-72.71532145826485, 41.81391284689739], [-72.71532045826486, 41.813912846897374]], [[-72.71577745826485, 41.81392484689738], [-72.71577745826484, 41.81392884689738]], [[-72.71576745826484, 41.81392884689738], [-72.71576745826488, 41.81392484689738]], [[-72.71577745826484, 41.81392884689738], [-72.71576745826484, 41.81392884689738]], [[-72.71576745826488, 41.81392484689738], [-72.71577745826485, 41.81392484689738]], [[-72.71576745826486, 41.8139258468974], [-72.71577745826488, 41.81392584689736]], [[-72.71462845826485, 41.813923846897374], [-72.71462145826483, 41.813923846897374]], [[-72.71462845826484, 41.813920846897375], [-72.71463345826483, 41.81392084689738]], [[-72.71461645826486, 41.813920846897396], [-72.71462145826487, 41.81392084689736]], [[-72.71462145826484, 41.81394484689738], [-72.71462145826487, 41.81392084689736]], [[-72.71462545826485, 41.81392384689738], [-72.71462445826484, 41.81392384689737]], [[-72.71462545826486, 41.8139448468974], [-72.71463145826485, 41.81394484689737]], [[-72.71462445826486, 41.81394484689737], [-72.71461845826485, 41.81394484689737]], [[-72.71461545826486, 41.81392084689739], [-72.71462445826485, 41.81392084689738]], [[-72.71462545826485, 41.81392384689738], [-72.71462545826488, 41.813924846897386]], [[-72.71462545826486, 41.81394084689738], [-72.71462545826488, 41.8139418468974]], [[-72.71462445826488, 41.81394184689739], [-72.71462445826485, 41.81394084689737]], [[-72.71462545826486, 41.81392084689738], [-72.71463445826485, 41.813920846897375]], [[-72.71462445826485, 41.81392084689738], [-72.71462445826486, 41.81394484689737]], [[-72.71462545826486, 41.8139448468974], [-72.71462545826486, 41.81392084689738]], [[-72.71462545826486, 41.81394084689738], [-72.71462445826485, 41.81394084689737]], [[-72.71462845826487, 41.8139248468974], [-72.71462145826487, 41.8139248468974]], [[-72.71462445826484, 41.81392384689737], [-72.71462545826485, 41.81392384689738]], [[-72.71462545826488, 41.813924846897386], [-72.71462445826486, 41.8139248468974]], [[-72.71461545826487, 41.813944846897385], [-72.71461545826486, 41.81392084689739]], [[-72.71462545826488, 41.8139418468974], [-72.71462445826488, 41.81394184689739]], [[-72.71462545826488, 41.813924846897386], [-72.71462445826486, 41.8139248468974]], [[-72.71463445826485, 41.813920846897375], [-72.71463445826487, 41.813944846897385]], [[-72.71461645826484, 41.81394484689739], [-72.71461645826486, 41.813920846897396]], [[-72.71462845826485, 41.81394084689737], [-72.71462145826487, 41.81394084689738]], [[-72.71462445826486, 41.8139248468974], [-72.71462445826484, 41.81392384689737]], [[-72.71462845826487, 41.81394484689741], [-72.71463345826484, 41.813944846897385]], [[-72.71462445826486, 41.81394484689737], [-72.71461545826487, 41.813944846897385]], [[-72.71461645826484, 41.81394484689739], [-72.71462145826484, 41.81394484689738]], [[-72.71462445826485, 41.81394084689737], [-72.71462545826486, 41.81394084689738]], [[-72.71462545826488, 41.8139418468974], [-72.71462445826488, 41.81394184689739]], [[-72.71463345826484, 41.813944846897385], [-72.71463345826483, 41.81392084689738]], [[-72.71462845826484, 41.81394184689738], [-72.71462145826487, 41.81394184689737]], [[-72.71462845826487, 41.81394484689741], [-72.71462845826484, 41.813920846897375]], [[-72.71462545826486, 41.81392084689738], [-72.71462445826485, 41.81392084689738]], [[-72.71462545826486, 41.8139448468974], [-72.71462445826486, 41.81394484689737]], [[-72.71463445826487, 41.813944846897385], [-72.71462545826486, 41.8139448468974]], [[-72.71508845826486, 41.813919846897385], [-72.71508845826486, 41.813914846897376]], [[-72.71508745826486, 41.81391884689739], [-72.71508745826486, 41.81391484689739], [-72.71508845826486, 41.813914846897376], [-72.71508345826486, 41.813914846897376], [-72.71508345826486, 41.81391984689737], [-72.71508845826486, 41.813919846897385], [-72.71508845826486, 41.813918846897394], [-72.71508745826486, 41.81391884689739]], [[-72.71508845826486, 41.81391784689739], [-72.71508845826486, 41.8139168468974]], [[-72.71508845826486, 41.813918846897394], [-72.71508845826486, 41.81391784689739]], [[-72.71508745826486, 41.813917846897375], [-72.71508745826486, 41.81391684689738]], [[-72.71508745826486, 41.81391884689739], [-72.71508745826486, 41.813917846897375]], [[-72.71527045826485, 41.81430884689739], [-72.71527045826487, 41.81432384689739]], [[-72.71527045826487, 41.81432384689739], [-72.71526345826484, 41.8143238468974]], [[-72.71526345826484, 41.8143238468974], [-72.71526345826486, 41.8143088468974]], [[-72.71526345826486, 41.8143088468974], [-72.71527045826485, 41.81430884689739]], [[-72.71527045826485, 41.81430884689739], [-72.71527045826487, 41.81432384689739]], [[-72.71527045826487, 41.81432384689739], [-72.71527745826484, 41.81432384689739]], [[-72.71527745826484, 41.81432384689739], [-72.71527745826485, 41.814308846897354]], [[-72.71527745826485, 41.814308846897354], [-72.71527045826485, 41.81430884689739]], [[-72.71525445826488, 41.81463084689738], [-72.71521145826486, 41.814630846897394]], [[-72.71523945826488, 41.81462584689738], [-72.71523845826486, 41.81462584689738]], [[-72.71524345826488, 41.81462584689738], [-72.71524445826486, 41.81462584689739]], [[-72.71524445826486, 41.81462584689739], [-72.71524345826487, 41.81462684689738]], [[-72.71524345826487, 41.81462684689738], [-72.71524345826487, 41.81462784689739]], [[-72.71524345826487, 41.81462784689739], [-72.71524445826486, 41.81462784689739]], [[-72.71524445826486, 41.81462784689739], [-72.71524445826486, 41.81462684689738]], [[-72.71522545826487, 41.81462684689738], [-72.71522445826486, 41.814626846897376]], [[-72.71523245826485, 41.814627846897366], [-72.71523245826486, 41.814625846897385]], [[-72.71522145826486, 41.814625846897364], [-72.71522145826486, 41.81462784689739]], [[-72.71523645826487, 41.814627846897395], [-72.71523645826487, 41.81462684689739]], [[-72.71522645826487, 41.8146268468974], [-72.71522645826488, 41.8146278468974]], [[-72.71521545826486, 41.814620846897384], [-72.71521345826486, 41.8146208468974]], [[-72.71522345826486, 41.81462784689739], [-72.71522245826485, 41.81462584689736]], [[-72.71525445826488, 41.81463084689738], [-72.71525445826488, 41.814610846897395]], [[-72.71523045826484, 41.81462784689739], [-72.71522945826484, 41.81462584689738]], [[-72.71525045826486, 41.8146208468974], [-72.71525345826487, 41.81462084689738]], [[-72.71521545826486, 41.81462884689739], [-72.71521545826485, 41.814623846897376]], [[-72.71525445826488, 41.81462584689738], [-72.71525345826487, 41.81462584689736]], [[-72.71522145826486, 41.81462784689739], [-72.71522045826488, 41.81462784689739]], [[-72.71521545826485, 41.814623846897376], [-72.71521545826486, 41.81461784689739]], [[-72.71521145826486, 41.814630846897394], [-72.71525445826488, 41.81463084689738]], [[-72.71522645826488, 41.8146278468974], [-72.71522745826486, 41.81462784689739]], [[-72.71525445826488, 41.814610846897395], [-72.71521145826486, 41.81461084689738]], [[-72.71523945826488, 41.81462584689738], [-72.71523845826485, 41.81462784689737]], [[-72.71525045826486, 41.814624846897395], [-72.71525345826485, 41.81462484689735]], [[-72.71522945826484, 41.81462584689738], [-72.71522945826486, 41.814627846897395]], [[-72.71523545826486, 41.814627846897395], [-72.71523545826487, 41.81462684689738]], [[-72.71522745826486, 41.81462584689738], [-72.71522645826487, 41.814625846897385]], [[-72.71525045826486, 41.81461684689738], [-72.71525345826487, 41.814616846897366]], [[-72.71521345826486, 41.814625846897385], [-72.71521345826486, 41.81461584689739]], [[-72.71525045826488, 41.814612846897376], [-72.71521545826486, 41.8146128468974]], [[-72.71525045826486, 41.81462884689739], [-72.71521545826486, 41.81462884689739]], [[-72.71523745826487, 41.814627846897366], [-72.71523645826487, 41.814627846897395]], [[-72.71521545826486, 41.8146168468974], [-72.71521345826486, 41.81461684689737]], [[-72.71522845826486, 41.81462784689739], [-72.71522745826486, 41.81462584689738]], [[-72.71522945826486, 41.814627846897395], [-72.71522945826484, 41.81462584689738]], [[-72.71525045826486, 41.81461784689737], [-72.71525045826488, 41.814612846897376]], [[-72.71521345826486, 41.814625846897385], [-72.71521545826485, 41.81462584689738]], [[-72.71523645826487, 41.81462684689739], [-72.71523745826487, 41.814626846897376]], [[-72.71522545826487, 41.81462784689739], [-72.71522545826488, 41.81462584689738]], [[-72.71524545826486, 41.81462784689739], [-72.71524545826486, 41.81462584689739]], [[-72.71522845826486, 41.814625846897385], [-72.71522745826486, 41.81462584689738]], [[-72.71523445826486, 41.814625846897385], [-72.71523445826485, 41.814627846897395]], [[-72.71525045826486, 41.81461784689737], [-72.71525045826486, 41.814623846897376]], [[-72.71522445826486, 41.81462784689739], [-72.71522445826486, 41.81462584689738]], [[-72.71524045826486, 41.814627846897366], [-72.71524045826486, 41.81462684689739]], [[-72.71523845826485, 41.81462784689737], [-72.71523845826486, 41.81462584689738]], [[-72.71523645826487, 41.81462584689738], [-72.71523645826487, 41.814627846897395]], [[-72.71521345826486, 41.81461584689739], [-72.71521545826485, 41.81461584689738]], [[-72.71521545826486, 41.8146128468974], [-72.71521545826486, 41.81461784689739]], [[-72.71523045826486, 41.81462584689737], [-72.71523045826484, 41.81462784689739]], [[-72.71522045826487, 41.814625846897385], [-72.71522145826486, 41.814625846897364]], [[-72.71521545826486, 41.814624846897395], [-72.71521345826487, 41.81462484689738]], [[-72.71522245826485, 41.81462584689736], [-72.71522245826485, 41.81462784689739]], [[-72.71523645826487, 41.814627846897395], [-72.71523545826486, 41.814627846897395]], [[-72.71521145826486, 41.81461084689738], [-72.71521145826486, 41.814630846897394]], [[-72.71525045826486, 41.814623846897376], [-72.71521545826485, 41.814623846897376]], [[-72.71525345826487, 41.81462084689738], [-72.71525045826486, 41.8146208468974]], [[-72.71524045826486, 41.814625846897385], [-72.71523945826488, 41.81462584689738]], [[-72.71523745826487, 41.814626846897376], [-72.71523645826487, 41.81462584689738]], [[-72.71523945826486, 41.81462784689739], [-72.71524045826486, 41.814627846897366]], [[-72.71522745826486, 41.81462784689739], [-72.71522745826486, 41.814626846897376]], [[-72.71525345826487, 41.81462584689736], [-72.71525345826488, 41.81461584689739]], [[-72.71523745826487, 41.81462584689738], [-72.71523745826487, 41.814627846897366]], [[-72.71521145826486, 41.81462584689738], [-72.71521345826486, 41.814625846897385]], [[-72.71523345826486, 41.81462584689738], [-72.71523445826486, 41.814625846897385]], [[-72.71525345826488, 41.81461584689739], [-72.71525445826487, 41.814615846897375]], [[-72.71525345826488, 41.81461584689739], [-72.71525045826486, 41.81461584689739]], [[-72.71523345826486, 41.81462784689741], [-72.71523245826485, 41.814627846897366]], [[-72.71522745826486, 41.814626846897376], [-72.71522745826486, 41.81462584689738]], [[-72.71522845826486, 41.814625846897385], [-72.71522845826486, 41.81462784689739]], [[-72.71521345826486, 41.814621846897374], [-72.71521545826486, 41.814621846897396]], [[-72.71524545826487, 41.8146268468974], [-72.71524545826486, 41.81462784689739]], [[-72.71522345826486, 41.814625846897385], [-72.71522345826486, 41.81462784689739]], [[-72.71525045826486, 41.814623846897376], [-72.71525045826486, 41.81462884689739]], [[-72.71523545826487, 41.81462684689738], [-72.71523645826487, 41.81462684689739]], [[-72.71525345826487, 41.81462584689736], [-72.71525045826486, 41.81462584689737]], [[-72.71523945826486, 41.81462684689738], [-72.71523945826486, 41.81462784689739]], [[-72.71522445826486, 41.81462784689739], [-72.71522445826486, 41.81462584689738]], [[-72.71521545826486, 41.81461784689739], [-72.71525045826486, 41.81461784689737]], [[-72.71523445826485, 41.814627846897395], [-72.71523345826486, 41.81462784689741]], [[-72.71524045826486, 41.81462684689739], [-72.71524045826486, 41.814625846897385]], [[-72.71521345826486, 41.81461584689739], [-72.71521145826486, 41.81461584689739]], [[-72.71515845826487, 41.81387984689738], [-72.71516745826486, 41.81387984689738], [-72.71516745826486, 41.81387284689738], [-72.71515845826487, 41.813872846897375], [-72.71515845826487, 41.81387984689738]], [[-72.71552045826486, 41.8142538468974], [-72.71552045826486, 41.81424784689738], [-72.71552145826485, 41.81424784689739], [-72.71552145826486, 41.81425384689739], [-72.71552045826486, 41.8142538468974]], [[-72.71533945826485, 41.81389584689739], [-72.71533945826486, 41.81390184689739]], [[-72.71533945826486, 41.81390184689739], [-72.71534245826486, 41.81390184689738]], [[-72.71534245826486, 41.81390184689738], [-72.71534245826486, 41.81389584689738]], [[-72.71534245826486, 41.81389584689738], [-72.71533945826485, 41.81389584689739]], [[-72.71570345826484, 41.81390784689738], [-72.71570345826487, 41.81391384689737], [-72.71570545826488, 41.81391384689737], [-72.71570545826486, 41.8139078468974], [-72.71570345826484, 41.81390784689738]], [[-72.71594045826487, 41.81403184689739], [-72.71594145826487, 41.814031846897386], [-72.71594145826488, 41.814030846897396]], [[-72.71595445826485, 41.81402984689738], [-72.71595445826487, 41.81403084689738]], [[-72.71595345826485, 41.814029846897384], [-72.71595445826485, 41.81402984689738]], [[-72.71595445826485, 41.81402984689738], [-72.71595445826489, 41.814031846897386]], [[-72.71595445826489, 41.814031846897386], [-72.71595345826489, 41.81403184689739], [-72.71595345826488, 41.814030846897396]], [[-72.71594045826487, 41.81403184689739], [-72.71594045826487, 41.81402984689737]], [[-72.71595445826489, 41.814031846897386], [-72.71595445826485, 41.81402984689738]], [[-72.71594145826488, 41.814029846897384], [-72.71594045826487, 41.81402984689737]], [[-72.71595445826485, 41.81402984689738], [-72.71594045826487, 41.81402984689737]], [[-72.71594045826487, 41.81402984689737], [-72.71593945826486, 41.81402984689737], [-72.71593945826487, 41.8140318468974], [-72.71594045826487, 41.81403184689739]], [[-72.71594045826487, 41.81402984689737], [-72.71594045826485, 41.814030846897374]], [[-72.71594045826485, 41.814030846897374], [-72.71595445826487, 41.81403084689738]], [[-72.71548845826487, 41.81429584689739], [-72.71548845826484, 41.814308846897376]], [[-72.71548245826486, 41.81430884689738], [-72.71548245826484, 41.81429584689737]], [[-72.71548845826487, 41.81429584689739], [-72.71548845826484, 41.814308846897376]], [[-72.71548845826484, 41.814308846897376], [-72.71548245826486, 41.81430884689738]], [[-72.71548845826487, 41.81429584689739], [-72.71548245826484, 41.81429584689737]], [[-72.71568045826486, 41.81392584689738], [-72.71569145826486, 41.813925846897384]], [[-72.71569145826484, 41.81392884689738], [-72.71568045826486, 41.813928846897376]], [[-72.71569145826486, 41.8139248468974], [-72.71569145826484, 41.81392884689738]], [[-72.71568045826486, 41.813928846897376], [-72.71568045826486, 41.81392484689738]], [[-72.71568045826486, 41.81392484689738], [-72.71569145826486, 41.8139248468974]], [[-72.71540645826487, 41.81421684689737], [-72.71539645826485, 41.814216846897374], [-72.71539645826486, 41.814212846897405], [-72.71540645826487, 41.81421284689739], [-72.71540645826487, 41.81421684689737]], [[-72.71452245826485, 41.81392084689739], [-72.71450245826485, 41.813920846897375], [-72.71450245826486, 41.813913846897385], [-72.71450245826486, 41.81391284689739], [-72.71450345826487, 41.81391284689738], [-72.71450345826486, 41.8139118468974], [-72.71450445826486, 41.81391084689739], [-72.71450545826487, 41.81391084689738], [-72.71450545826487, 41.81390984689738], [-72.71450645826486, 41.81390984689738], [-72.71451845826486, 41.813909846897374], [-72.71451945826486, 41.81390984689738], [-72.71452045826487, 41.813910846897386], [-72.71452145826487, 41.81391184689742], [-72.71452245826488, 41.813912846897395], [-72.71452245826487, 41.813913846897385], [-72.71452245826485, 41.81392084689739]], [[-72.71552045826488, 41.81395984689737], [-72.71552045826486, 41.81396584689738], [-72.71552145826486, 41.8139658468974], [-72.71552145826485, 41.81395984689738], [-72.71552045826488, 41.81395984689737]], [[-72.71591345826486, 41.81390084689738], [-72.71591345826486, 41.81391284689736]], [[-72.71591345826486, 41.81391284689736], [-72.71590845826483, 41.813912846897395]], [[-72.71590845826483, 41.813912846897395], [-72.71590845826483, 41.8139008468974]], [[-72.71590845826483, 41.8139008468974], [-72.71591345826486, 41.81390084689738]], [[-72.71508145826485, 41.813897846897376], [-72.71508145826486, 41.813885846897385], [-72.71508845826486, 41.813885846897385], [-72.71508845826486, 41.81389784689738], [-72.71508145826485, 41.813897846897376]], [[-72.71577745826488, 41.81387584689738], [-72.71577745826488, 41.813871846897385]], [[-72.71576745826485, 41.813871846897385], [-72.71576745826488, 41.81387584689738]], [[-72.71577745826488, 41.813871846897385], [-72.71576745826485, 41.813871846897385]], [[-72.71576745826488, 41.81387584689738], [-72.71577745826488, 41.81387584689738]], [[-72.71576745826488, 41.81387584689738], [-72.71577745826488, 41.81387584689738]], [[-72.71566745826485, 41.813924846897386], [-72.71566145826485, 41.8139248468974], [-72.71566145826486, 41.81392184689738], [-72.71566745826483, 41.813921846897394], [-72.71566745826485, 41.813924846897386]], [[-72.71468345826486, 41.81455184689739], [-72.71467645826485, 41.814551846897395]], [[-72.71468445826487, 41.81453884689737], [-72.71468345826486, 41.81453884689738]], [[-72.71468045826487, 41.814541846897384], [-72.71467045826486, 41.814541846897384], [-72.71467045826485, 41.81454284689739], [-72.71468045826487, 41.81454284689737]], [[-72.71468445826486, 41.81453984689739], [-72.71468445826487, 41.81453884689737]], [[-72.71468045826487, 41.814541846897384], [-72.71468045826488, 41.814540846897394], [-72.7146764582649, 41.81454084689739]], [[-72.71468345826486, 41.81453884689738], [-72.71467645826486, 41.81453884689738]], [[-72.71468445826486, 41.81453984689739], [-72.71469145826487, 41.81453984689739]], [[-72.71468045826487, 41.81454284689737], [-72.71468045826485, 41.81454884689739]], [[-72.71467645826485, 41.814551846897395], [-72.71467645826486, 41.81455084689739]], [[-72.71468045826487, 41.8145498468974], [-72.71467045826486, 41.814549846897386], [-72.71467045826489, 41.81454884689738], [-72.71468045826485, 41.81454884689739]], [[-72.71468445826486, 41.81455084689739], [-72.71468445826486, 41.814551846897395]], [[-72.71468345826486, 41.81455184689739], [-72.71468445826486, 41.814551846897395]], [[-72.71468045826487, 41.8145498468974], [-72.71468045826488, 41.81455084689738], [-72.71467645826486, 41.81455084689739]], [[-72.71467645826485, 41.81453984689739], [-72.71467645826486, 41.81453884689738]], [[-72.71469145826485, 41.81455084689739], [-72.71468445826486, 41.81455084689739]], [[-72.71510945826488, 41.81395884689737], [-72.71511245826485, 41.81395884689737]], [[-72.71510945826486, 41.81395984689738], [-72.71511245826485, 41.81395984689737]], [[-72.71510945826486, 41.8139568468974], [-72.71510945826486, 41.81396284689736]], [[-72.71510945826486, 41.81396184689738], [-72.71511245826485, 41.81396184689738]], [[-72.71510845826487, 41.8139568468974], [-72.71510845826487, 41.81396284689738], [-72.71511345826488, 41.81396284689738], [-72.71511345826488, 41.813956846897376], [-72.71510845826487, 41.8139568468974]], [[-72.71511245826485, 41.81395784689738], [-72.71511245826485, 41.81395884689737]], [[-72.71511245826485, 41.81396184689738], [-72.71511245826485, 41.81396084689739]], [[-72.71434645826486, 41.8139928468974], [-72.71436445826485, 41.813992846897385]], [[-72.71436445826487, 41.81399984689737], [-72.71434645826487, 41.81399984689737]], [[-72.71434645826487, 41.81399984689737], [-72.71434645826486, 41.8139928468974]], [[-72.71436445826485, 41.813992846897385], [-72.71436445826487, 41.81399984689737]], [[-72.71525645826486, 41.81397584689738], [-72.71525645826486, 41.813980846897394], [-72.71526045826486, 41.8139808468974], [-72.71526045826486, 41.81397584689736], [-72.71525645826486, 41.81397584689738]], [[-72.71575745826486, 41.81429084689739], [-72.71575945826486, 41.814290846897386]], [[-72.71575945826487, 41.814300846897396], [-72.71575745826486, 41.81430084689741]], [[-72.71575745826486, 41.81429084689739], [-72.71575745826486, 41.81430084689741]], [[-72.71575945826486, 41.814290846897386], [-72.71575945826487, 41.814300846897396]], [[-72.71548745826487, 41.81388984689736], [-72.71549345826487, 41.813889846897375], [-72.71549345826486, 41.81388784689738], [-72.71548745826485, 41.813887846897394], [-72.71548745826487, 41.81388984689736]], [[-72.71492845826486, 41.81430084689736], [-72.71494345826486, 41.814300846897396]], [[-72.71494345826486, 41.8142998468974], [-72.71492845826486, 41.814299846897406]], [[-72.71492845826486, 41.814299846897406], [-72.71492845826486, 41.81430084689736]], [[-72.71494345826486, 41.814300846897396], [-72.71494345826486, 41.8142998468974]], [[-72.71493645826484, 41.81429184689738], [-72.71493645826486, 41.814299846897384]], [[-72.71494345826486, 41.81429184689739], [-72.71494345826486, 41.8142998468974]], [[-72.71492845826488, 41.81429184689739], [-72.71494345826486, 41.81429184689739]], [[-72.71494345826486, 41.8142998468974], [-72.71492845826486, 41.814299846897406]], [[-72.71492845826486, 41.814299846897406], [-72.71492845826488, 41.81429184689739]], [[-72.71490745826488, 41.81409484689739], [-72.71490745826485, 41.81409684689737]], [[-72.71490745826485, 41.81409684689737], [-72.71489645826486, 41.814096846897385]], [[-72.71489645826486, 41.814096846897385], [-72.71489645826486, 41.814094846897405]], [[-72.71490745826488, 41.81409484689739], [-72.71489645826486, 41.814094846897405]], [[-72.71552045826486, 41.814343846897394], [-72.71552045826486, 41.814351846897374], [-72.71552445826485, 41.81435184689737], [-72.71552445826488, 41.81434384689738], [-72.71552045826486, 41.814343846897394]], [[-72.71552445826487, 41.81434284689739], [-72.7155244582649, 41.81435284689738]], [[-72.71590045826487, 41.8139708468974], [-72.71590045826485, 41.81397684689739], [-72.71590545826487, 41.81397684689739], [-72.71590545826484, 41.8139708468974], [-72.71590045826487, 41.8139708468974]], [[-72.71493745826484, 41.814384846897376], [-72.71493745826484, 41.81438084689741], [-72.71493345826488, 41.814380846897386], [-72.71493345826485, 41.81438484689738], [-72.71493745826484, 41.814384846897376]], [[-72.71521045826486, 41.81429484689737], [-72.71521045826488, 41.81430884689738]], [[-72.71521045826488, 41.81430884689738], [-72.71520345826487, 41.8143088468974]], [[-72.71520345826487, 41.8143088468974], [-72.71520345826487, 41.81429484689738]], [[-72.71520345826487, 41.81429484689738], [-72.71521045826486, 41.81429484689737]], [[-72.71521745826486, 41.81430884689739], [-72.71521745826486, 41.81429484689738]], [[-72.71521045826486, 41.81429484689737], [-72.71521045826488, 41.81430884689738]], [[-72.71521745826486, 41.81429484689738], [-72.71521045826486, 41.81429484689737]], [[-72.71521045826488, 41.81430884689738], [-72.71521745826486, 41.81430884689739]], [[-72.71582645826486, 41.813958846897386], [-72.71582645826486, 41.81396384689738], [-72.71582145826484, 41.81396384689741], [-72.71582145826486, 41.81395884689738], [-72.71582645826486, 41.813958846897386]], [[-72.71568045826486, 41.81387584689739], [-72.71569145826486, 41.81387584689738]], [[-72.71569145826486, 41.81387584689738], [-72.71569145826487, 41.81387184689737]], [[-72.71569145826487, 41.81387184689737], [-72.71568045826486, 41.813871846897385]], [[-72.71568045826486, 41.813871846897385], [-72.71568045826486, 41.81387584689739]], [[-72.71568045826486, 41.81387584689739], [-72.71569145826486, 41.81387584689738]], [[-72.71526045826486, 41.81391384689737], [-72.71526045826486, 41.813919846897385]], [[-72.71526045826486, 41.813919846897385], [-72.71525745826486, 41.81391984689739]], [[-72.71525745826486, 41.81391984689739], [-72.71525745826486, 41.81391384689738]], [[-72.71525745826486, 41.81391384689738], [-72.71526045826486, 41.81391384689737]], [[-72.71594745826486, 41.81431884689739], [-72.71594745826485, 41.814324846897385], [-72.71594245826486, 41.81432484689739], [-72.71594245826486, 41.81431884689739], [-72.71594745826486, 41.81431884689739]], [[-72.71587245826487, 41.8142538468974], [-72.71587745826484, 41.814253846897394], [-72.71587745826484, 41.814258846897374], [-72.71587245826487, 41.81425884689738], [-72.71587245826487, 41.8142538468974]], [[-72.71504445826487, 41.814165846897374], [-72.71504945826486, 41.814165846897374], [-72.71504945826486, 41.814172846897385], [-72.71504445826486, 41.81417284689739], [-72.71504445826487, 41.814165846897374]], [[-72.71550545826486, 41.8145898468974], [-72.71550545826487, 41.8145968468974], [-72.71550045826484, 41.81459684689738], [-72.71550045826484, 41.81458984689737], [-72.71550545826486, 41.8145898468974]], [[-72.71445445826487, 41.81383984689738], [-72.71445445826488, 41.81384684689738], [-72.71445745826486, 41.81384684689737], [-72.71445745826486, 41.81383984689739], [-72.71445445826487, 41.81383984689738]], [[-72.71542545826485, 41.814320846897374], [-72.71543745826487, 41.81432084689738]], [[-72.71543745826487, 41.81432084689738], [-72.71543745826486, 41.814327846897385]], [[-72.71542545826485, 41.814320846897374], [-72.71543745826487, 41.81432084689738]], [[-72.71543745826486, 41.814327846897385], [-72.71542545826486, 41.814327846897385]], [[-72.71542545826485, 41.814320846897374], [-72.71542545826486, 41.814327846897385]], [[-72.71527645826488, 41.814386846897385], [-72.71527645826488, 41.8143778468974], [-72.71528245826485, 41.814377846897386], [-72.7152824582649, 41.814386846897385], [-72.71527645826488, 41.814386846897385]], [[-72.7158724582649, 41.81433984689737], [-72.71587145826486, 41.814339846897376]], [[-72.71587145826486, 41.81432884689738], [-72.71587145826486, 41.814339846897376]], [[-72.71587145826486, 41.81432884689738], [-72.71587245826487, 41.81432884689738]], [[-72.71587245826487, 41.81432884689738], [-72.7158724582649, 41.81433984689737]], [[-72.71519945826486, 41.81441284689738], [-72.71519945826486, 41.8144188468974], [-72.71520445826488, 41.81441884689739], [-72.71520445826486, 41.81441284689738], [-72.71519945826486, 41.81441284689738]], [[-72.71586745826485, 41.81397584689738], [-72.71586745826488, 41.813974846897366], [-72.71586345826486, 41.81397484689738], [-72.71586345826482, 41.813975846897385]], [[-72.71586745826487, 41.81397984689736], [-72.71586745826487, 41.81398184689739], [-72.71586345826488, 41.813981846897384], [-72.71586345826488, 41.813979846897375]], [[-72.71586845826484, 41.81397584689738], [-72.71586845826485, 41.81397984689737], [-72.71586245826487, 41.813979846897375], [-72.71586245826487, 41.81397584689738], [-72.71586845826484, 41.81397584689738]], [[-72.71601645826487, 41.81426884689739], [-72.71601645826486, 41.81427484689738], [-72.71601145826486, 41.81427484689738], [-72.71601145826487, 41.81426884689739], [-72.71601645826487, 41.81426884689739]], [[-72.71434945826488, 41.8138838468974], [-72.71434445826486, 41.8138838468974], [-72.71434445826483, 41.81386484689738], [-72.71434945826486, 41.813864846897374], [-72.71434945826488, 41.8138838468974]], [[-72.71469845826486, 41.81425584689739], [-72.71469845826486, 41.81425684689736]], [[-72.71470945826486, 41.81425584689739], [-72.71470945826486, 41.814249846897376]], [[-72.71469645826487, 41.814248846897385], [-72.71470945826486, 41.81424884689737], [-72.71470945826486, 41.81425684689737], [-72.71469645826485, 41.81425684689738], [-72.71469645826487, 41.814248846897385]], [[-72.71469845826485, 41.81424984689739], [-72.71469845826486, 41.81424884689738]], [[-72.71469845826486, 41.81425584689739], [-72.71469845826485, 41.81424984689739]], [[-72.71470945826486, 41.814249846897376], [-72.71470745826487, 41.81424984689738]], [[-72.71469845826486, 41.81425684689736], [-72.71470745826487, 41.81425684689738]], [[-72.71470745826487, 41.814255846897375], [-72.71470945826486, 41.81425584689739]], [[-72.71469645826488, 41.81425584689739], [-72.71469845826486, 41.81425584689739]], [[-72.71469845826486, 41.81425684689736], [-72.71469845826486, 41.81425584689739]], [[-72.71469845826486, 41.81424884689738], [-72.71469645826487, 41.814248846897385]], [[-72.71469845826485, 41.81424984689739], [-72.71470745826487, 41.81424984689738]], [[-72.71469645826487, 41.814248846897385], [-72.71469645826488, 41.81425584689739]], [[-72.71470745826487, 41.814255846897375], [-72.71470745826487, 41.81424984689738]], [[-72.71469645826485, 41.81425684689738], [-72.71470945826486, 41.81425684689737], [-72.71470945826486, 41.81424884689737], [-72.71469645826487, 41.814248846897385], [-72.71469645826485, 41.81425684689738]], [[-72.71470745826487, 41.81425684689738], [-72.71470745826487, 41.814255846897375]], [[-72.71513045826487, 41.81430384689735], [-72.71513045826488, 41.81431584689737]], [[-72.71512345826486, 41.81430384689739], [-72.71512345826486, 41.81431584689739]], [[-72.71512245826486, 41.81430384689739], [-72.71512245826486, 41.8143158468974]], [[-72.71512845826486, 41.814295846897366], [-72.71512845826486, 41.814303846897374]], [[-72.71512845826486, 41.814303846897374], [-72.71511645826486, 41.81430384689738]], [[-72.71512345826486, 41.81431584689739], [-72.71513045826488, 41.81431584689737]], [[-72.71512245826486, 41.8143158468974], [-72.71511545826486, 41.8143158468974]], [[-72.71513045826487, 41.81430384689735], [-72.71512845826486, 41.814303846897374]], [[-72.71511645826486, 41.81430384689738], [-72.71511545826486, 41.814303846897396]], [[-72.71512345826486, 41.81430384689739], [-72.71512845826486, 41.814303846897374]], [[-72.71511645826486, 41.81429584689738], [-72.71511645826486, 41.81430384689738]], [[-72.71512545826486, 41.81431584689737], [-72.71512345826486, 41.81431584689739]], [[-72.71512045826488, 41.81431584689738], [-72.71512245826486, 41.8143158468974]], [[-72.71512045826488, 41.81431584689738], [-72.71512245826486, 41.8143158468974]], [[-72.71511745826484, 41.81430384689742], [-72.71511745826486, 41.81430284689739]], [[-72.71511745826486, 41.81430284689739], [-72.71511645826486, 41.81430284689736]], [[-72.71511645826486, 41.81430284689736], [-72.71511645826486, 41.81430384689738]], [[-72.71512845826486, 41.814295846897366], [-72.71511645826486, 41.81429584689738]], [[-72.71512545826486, 41.81431584689737], [-72.71512345826486, 41.81431584689739]], [[-72.71512345826486, 41.81431584689739], [-72.71512245826486, 41.8143158468974]], [[-72.71512845826486, 41.81430284689738], [-72.71512845826486, 41.814303846897374]], [[-72.71511545826486, 41.814303846897396], [-72.71511545826486, 41.8143158468974]], [[-72.71512845826486, 41.814303846897374], [-72.71512845826486, 41.81430284689738]], [[-72.71511645826486, 41.81430384689738], [-72.71512245826486, 41.81430384689739]], [[-72.71537645826486, 41.81392084689737], [-72.71537645826487, 41.813925846897384]], [[-72.71538845826487, 41.813925846897384], [-72.71538845826487, 41.813920846897375]], [[-72.71537645826487, 41.813925846897384], [-72.71538845826487, 41.813925846897384]], [[-72.71538845826487, 41.813920846897375], [-72.71537645826486, 41.81392084689737]], [[-72.71531745826488, 41.81390884689738], [-72.71531745826486, 41.8139078468974]], [[-72.71531745826486, 41.813909846897374], [-72.71531745826488, 41.81390884689738]], [[-72.71531645826487, 41.81390584689739], [-72.71531645826487, 41.81390484689738]], [[-72.71531845826485, 41.81390984689739], [-72.71531845826485, 41.813911846897376]], [[-72.71531645826487, 41.81390484689738], [-72.71531745826486, 41.81390484689741]], [[-72.71531845826485, 41.813911846897376], [-72.71531745826485, 41.8139118468974]], [[-72.71531745826486, 41.8139058468974], [-72.71531745826486, 41.81390484689741]], [[-72.71531745826486, 41.813909846897374], [-72.71531845826485, 41.81390984689739]], [[-72.71531645826485, 41.813909846897374], [-72.71531645826487, 41.8139078468974]], [[-72.71531645826485, 41.813909846897374], [-72.71531745826486, 41.813909846897374]], [[-72.71531745826485, 41.8139118468974], [-72.71531745826486, 41.813909846897374]], [[-72.71519445826485, 41.813958846897386], [-72.71517845826486, 41.813958846897386], [-72.71517845826486, 41.8139658468974], [-72.71519445826486, 41.81396584689737], [-72.71519445826485, 41.813958846897386]], [[-72.71465445826485, 41.813992846897385], [-72.71465445826487, 41.81396884689738]], [[-72.71467045826486, 41.81399284689739], [-72.71467045826485, 41.81396884689739]], [[-72.71466245826487, 41.813971846897374], [-72.71466145826484, 41.81397184689738]], [[-72.71466245826488, 41.81397284689739], [-72.71466145826487, 41.8139728468974]], [[-72.71466245826487, 41.81398984689738], [-72.71466145826487, 41.81398984689738]], [[-72.71466245826487, 41.81398984689738], [-72.71466145826487, 41.81398984689738]], [[-72.71466245826485, 41.813992846897385], [-72.71466845826485, 41.813992846897385]], [[-72.71466145826484, 41.813992846897364], [-72.71465545826484, 41.813992846897385]], [[-72.71467145826486, 41.813992846897385], [-72.71466245826485, 41.813992846897385]], [[-72.71466245826485, 41.813992846897385], [-72.71466245826485, 41.81396884689737]], [[-72.71466245826485, 41.81396884689737], [-72.71467145826486, 41.81396884689739]], [[-72.71467145826486, 41.81396884689739], [-72.71467145826486, 41.813992846897385]], [[-72.71466145826486, 41.81396884689739], [-72.71466145826484, 41.813992846897364]], [[-72.71465245826487, 41.81396884689739], [-72.71466145826486, 41.81396884689739]], [[-72.71465245826487, 41.81399284689737], [-72.71465245826487, 41.81396884689739]], [[-72.71466145826484, 41.813992846897364], [-72.71465245826487, 41.81399284689737]], [[-72.71466245826488, 41.81397284689739], [-72.71466145826487, 41.8139728468974]], [[-72.71466145826487, 41.8139728468974], [-72.71466145826484, 41.81397184689738]], [[-72.71466145826484, 41.81397184689738], [-72.71466245826487, 41.813971846897374]], [[-72.71466245826487, 41.813971846897374], [-72.71466245826488, 41.81397284689739]], [[-72.71466145826487, 41.81398984689738], [-72.71466245826487, 41.81398984689738]], [[-72.71466245826487, 41.81398984689738], [-72.71466145826487, 41.81398984689738]], [[-72.71466245826485, 41.813992846897385], [-72.71466145826484, 41.813992846897364]], [[-72.71466245826485, 41.81396884689737], [-72.71466145826486, 41.81396884689739]], [[-72.71466545826486, 41.813989846897385], [-72.71465845826486, 41.81398984689739]], [[-72.71466545826486, 41.813989846897385], [-72.71465845826486, 41.81398984689739]], [[-72.71465845826488, 41.81399284689739], [-72.71465845826488, 41.81396884689739]], [[-72.71466545826486, 41.81399284689738], [-72.71467045826486, 41.81399284689739]], [[-72.71465445826487, 41.81396884689738], [-72.71465845826488, 41.81396884689739]], [[-72.71466545826483, 41.81396884689739], [-72.71467045826485, 41.81396884689739]], [[-72.71466545826488, 41.81397284689738], [-72.71465845826486, 41.81397284689739]], [[-72.71465445826485, 41.813992846897385], [-72.71465845826488, 41.81399284689739]], [[-72.71466545826486, 41.81399284689738], [-72.71466545826483, 41.81396884689739]], [[-72.71466545826485, 41.813971846897374], [-72.71465845826486, 41.81397184689737]], [[-72.71565545826486, 41.81425484689738], [-72.71565545826486, 41.81424884689738], [-72.71565645826486, 41.81424884689737], [-72.71565645826486, 41.81425484689738], [-72.71565545826486, 41.81425484689738]], [[-72.71597845826484, 41.814547846897376], [-72.71597845826484, 41.81455384689737], [-72.71598345826483, 41.81455384689739], [-72.71598345826486, 41.814547846897376], [-72.71597845826484, 41.814547846897376]], [[-72.71596545826483, 41.81389384689741], [-72.71597745826486, 41.81389384689738], [-72.71598845826486, 41.81389384689737], [-72.71600045826484, 41.81389384689738], [-72.71602945826483, 41.81389384689741], [-72.71602945826487, 41.81390084689737], [-72.71600045826487, 41.81390084689738], [-72.71598845826486, 41.81390084689739], [-72.71597745826485, 41.81390084689738], [-72.71596545826488, 41.813900846897376], [-72.71596545826483, 41.81389384689741]], [[-72.71597745826486, 41.81389384689738], [-72.71597745826485, 41.81390084689738]], [[-72.71600045826484, 41.81389384689738], [-72.71600045826487, 41.81390084689738]], [[-72.71598845826486, 41.81389384689737], [-72.71598845826486, 41.81390084689739]], [[-72.71595545826489, 41.813884846897395], [-72.71595745826488, 41.813884846897395], [-72.71595845826486, 41.813884846897395], [-72.71595845826485, 41.81388584689737], [-72.71595845826486, 41.81388784689738], [-72.71595545826486, 41.813887846897366], [-72.71595545826486, 41.813885846897385], [-72.71595545826489, 41.813884846897395]], [[-72.71596645826486, 41.81390084689738], [-72.71595445826485, 41.81390084689739], [-72.71595445826485, 41.81388784689738], [-72.71595945826483, 41.81388784689738], [-72.71595945826488, 41.81389384689738]], [[-72.71595945826488, 41.81389384689738], [-72.71595945826486, 41.81390084689738]], [[-72.71595945826486, 41.81389984689738], [-72.71596545826485, 41.81389984689739]], [[-72.71601245826486, 41.8138938468974], [-72.71601245826484, 41.81390084689737]], [[-72.71596545826488, 41.813900846897376], [-72.71596545826483, 41.81389384689741], [-72.71595945826488, 41.81389384689738]], [[-72.71595845826486, 41.81388884689739], [-72.71595845826485, 41.8138908468974], [-72.71595545826487, 41.81389084689739], [-72.71595445826485, 41.813890846897394], [-72.71595445826485, 41.8138888468974], [-72.71595545826486, 41.81388884689739], [-72.71595845826486, 41.81388884689739]], [[-72.71543045826485, 41.8143728468974], [-72.71543045826485, 41.814382846897374]], [[-72.71543045826486, 41.81437484689739], [-72.71543045826485, 41.81438084689739], [-72.71543045826486, 41.81437484689739]], [[-72.71495545826487, 41.8141888468974], [-72.71495545826487, 41.81419084689738]], [[-72.71495545826487, 41.81419084689738], [-72.7149454582649, 41.81419084689738]], [[-72.7149454582649, 41.81419084689738], [-72.71494545826486, 41.814188846897395]], [[-72.71495545826487, 41.8141888468974], [-72.71494545826486, 41.814188846897395]], [[-72.71527645826488, 41.81435784689739], [-72.71527645826484, 41.81435284689738]], [[-72.71527645826484, 41.81435284689738], [-72.71526445826485, 41.814352846897386]], [[-72.71526445826485, 41.814352846897386], [-72.71526445826485, 41.81435784689737]], [[-72.71526445826485, 41.81435784689737], [-72.71527645826488, 41.81435784689739]], [[-72.71527645826485, 41.81435384689738], [-72.71526445826484, 41.81435384689736]], [[-72.71508845826486, 41.8138828468974], [-72.71508845826486, 41.81388184689737]], [[-72.71508745826486, 41.813880846897376], [-72.71508745826485, 41.81387984689739]], [[-72.71508845826486, 41.81388184689737], [-72.71508845826486, 41.8138828468974]], [[-72.71508845826486, 41.8138828468974], [-72.71508845826486, 41.8138838468974]], [[-72.71508745826485, 41.81388384689738], [-72.71508745826485, 41.81387984689739], [-72.71508845826486, 41.81387984689739], [-72.71508345826486, 41.81387984689738], [-72.71508345826486, 41.8138838468974], [-72.71508845826486, 41.8138838468974], [-72.71508745826485, 41.81388384689738]], [[-72.71508845826486, 41.8138838468974], [-72.71508845826486, 41.81387984689739]], [[-72.71508745826486, 41.813880846897376], [-72.71508745826485, 41.81387984689739]], [[-72.71508845826486, 41.81388084689739], [-72.71508845826486, 41.81387984689739]], [[-72.71508845826486, 41.81388084689739], [-72.71508845826486, 41.81387984689739]], [[-72.71508745826485, 41.81388384689738], [-72.71508745826486, 41.8138828468974]], [[-72.71508845826486, 41.81388084689739], [-72.71508845826486, 41.81387984689739]], [[-72.71515845826487, 41.81387984689738], [-72.71516745826486, 41.81387984689738], [-72.71516745826486, 41.81387284689738], [-72.71515845826487, 41.813872846897375], [-72.71515845826487, 41.81387984689738]], [[-72.71550245826487, 41.8140908468974], [-72.71550245826487, 41.814096846897385], [-72.71549745826488, 41.81409684689737], [-72.71549745826486, 41.8140908468974], [-72.71550245826487, 41.8140908468974]], [[-72.71550245826487, 41.8140908468974], [-72.71550245826487, 41.814096846897385], [-72.71549845826488, 41.81409684689737], [-72.71549845826485, 41.81409084689739], [-72.71550245826487, 41.8140908468974]], [[-72.71549845826485, 41.81409084689739], [-72.71549745826486, 41.8140908468974], [-72.71549845826485, 41.81409084689739]], [[-72.71549845826488, 41.81409684689737], [-72.71549745826488, 41.81409684689737], [-72.71549845826488, 41.81409684689737]], [[-72.71550245826487, 41.8140908468974], [-72.71549845826485, 41.81409084689739], [-72.71549845826488, 41.81409184689738], [-72.71550245826487, 41.81409184689738], [-72.71550245826485, 41.81409284689739], [-72.71549845826485, 41.81409284689739], [-72.71550245826485, 41.81409284689739], [-72.71550245826487, 41.81409384689738], [-72.71549845826488, 41.81409384689737], [-72.71550245826487, 41.81409384689738], [-72.71550245826487, 41.81409484689737], [-72.71549845826486, 41.81409484689739], [-72.71549845826488, 41.814095846897374], [-72.71550245826487, 41.81409584689738], [-72.71549845826488, 41.814095846897374], [-72.71549845826488, 41.81409684689737], [-72.71550245826487, 41.814096846897385], [-72.71549845826488, 41.81409684689737], [-72.71549845826488, 41.814095846897374], [-72.71550245826487, 41.81409584689738], [-72.71549845826488, 41.814095846897374], [-72.71549845826486, 41.81409484689739], [-72.71550245826487, 41.81409484689737], [-72.71550245826487, 41.81409384689738], [-72.71549845826488, 41.81409384689737], [-72.71550245826487, 41.81409384689738], [-72.71550245826485, 41.81409284689739], [-72.71549845826485, 41.81409284689739], [-72.71550245826485, 41.81409284689739], [-72.71550245826487, 41.81409184689738], [-72.71549845826488, 41.81409184689738], [-72.71549845826485, 41.81409084689739], [-72.71550245826487, 41.8140908468974]], [[-72.71528245826487, 41.81388984689739], [-72.71528245826487, 41.813890846897394]], [[-72.71528345826486, 41.81388884689738], [-72.71528245826488, 41.81388884689739]], [[-72.71528345826486, 41.81389184689738], [-72.71528345826486, 41.81389384689739]], [[-72.71528245826485, 41.81388684689738], [-72.71528245826487, 41.813887846897394]], [[-72.71528145826487, 41.81388884689739], [-72.71528145826487, 41.81388684689735]], [[-72.71528345826486, 41.81389384689739], [-72.71528245826485, 41.81389384689739]], [[-72.71528245826487, 41.813887846897394], [-72.71528245826488, 41.81388884689739]], [[-72.71528145826487, 41.81388684689735], [-72.71528245826485, 41.81388684689738]], [[-72.71528345826486, 41.81388884689738], [-72.71528345826486, 41.813890846897394]], [[-72.71528245826488, 41.81388884689739], [-72.71528145826487, 41.81388884689739]], [[-72.71528245826488, 41.81388884689739], [-72.71528245826487, 41.81388984689739]], [[-72.71528245826487, 41.81389184689738], [-72.71528245826485, 41.81389384689739]], [[-72.71490445826488, 41.81441684689739], [-72.71490445826487, 41.81440484689737]], [[-72.71490445826487, 41.81440484689737], [-72.71489445826488, 41.81440484689738]], [[-72.71489445826488, 41.81440484689738], [-72.71489445826487, 41.81441684689738]], [[-72.71489445826487, 41.81441684689738], [-72.71490445826488, 41.81441684689739]], [[-72.71490045826488, 41.81441684689738], [-72.71490045826486, 41.81440484689736]], [[-72.71528145826487, 41.813910846897386], [-72.71528145826487, 41.813909846897374]], [[-72.71528145826484, 41.81390784689738], [-72.71528145826487, 41.81390684689738]], [[-72.71528145826487, 41.81390684689738], [-72.71528145826487, 41.81390484689738]], [[-72.71528245826487, 41.81391184689739], [-72.71528245826487, 41.813909846897374]], [[-72.71528245826487, 41.81390784689741], [-72.71528245826487, 41.81390884689739]], [[-72.71528545826484, 41.813910846897386], [-72.71528545826486, 41.813907846897386]], [[-72.71528345826486, 41.81390784689739], [-72.71528445826486, 41.8139078468974]], [[-72.71528145826487, 41.813908846897384], [-72.71528145826484, 41.81390784689738]], [[-72.71528345826486, 41.81390684689739], [-72.71528245826487, 41.8139068468974]], [[-72.71528345826486, 41.81390684689739], [-72.71528345826486, 41.81390884689739]], [[-72.71528245826487, 41.8139068468974], [-72.71528245826487, 41.81390884689739]], [[-72.71528345826486, 41.81391184689737], [-72.71528245826487, 41.81391184689739]], [[-72.71528345826486, 41.81390684689739], [-72.71528245826487, 41.8139068468974]], [[-72.71528345826486, 41.81390984689739], [-72.71528345826486, 41.81391184689737]], [[-72.71528245826487, 41.813909846897374], [-72.71528245826487, 41.81391184689739]], [[-72.71527945826486, 41.81390984689739], [-72.71528345826486, 41.81390984689739]], [[-72.71527945826487, 41.813908846897405], [-72.71528345826486, 41.81390884689739]], [[-72.71528045826486, 41.81390784689739], [-72.71528145826484, 41.81390784689738], [-72.71528145826487, 41.81390684689738], [-72.71528145826487, 41.81390484689738], [-72.71528245826487, 41.813904846897394], [-72.71528245826487, 41.81390584689741], [-72.71528245826487, 41.8139068468974], [-72.71528345826486, 41.81390684689739], [-72.71528345826486, 41.81390784689739], [-72.71528445826486, 41.8139078468974]], [[-72.71528345826486, 41.81390984689739], [-72.71528345826486, 41.81390884689739]], [[-72.71528245826487, 41.81390584689741], [-72.71528245826487, 41.8139068468974]], [[-72.71528145826487, 41.813909846897374], [-72.71528145826487, 41.813910846897386]], [[-72.71528345826486, 41.81390984689739], [-72.71528345826486, 41.813910846897386]], [[-72.71528245826487, 41.8139068468974], [-72.71528245826487, 41.81390784689741]], [[-72.71528245826487, 41.813904846897394], [-72.71528145826487, 41.81390484689738]], [[-72.71528045826486, 41.81391284689738], [-72.71528045826484, 41.813910846897386]], [[-72.71528245826487, 41.813904846897394], [-72.71528245826487, 41.81390584689741]], [[-72.71528245826487, 41.8139068468974], [-72.71528245826487, 41.813904846897394]], [[-72.71528045826486, 41.81390784689739], [-72.71528245826487, 41.81390784689741]], [[-72.71528245826487, 41.81390884689739], [-72.71528245826487, 41.81390784689741]], [[-72.71528345826486, 41.81390884689739], [-72.71528345826486, 41.81390684689739]], [[-72.71528445826488, 41.813910846897365], [-72.71528345826486, 41.813910846897386], [-72.71528345826486, 41.81391184689737], [-72.71528245826487, 41.81391184689739], [-72.71528245826487, 41.813910846897386], [-72.71528045826484, 41.813910846897386]], [[-72.71528145826487, 41.81390684689738], [-72.71528145826484, 41.81390784689738]], [[-72.71528245826487, 41.813910846897386], [-72.71528045826484, 41.813910846897386]], [[-72.71528145826487, 41.81390684689738], [-72.71528245826487, 41.8139068468974]], [[-72.71527945826486, 41.81390984689739], [-72.71527945826487, 41.813908846897405]], [[-72.71528445826488, 41.813910846897365], [-72.71528345826486, 41.813910846897386]], [[-72.71528245826487, 41.8139068468974], [-72.71528145826487, 41.81390684689738]], [[-72.71528345826486, 41.81390784689739], [-72.71528345826486, 41.81390884689739]], [[-72.71528345826486, 41.81390684689739], [-72.71528245826487, 41.8139068468974]], [[-72.71528345826486, 41.81390984689739], [-72.71528345826486, 41.81391184689737]], [[-72.71528045826484, 41.813910846897386], [-72.71528045826487, 41.813909846897396]], [[-72.71528245826487, 41.813909846897374], [-72.71528245826487, 41.813910846897386]], [[-72.71528045826486, 41.813905846897406], [-72.71527945826487, 41.813905846897384], [-72.71527945826486, 41.813906846897396], [-72.71527945826487, 41.813908846897405], [-72.71527945826486, 41.81390984689739], [-72.71527945826486, 41.81391184689738], [-72.71527945826485, 41.813912846897395], [-72.71528045826486, 41.81391284689738]], [[-72.71528345826486, 41.81391184689737], [-72.71528245826487, 41.81391184689739]], [[-72.71528045826486, 41.81390784689739], [-72.71528045826486, 41.813905846897406]], [[-72.71528345826486, 41.81391184689737], [-72.71528245826487, 41.81391184689739]], [[-72.71528145826487, 41.81390484689738], [-72.71528245826487, 41.813904846897394]], [[-72.71528145826487, 41.81390484689738], [-72.71528145826487, 41.81390684689738]], [[-72.71528045826486, 41.81390884689739], [-72.71528045826486, 41.81390784689739]], [[-72.71528145826484, 41.81390784689738], [-72.71528145826487, 41.813908846897384]], [[-72.71528245826487, 41.81390784689741], [-72.71528245826487, 41.81390884689739]], [[-72.71525145826486, 41.813920846897375], [-72.71526245826486, 41.81392084689739]], [[-72.71526245826486, 41.81392084689739], [-72.71526245826486, 41.813925846897384]], [[-72.71526245826486, 41.813925846897384], [-72.71525145826486, 41.81392584689738]], [[-72.71525145826486, 41.81392584689738], [-72.71525145826486, 41.813920846897375]], [[-72.71531945826483, 41.81392584689738], [-72.71531345826486, 41.81392584689737]], [[-72.71531345826486, 41.81392584689737], [-72.71531345826487, 41.81391984689737]], [[-72.71531345826487, 41.81391984689737], [-72.71531945826484, 41.81391984689738]], [[-72.71531945826484, 41.81391984689738], [-72.71531945826483, 41.81392584689738]], [[-72.71526045826486, 41.81390784689741], [-72.71526045826486, 41.81391384689737]], [[-72.71526045826486, 41.81391384689737], [-72.71525745826486, 41.81391384689738]], [[-72.71525745826486, 41.81391384689738], [-72.71525745826486, 41.81390784689739]], [[-72.71525745826486, 41.81390784689739], [-72.71526045826486, 41.81390784689741]], [[-72.71515045826486, 41.81439084689739], [-72.71515045826487, 41.81438484689738], [-72.71515645826486, 41.814384846897376], [-72.71515645826487, 41.814390846897375], [-72.71515045826486, 41.81439084689739]], [[-72.71521645826489, 41.8143578468974], [-72.71521645826486, 41.81435284689739]], [[-72.71521645826486, 41.81435284689739], [-72.71520445826485, 41.81435284689738]], [[-72.71520445826485, 41.81435284689738], [-72.71520445826488, 41.8143578468974]], [[-72.71520445826488, 41.8143578468974], [-72.71521645826489, 41.8143578468974]], [[-72.71521645826486, 41.81435384689739], [-72.71520445826486, 41.81435384689739]], [[-72.71493745826486, 41.81439284689738], [-72.71493745826484, 41.814396846897395], [-72.71493345826487, 41.814396846897395], [-72.71493345826488, 41.81439284689738], [-72.71493745826486, 41.81439284689738]], [[-72.71533945826486, 41.81391384689738], [-72.71533945826486, 41.81391984689738]], [[-72.71533945826486, 41.81391984689738], [-72.71534245826486, 41.813919846897385]], [[-72.71534245826486, 41.813919846897385], [-72.71534245826487, 41.813913846897364]], [[-72.71534245826487, 41.813913846897364], [-72.71533945826486, 41.81391384689738]], [[-72.71490745826488, 41.81400184689739], [-72.71489745826486, 41.81400184689739], [-72.71489745826486, 41.81399184689738], [-72.71490745826488, 41.81399184689739], [-72.71490745826488, 41.81400184689739]], [[-72.71524745826486, 41.81432284689739], [-72.71523145826485, 41.81432284689739], [-72.71523045826486, 41.81432184689737], [-72.71523045826484, 41.81431584689739], [-72.71523045826487, 41.8143148468974], [-72.71523145826487, 41.81431484689738], [-72.71524745826487, 41.81431484689739], [-72.71524845826488, 41.81431484689739], [-72.71524845826487, 41.8143158468974], [-72.71524845826488, 41.81432184689738], [-72.71524745826486, 41.81432184689738], [-72.71524745826486, 41.81432284689739]], [[-72.71523145826487, 41.81432184689738], [-72.71523545826486, 41.81432184689738]], [[-72.71524745826486, 41.81432184689738], [-72.7152434582649, 41.81432184689738]], [[-72.71523945826489, 41.814316846897384], [-72.71523945826486, 41.8143158468974], [-72.71523945826489, 41.814316846897384]], [[-72.71571245826485, 41.81429084689738], [-72.71571245826486, 41.81430084689739]], [[-72.71571045826487, 41.81429084689738], [-72.71571045826487, 41.814300846897375]], [[-72.71571245826486, 41.81430084689739], [-72.71571045826487, 41.814300846897375]], [[-72.71571045826487, 41.81429084689738], [-72.71571245826485, 41.81429084689738]], [[-72.71563645826485, 41.81406684689738], [-72.71563645826488, 41.81406984689737], [-72.71563345826486, 41.81406984689738], [-72.71563345826485, 41.81406684689739], [-72.71563645826485, 41.81406684689738]], [[-72.71559845826486, 41.814290846897386], [-72.71559845826488, 41.814296846897385], [-72.71559645826486, 41.81429684689738], [-72.71559645826486, 41.81429084689739], [-72.71559845826486, 41.814290846897386]], [[-72.71535845826484, 41.813870846897395], [-72.71535845826486, 41.81385884689738]], [[-72.71535845826486, 41.81385884689738], [-72.71535245826487, 41.81385884689738]], [[-72.71535245826487, 41.81385884689738], [-72.71535245826486, 41.813870846897416]], [[-72.71535245826486, 41.813870846897416], [-72.71535845826484, 41.813870846897395]], [[-72.71477545826487, 41.81455284689737], [-72.71477945826487, 41.81455084689738]], [[-72.71477645826488, 41.81450084689737], [-72.7147754582649, 41.81450084689738]], [[-72.71477645826486, 41.814491846897376], [-72.71477545826487, 41.8144918468974]], [[-72.71477645826482, 41.8144878468974], [-72.71477545826488, 41.81448784689737]], [[-72.71477645826486, 41.81446084689736], [-72.7147754582649, 41.81446084689738]], [[-72.71477645826488, 41.81447484689736], [-72.71477545826488, 41.81447484689737]], [[-72.71477645826486, 41.81445684689739], [-72.71477545826488, 41.8144568468974]], [[-72.71477945826487, 41.81455084689738], [-72.71477945826486, 41.814524846897385]], [[-72.71477645826486, 41.81455684689738], [-72.71477545826488, 41.814556846897375]], [[-72.71477645826486, 41.81446584689738], [-72.71477545826488, 41.81446584689737]], [[-72.71477645826486, 41.81450584689738], [-72.71477545826485, 41.81450584689738]], [[-72.71477645826488, 41.8144828468974], [-72.71477545826485, 41.814482846897384]], [[-72.71477645826486, 41.81455684689738], [-72.71478245826488, 41.81455684689737]], [[-72.7147764582649, 41.814518846897386], [-72.7147754582649, 41.814518846897364]], [[-72.71477545826485, 41.81445284689739], [-72.71477645826486, 41.81445284689739]], [[-72.71477645826486, 41.81445284689739], [-72.71477645826482, 41.8144878468974]], [[-72.71477645826486, 41.81451384689739], [-72.71477545826485, 41.814513846897384]], [[-72.71477645826488, 41.81449684689737], [-72.71477545826488, 41.81449684689738]], [[-72.71477645826482, 41.8144878468974], [-72.71477645826486, 41.81455684689738]], [[-72.71477545826485, 41.81448684689739], [-72.71477545826485, 41.81445284689739]], [[-72.71477645826486, 41.814509846897394], [-72.71477545826485, 41.81450984689739]], [[-72.71477645826486, 41.814469846897374], [-72.71477545826485, 41.8144698468974]], [[-72.71478245826488, 41.81455684689737], [-72.71478245826489, 41.814456846897386]], [[-72.71477645826486, 41.8144788468974], [-72.71477545826487, 41.8144788468974]], [[-72.71477545826485, 41.81448684689739], [-72.71477545826488, 41.814556846897375]], [[-72.71517145826485, 41.814065846897385], [-72.71517145826486, 41.81407184689738], [-72.71517745826485, 41.814071846897384], [-72.71517745826486, 41.814065846897385], [-72.71517145826485, 41.814065846897385]], [[-72.71494345826483, 41.814406846897406], [-72.71492745826487, 41.81440684689739], [-72.71492745826487, 41.814414846897385], [-72.71494345826486, 41.81441484689737], [-72.71494345826483, 41.814406846897406]], [[-72.71494345826486, 41.81440884689737], [-72.71492745826487, 41.81440884689738]], [[-72.71493545826483, 41.81440684689739], [-72.71493545826486, 41.81440884689738]], [[-72.71597845826484, 41.81395884689738], [-72.71597845826484, 41.81397284689739], [-72.71597045826485, 41.81397284689739], [-72.71597045826488, 41.813958846897386], [-72.71597845826484, 41.81395884689738]], [[-72.71571345826487, 41.81406284689738], [-72.71571345826484, 41.81406884689738], [-72.71571845826487, 41.8140688468974], [-72.71571845826486, 41.814062846897386], [-72.71571345826487, 41.81406284689738]], [[-72.71598045826484, 41.81389684689738], [-72.71598045826484, 41.81389884689741], [-72.71598545826487, 41.81389884689741], [-72.71598545826487, 41.813896846897386]], [[-72.71598045826488, 41.8138948468974], [-72.71598445826487, 41.813894846897384], [-72.7159844582649, 41.81389884689739], [-72.71598045826484, 41.81389884689741], [-72.71598045826488, 41.8138948468974]], [[-72.71521645826486, 41.814289846897374], [-72.71521645826486, 41.81429484689737]], [[-72.71521645826486, 41.81429484689737], [-72.71520445826488, 41.81429484689738]], [[-72.71520445826488, 41.81429484689738], [-72.71520445826486, 41.814289846897395]], [[-72.71520445826486, 41.814289846897395], [-72.71521645826486, 41.814289846897374]], [[-72.71521645826486, 41.81429384689741], [-72.71520445826486, 41.8142938468974]], [[-72.71540345826484, 41.8142128468974], [-72.71539945826484, 41.81421284689737], [-72.71539945826486, 41.81421684689739], [-72.71540345826486, 41.81421684689736], [-72.71540345826484, 41.8142128468974]], [[-72.71482945826486, 41.814369846897385], [-72.71481945826486, 41.814369846897385], [-72.71481945826486, 41.81437684689738], [-72.71482945826487, 41.814376846897375], [-72.71482945826486, 41.814369846897385]], [[-72.71525745826486, 41.81389584689739], [-72.71526045826486, 41.81389584689738]], [[-72.71526045826486, 41.813901846897394], [-72.71525745826486, 41.81390184689739]], [[-72.71526045826486, 41.81389584689738], [-72.71526045826486, 41.813901846897394]], [[-72.71525745826486, 41.81390184689739], [-72.71525745826486, 41.81389584689739]], [[-72.71490445826485, 41.81443884689739], [-72.71490445826487, 41.81442784689737]], [[-72.71490445826487, 41.81442784689737], [-72.71491445826486, 41.814427846897374]], [[-72.71491445826486, 41.814427846897374], [-72.71491445826484, 41.81443884689739]], [[-72.71491445826484, 41.81443884689739], [-72.71490445826485, 41.81443884689739]], [[-72.71490845826484, 41.814438846897374], [-72.71490845826486, 41.81442784689739]], [[-72.71526345826486, 41.813858846897396], [-72.71526445826484, 41.81385784689739], [-72.71526545826485, 41.81385784689737], [-72.71526545826487, 41.813856846897394], [-72.71526645826486, 41.81385684689739], [-72.71526645826485, 41.8138558468974], [-72.71526545826487, 41.813854846897364], [-72.71526545826487, 41.81385384689738], [-72.71526445826485, 41.81385384689738], [-72.71526345826486, 41.81385384689739], [-72.71526245826486, 41.813853846897395], [-72.71526245826485, 41.81385484689739], [-72.71526145826486, 41.8138558468974], [-72.71526145826486, 41.8138568468974], [-72.71526245826486, 41.813856846897394], [-72.71526245826487, 41.81385784689741], [-72.71526345826486, 41.81385784689738], [-72.71526345826486, 41.813858846897396]], [[-72.71527945826486, 41.81389584689738], [-72.71527945826485, 41.813893846897386]], [[-72.71527745826486, 41.81391984689736], [-72.71527845826486, 41.813919846897385]], [[-72.71527745826486, 41.81391384689739], [-72.71527745826486, 41.813911846897405]], [[-72.71527745826485, 41.8138838468974], [-72.71527845826486, 41.8138838468974]], [[-72.71527945826486, 41.81390084689738], [-72.71527845826486, 41.81390084689736]], [[-72.71527945826485, 41.8138828468974], [-72.71527845826485, 41.81388284689738], [-72.71527845826486, 41.813919846897385], [-72.71527945826486, 41.813919846897385], [-72.71527945826485, 41.8138828468974]], [[-72.71527945826485, 41.813901846897394], [-72.71527945826486, 41.81389984689739]], [[-72.71527745826486, 41.813911846897405], [-72.71527845826486, 41.81391184689738]], [[-72.71527745826486, 41.81391784689736], [-72.71527845826486, 41.81391784689738]], [[-72.71527745826486, 41.81391384689739], [-72.71527845826486, 41.81391384689739]], [[-72.71527745826486, 41.81389584689738], [-72.71527845826486, 41.81389584689738]], [[-72.71527945826485, 41.813912846897395], [-72.71527845826485, 41.813912846897395]], [[-72.71527945826486, 41.81391384689739], [-72.71527945826486, 41.81391184689738]], [[-72.71527745826486, 41.813901846897394], [-72.71527845826483, 41.813901846897394]], [[-72.71527945826486, 41.813894846897384], [-72.71527845826486, 41.81389484689739]], [[-72.71527745826486, 41.81389584689738], [-72.71527745826486, 41.81389384689741]], [[-72.71527945826486, 41.813894846897384], [-72.71527845826486, 41.81389484689739]], [[-72.71527945826485, 41.8138828468974], [-72.71527945826486, 41.8138838468974]], [[-72.71527945826485, 41.813912846897395], [-72.71527845826485, 41.813912846897395]], [[-72.71527745826486, 41.81389984689739], [-72.71527845826486, 41.8138998468974]], [[-72.71527745826486, 41.813901846897394], [-72.71527745826486, 41.81389984689739]], [[-72.71527745826486, 41.81391984689736], [-72.71527745826486, 41.81391784689736]], [[-72.71527745826486, 41.813882846897386], [-72.71527845826485, 41.81388284689738]], [[-72.71527945826486, 41.813919846897385], [-72.71527945826485, 41.81391784689738]], [[-72.71527745826486, 41.813882846897386], [-72.71527745826485, 41.8138838468974]], [[-72.71527945826486, 41.81391384689739], [-72.71527845826486, 41.81391384689739]], [[-72.71527945826487, 41.81391884689737], [-72.71527845826486, 41.81391884689738]], [[-72.71527945826486, 41.81390084689738], [-72.71527845826486, 41.81390084689736]], [[-72.71527945826485, 41.8138828468974], [-72.71527845826485, 41.81388284689738]], [[-72.71527745826486, 41.81389384689741], [-72.71527845826486, 41.81389384689739]], [[-72.71534845826487, 41.814592846897376], [-72.71534845826486, 41.81458584689739], [-72.71534845826487, 41.814592846897376]], [[-72.71524545826486, 41.81429184689739], [-72.71524445826486, 41.814292846897374], [-72.71524145826486, 41.81429584689738], [-72.71524045826486, 41.814295846897394], [-72.71523645826487, 41.814292846897395], [-72.71523545826486, 41.8142918468974], [-72.71523745826487, 41.81428684689739], [-72.71523845826486, 41.81428584689737], [-72.71524245826487, 41.8142858468974], [-72.71524345826487, 41.81428684689739], [-72.71524545826486, 41.81429184689739]], [[-72.71551945826488, 41.814404846897396], [-72.71551945826485, 41.81441084689737], [-72.71552345826485, 41.81441084689739], [-72.71552345826488, 41.814404846897396], [-72.71551945826488, 41.814404846897396]], [[-72.71472445826487, 41.81395084689739], [-72.71471445826485, 41.81395084689738], [-72.71471445826487, 41.81395484689739], [-72.71472445826487, 41.81395484689739], [-72.71472445826487, 41.81395084689739]], [[-72.71448545826486, 41.813920846897375], [-72.71446645826487, 41.81392084689739], [-72.71446645826487, 41.81391384689737], [-72.71446645826487, 41.81391284689737], [-72.71446645826488, 41.81391184689739], [-72.71446745826485, 41.813910846897386], [-72.71446845826488, 41.81391084689739], [-72.71446945826486, 41.813909846897374], [-72.71448245826488, 41.813909846897374], [-72.7144834582649, 41.81391084689739], [-72.71448445826486, 41.81391084689739], [-72.71448445826488, 41.8139118468974], [-72.71448545826485, 41.81391184689739], [-72.71448545826487, 41.813912846897395], [-72.71448545826486, 41.8139138468974], [-72.71448545826486, 41.813920846897375]], [[-72.71581945826485, 41.8139218468974], [-72.71581945826486, 41.81392884689737], [-72.71582045826489, 41.813928846897376], [-72.71582045826486, 41.813921846897394], [-72.71581945826485, 41.8139218468974]], [[-72.71490745826486, 41.814074846897405], [-72.71489645826486, 41.814074846897384], [-72.71489645826486, 41.81407284689739], [-72.71490745826486, 41.81407284689738], [-72.71490745826486, 41.814074846897405]], [[-72.71490745826486, 41.81407284689738], [-72.71489645826486, 41.81407284689739]], [[-72.71525945826487, 41.813881846897374], [-72.71525945826485, 41.81387884689739], [-72.71526245826486, 41.81387884689739], [-72.71526245826489, 41.81388184689737]], [[-72.71526345826486, 41.813881846897374], [-72.71525745826486, 41.81388184689735], [-72.71525745826486, 41.81389384689737], [-72.71526345826486, 41.81389384689738], [-72.71526345826486, 41.813881846897374]], [[-72.71575345826486, 41.81388684689737], [-72.71575345826486, 41.81388084689738], [-72.71575545826488, 41.81388084689739], [-72.71575545826487, 41.81388684689739], [-72.71575345826486, 41.81388684689737]], [[-72.71539545826484, 41.814377846897386], [-72.71537745826487, 41.81437784689739], [-72.71539545826484, 41.814377846897386]], [[-72.71487245826485, 41.8145398468974], [-72.71485545826486, 41.81454784689739]], [[-72.71484245826485, 41.81451684689739], [-72.71484545826486, 41.814524846897385]], [[-72.71484545826486, 41.814524846897385], [-72.71485245826487, 41.81452084689738]], [[-72.71485245826487, 41.81452084689738], [-72.71486245826489, 41.814542846897375]], [[-72.71486245826489, 41.814542846897375], [-72.71486345826486, 41.81454284689737]], [[-72.71486345826486, 41.81454284689737], [-72.71485345826486, 41.8145208468974]], [[-72.71485345826486, 41.8145208468974], [-72.71486045826485, 41.814516846897405]], [[-72.71486045826485, 41.814516846897405], [-72.71485645826485, 41.8145098468974]], [[-72.71485645826485, 41.8145098468974], [-72.71485945826485, 41.8145168468974]], [[-72.71485945826485, 41.8145168468974], [-72.71484545826486, 41.81452384689738]], [[-72.71484545826486, 41.81452384689738], [-72.71484245826485, 41.81451684689739]], [[-72.71484645826486, 41.81452384689739], [-72.7148564582649, 41.81454484689737]], [[-72.7148564582649, 41.81454484689737], [-72.71486245826488, 41.814541846897384]], [[-72.71485845826486, 41.814517846897374], [-72.71486845826486, 41.8145388468974]], [[-72.71486845826486, 41.8145388468974], [-72.71486345826486, 41.814541846897384]], [[-72.71485945826485, 41.8145168468974], [-72.71485645826488, 41.814510846897385]], [[-72.71485645826488, 41.814510846897385], [-72.71484245826488, 41.81451784689738]], [[-72.71484245826488, 41.81451784689738], [-72.71484545826486, 41.81452384689738]], [[-72.71485545826486, 41.81454784689739], [-72.71484045826486, 41.814516846897384]], [[-72.71484045826486, 41.814516846897384], [-72.71485745826486, 41.81450884689739]], [[-72.71485745826486, 41.81450884689739], [-72.71487245826485, 41.8145398468974]], [[-72.71499645826486, 41.814376846897375], [-72.71500245826486, 41.814376846897375]], [[-72.71499645826485, 41.81438184689738], [-72.71500245826486, 41.81438184689736]], [[-72.71500245826488, 41.81438284689738], [-72.71499645826488, 41.81438284689739], [-72.71499645826486, 41.814376846897375], [-72.71500245826486, 41.814376846897375], [-72.71500245826488, 41.81438284689738]], [[-72.71499645826486, 41.81437984689738], [-72.71500245826485, 41.814379846897396]], [[-72.71594445826486, 41.81396984689741], [-72.71593845826483, 41.813969846897386], [-72.71593845826486, 41.81395984689736], [-72.71594445826487, 41.81395984689737], [-72.71594445826486, 41.81396984689741]], [[-72.71594445826486, 41.81396984689741], [-72.71594445826486, 41.8139708468974], [-72.71593845826484, 41.81397084689738], [-72.71593845826483, 41.813969846897386]], [[-72.71594445826487, 41.81395984689737], [-72.71594445826486, 41.81395884689738], [-72.71593845826486, 41.81395884689739], [-72.71593845826486, 41.81395984689736]], [[-72.71434345826486, 41.8141268468974], [-72.71434345826488, 41.81413684689739], [-72.71434745826488, 41.81413684689739], [-72.71434745826487, 41.814126846897395], [-72.71434345826486, 41.8141268468974]], [[-72.71434745826488, 41.8141298468974], [-72.71434345826486, 41.81412984689738]], [[-72.71548745826483, 41.8139068468974], [-72.71549345826483, 41.8139068468974], [-72.71549345826486, 41.81390884689739], [-72.71548745826486, 41.81390884689738], [-72.71548745826483, 41.8139068468974]], [[-72.71487645826487, 41.81441184689739], [-72.71487645826488, 41.81440284689738], [-72.71487145826487, 41.81440284689739], [-72.71487145826485, 41.81441184689739], [-72.71487645826487, 41.81441184689739]], [[-72.71508145826486, 41.813885846897385], [-72.71508145826488, 41.81387284689738], [-72.71508845826486, 41.81387284689739], [-72.71508845826486, 41.813885846897385], [-72.71508145826486, 41.813885846897385]], [[-72.71527945826487, 41.81389184689737], [-72.71528345826486, 41.81389184689738]], [[-72.71528345826486, 41.813889846897375], [-72.71528345826486, 41.813890846897394]], [[-72.71528045826486, 41.81389384689739], [-72.71528045826487, 41.81389284689737]], [[-72.71528045826486, 41.813889846897375], [-72.71528145826487, 41.81388984689736], [-72.71528145826487, 41.81388884689739], [-72.71528145826487, 41.81388684689735], [-72.71528245826485, 41.81388684689738], [-72.71528245826487, 41.813887846897394], [-72.71528245826488, 41.81388884689739], [-72.71528345826486, 41.81388884689738], [-72.71528345826486, 41.813889846897375], [-72.71528445826488, 41.813889846897375]], [[-72.71528445826486, 41.813892846897375], [-72.71528345826486, 41.81389284689737], [-72.71528345826486, 41.81389384689739], [-72.71528245826485, 41.81389384689739], [-72.71528245826487, 41.81389284689735], [-72.71528045826487, 41.81389284689737]], [[-72.71528345826486, 41.813889846897375], [-72.71528445826488, 41.813889846897375]], [[-72.71528345826486, 41.81389384689739], [-72.71528245826485, 41.81389384689739]], [[-72.71528245826487, 41.81388984689739], [-72.71528245826487, 41.813890846897394]], [[-72.71528345826486, 41.81389384689739], [-72.71528245826485, 41.81389384689739]], [[-72.71528145826485, 41.813892846897375], [-72.71528145826487, 41.813891846897384]], [[-72.71528345826486, 41.81388884689738], [-72.71528345826486, 41.813890846897394]], [[-72.71528445826486, 41.813892846897375], [-72.71528345826486, 41.81389284689737]], [[-72.71528145826487, 41.81388984689736], [-72.71528145826487, 41.8138908468974]], [[-72.71528245826487, 41.81388984689739], [-72.71528245826487, 41.813890846897394]], [[-72.71528145826487, 41.81388684689735], [-72.71528245826485, 41.81388684689738]], [[-72.71528245826488, 41.81388884689739], [-72.71528245826487, 41.813890846897394]], [[-72.71528545826487, 41.81389284689736], [-72.71528545826484, 41.813889846897375]], [[-72.71528145826487, 41.813891846897384], [-72.71528145826485, 41.813892846897375]], [[-72.71528245826487, 41.813890846897394], [-72.71528245826487, 41.81388984689739]], [[-72.71528345826486, 41.81389184689738], [-72.71528345826486, 41.813890846897394]], [[-72.71528245826487, 41.81389284689735], [-72.71528045826487, 41.81389284689737]], [[-72.71528045826487, 41.81389284689737], [-72.71528045826486, 41.81389184689738]], [[-72.71528245826485, 41.81389384689739], [-72.71528245826487, 41.81389184689738]], [[-72.71528245826488, 41.81388884689739], [-72.71528145826487, 41.81388884689739]], [[-72.71528345826486, 41.81388884689738], [-72.71528245826488, 41.81388884689739]], [[-72.71528245826485, 41.81388684689738], [-72.71528145826487, 41.81388684689735]], [[-72.71528245826487, 41.81389184689738], [-72.71528245826487, 41.81389284689735]], [[-72.71528345826486, 41.81388884689738], [-72.71528245826488, 41.81388884689739]], [[-72.71528145826487, 41.81388884689739], [-72.71528245826488, 41.81388884689739]], [[-72.71528045826486, 41.813889846897375], [-72.71528245826487, 41.81388984689739]], [[-72.71528145826487, 41.81388884689739], [-72.71528145826487, 41.81388984689736]], [[-72.71528045826486, 41.81388784689737], [-72.71527945826486, 41.81388784689739], [-72.71527945826486, 41.8138908468974], [-72.71527945826487, 41.81389184689737], [-72.71527945826485, 41.813893846897386], [-72.71528045826486, 41.81389384689739]], [[-72.71528345826486, 41.81389184689738], [-72.71528345826486, 41.81389384689739]], [[-72.71528145826487, 41.8138908468974], [-72.71528145826487, 41.81388984689736]], [[-72.71528345826486, 41.81389384689739], [-72.71528245826485, 41.81389384689739]], [[-72.71528345826486, 41.81389184689738], [-72.71528345826486, 41.81389384689739]], [[-72.71528145826487, 41.81388884689739], [-72.71528145826487, 41.81388684689735]], [[-72.71527945826486, 41.8138908468974], [-72.71528345826486, 41.813890846897394]], [[-72.71528045826486, 41.813889846897375], [-72.71528045826486, 41.81388784689737]], [[-72.71528145826487, 41.81388684689735], [-72.71528145826487, 41.81388884689739]], [[-72.71528245826488, 41.81388884689739], [-72.71528245826487, 41.81388984689739]], [[-72.71528045826487, 41.81389084689741], [-72.71528045826486, 41.813889846897375]], [[-72.71528245826488, 41.81388884689739], [-72.71528245826485, 41.81388684689738]], [[-72.71528245826487, 41.813887846897394], [-72.71528245826488, 41.81388884689739]], [[-72.71528245826485, 41.81388684689738], [-72.71528245826487, 41.813887846897394]], [[-72.71528345826486, 41.81388884689738], [-72.71528245826488, 41.81388884689739]], [[-72.71528145826487, 41.81388984689736], [-72.71528145826487, 41.81388884689739]], [[-72.71528345826486, 41.81389184689738], [-72.71528345826486, 41.81389284689737]], [[-72.71528245826487, 41.81389184689738], [-72.71528245826485, 41.81389384689739]], [[-72.71528345826486, 41.813890846897394], [-72.71528345826486, 41.81388884689738]], [[-72.71527845826486, 41.813919846897385], [-72.71527845826486, 41.81392584689737], [-72.71528045826487, 41.81392584689736], [-72.71528045826486, 41.81391984689738], [-72.71527845826486, 41.813919846897385]], [[-72.71495845826487, 41.8143818468974], [-72.71496445826486, 41.81438184689737], [-72.71496445826489, 41.814376846897375], [-72.71495845826486, 41.81437684689738], [-72.71495845826487, 41.8143818468974]], [[-72.71529445826485, 41.8142538468974], [-72.71529445826485, 41.81424784689737], [-72.71529645826485, 41.814247846897395], [-72.71529645826485, 41.814253846897394], [-72.71529445826485, 41.8142538468974]], [[-72.71570345826487, 41.81390084689738], [-72.71570345826483, 41.8139068468974], [-72.71570545826486, 41.81390684689739], [-72.71570545826485, 41.81390084689739], [-72.71570345826487, 41.81390084689738]], [[-72.71593745826486, 41.81395884689738], [-72.71593745826485, 41.81396584689739], [-72.71593845826484, 41.81396584689738], [-72.71593845826486, 41.81395884689739], [-72.71593745826486, 41.81395884689738]], [[-72.71594745826486, 41.81432784689737], [-72.71594745826486, 41.81433284689741], [-72.71594245826486, 41.81433284689741], [-72.71594245826486, 41.8143278468974], [-72.71594745826486, 41.81432784689737]], [[-72.71506645826484, 41.814326846897394], [-72.71507345826485, 41.81432684689739], [-72.71506645826484, 41.814326846897394]], [[-72.71561945826487, 41.81431484689739], [-72.71561845826486, 41.81431484689738], [-72.71561845826486, 41.81431584689738], [-72.71561945826487, 41.81431584689738], [-72.71561945826485, 41.81431684689738], [-72.7156204582649, 41.814316846897384], [-72.71562045826487, 41.8143158468974], [-72.71561945826487, 41.81431584689738], [-72.71561945826487, 41.81431484689739]], [[-72.71561945826487, 41.81431484689739], [-72.71561945826487, 41.81431584689738]], [[-72.71561945826487, 41.81431584689738], [-72.71562045826487, 41.8143158468974]], [[-72.71528645826486, 41.81392584689737], [-72.71528045826487, 41.81392584689736]], [[-72.71528045826487, 41.81392584689736], [-72.71528045826486, 41.81391984689738]], [[-72.71528045826486, 41.81391984689738], [-72.71528645826486, 41.813919846897385]], [[-72.71528645826486, 41.813919846897385], [-72.71528645826486, 41.81392584689737]], [[-72.71535245826486, 41.81436584689739], [-72.71534845826484, 41.81436584689739], [-72.71534845826486, 41.81436984689739], [-72.71535245826487, 41.81436984689741], [-72.71535245826486, 41.81436584689739]], [[-72.71443945826486, 41.81412684689741], [-72.71443945826486, 41.81413384689741], [-72.71444445826484, 41.8141338468974], [-72.71444445826486, 41.814126846897395], [-72.71443945826486, 41.81412684689741]], [[-72.71443745826485, 41.81412984689737], [-72.71443345826486, 41.81412984689739]], [[-72.71496745826487, 41.81458784689737], [-72.71496745826487, 41.81457884689738]], [[-72.71496745826487, 41.81457884689738], [-72.71497445826485, 41.81457884689739]], [[-72.71496445826486, 41.81458784689738], [-72.71496445826487, 41.81457884689737]], [[-72.71496445826487, 41.81457884689737], [-72.71495645826487, 41.814578846897376]], [[-72.71497445826485, 41.81457884689739], [-72.71496745826487, 41.81457884689738]], [[-72.71496745826487, 41.81457884689738], [-72.71496745826485, 41.81456984689739]], [[-72.71496745826485, 41.81456984689739], [-72.71497445826486, 41.814569846897385]], [[-72.71495645826487, 41.814578846897376], [-72.71496445826487, 41.81457884689737]], [[-72.71495645826488, 41.814568846897366], [-72.71496445826484, 41.814568846897394]], [[-72.71496445826486, 41.814531846897374], [-72.71496445826486, 41.8145228468974]], [[-72.71496745826488, 41.814512846897394], [-72.71497445826486, 41.81451284689739]], [[-72.71495645826487, 41.81451284689741], [-72.71496445826487, 41.81451284689738]], [[-72.71496745826485, 41.81449384689739], [-72.71496745826488, 41.81450284689739]], [[-72.71496745826487, 41.81455984689737], [-72.71496745826487, 41.814550846897376]], [[-72.71496745826485, 41.81452284689741], [-72.71497445826486, 41.81452284689738]], [[-72.71496445826486, 41.81455084689737], [-72.71495645826485, 41.8145508468974]], [[-72.71496445826484, 41.814569846897385], [-72.71495645826485, 41.814569846897406]], [[-72.71496745826487, 41.81450384689737], [-72.71497445826488, 41.81450384689738]], [[-72.71497445826488, 41.81449384689738], [-72.71497445826486, 41.81458784689738]], [[-72.71496445826486, 41.81454084689739], [-72.71496445826486, 41.814531846897374]], [[-72.71496745826487, 41.81455984689737], [-72.71497445826485, 41.814559846897374]], [[-72.71496745826484, 41.814521846897385], [-72.71496745826488, 41.814512846897394]], [[-72.71496745826488, 41.81453184689737], [-72.71497445826485, 41.81453184689738]], [[-72.71497445826486, 41.81451284689739], [-72.71496745826488, 41.814512846897394]], [[-72.71496445826487, 41.81449384689739], [-72.71496445826489, 41.81450284689737]], [[-72.71496445826486, 41.81450384689737], [-72.71495645826485, 41.81450384689738]], [[-72.71496445826486, 41.8145228468974], [-72.71495645826487, 41.814522846897376]], [[-72.71495645826487, 41.81449384689738], [-72.71497445826488, 41.81449384689738]], [[-72.71496745826487, 41.814550846897376], [-72.71497445826488, 41.81455084689737]], [[-72.71497445826486, 41.81454084689739], [-72.71496745826488, 41.81454084689739]], [[-72.71496745826488, 41.81453184689737], [-72.71496745826485, 41.81452284689741]], [[-72.71496445826487, 41.81457884689737], [-72.71496445826484, 41.814569846897385]], [[-72.71497445826486, 41.8145218468974], [-72.71496745826484, 41.814521846897385]], [[-72.71495645826487, 41.8145408468974], [-72.71496445826486, 41.81454084689739]], [[-72.71496445826487, 41.81451284689738], [-72.71495645826487, 41.81451284689741]], [[-72.71496745826487, 41.81456884689739], [-72.71496745826487, 41.81455984689737]], [[-72.71496745826488, 41.81454084689739], [-72.71497445826486, 41.81454084689739]], [[-72.71497445826485, 41.81453184689738], [-72.71496745826488, 41.81453184689737]], [[-72.71495645826485, 41.814549846897386], [-72.71496445826486, 41.814549846897386]], [[-72.71496745826487, 41.8145498468974], [-72.71496745826488, 41.81454084689739]], [[-72.71497445826485, 41.814559846897374], [-72.71496745826487, 41.81455984689737]], [[-72.71496445826487, 41.81451284689738], [-72.71496445826486, 41.81450384689737]], [[-72.71495645826487, 41.81458784689739], [-72.71495645826487, 41.81449384689738]], [[-72.71496445826486, 41.814531846897374], [-72.71495645826485, 41.81453184689739]], [[-72.71496745826488, 41.81454084689739], [-72.71496745826488, 41.81453184689737]], [[-72.71496745826488, 41.81450284689739], [-72.71497445826485, 41.81450284689739]], [[-72.71497445826485, 41.81456884689741], [-72.71496745826487, 41.81456884689739]], [[-72.71496445826487, 41.81455984689736], [-72.71495645826487, 41.81455984689738]], [[-72.71496445826486, 41.81454084689739], [-72.71495645826487, 41.8145408468974]], [[-72.71496445826484, 41.814568846897394], [-72.71496445826487, 41.81455984689736]], [[-72.71495645826485, 41.81453184689739], [-72.71496445826486, 41.814531846897374]], [[-72.71495645826487, 41.81452184689737], [-72.71496445826486, 41.8145218468974]], [[-72.71497445826488, 41.814549846897386], [-72.71496745826487, 41.8145498468974]], [[-72.71496445826486, 41.8145218468974], [-72.71496445826487, 41.81451284689738]], [[-72.71495645826487, 41.81455984689738], [-72.71496445826487, 41.81455984689736]], [[-72.71496445826487, 41.81455984689736], [-72.71496445826486, 41.81455084689737]], [[-72.71496445826486, 41.814549846897386], [-72.71496445826486, 41.81454084689739]], [[-72.71496745826488, 41.814512846897394], [-72.71496745826487, 41.81450384689737]], [[-72.71497445826486, 41.81458784689738], [-72.71495645826487, 41.81458784689739]], [[-72.71496445826489, 41.81450284689737], [-72.71495645826488, 41.81450284689738]], [[-72.71590645826487, 41.81395984689738], [-72.71590645826485, 41.81396584689738], [-72.71590345826485, 41.813967846897384], [-72.71590345826486, 41.81395884689739], [-72.71590645826487, 41.81395984689738]], [[-72.71511545826486, 41.81387284689738], [-72.71512545826486, 41.81387284689736], [-72.71512545826486, 41.81387884689738], [-72.71511545826486, 41.813878846897374], [-72.71511545826486, 41.81387284689738]], [[-72.71526245826486, 41.813988846897395], [-72.71526945826484, 41.81398884689739], [-72.71526945826486, 41.81399584689738], [-72.71526245826486, 41.81399584689739], [-72.71526245826486, 41.813988846897395]], [[-72.71461945826485, 41.81399284689738], [-72.71461945826485, 41.81399384689736]], [[-72.71461945826485, 41.81399384689736], [-72.71461945826485, 41.81399284689738]], [[-72.71463045826486, 41.81399284689738], [-72.71463045826486, 41.8139938468974]], [[-72.71463345826484, 41.813992846897385], [-72.71461645826484, 41.8139928468974]], [[-72.71461945826485, 41.81399284689738], [-72.71461945826486, 41.813995846897384]], [[-72.71463045826486, 41.81399284689738], [-72.71463045826486, 41.813995846897384]], [[-72.71461645826484, 41.81399584689738], [-72.71463345826484, 41.81399584689737]], [[-72.71463345826486, 41.81399984689736], [-72.71463345826487, 41.81399484689739]], [[-72.71463345826486, 41.81400184689739], [-72.71461645826486, 41.81400184689739]], [[-72.71461645826486, 41.81400184689739], [-72.71461645826484, 41.8139928468974]], [[-72.71463345826486, 41.8139988468974], [-72.71461645826486, 41.81399884689739]], [[-72.71463045826486, 41.8139938468974], [-72.71463045826486, 41.81399284689738]], [[-72.71461945826485, 41.81399284689738], [-72.71461945826486, 41.813995846897384]], [[-72.71463345826486, 41.81400184689739], [-72.71463345826484, 41.813992846897385]], [[-72.71463045826486, 41.81399284689738], [-72.71463045826486, 41.813995846897384]], [[-72.71518445826486, 41.814387846897375], [-72.71518345826485, 41.814387846897375]], [[-72.71518445826486, 41.81438884689739], [-72.71518445826484, 41.81438984689739]], [[-72.71518145826487, 41.81439484689739], [-72.71518145826485, 41.81438784689739]], [[-72.71518145826487, 41.81439384689739], [-72.71518345826486, 41.81439384689738], [-72.71518345826485, 41.814394846897365], [-72.71518445826487, 41.814394846897386], [-72.71518445826486, 41.81439384689738], [-72.71518445826484, 41.81439284689738], [-72.71518445826486, 41.81439184689739], [-72.71518445826484, 41.81438984689739], [-72.71518445826486, 41.81438884689739], [-72.71518445826486, 41.814387846897375], [-72.71518345826485, 41.814387846897375], [-72.71518145826485, 41.81438784689739], [-72.71518145826487, 41.81439384689739]], [[-72.71497145826486, 41.81440284689738], [-72.7149604582649, 41.814402846897366], [-72.71496045826487, 41.81440784689738], [-72.71497145826484, 41.81440784689739], [-72.71497145826486, 41.81440284689738]], [[-72.71497145826484, 41.814404846897396], [-72.71497145826484, 41.81440684689739]], [[-72.71496045826487, 41.814404846897375], [-72.71496045826485, 41.81440684689739]], [[-72.71497145826484, 41.81440684689739], [-72.71496045826485, 41.81440684689739]], [[-72.71547645826489, 41.814368846897395], [-72.71547645826486, 41.81437484689739], [-72.71547845826487, 41.8143748468974], [-72.71547845826487, 41.81436884689741], [-72.71547645826489, 41.814368846897395]], [[-72.71538245826486, 41.814370846897404], [-72.71538245826484, 41.814378846897384], [-72.71538845826485, 41.814378846897384], [-72.71538845826487, 41.81437084689738], [-72.71538245826486, 41.814370846897404]], [[-72.71598445826484, 41.814253846897415], [-72.71597845826486, 41.81425384689739], [-72.71597845826484, 41.814240846897384], [-72.71598445826486, 41.814240846897384], [-72.71598445826484, 41.814253846897415]], [[-72.71598445826486, 41.814243846897384], [-72.71597845826486, 41.814243846897384]], [[-72.71598445826486, 41.81425284689737], [-72.71597845826486, 41.8142528468974]], [[-72.71598445826486, 41.814243846897384], [-72.71598445826486, 41.81425284689737]], [[-72.71597845826486, 41.8142528468974], [-72.71597845826486, 41.814243846897384]], [[-72.71535245826486, 41.813919846897385], [-72.71535845826486, 41.8139198468974], [-72.71535845826486, 41.813925846897384], [-72.71535245826485, 41.8139258468974], [-72.71535245826486, 41.813919846897385]], [[-72.71525045826486, 41.81438784689739], [-72.71525045826486, 41.814377846897386], [-72.71525145826485, 41.8143778468974], [-72.71525145826486, 41.814387846897375], [-72.71525045826486, 41.81438784689739]], [[-72.71512545826486, 41.81387284689736], [-72.71513545826487, 41.81387284689738], [-72.71513545826487, 41.81387884689738], [-72.71512545826486, 41.81387884689738], [-72.71512545826486, 41.81387284689736]], [[-72.71509045826488, 41.81387384689737], [-72.71509045826485, 41.81387284689736]], [[-72.71509145826487, 41.81387184689738], [-72.71509145826487, 41.81387284689738]], [[-72.71507945826487, 41.81387184689741], [-72.71508045826486, 41.813871846897385]], [[-72.71507945826487, 41.8138738468974], [-72.71508045826488, 41.81387384689739]], [[-72.71508045826488, 41.81387384689739], [-72.71508045826486, 41.8138728468974]], [[-72.71507945826487, 41.8138738468974], [-72.71507945826487, 41.81387284689737]], [[-72.71508045826486, 41.813871846897385], [-72.71508045826486, 41.8138728468974]], [[-72.71509245826486, 41.81387384689737], [-72.71509245826486, 41.81387284689738]], [[-72.71509245826486, 41.813871846897385], [-72.71509045826487, 41.813871846897385]], [[-72.71509245826486, 41.81387384689737], [-72.71509045826488, 41.81387384689737]], [[-72.71509245826486, 41.813871846897385], [-72.71509245826486, 41.81387284689738], [-72.71507945826487, 41.81387284689737], [-72.71507945826487, 41.81387184689741], [-72.71509245826486, 41.813871846897385]], [[-72.71575945826486, 41.81459184689741], [-72.71576645826487, 41.81459184689739], [-72.71576645826487, 41.81459484689739], [-72.71575945826487, 41.81459484689739], [-72.71575945826486, 41.81459184689741]], [[-72.71542845826488, 41.81404584689739], [-72.71542845826487, 41.81405284689738], [-72.71542945826486, 41.81405284689738], [-72.71542945826488, 41.81404584689738], [-72.71542845826488, 41.81404584689739]], [[-72.7153954582649, 41.81438684689739], [-72.71537745826487, 41.81438684689739], [-72.7153954582649, 41.81438684689739]], [[-72.71490445826487, 41.81442784689737], [-72.71490445826488, 41.81441684689739]], [[-72.71490445826488, 41.81441684689739], [-72.71489445826487, 41.81441684689738]], [[-72.71489445826487, 41.81441684689738], [-72.71489445826485, 41.814427846897374]], [[-72.71489445826485, 41.814427846897374], [-72.71490445826487, 41.81442784689737]], [[-72.71490045826489, 41.814427846897374], [-72.71490045826488, 41.81441684689738]], [[-72.71439845826487, 41.813839846897395], [-72.71439845826485, 41.81385084689736], [-72.71439345826487, 41.81385084689736], [-72.71439345826487, 41.81383984689741], [-72.71439845826487, 41.813839846897395]], [[-72.71586945826485, 41.81396784689738], [-72.71586945826485, 41.81397284689738], [-72.71586445826485, 41.81397284689739], [-72.71586445826486, 41.813967846897384], [-72.71586945826485, 41.81396784689738]], [[-72.71435845826488, 41.813847846897396], [-72.71436545826487, 41.81384784689739]], [[-72.71436545826488, 41.81383984689739], [-72.71435845826488, 41.81383984689739]], [[-72.71437045826485, 41.81383284689738], [-72.71437045826487, 41.8138418468974]], [[-72.71436545826488, 41.81383284689738], [-72.71437045826485, 41.81383284689738]], [[-72.71437045826487, 41.8138418468974], [-72.71436545826485, 41.81384184689738]], [[-72.71436545826487, 41.81384784689739], [-72.71436545826488, 41.81383984689739]], [[-72.71435845826488, 41.81383984689739], [-72.71435845826488, 41.813847846897396]], [[-72.71437045826485, 41.81383284689738], [-72.71436545826488, 41.81383284689738], [-72.71436545826488, 41.81383084689738], [-72.71437045826488, 41.81383084689738], [-72.71437045826485, 41.81383284689738]], [[-72.71436545826485, 41.81384184689738], [-72.71436545826488, 41.81383284689738]], [[-72.71540945826486, 41.814052846897404], [-72.71540945826484, 41.81404884689739], [-72.71540645826487, 41.8140488468974], [-72.71540645826485, 41.814052846897376], [-72.71540945826486, 41.814052846897404]], [[-72.71473645826485, 41.8141878468974], [-72.71474645826484, 41.814187846897376], [-72.71474645826486, 41.81418984689739], [-72.71473645826488, 41.81418984689739], [-72.71473645826485, 41.8141878468974]], [[-72.71490445826487, 41.81439384689737], [-72.71490445826487, 41.81440484689737]], [[-72.71490445826487, 41.81440484689737], [-72.71491445826486, 41.814404846897375]], [[-72.71491445826486, 41.814404846897375], [-72.71491445826489, 41.81439384689737]], [[-72.71491445826489, 41.81439384689737], [-72.71490445826487, 41.81439384689737]], [[-72.71490845826486, 41.814393846897396], [-72.71490845826486, 41.81440484689738]], [[-72.71532145826488, 41.81391984689738], [-72.71532145826487, 41.81392584689738], [-72.71531945826483, 41.81392584689738], [-72.71531945826484, 41.81391984689738], [-72.71532145826488, 41.81391984689738]], [[-72.71545445826484, 41.81440484689737], [-72.71545445826486, 41.81441084689739], [-72.71545845826485, 41.814410846897374], [-72.71545845826485, 41.81440484689737], [-72.71545445826484, 41.81440484689737]], [[-72.71590845826483, 41.8139008468974], [-72.71590845826486, 41.81389584689738]], [[-72.71590845826486, 41.81389584689738], [-72.71591345826485, 41.81389584689738]], [[-72.71591345826486, 41.81391284689736], [-72.71591345826488, 41.81391784689737]], [[-72.71590845826488, 41.813917846897354], [-72.71590845826483, 41.813912846897395]], [[-72.71590845826483, 41.813912846897395], [-72.71591345826486, 41.81391284689736]], [[-72.71591345826485, 41.813918846897394], [-72.71591345826488, 41.81391784689737]], [[-72.71591345826488, 41.81391784689737], [-72.71590845826488, 41.813917846897354]], [[-72.71590845826488, 41.813917846897354], [-72.71590845826488, 41.813918846897394]], [[-72.71590845826488, 41.813918846897394], [-72.71591345826485, 41.813918846897394]], [[-72.71591345826488, 41.81391784689737], [-72.71590845826488, 41.813917846897354]], [[-72.71591345826486, 41.81390084689738], [-72.71590845826483, 41.8139008468974]], [[-72.71591345826485, 41.81389584689738], [-72.71591345826486, 41.81390084689738]], [[-72.71545345826486, 41.814071846897384], [-72.71538245826486, 41.813962846897375]], [[-72.71538245826487, 41.814071846897384], [-72.71545345826486, 41.8139628468974]], [[-72.71545345826486, 41.8139628468974], [-72.71538245826486, 41.813962846897375], [-72.71538245826487, 41.814071846897384], [-72.71545345826486, 41.814071846897384], [-72.71545345826486, 41.8139628468974]], [[-72.71523345826488, 41.81434584689739], [-72.71523345826486, 41.81435784689738], [-72.71523345826486, 41.81435884689736], [-72.71523345826486, 41.81435984689737], [-72.71523445826486, 41.81435984689739], [-72.71523545826486, 41.81435984689737], [-72.71523545826484, 41.81436084689738], [-72.71524345826485, 41.81436084689737], [-72.71524345826488, 41.81435984689738], [-72.71524445826486, 41.81435984689737], [-72.71524545826486, 41.814358846897385], [-72.71524545826485, 41.81435784689739], [-72.71524545826486, 41.81434584689737], [-72.71524745826486, 41.81434584689738], [-72.71524845826487, 41.81434584689739], [-72.71524845826487, 41.81434484689738], [-72.71524845826485, 41.814338846897385], [-72.71524845826485, 41.814337846897395], [-72.71524745826483, 41.81433784689737], [-72.71523145826487, 41.814337846897395], [-72.71523045826487, 41.814337846897374], [-72.71523045826487, 41.814338846897385], [-72.71523045826486, 41.814344846897384], [-72.71523045826486, 41.814345846897375], [-72.71523145826487, 41.8143458468974], [-72.71523345826488, 41.81434584689739]], [[-72.71523345826488, 41.81434584689739], [-72.71524545826486, 41.81434584689737]], [[-72.71528545826484, 41.813906846897396], [-72.71528545826486, 41.8139058468974]], [[-72.71528345826486, 41.81390484689737], [-72.71528545826486, 41.81390484689738]], [[-72.71528545826486, 41.813907846897386], [-72.71528645826484, 41.81390684689738]], [[-72.71528345826486, 41.81390784689739], [-72.71528545826486, 41.813907846897386]], [[-72.71528545826487, 41.81390284689737], [-72.71528345826486, 41.813902846897385]], [[-72.71528345826486, 41.813902846897385], [-72.71528545826487, 41.81390284689737]], [[-72.71528045826486, 41.81390784689739], [-72.71528445826486, 41.8139078468974]], [[-72.71528345826486, 41.81390684689739], [-72.71528545826484, 41.813906846897396]], [[-72.71528645826484, 41.81390684689738], [-72.71528645826486, 41.81390284689737]], [[-72.71528645826486, 41.81390284689737], [-72.71528545826487, 41.81390284689737]], [[-72.71528345826486, 41.813902846897385], [-72.71528545826487, 41.81390284689737]], [[-72.71528345826486, 41.81390684689739], [-72.71528545826484, 41.813906846897396]], [[-72.71528045826486, 41.81390784689739], [-72.71528045826486, 41.813901846897416], [-72.71528545826486, 41.813901846897394], [-72.71528545826486, 41.813907846897386], [-72.71528045826486, 41.81390784689739]], [[-72.71528345826486, 41.81390484689737], [-72.71528545826486, 41.81390484689738]], [[-72.71528445826486, 41.81390484689738], [-72.71528445826486, 41.81390284689737]], [[-72.71528345826486, 41.81390484689737], [-72.71528545826486, 41.81390484689738]], [[-72.71528445826486, 41.81390684689737], [-72.71528445826486, 41.81390584689739]], [[-72.71528345826486, 41.81390684689739], [-72.71528345826486, 41.813905846897384]], [[-72.71528445826486, 41.81390284689737], [-72.71528445826486, 41.81390484689738]], [[-72.71528545826487, 41.81390284689737], [-72.71528545826486, 41.81390484689738]], [[-72.71528345826486, 41.81390484689737], [-72.71528545826486, 41.81390484689738]], [[-72.71528445826486, 41.81390684689737], [-72.71528445826486, 41.81390584689739]], [[-72.71528345826486, 41.813905846897384], [-72.71528545826486, 41.8139058468974]], [[-72.71528345826486, 41.813902846897385], [-72.71528345826486, 41.81390484689737]], [[-72.71528545826486, 41.813901846897394], [-72.71528045826486, 41.813901846897416]], [[-72.71528345826486, 41.81390784689739], [-72.71528345826486, 41.8139018468974]], [[-72.71528345826486, 41.813905846897384], [-72.71528545826486, 41.81390484689738]], [[-72.71528345826486, 41.813905846897384], [-72.71528545826486, 41.8139058468974]], [[-72.71531745826486, 41.813890846897394], [-72.71531745826486, 41.81388984689739]], [[-72.71531745826488, 41.813891846897356], [-72.71531845826487, 41.81389184689734]], [[-72.71531845826487, 41.81389184689734], [-72.71531845826486, 41.8138938468974]], [[-72.71531845826486, 41.8138938468974], [-72.71531745826486, 41.81389384689738]], [[-72.71531745826486, 41.81389384689738], [-72.71531745826485, 41.81389284689737]], [[-72.71531745826485, 41.81389284689737], [-72.71531745826488, 41.813891846897356]], [[-72.71531645826485, 41.81389184689737], [-72.71531745826488, 41.813891846897356]], [[-72.71531745826488, 41.813891846897356], [-72.71531745826486, 41.813890846897394]], [[-72.71531645826488, 41.813885846897364], [-72.71531745826488, 41.813885846897385]], [[-72.71531645826485, 41.81389184689737], [-72.71531645826487, 41.81388984689739]], [[-72.71531645826487, 41.813887846897366], [-72.71531645826488, 41.813885846897364]], [[-72.71531745826486, 41.81388784689739], [-72.71531745826488, 41.813885846897385]], [[-72.71527045826487, 41.81429484689738], [-72.71527045826485, 41.81430884689739]], [[-72.71527045826485, 41.81430884689739], [-72.71526345826486, 41.8143088468974]], [[-72.71526345826486, 41.8143088468974], [-72.71526345826487, 41.81429484689738]], [[-72.71526345826487, 41.81429484689738], [-72.71527045826487, 41.81429484689738]], [[-72.71527045826487, 41.81429484689738], [-72.71527045826485, 41.81430884689739]], [[-72.71527045826485, 41.81430884689739], [-72.71527745826485, 41.814308846897354]], [[-72.71527745826485, 41.814308846897354], [-72.71527745826486, 41.81429484689738]], [[-72.71527745826486, 41.81429484689738], [-72.71527045826487, 41.81429484689738]], [[-72.71550545826487, 41.814404846897396], [-72.71550545826486, 41.814411846897386], [-72.71550045826486, 41.814411846897386], [-72.71550045826486, 41.81440484689737], [-72.71550545826487, 41.814404846897396]], [[-72.71583145826486, 41.81425484689738], [-72.71583145826487, 41.814242846897386], [-72.71583445826487, 41.814242846897386], [-72.71583445826485, 41.814243846897384], [-72.71583445826487, 41.814253846897394], [-72.71583445826487, 41.814254846897384], [-72.71583145826486, 41.81425484689738]], [[-72.71594045826487, 41.813980846897394], [-72.71595445826486, 41.813980846897394]], [[-72.71595445826487, 41.813979846897354], [-72.71594045826488, 41.81397984689737]], [[-72.71594045826488, 41.81397984689737], [-72.71594045826487, 41.813980846897394]], [[-72.71594145826487, 41.81397984689737], [-72.71594145826485, 41.8139788468974], [-72.71594045826487, 41.813978846897385]], [[-72.71594045826487, 41.813978846897385], [-72.71593945826486, 41.813978846897385], [-72.71593945826486, 41.81398084689738], [-72.71594045826487, 41.813980846897394]], [[-72.71594045826487, 41.813980846897394], [-72.71594145826484, 41.813980846897394]], [[-72.71595445826487, 41.813978846897385], [-72.71595445826486, 41.813980846897394]], [[-72.71595445826486, 41.813980846897394], [-72.71595345826488, 41.81398084689739]], [[-72.71594045826487, 41.813980846897394], [-72.71594045826487, 41.813978846897385]], [[-72.71595445826486, 41.813980846897394], [-72.71595445826487, 41.813978846897385]], [[-72.71595345826488, 41.81397984689737], [-72.71595345826485, 41.8139788468974], [-72.71595445826487, 41.813978846897385]], [[-72.71595445826487, 41.813979846897354], [-72.71595445826486, 41.813980846897394]], [[-72.71594745826485, 41.81425284689737], [-72.71594745826485, 41.81424184689738], [-72.71595145826487, 41.81424184689739], [-72.71595145826487, 41.81425284689738], [-72.71594745826485, 41.81425284689737]], [[-72.71516845826486, 41.81388784689738], [-72.71516345826487, 41.81388784689739], [-72.71516345826487, 41.81388284689738], [-72.71516845826486, 41.8138828468974], [-72.71516845826486, 41.81388784689738]], [[-72.71534845826484, 41.81385084689739], [-72.71533645826486, 41.813850846897374], [-72.71533645826487, 41.81385884689739], [-72.71534845826486, 41.813858846897396], [-72.71534845826484, 41.81385084689739]], [[-72.71539545826487, 41.81435184689737], [-72.71537745826487, 41.81435184689739], [-72.71537745826488, 41.81435284689739], [-72.71539545826487, 41.81435284689739], [-72.71539545826487, 41.81435184689737]], [[-72.71542945826485, 41.81407484689739], [-72.71543745826486, 41.81407484689739], [-72.71543745826486, 41.81407884689739], [-72.71542945826485, 41.81407884689739], [-72.71542945826485, 41.81407484689739]], [[-72.71520445826486, 41.81457084689737], [-72.71520445826486, 41.81458384689738], [-72.71519945826486, 41.81458384689738], [-72.71519945826486, 41.81457084689739], [-72.71520445826486, 41.81457084689737]], [[-72.71602345826486, 41.81387884689739], [-72.71602345826484, 41.813880846897376]], [[-72.71602945826486, 41.81388184689739], [-72.71602345826484, 41.81388184689739], [-72.71602345826487, 41.81387784689738], [-72.71602945826487, 41.81387784689738], [-72.71602945826486, 41.81388184689739]], [[-72.71602345826487, 41.81387784689738], [-72.71602945826487, 41.81387784689738], [-72.71602945826486, 41.81388184689739], [-72.71602345826484, 41.81388184689739]], [[-72.71533945826486, 41.81390184689739], [-72.71533945826486, 41.81390784689739]], [[-72.71533945826486, 41.81390784689739], [-72.71534245826487, 41.81390784689739]], [[-72.71534245826487, 41.81390784689739], [-72.71534245826486, 41.81390184689738]], [[-72.71534245826486, 41.81390184689738], [-72.71533945826486, 41.81390184689739]], [[-72.71467345826485, 41.814606846897384], [-72.71467045826489, 41.814603846897384], [-72.71467345826484, 41.81460084689739], [-72.71467645826486, 41.81460384689742], [-72.71467345826485, 41.814606846897384]], [[-72.71547445826488, 41.81425384689738], [-72.71547445826485, 41.81424784689737], [-72.71547545826486, 41.81424784689739], [-72.71547545826485, 41.81425384689738], [-72.71547445826488, 41.81425384689738]], [[-72.71531945826487, 41.81388684689735], [-72.71531945826486, 41.81388884689736]], [[-72.71531745826488, 41.813891846897356], [-72.71531745826486, 41.813890846897394]], [[-72.71531645826485, 41.81389184689737], [-72.71531645826487, 41.813890846897394]], [[-72.71531645826485, 41.813886846897375], [-72.71531745826486, 41.81388684689738]], [[-72.71531645826485, 41.813886846897375], [-72.71531745826486, 41.81388684689738]], [[-72.71531645826487, 41.81388884689739], [-72.71531645826485, 41.813886846897375]], [[-72.71531745826488, 41.81388884689736], [-72.71531745826486, 41.81388684689738]], [[-72.71531445826487, 41.8138878468974], [-72.71531445826486, 41.813889846897375]], [[-72.71531745826488, 41.813885846897385], [-72.71531745826488, 41.81388884689736]], [[-72.71531745826488, 41.81388884689736], [-72.71531745826486, 41.813890846897394]], [[-72.71531845826487, 41.81389184689734], [-72.71531745826488, 41.813891846897356]], [[-72.71531745826486, 41.81389384689738], [-72.71531745826485, 41.81389284689737]], [[-72.71531845826487, 41.81389184689734], [-72.71531845826486, 41.813890846897394]], [[-72.71531845826486, 41.8138938468974], [-72.71531745826486, 41.81389384689738]], [[-72.71531545826487, 41.81388684689738], [-72.71531445826486, 41.81388684689739], [-72.71531445826486, 41.8138838468974], [-72.71531545826487, 41.8138838468974], [-72.71531945826486, 41.81388384689737], [-72.71531945826486, 41.813885846897385]], [[-72.71531645826487, 41.813890846897394], [-72.71531745826486, 41.813890846897394]], [[-72.71531845826486, 41.813890846897394], [-72.71531845826487, 41.81389184689734]], [[-72.71532045826486, 41.81388884689738], [-72.71531645826487, 41.81388884689739]], [[-72.71531945826486, 41.81389084689739], [-72.71531945826486, 41.813891846897384]], [[-72.71531745826486, 41.81389384689738], [-72.71531845826486, 41.8138938468974]], [[-72.71531745826486, 41.813890846897394], [-72.71531745826488, 41.81388884689736]], [[-72.71532045826486, 41.81388884689738], [-72.71531645826487, 41.81388884689739]], [[-72.71531645826487, 41.81388884689739], [-72.71531645826485, 41.813886846897375]], [[-72.71531645826487, 41.813890846897394], [-72.71531545826487, 41.813890846897394]], [[-72.71531745826488, 41.81388884689736], [-72.71531745826486, 41.81388684689738]], [[-72.71531845826486, 41.813886846897375], [-72.71531845826486, 41.81388884689739]], [[-72.71531645826487, 41.813890846897394], [-72.71531645826487, 41.81388884689739]], [[-72.71531745826486, 41.81388684689738], [-72.71531945826487, 41.81388684689735]], [[-72.71531945826486, 41.81389084689739], [-72.71531745826486, 41.813890846897394]], [[-72.71531745826485, 41.81389284689737], [-72.71531745826488, 41.813891846897356]], [[-72.71531745826488, 41.813891846897356], [-72.71531745826486, 41.813890846897394]], [[-72.71531845826486, 41.813890846897394], [-72.71531845826486, 41.81388884689739]], [[-72.71531945826486, 41.813891846897384], [-72.71531945826484, 41.813893846897386], [-72.71531545826488, 41.81389384689739], [-72.71531445826486, 41.8138938468974], [-72.71531445826484, 41.8138908468974], [-72.71531545826487, 41.813890846897394]], [[-72.71531645826487, 41.81388884689739], [-72.71531645826485, 41.81389184689737]], [[-72.71531545826487, 41.81388684689738], [-72.71531645826485, 41.813886846897375]], [[-72.71531745826488, 41.813891846897356], [-72.71531845826487, 41.81389184689734]], [[-72.71531945826486, 41.81388884689736], [-72.71531945826486, 41.81389084689739]], [[-72.71531945826486, 41.813891846897384], [-72.71532045826486, 41.813891846897384], [-72.71532045826486, 41.81388884689738], [-72.71532045826486, 41.813885846897385], [-72.71531945826486, 41.813885846897385]], [[-72.71531745826488, 41.813891846897356], [-72.71531745826486, 41.81389384689738]], [[-72.71531645826487, 41.813890846897394], [-72.71531745826486, 41.813890846897394]], [[-72.71531645826487, 41.81388884689739], [-72.71531645826488, 41.813885846897364]], [[-72.71531845826486, 41.81388884689739], [-72.71531845826486, 41.813890846897394]], [[-72.71531845826487, 41.81389184689734], [-72.71531845826486, 41.8138938468974]], [[-72.71531945826486, 41.813885846897385], [-72.71531945826487, 41.81388684689735]], [[-72.71531645826485, 41.81389184689737], [-72.71531645826487, 41.81388884689739]], [[-72.71531645826485, 41.81389184689737], [-72.71531745826488, 41.813891846897356]], [[-72.71531845826486, 41.81388884689739], [-72.71531845826486, 41.813886846897375]], [[-72.71531645826488, 41.813885846897364], [-72.71531745826488, 41.813885846897385]], [[-72.71531845826486, 41.8138938468974], [-72.71531845826487, 41.81389184689734]], [[-72.71531745826486, 41.813890846897394], [-72.71531745826488, 41.81388884689736]], [[-72.71531745826486, 41.813890846897394], [-72.71531745826488, 41.81388884689736]], [[-72.71499645826486, 41.814587846897396], [-72.71499645826486, 41.81457884689738]], [[-72.71500345826486, 41.81457884689736], [-72.71499645826486, 41.81457884689738]], [[-72.71499645826486, 41.81456984689738], [-72.71500345826486, 41.81456984689737]], [[-72.71498645826486, 41.81456884689738], [-72.71499345826486, 41.814568846897394]], [[-72.71499645826486, 41.814559846897374], [-72.71499645826485, 41.81455084689739]], [[-72.71499645826485, 41.81455084689739], [-72.71500345826487, 41.81455084689739]], [[-72.71498645826486, 41.81455984689738], [-72.71499345826486, 41.814559846897374]], [[-72.71499345826486, 41.81455084689742], [-72.71498645826486, 41.81455084689739]], [[-72.71500345826487, 41.81454984689737], [-72.71499645826485, 41.81454984689741]], [[-72.71499645826486, 41.8145408468974], [-72.71500345826486, 41.81454084689739]], [[-72.71499345826487, 41.814512846897394], [-72.71499345826484, 41.81450384689738]], [[-72.71499345826487, 41.81449384689739], [-72.71499345826486, 41.81450284689739]], [[-72.71499345826486, 41.81450284689739], [-72.71498645826486, 41.81450284689738]], [[-72.71500345826486, 41.81449384689737], [-72.71500345826487, 41.81458784689738]], [[-72.71498645826485, 41.814521846897385], [-72.71499345826484, 41.81452184689739]], [[-72.71499645826486, 41.8145408468974], [-72.71499645826486, 41.81453184689738]], [[-72.71498645826486, 41.81449384689739], [-72.71500345826486, 41.81449384689737]], [[-72.71499645826488, 41.81451284689737], [-72.71499645826486, 41.81450384689737]], [[-72.71499645826489, 41.81450284689739], [-72.71500345826487, 41.81450284689738]], [[-72.71499345826484, 41.81452184689739], [-72.71499345826487, 41.814512846897394]], [[-72.71500345826485, 41.8145218468974], [-72.71499645826485, 41.81452184689739]], [[-72.71499645826486, 41.81452284689739], [-72.71500345826486, 41.81452284689738]], [[-72.71498645826486, 41.81454084689739], [-72.71499345826486, 41.81454084689739]], [[-72.71499345826486, 41.814569846897385], [-72.71498645826486, 41.814569846897406]], [[-72.71498645826486, 41.814549846897386], [-72.71499345826486, 41.81454984689738]], [[-72.71499345826486, 41.81458784689739], [-72.71499345826486, 41.81457884689738]], [[-72.71498645826486, 41.81458784689738], [-72.71498645826486, 41.81449384689739]], [[-72.71499345826486, 41.814559846897374], [-72.71499345826486, 41.81455084689742]], [[-72.71500345826486, 41.81451284689739], [-72.71499645826488, 41.81451284689737]], [[-72.71498645826486, 41.814578846897376], [-72.71499345826486, 41.81457884689738]], [[-72.71500345826486, 41.81456884689741], [-72.71499645826486, 41.81456884689739]], [[-72.71499345826486, 41.81454084689739], [-72.71499345826486, 41.814531846897374]], [[-72.71498645826486, 41.81451284689738], [-72.71499345826487, 41.814512846897394]], [[-72.71499345826486, 41.814559846897374], [-72.71498645826486, 41.81455984689738]], [[-72.71499645826485, 41.81454984689741], [-72.71499645826486, 41.8145408468974]], [[-72.71499345826487, 41.814512846897394], [-72.71498645826486, 41.81451284689738]], [[-72.71499645826486, 41.81457884689738], [-72.71499645826486, 41.81456984689738]], [[-72.71499345826486, 41.814531846897374], [-72.71498645826485, 41.814531846897374]], [[-72.71499645826486, 41.81456884689739], [-72.71499645826486, 41.814559846897374]], [[-72.71500345826486, 41.81455984689738], [-72.71499645826486, 41.814559846897374]], [[-72.71499645826486, 41.81453184689738], [-72.71500345826486, 41.81453184689737]], [[-72.71499345826486, 41.81457884689738], [-72.71499345826486, 41.814569846897385]], [[-72.71499645826486, 41.814559846897374], [-72.71500345826486, 41.81455984689738]], [[-72.71499345826484, 41.81450384689738], [-72.71498645826485, 41.81450384689737]], [[-72.71499345826486, 41.81454984689738], [-72.71499345826486, 41.81454084689739]], [[-72.71499345826486, 41.81454084689739], [-72.71498645826486, 41.81454084689739]], [[-72.71500345826486, 41.81454084689739], [-72.71499645826486, 41.8145408468974]], [[-72.71499345826486, 41.814568846897394], [-72.71499345826486, 41.814559846897374]], [[-72.71499345826486, 41.814531846897374], [-72.71499345826486, 41.81452284689739]], [[-72.71499645826486, 41.81450384689737], [-72.71500345826485, 41.81450384689738]], [[-72.71499645826488, 41.81451284689737], [-72.71500345826486, 41.81451284689739]], [[-72.71499645826486, 41.81449384689739], [-72.71499645826489, 41.81450284689739]], [[-72.71500345826487, 41.81458784689738], [-72.71498645826486, 41.81458784689738]], [[-72.71498645826485, 41.814531846897374], [-72.71499345826486, 41.814531846897374]], [[-72.71499645826486, 41.81453184689738], [-72.71499645826486, 41.81452284689739]], [[-72.71499645826485, 41.81452184689739], [-72.71499645826488, 41.81451284689737]], [[-72.71500345826486, 41.81453184689737], [-72.71499645826486, 41.81453184689738]], [[-72.71499645826486, 41.81457884689738], [-72.71500345826486, 41.81457884689736]], [[-72.71499345826486, 41.81452284689739], [-72.71498645826485, 41.81452284689739]], [[-72.71499345826486, 41.81457884689738], [-72.71498645826486, 41.814578846897376]], [[-72.71587145826486, 41.813954846897374], [-72.71587645826487, 41.813954846897374], [-72.71587645826486, 41.81394984689738], [-72.71587145826483, 41.813949846897394], [-72.71587145826486, 41.813954846897374]], [[-72.71531045826487, 41.813919846897385], [-72.71531045826487, 41.8139258468974], [-72.71531245826486, 41.813925846897384], [-72.71531245826486, 41.81391984689737], [-72.71531045826487, 41.813919846897385]], [[-72.71513545826487, 41.81387284689738], [-72.71514545826486, 41.81387284689738], [-72.71514545826486, 41.81387884689739], [-72.71513545826487, 41.81387884689738], [-72.71513545826487, 41.81387284689738]], [[-72.71551845826488, 41.814115846897394], [-72.71551845826485, 41.81412184689739], [-72.71552245826487, 41.81412184689737], [-72.71552245826484, 41.814115846897394], [-72.71551845826488, 41.814115846897394]], [[-72.71602945826487, 41.81387784689738], [-72.71602345826487, 41.81387784689738], [-72.71602345826486, 41.81387384689739], [-72.71602945826486, 41.81387384689737], [-72.71602945826487, 41.81387784689738]], [[-72.71602345826486, 41.81387384689739], [-72.71602945826486, 41.81387384689737], [-72.71602945826487, 41.81387784689738], [-72.71602345826487, 41.81387784689738]], [[-72.71602345826484, 41.813874846897384], [-72.71602345826487, 41.81387684689738]], [[-72.71528245826485, 41.81391284689738], [-72.71528245826485, 41.81391884689741]], [[-72.71528245826485, 41.81391884689741], [-72.71527945826487, 41.81391884689737]], [[-72.71527945826487, 41.81391884689737], [-72.71527945826485, 41.813912846897395]], [[-72.71527945826485, 41.813912846897395], [-72.71528245826485, 41.81391284689738]], [[-72.71469445826484, 41.81395084689736], [-72.71470745826487, 41.813950846897384], [-72.71470745826488, 41.8139568468974], [-72.71469445826486, 41.813956846897376], [-72.71469445826484, 41.81395084689736]], [[-72.71469645826485, 41.81395584689737], [-72.71470545826485, 41.81395584689738]], [[-72.71470545826486, 41.81395484689739], [-72.71470545826483, 41.81395084689736]], [[-72.71470545826483, 41.81395084689736], [-72.71469645826487, 41.81395084689737]], [[-72.71469645826487, 41.81395084689737], [-72.71469645826487, 41.81395484689739]], [[-72.71470545826485, 41.81395584689738], [-72.71470545826486, 41.813956846897376]], [[-72.71470545826486, 41.813956846897376], [-72.71470745826488, 41.8139568468974]], [[-72.71470745826488, 41.8139568468974], [-72.71470745826487, 41.81395484689739]], [[-72.71470745826487, 41.81395484689739], [-72.71470545826486, 41.81395484689739]], [[-72.71470545826486, 41.81395484689739], [-72.71470545826485, 41.81395584689738]], [[-72.71469645826485, 41.81395584689737], [-72.71469645826487, 41.81395684689738]], [[-72.71469645826487, 41.81395684689738], [-72.71469445826486, 41.813956846897376]], [[-72.71469445826486, 41.813956846897376], [-72.71469445826487, 41.81395484689741]], [[-72.71469445826487, 41.81395484689741], [-72.71469645826487, 41.81395484689739]], [[-72.71469645826487, 41.81395484689739], [-72.71469645826485, 41.81395584689737]], [[-72.71487345826488, 41.81441684689738], [-72.71481445826487, 41.81441684689738]], [[-72.71482445826487, 41.81441384689737], [-72.71486345826486, 41.814413846897374]], [[-72.71483345826486, 41.81439784689741], [-72.71487345826483, 41.81439784689741]], [[-72.71481445826487, 41.81441684689738], [-72.71481445826487, 41.81437384689738]], [[-72.71481745826483, 41.8144068468974], [-72.71482345826485, 41.81440684689739]], [[-72.71487145826485, 41.81440784689739], [-72.71482445826486, 41.81440784689738]], [[-72.71482445826484, 41.81440684689739], [-72.71487145826487, 41.81440684689738]], [[-72.71483345826488, 41.81437384689738], [-72.71483345826486, 41.81439784689741]], [[-72.71484145826486, 41.814380846897386], [-72.71484145826486, 41.814390846897396]], [[-72.71481445826487, 41.81437384689738], [-72.71483345826488, 41.81437384689738]], [[-72.71482445826486, 41.81440784689738], [-72.71482445826486, 41.814414846897385]], [[-72.71481745826486, 41.814377846897386], [-72.71481745826483, 41.8144068468974]], [[-72.71486345826486, 41.814400846897385], [-72.71483045826484, 41.81440084689739]], [[-72.71486345826486, 41.814413846897374], [-72.71486345826486, 41.81440784689738]], [[-72.71486145826486, 41.814390846897375], [-72.71486145826488, 41.81438084689739]], [[-72.71484145826486, 41.814390846897396], [-72.71486145826486, 41.814390846897375]], [[-72.71482345826487, 41.814376846897375], [-72.71482445826486, 41.81437684689739]], [[-72.71486145826488, 41.81438084689739], [-72.71484145826486, 41.814380846897386]], [[-72.71487145826487, 41.81440684689738], [-72.71487145826485, 41.81440784689739]], [[-72.71482445826486, 41.814414846897385], [-72.71482345826486, 41.81441484689739]], [[-72.71487345826483, 41.81439784689741], [-72.71487345826488, 41.81441684689738]], [[-72.71482345826486, 41.81441484689739], [-72.71482345826487, 41.814376846897375]], [[-72.71482445826486, 41.81437684689739], [-72.71482445826484, 41.81440684689739]], [[-72.71483045826484, 41.81440084689739], [-72.71483045826488, 41.814377846897386]], [[-72.71483045826488, 41.814377846897386], [-72.71482445826487, 41.81437784689737]], [[-72.71486345826486, 41.81440684689739], [-72.71486345826486, 41.814400846897385]], [[-72.71482345826485, 41.814377846897386], [-72.71481745826486, 41.814377846897386]], [[-72.71538245826486, 41.813964846897356], [-72.71538245826486, 41.8139708468974], [-72.71538445826486, 41.8139708468974], [-72.71538445826485, 41.81396484689739], [-72.71538245826486, 41.813964846897356]], [[-72.71466545826486, 41.81405684689739], [-72.71465845826486, 41.814056846897365]], [[-72.71466545826486, 41.81405684689739], [-72.71465845826486, 41.814056846897365]], [[-72.71466545826485, 41.81407384689737], [-72.71465845826486, 41.81407384689739]], [[-72.71466545826486, 41.81407484689739], [-72.71465845826488, 41.814074846897384]], [[-72.71466245826484, 41.81407784689737], [-72.71466145826487, 41.814077846897376]], [[-72.71466245826485, 41.8140538468974], [-72.71466145826484, 41.81405384689737]], [[-72.71465245826485, 41.8140538468974], [-72.71466145826484, 41.81405384689737]], [[-72.71466245826487, 41.81407484689738], [-72.71466145826483, 41.81407484689738]], [[-72.71466245826484, 41.81407384689738], [-72.71466245826487, 41.81407484689738]], [[-72.71466545826485, 41.8140538468974], [-72.71467045826485, 41.81405384689739]], [[-72.71465445826487, 41.81405384689739], [-72.71465845826486, 41.81405384689737]], [[-72.71466245826488, 41.81405684689738], [-72.71466145826486, 41.81405684689739]], [[-72.71467145826485, 41.81405384689739], [-72.71467145826487, 41.81407784689737]], [[-72.71466545826486, 41.81407784689737], [-72.71466545826485, 41.8140538468974]], [[-72.71466245826487, 41.81407484689738], [-72.71466145826483, 41.81407484689738]], [[-72.71466145826484, 41.81405384689737], [-72.71466145826487, 41.814077846897376]], [[-72.71466145826484, 41.81407384689739], [-72.71466245826484, 41.81407384689738]], [[-72.71465445826489, 41.8140778468974], [-72.71465845826488, 41.81407784689739]], [[-72.71466245826488, 41.81405684689738], [-72.71466145826486, 41.81405684689739]], [[-72.71465845826488, 41.81407784689739], [-72.71465845826486, 41.81405384689737]], [[-72.71466145826483, 41.81407484689738], [-72.71466145826484, 41.81407384689739]], [[-72.71467045826489, 41.81407784689739], [-72.71467045826485, 41.81405384689739]], [[-72.71466245826484, 41.81407384689738], [-72.71466145826484, 41.81407384689739]], [[-72.71466245826485, 41.8140538468974], [-72.71467145826485, 41.81405384689739]], [[-72.71466245826484, 41.81407784689737], [-72.71466845826487, 41.81407784689738]], [[-72.71466145826487, 41.814077846897376], [-72.71465545826484, 41.81407784689737]], [[-72.71467145826487, 41.81407784689737], [-72.71466245826484, 41.81407784689737]], [[-72.71466245826484, 41.81407784689737], [-72.71466245826485, 41.8140538468974]], [[-72.71466145826486, 41.81405684689739], [-72.71466245826488, 41.81405684689738]], [[-72.71466245826488, 41.81405684689738], [-72.71466145826486, 41.81405684689739]], [[-72.71466145826487, 41.814077846897376], [-72.71465245826484, 41.81407784689737]], [[-72.71465245826484, 41.81407784689737], [-72.71465245826485, 41.8140538468974]], [[-72.71465445826489, 41.8140778468974], [-72.71465445826487, 41.81405384689739]], [[-72.71466545826486, 41.81407784689737], [-72.71467045826489, 41.81407784689739]], [[-72.71570545826486, 41.81388684689739], [-72.71570545826486, 41.813880846897376], [-72.71570345826485, 41.81388084689739], [-72.71570345826484, 41.81388684689738], [-72.71570545826486, 41.81388684689739]], [[-72.71534945826488, 41.81436984689741], [-72.71535245826487, 41.81436984689741]], [[-72.71536345826487, 41.8143698468974], [-72.7153604582649, 41.8143698468974]], [[-72.71535045826488, 41.81436284689737], [-72.71536245826488, 41.81436284689737]], [[-72.71535645826486, 41.81436484689739], [-72.71535645826489, 41.81436384689739], [-72.71535645826486, 41.81436484689739]], [[-72.71535045826488, 41.81436284689737], [-72.71535045826485, 41.81434984689737], [-72.71535045826487, 41.81434884689739], [-72.71535145826488, 41.81434884689739], [-72.71535145826485, 41.81434784689737], [-72.71535245826487, 41.8143478468974], [-72.71536045826485, 41.814347846897356], [-72.71536145826488, 41.81434784689739], [-72.71536145826488, 41.814348846897396], [-72.71536245826488, 41.8143488468974], [-72.71536245826486, 41.81434984689737], [-72.71536245826488, 41.81436284689737], [-72.71536445826484, 41.81436284689738], [-72.71536545826484, 41.81436284689738], [-72.71536545826487, 41.81436984689739], [-72.71536445826484, 41.8143698468974], [-72.71534845826486, 41.81436984689739], [-72.71534745826487, 41.814369846897385], [-72.71534745826486, 41.814362846897374], [-72.71534845826484, 41.81436284689737], [-72.71535045826488, 41.81436284689737]], [[-72.71552345826487, 41.814320846897374], [-72.71552345826487, 41.8143088468974]], [[-72.71551745826486, 41.8143088468974], [-72.71551745826486, 41.81432084689738]], [[-72.71551745826486, 41.81432084689738], [-72.71552345826487, 41.814320846897374]], [[-72.71551745826486, 41.8143088468974], [-72.71551745826486, 41.81432084689738]], [[-72.71551745826486, 41.8143088468974], [-72.71552345826487, 41.8143088468974]], [[-72.71546045826486, 41.813927846897386], [-72.71546045826486, 41.81392184689739], [-72.71545945826486, 41.813921846897394], [-72.71545945826485, 41.81392784689739], [-72.71546045826486, 41.813927846897386]], [[-72.71569445826486, 41.8142938468974], [-72.71569445826488, 41.814292846897374], [-72.71569445826486, 41.814291846897376], [-72.71569345826485, 41.8142918468974], [-72.71569245826487, 41.81429184689739], [-72.71569345826485, 41.8142918468974], [-72.71569445826488, 41.814292846897374], [-72.71569345826487, 41.81429284689739], [-72.71569445826486, 41.8142938468974]], [[-72.71569445826486, 41.8142938468974], [-72.71569345826487, 41.81429284689739], [-72.71569345826485, 41.8142918468974]], [[-72.71569345826485, 41.8142918468974], [-72.71569245826487, 41.81429184689739]], [[-72.71528945826486, 41.81391984689739], [-72.71528945826486, 41.813925846897384], [-72.71528645826486, 41.81392584689737], [-72.71528645826486, 41.813919846897385], [-72.71528945826486, 41.81391984689739]], [[-72.71602345826483, 41.81388284689738], [-72.71602345826489, 41.813885846897385]], [[-72.71602345826483, 41.81388284689738], [-72.71602945826486, 41.8138828468974], [-72.71602945826487, 41.813885846897385], [-72.71602345826489, 41.813885846897385]], [[-72.71602945826488, 41.81388684689736], [-72.71602345826484, 41.81388684689738], [-72.71602345826484, 41.81388184689739], [-72.71602945826486, 41.81388184689739], [-72.71602945826488, 41.81388684689736]], [[-72.71556645826485, 41.814245846897386], [-72.71556645826486, 41.81422184689739], [-72.71558645826487, 41.81422184689741], [-72.71558645826487, 41.8142458468974], [-72.71556645826485, 41.814245846897386]], [[-72.71508145826486, 41.81392084689739], [-72.71508145826486, 41.8139088468974], [-72.71508845826486, 41.8139088468974], [-72.71508845826486, 41.81392084689739], [-72.71508145826486, 41.81392084689739]], [[-72.71531045826485, 41.814043846897384], [-72.71531345826486, 41.81404384689739]], [[-72.71530345826484, 41.81403084689739], [-72.71530345826486, 41.813994846897394]], [[-72.71531045826487, 41.814005846897395], [-72.71531145826485, 41.81400584689739]], [[-72.71526945826486, 41.81397584689738], [-72.71526945826486, 41.813976846897376]], [[-72.71526245826486, 41.8140438468974], [-72.71525945826487, 41.814043846897384]], [[-72.71528345826486, 41.81397584689738], [-72.71528345826486, 41.8139708468974]], [[-72.71526245826486, 41.8140438468974], [-72.71526945826486, 41.81404384689738]], [[-72.71526945826486, 41.81404384689738], [-72.71526945826487, 41.81403484689741]], [[-72.71528245826487, 41.814040846897385], [-72.71528945826488, 41.81404084689736]], [[-72.71528945826486, 41.814032846897376], [-72.71528645826486, 41.81403284689737]], [[-72.71528345826486, 41.81397584689738], [-72.71531345826484, 41.81397584689738]], [[-72.71528245826488, 41.81403284689737], [-72.71528245826487, 41.814033846897374]], [[-72.71531345826486, 41.81404384689739], [-72.71530345826486, 41.81404384689739]], [[-72.71528945826488, 41.813994846897394], [-72.71528945826486, 41.813997846897394]], [[-72.71526945826486, 41.8139708468974], [-72.71526945826486, 41.813976846897376]], [[-72.71528245826487, 41.814033846897374], [-72.71528945826486, 41.81403384689737]], [[-72.71528345826486, 41.81399784689739], [-72.71528345826486, 41.81399484689739]], [[-72.71525945826487, 41.81404484689739], [-72.71526945826486, 41.81404484689738]], [[-72.71528545826487, 41.81401084689738], [-72.71528645826487, 41.81401084689737]], [[-72.71528345826485, 41.8139768468974], [-72.71528345826486, 41.81397584689738]], [[-72.71530345826486, 41.81404384689739], [-72.71531045826485, 41.814043846897384]], [[-72.71528945826486, 41.813997846897394], [-72.71528345826486, 41.81399784689739]], [[-72.71531245826486, 41.81397584689738], [-72.71528345826486, 41.81397584689738]], [[-72.71528945826488, 41.813998846897384], [-72.71528245826488, 41.81399884689737]], [[-72.71526245826486, 41.814036846897395], [-72.71526245826486, 41.8140438468974]], [[-72.71530345826486, 41.813994846897394], [-72.71531045826487, 41.81399484689739]], [[-72.71528645826486, 41.81403284689737], [-72.71528245826488, 41.81403284689737]], [[-72.71528945826488, 41.81404084689736], [-72.71528945826486, 41.81402684689737]], [[-72.71526245826486, 41.81397584689738], [-72.71526945826486, 41.81397584689738]], [[-72.71531045826485, 41.814043846897384], [-72.71531045826485, 41.81401984689739]], [[-72.71526945826486, 41.8139708468974], [-72.71526945826486, 41.81397584689738]], [[-72.71528345826485, 41.8139768468974], [-72.71528345826486, 41.8139708468974]], [[-72.71526245826486, 41.81401484689738], [-72.71526945826486, 41.814014846897386]], [[-72.71526345826486, 41.81401484689737], [-72.71526345826486, 41.81401384689737]], [[-72.71528945826486, 41.81402684689737], [-72.71528245826487, 41.81402684689739]], [[-72.71531145826486, 41.814019846897395], [-72.71531045826485, 41.81401984689739]], [[-72.71528645826486, 41.81403284689737], [-72.71528645826487, 41.81401084689737]], [[-72.71531045826487, 41.81399484689739], [-72.71531045826487, 41.814005846897395]], [[-72.71528345826486, 41.81399484689739], [-72.71528945826488, 41.813994846897394]], [[-72.71528245826488, 41.81399884689737], [-72.71528245826485, 41.813997846897394]], [[-72.71526345826486, 41.81401384689737], [-72.71526345826486, 41.81401484689737]], [[-72.71531045826487, 41.81403084689738], [-72.71530345826484, 41.81403084689739]], [[-72.71528245826487, 41.81402684689739], [-72.71528245826487, 41.814040846897385]], [[-72.71531345826486, 41.81397384689738], [-72.71531245826488, 41.81397384689738]], [[-72.71525945826487, 41.814043846897384], [-72.71525945826487, 41.81404484689739]], [[-72.71526245826486, 41.81397584689738], [-72.71526245826486, 41.8140438468974]], [[-72.71525745826486, 41.8140368468974], [-72.71526245826486, 41.814036846897395]], [[-72.71531045826485, 41.81401984689739], [-72.71531045826485, 41.814043846897384]], [[-72.71528645826487, 41.81401084689737], [-72.71528645826486, 41.81403284689737]], [[-72.71526245826486, 41.8140438468974], [-72.71526245826486, 41.81397584689738]], [[-72.71528945826486, 41.81403384689737], [-72.71528945826486, 41.814032846897376]], [[-72.71531145826485, 41.81400584689739], [-72.71531145826486, 41.814019846897395]], [[-72.71526245826486, 41.81403484689737], [-72.71526245826486, 41.8140438468974]], [[-72.71531345826484, 41.81397584689738], [-72.71531345826486, 41.81397384689738]], [[-72.71531045826487, 41.81398284689739], [-72.71530345826484, 41.813982846897396]], [[-72.71530345826484, 41.813982846897396], [-72.71531045826487, 41.81398284689739]], [[-72.71528345826486, 41.8139708468974], [-72.71528345826485, 41.8139768468974]], [[-72.71525745826486, 41.81397584689738], [-72.71526245826486, 41.81397584689738]], [[-72.71526945826486, 41.813976846897376], [-72.71528345826485, 41.8139768468974]], [[-72.71531045826487, 41.81398284689739], [-72.71531045826487, 41.814005846897395]], [[-72.71528745826487, 41.8139988468974], [-72.71528545826486, 41.81399884689737]], [[-72.71526945826486, 41.81397584689738], [-72.71525745826486, 41.81397584689738]], [[-72.71528245826485, 41.813997846897394], [-72.71528945826486, 41.813997846897394]], [[-72.71526945826486, 41.81404484689738], [-72.71526945826486, 41.81404384689738]], [[-72.71526145826485, 41.814043846897384], [-72.71526145826488, 41.81403684689737]], [[-72.71526945826486, 41.813976846897376], [-72.71526945826486, 41.8139708468974]], [[-72.71531045826487, 41.814005846897395], [-72.71531045826487, 41.81398284689739]], [[-72.71528345826486, 41.8139708468974], [-72.71526945826486, 41.8139708468974]], [[-72.71526945826486, 41.81400384689738], [-72.71526245826486, 41.814003846897386]], [[-72.71528545826486, 41.81399884689737], [-72.71528545826487, 41.81401084689738]], [[-72.71526245826486, 41.8140438468974], [-72.71525745826486, 41.81404384689738]], [[-72.71531245826488, 41.81397384689738], [-72.71531245826486, 41.81397584689738]], [[-72.71525745826486, 41.81404384689738], [-72.71525745826486, 41.8140368468974]], [[-72.71531045826485, 41.81401984689739], [-72.71531045826487, 41.81403084689738]], [[-72.71528645826487, 41.81401084689737], [-72.71528745826487, 41.81401084689738]], [[-72.71526945826487, 41.81403484689741], [-72.71526245826486, 41.81403484689737]], [[-72.71528945826486, 41.813997846897394], [-72.71528945826488, 41.813998846897384]], [[-72.71526945826486, 41.81404384689738], [-72.71526245826486, 41.8140438468974]], [[-72.71528745826487, 41.81401084689738], [-72.71528745826487, 41.8139988468974]], [[-72.71526245826486, 41.814003846897386], [-72.71526245826486, 41.81401484689738]], [[-72.71526945826486, 41.814014846897386], [-72.71526945826486, 41.81400384689738]], [[-72.71568245826487, 41.81436784689737], [-72.71567445826486, 41.81436784689738]], [[-72.71568245826487, 41.81437084689738], [-72.71568245826487, 41.81436784689737]], [[-72.71568945826486, 41.81435884689738], [-72.71568945826486, 41.81437084689738], [-72.71567045826487, 41.814370846897404], [-72.71566945826484, 41.81437084689738], [-72.71566945826486, 41.814369846897385], [-72.71566845826486, 41.814369846897385], [-72.71566745826483, 41.81436984689739], [-72.71566745826483, 41.81436884689737], [-72.71566645826486, 41.81436884689739], [-72.71566645826488, 41.81436784689737], [-72.71566645826486, 41.81436684689738], [-72.71566645826486, 41.81436584689739], [-72.71566645826486, 41.81436484689739], [-72.71566645826486, 41.81436384689739], [-72.71566745826486, 41.814362846897374], [-72.71566845826486, 41.814361846897384], [-72.71566945826487, 41.814361846897384], [-72.71567045826487, 41.81436184689738], [-72.71567445826486, 41.814361846897384], [-72.71567445826486, 41.81435884689738], [-72.71568945826486, 41.81435884689738]], [[-72.71567445826484, 41.81436084689738], [-72.71567445826486, 41.81437084689739]], [[-72.71568645826487, 41.814361846897356], [-72.71568645826487, 41.81436284689738], [-72.71568545826486, 41.81436284689738], [-72.71568545826484, 41.814361846897384], [-72.71568645826487, 41.814361846897356]], [[-72.71524345826487, 41.814317846897374], [-72.71524745826486, 41.81431784689735], [-72.71524745826486, 41.81432184689738], [-72.7152434582649, 41.81432184689738], [-72.71524345826487, 41.814317846897374]], [[-72.71508045826486, 41.813921846897394], [-72.71508045826486, 41.81392084689737]], [[-72.71507945826487, 41.81392284689737], [-72.71508045826486, 41.81392284689737]], [[-72.71509245826485, 41.81392184689739], [-72.71509245826486, 41.81392084689738], [-72.71507945826487, 41.813920846897375], [-72.71507945826485, 41.81392184689738], [-72.71509245826485, 41.81392184689739]], [[-72.71509145826487, 41.8139218468974], [-72.71509145826487, 41.81392084689738]], [[-72.71509245826485, 41.81392284689737], [-72.71509045826487, 41.813922846897384]], [[-72.71507945826487, 41.813920846897375], [-72.71508045826486, 41.81392084689737]], [[-72.71509245826486, 41.81392084689738], [-72.71509045826487, 41.81392084689737]], [[-72.71507945826485, 41.81392184689738], [-72.71507945826487, 41.81392284689737]], [[-72.71509045826487, 41.813921846897394], [-72.71509045826487, 41.813922846897384]], [[-72.71508045826486, 41.813921846897394], [-72.71508045826486, 41.81392284689737]], [[-72.71509245826485, 41.81392184689739], [-72.71509245826485, 41.81392284689737]], [[-72.71534845826486, 41.81429384689739], [-72.71534845826484, 41.81431784689738], [-72.71536445826487, 41.814317846897396], [-72.71536445826486, 41.8142938468974], [-72.71534845826486, 41.81429384689739]], [[-72.71535645826486, 41.8142938468974], [-72.71535645826486, 41.81431784689737]], [[-72.71575545826487, 41.81390084689738], [-72.71575545826487, 41.81390684689736], [-72.71575345826483, 41.8139068468974], [-72.71575345826486, 41.81390084689738], [-72.71575545826487, 41.81390084689738]], [[-72.71465645826486, 41.81402884689737], [-72.71465645826486, 41.814026846897384]], [[-72.71466745826486, 41.814028846897386], [-72.71466745826487, 41.814026846897384]], [[-72.71466745826486, 41.814028846897386], [-72.71466745826487, 41.814026846897384]], [[-72.71465345826488, 41.81402084689739], [-72.71465345826485, 41.81402884689737]], [[-72.71467045826488, 41.814023846897385], [-72.71465345826485, 41.814023846897385]], [[-72.71467045826483, 41.8140228468974], [-72.71467045826483, 41.81402784689737]], [[-72.71467045826486, 41.81402084689737], [-72.71467045826485, 41.81402884689738]], [[-72.71467045826485, 41.81402884689738], [-72.71465345826485, 41.81402884689737]], [[-72.71465345826485, 41.81402684689739], [-72.71467045826485, 41.81402684689739]], [[-72.71465645826486, 41.81402884689737], [-72.71465645826486, 41.814026846897384]], [[-72.71467045826486, 41.81402084689737], [-72.71465345826488, 41.81402084689739]], [[-72.71502245826485, 41.814289846897395], [-72.71502445826486, 41.81428984689738]], [[-72.71502445826486, 41.81428984689738], [-72.71502445826486, 41.81430084689739]], [[-72.71502445826486, 41.81430084689739], [-72.71502245826485, 41.81430084689739]], [[-72.71502245826485, 41.814289846897395], [-72.71502245826485, 41.81430084689739]], [[-72.71481745826486, 41.81430184689739], [-72.71483545826487, 41.814301846897386]], [[-72.71487445826483, 41.814334846897374], [-72.71487445826486, 41.81433584689737]], [[-72.71482745826486, 41.81433584689737], [-72.71482745826488, 41.814343846897394]], [[-72.71482645826488, 41.814304846897386], [-72.71482745826486, 41.814304846897386]], [[-72.71482645826487, 41.814305846897376], [-72.71481945826487, 41.81430584689738]], [[-72.71486345826486, 41.814319846897384], [-72.71486345826486, 41.81430984689739]], [[-72.71484345826487, 41.81430984689738], [-72.71484345826487, 41.814319846897384]], [[-72.71483345826486, 41.81430584689739], [-72.71482745826486, 41.814305846897376]], [[-72.71483545826487, 41.814301846897386], [-72.71483545826484, 41.81432584689737]], [[-72.71481945826487, 41.81430584689738], [-72.71481945826487, 41.814334846897374]], [[-72.71486645826486, 41.814334846897374], [-72.71486645826488, 41.81432884689738]], [[-72.71483345826486, 41.81432884689738], [-72.71483345826486, 41.81430584689739]], [[-72.71487445826486, 41.81433584689737], [-72.71482745826486, 41.81433584689737]], [[-72.71484345826487, 41.814319846897384], [-72.71486345826486, 41.814319846897384]], [[-72.71486645826488, 41.81432884689738], [-72.71483345826486, 41.81432884689738]], [[-72.71486345826486, 41.81430984689739], [-72.71484345826487, 41.81430984689738]], [[-72.71482745826486, 41.814304846897386], [-72.71482745826488, 41.81433484689738]], [[-72.71482645826488, 41.81434384689741], [-72.71482645826488, 41.814304846897386]], [[-72.71521045826485, 41.81433784689738], [-72.71521045826488, 41.81435284689739]], [[-72.71481945826487, 41.814334846897374], [-72.71482645826487, 41.814334846897374]], [[-72.71521745826487, 41.814352846897386], [-72.71521045826488, 41.81435284689739]], [[-72.71487545826486, 41.81434584689738], [-72.71481745826487, 41.814345846897375]], [[-72.71482745826488, 41.81433484689738], [-72.71487445826483, 41.814334846897374]], [[-72.71483545826484, 41.81432584689737], [-72.71487545826486, 41.81432584689738]], [[-72.71481745826487, 41.814345846897375], [-72.71481745826486, 41.81430184689739]], [[-72.71521045826485, 41.81433784689738], [-72.71521745826485, 41.81433784689737]], [[-72.71521045826488, 41.81435284689739], [-72.71520345826487, 41.81435284689739]], [[-72.71482745826486, 41.81434284689737], [-72.71486645826488, 41.81434284689739]], [[-72.71486645826488, 41.81434284689739], [-72.71486645826486, 41.81433584689737]], [[-72.71521045826488, 41.81435284689739], [-72.71521045826485, 41.81433784689738]], [[-72.71487545826486, 41.81432584689738], [-72.71487545826486, 41.81434584689738]], [[-72.71482745826488, 41.814343846897394], [-72.71482645826488, 41.81434384689741]], [[-72.71521745826485, 41.81433784689737], [-72.71521045826485, 41.81433784689738]], [[-72.71539545826485, 41.81437084689738], [-72.71537745826487, 41.81437084689738], [-72.71539545826485, 41.81437084689738]], [[-72.71521045826488, 41.81435284689739], [-72.71521745826487, 41.814352846897386]], [[-72.71520345826487, 41.814337846897395], [-72.71521045826485, 41.81433784689738]], [[-72.71521045826485, 41.81433784689738], [-72.71520345826487, 41.814337846897395]], [[-72.71520345826487, 41.81435284689739], [-72.71521045826488, 41.81435284689739]], [[-72.71520345826487, 41.814337846897395], [-72.71520345826487, 41.81435284689739]], [[-72.71521045826488, 41.81435284689739], [-72.71521045826485, 41.81433784689738]], [[-72.71520345826487, 41.81435284689739], [-72.71520345826487, 41.814337846897395]], [[-72.71521045826485, 41.81433784689738], [-72.71521045826488, 41.81435284689739]], [[-72.71521745826485, 41.81433784689737], [-72.71521745826487, 41.814352846897386]], [[-72.71521745826487, 41.814352846897386], [-72.71521745826485, 41.81433784689737]], [[-72.71466545826485, 41.814028846897365], [-72.71467045826485, 41.81402884689738]], [[-72.71466545826485, 41.8140538468974], [-72.71467045826485, 41.81405384689739]], [[-72.71465845826486, 41.81405384689737], [-72.71465845826488, 41.81402884689738]], [[-72.71465445826487, 41.81405384689739], [-72.71465845826486, 41.81405384689737]], [[-72.71465445826487, 41.81405384689739], [-72.71465445826485, 41.81402884689737]], [[-72.71466145826484, 41.81405384689737], [-72.71465545826486, 41.81405384689741]], [[-72.71466145826486, 41.81402884689738], [-72.71466145826484, 41.81405384689737]], [[-72.71465245826488, 41.814028846897386], [-72.71466145826486, 41.81402884689738]], [[-72.71466245826488, 41.814032846897405], [-72.71466145826487, 41.81403284689739]], [[-72.71466145826487, 41.81403284689739], [-72.71466245826488, 41.814032846897405]], [[-72.71602345826484, 41.81388684689738], [-72.71602345826484, 41.8138938468974], [-72.71603045826485, 41.81389384689739], [-72.71603045826485, 41.81388684689738], [-72.71602345826484, 41.81388684689738]], [[-72.71466245826487, 41.81404984689738], [-72.71466145826484, 41.81404984689738]], [[-72.71466245826485, 41.8140538468974], [-72.71466145826484, 41.81405384689737]], [[-72.71466545826488, 41.81403284689739], [-72.71465845826488, 41.81403284689738]], [[-72.71466245826488, 41.814032846897405], [-72.71466145826487, 41.81403284689739]], [[-72.71467045826485, 41.81405384689739], [-72.71467045826485, 41.81402884689738]], [[-72.71466245826487, 41.81404984689738], [-72.71466145826484, 41.81404984689738]], [[-72.71466245826488, 41.814032846897405], [-72.71466145826487, 41.81403284689739]], [[-72.71466245826487, 41.81404984689738], [-72.71466145826484, 41.81404984689738]], [[-72.71466545826488, 41.81403284689739], [-72.71465845826488, 41.81403284689738]], [[-72.71594045826487, 41.81404684689738], [-72.71594045826485, 41.8140458468974]], [[-72.71467145826485, 41.814028846897365], [-72.71467145826485, 41.81405384689739]], [[-72.71594145826485, 41.81404684689738], [-72.71594045826487, 41.81404684689738]], [[-72.71466545826486, 41.81404984689738], [-72.71465845826486, 41.81404984689738]], [[-72.71466245826488, 41.81402884689738], [-72.71467145826485, 41.814028846897365]], [[-72.71594045826487, 41.81404684689738], [-72.71593945826487, 41.814046846897384], [-72.71593945826484, 41.81404584689739], [-72.71594045826485, 41.8140458468974]], [[-72.71594045826485, 41.8140458468974], [-72.71594145826487, 41.8140458468974]], [[-72.71465245826485, 41.8140538468974], [-72.71465245826488, 41.814028846897386]], [[-72.71466245826488, 41.81402884689738], [-72.71466145826486, 41.81402884689738]], [[-72.71595445826485, 41.814046846897384], [-72.71595445826487, 41.8140458468974]], [[-72.71466245826485, 41.8140538468974], [-72.71466245826488, 41.81402884689738]], [[-72.71595345826485, 41.814046846897384], [-72.71595445826485, 41.814046846897384]], [[-72.71467145826485, 41.81405384689739], [-72.71466245826485, 41.8140538468974]], [[-72.71595445826485, 41.814046846897384], [-72.71595445826487, 41.8140458468974]], [[-72.71466145826484, 41.81404984689738], [-72.71466245826487, 41.81404984689738]], [[-72.71595445826487, 41.8140458468974], [-72.71595345826486, 41.8140458468974]], [[-72.71466145826484, 41.81405384689737], [-72.71465245826485, 41.8140538468974]], [[-72.71594045826485, 41.8140458468974], [-72.71594045826487, 41.81404684689738]], [[-72.71466245826485, 41.8140538468974], [-72.71466845826485, 41.81405384689737]], [[-72.71595445826487, 41.8140458468974], [-72.71595445826485, 41.814046846897384]], [[-72.71466545826485, 41.8140538468974], [-72.71466545826485, 41.814028846897365]], [[-72.71466545826486, 41.81404984689738], [-72.71465845826486, 41.81404984689738]], [[-72.71594045826485, 41.8140458468974], [-72.71595445826487, 41.8140458468974]], [[-72.71465445826485, 41.81402884689737], [-72.71465845826488, 41.81402884689738]], [[-72.71548845826484, 41.814308846897376], [-72.71548845826486, 41.81432084689738]], [[-72.71595445826485, 41.814046846897384], [-72.71594045826487, 41.81404684689738]], [[-72.71548845826484, 41.814308846897376], [-72.71548845826486, 41.81432084689738]], [[-72.71548845826484, 41.814308846897376], [-72.71548245826486, 41.81430884689738]], [[-72.71548245826486, 41.81432084689738], [-72.71548245826486, 41.81430884689738]], [[-72.71548845826486, 41.81432084689738], [-72.71548245826486, 41.81432084689738]], [[-72.71534145826486, 41.81389284689737], [-72.71534145826485, 41.81388884689739], [-72.71533745826487, 41.81388884689739], [-72.71533745826486, 41.81389284689735], [-72.71534145826486, 41.81389284689737]], [[-72.71566745826485, 41.8139068468974], [-72.71566145826486, 41.81390684689738], [-72.71566145826486, 41.81390884689737], [-72.71566745826487, 41.81390884689739], [-72.71566745826485, 41.8139068468974]], [[-72.71490445826485, 41.81443884689739], [-72.71490445826487, 41.81442784689737]], [[-72.71526245826485, 41.813980846897394], [-72.71526945826487, 41.81398084689737], [-72.71526945826484, 41.81398884689739], [-72.71526245826486, 41.813988846897395], [-72.71526245826485, 41.813980846897394]], [[-72.71490445826487, 41.81442784689737], [-72.71489445826485, 41.814427846897374]], [[-72.71489445826485, 41.814427846897374], [-72.71489445826487, 41.81443884689737]], [[-72.71489445826487, 41.81443884689737], [-72.71490445826485, 41.81443884689739]], [[-72.71490045826486, 41.81443884689741], [-72.71490045826489, 41.814427846897374]], [[-72.71504845826486, 41.813958846897364], [-72.71504845826485, 41.81396484689738], [-72.71504945826486, 41.81396484689736], [-72.71504945826484, 41.81395884689735], [-72.71504845826486, 41.813958846897364]], [[-72.71490745826486, 41.8141428468974], [-72.71490745826488, 41.81414384689741]], [[-72.71490745826488, 41.81414384689741], [-72.71489645826486, 41.81414384689739]], [[-72.71489645826486, 41.81414384689739], [-72.71489645826486, 41.8141428468974]], [[-72.71490745826486, 41.8141428468974], [-72.71489645826486, 41.8141428468974]], [[-72.71595445826485, 41.81402184689738], [-72.71595445826487, 41.81402084689737]], [[-72.71595345826488, 41.81402184689737], [-72.71595445826485, 41.81402184689738]], [[-72.71510945826486, 41.813894846897384], [-72.71511345826487, 41.81389484689737]], [[-72.71595445826485, 41.81402184689738], [-72.71595445826486, 41.814019846897395]], [[-72.71511345826487, 41.81387284689738], [-72.71511445826486, 41.813872846897375], [-72.71511445826486, 41.81392184689738], [-72.71511345826487, 41.813921846897394], [-72.71511345826487, 41.81387284689738]], [[-72.71511445826486, 41.813872846897375], [-72.71521445826485, 41.81387284689738]], [[-72.71594045826485, 41.814019846897395], [-72.71594045826487, 41.81402184689738]], [[-72.71521445826487, 41.81392184689739], [-72.71511445826486, 41.81392184689738]], [[-72.71595445826485, 41.81402184689738], [-72.71594045826487, 41.81402184689738]], [[-72.71595445826486, 41.814019846897395], [-72.71595445826485, 41.81402184689738]], [[-72.71511345826487, 41.813921846897394], [-72.71510145826487, 41.813921846897365], [-72.71510145826487, 41.813920846897396], [-72.71511345826487, 41.81392084689739]], [[-72.71594045826487, 41.81402084689738], [-72.71595445826487, 41.81402084689737]], [[-72.71510945826486, 41.81390784689737], [-72.71511345826487, 41.81390784689739]], [[-72.71594045826487, 41.81402184689738], [-72.71593945826484, 41.814021846897376], [-72.71593945826486, 41.81401984689739], [-72.71594045826485, 41.814019846897395]], [[-72.71523845826486, 41.81392184689739], [-72.71523845826486, 41.813896846897386], [-72.71523945826486, 41.81389684689739], [-72.71523945826486, 41.81392184689739], [-72.71523845826486, 41.81392184689739]], [[-72.71594145826488, 41.81402184689737], [-72.71594045826487, 41.81402184689738]], [[-72.71594045826487, 41.81402184689738], [-72.71594045826487, 41.81402084689738]], [[-72.71523845826486, 41.813872846897375], [-72.71523845826486, 41.813883846897376], [-72.71523945826485, 41.8138838468974], [-72.71523945826488, 41.81387284689738], [-72.71523845826486, 41.813872846897375]], [[-72.71510945826486, 41.813920846897375], [-72.71510945826486, 41.81390784689737], [-72.71510945826486, 41.813894846897384], [-72.71510945826486, 41.81388184689738], [-72.71511345826487, 41.81388184689735]], [[-72.71511345826487, 41.813873846897366], [-72.71510145826488, 41.81387384689736], [-72.71510145826487, 41.813872846897375], [-72.71511345826487, 41.81387284689738]], [[-72.71595445826486, 41.814019846897395], [-72.71595345826486, 41.81401984689739], [-72.71595345826488, 41.81402084689738]], [[-72.71594045826485, 41.814019846897395], [-72.71594145826485, 41.814019846897395], [-72.71594145826485, 41.81402084689738]], [[-72.71489445826487, 41.81439384689741], [-72.71490445826487, 41.81439384689737]], [[-72.71490445826487, 41.81439384689737], [-72.71490445826487, 41.81440484689737]], [[-72.71483045826488, 41.814377846897386], [-72.71482445826487, 41.81437784689737], [-72.71482445826484, 41.81440684689739], [-72.71486345826486, 41.81440684689739], [-72.71486345826486, 41.814400846897385], [-72.71483045826484, 41.81440084689739], [-72.71483045826488, 41.814377846897386]], [[-72.71490445826487, 41.81440484689737], [-72.71489445826488, 41.81440484689738]], [[-72.71489445826488, 41.81440484689738], [-72.71489445826487, 41.81439384689741]], [[-72.71490045826486, 41.81439384689738], [-72.71490045826486, 41.81440484689736]], [[-72.71563445826486, 41.81395984689738], [-72.71563445826486, 41.81396584689738], [-72.71563345826486, 41.8139658468974], [-72.71563345826486, 41.81395984689737], [-72.71563445826486, 41.81395984689738]], [[-72.71520445826485, 41.814376846897375], [-72.71520345826485, 41.814376846897375]], [[-72.71520345826488, 41.81438784689738], [-72.71520345826485, 41.814376846897375]], [[-72.71520345826488, 41.81438784689738], [-72.71520445826486, 41.8143878468974]], [[-72.71520445826486, 41.8143878468974], [-72.71520445826485, 41.814376846897375]], [[-72.71571345826483, 41.81412884689736], [-72.71571345826486, 41.81413484689741], [-72.71571845826489, 41.814134846897375], [-72.71571845826482, 41.81412884689739], [-72.71571345826483, 41.81412884689736]], [[-72.71526445826485, 41.813919846897385], [-72.71526445826485, 41.81392584689735], [-72.71526245826486, 41.813925846897384], [-72.71526245826486, 41.81391984689739], [-72.71526445826485, 41.813919846897385]], [[-72.71489645826486, 41.81445084689738], [-72.71489645826486, 41.81447084689741]], [[-72.71545945826486, 41.81429584689738], [-72.71545945826486, 41.81430884689739]], [[-72.71545345826485, 41.81430884689738], [-72.71545345826486, 41.8142958468974]], [[-72.71545945826486, 41.81429584689738], [-72.71545945826486, 41.81430884689739]], [[-72.71545945826486, 41.81430884689739], [-72.71545345826485, 41.81430884689738]], [[-72.71545945826486, 41.81429584689738], [-72.71545345826486, 41.8142958468974]], [[-72.71489645826486, 41.81447084689741], [-72.71490445826485, 41.81447084689741]], [[-72.71490445826485, 41.81447084689741], [-72.71490445826488, 41.81445084689737]], [[-72.71490445826488, 41.81445084689737], [-72.71489645826486, 41.81445084689738]], [[-72.71489645826486, 41.81446084689737], [-72.71490445826487, 41.81446084689737]], [[-72.71493745826486, 41.81438884689739], [-72.71493845826488, 41.81438884689738], [-72.71493745826486, 41.81438884689739]], [[-72.71496645826487, 41.81429184689738], [-72.71496645826488, 41.814299846897384]], [[-72.71497345826486, 41.81430084689739], [-72.71497345826488, 41.814299846897384]], [[-72.71495845826487, 41.81429984689739], [-72.71495845826486, 41.814300846897396]], [[-72.71497345826488, 41.814299846897384], [-72.71495845826487, 41.81429984689739]], [[-72.71495845826487, 41.81429984689739], [-72.71495845826485, 41.8142918468974]], [[-72.71497345826485, 41.8142918468974], [-72.71497345826488, 41.814299846897384]], [[-72.7149394582649, 41.81438884689738], [-72.71493945826485, 41.81439784689741], [-72.71493845826488, 41.81439784689739], [-72.71493245826487, 41.81439784689741], [-72.71493245826487, 41.8143808468974], [-72.71493245826487, 41.814379846897396], [-72.7149384582649, 41.81437984689738], [-72.71493945826487, 41.81437984689738], [-72.71493945826487, 41.81438084689739], [-72.7149394582649, 41.81438884689738]], [[-72.71497345826488, 41.814299846897384], [-72.71495845826487, 41.81429984689739]], [[-72.71495845826485, 41.8142918468974], [-72.71497345826485, 41.8142918468974]], [[-72.71495845826486, 41.814300846897396], [-72.71497345826486, 41.81430084689739]], [[-72.71528245826487, 41.81390784689741], [-72.71528245826487, 41.81390884689739]], [[-72.71528245826487, 41.8139068468974], [-72.71528145826487, 41.81390684689738]], [[-72.71528145826487, 41.81390684689738], [-72.71528145826487, 41.81390484689738]], [[-72.71505245826486, 41.81392084689737], [-72.71505245826488, 41.81390884689739]], [[-72.71528145826487, 41.81390484689738], [-72.71528245826487, 41.813904846897394]], [[-72.71528245826487, 41.813904846897394], [-72.71528245826487, 41.81390584689741]], [[-72.71505145826487, 41.81392084689739], [-72.71505145826485, 41.81392184689737], [-72.71505245826489, 41.813921846897394]], [[-72.71528245826487, 41.81390584689741], [-72.71528245826487, 41.8139068468974]], [[-72.71528345826486, 41.81390684689739], [-72.71528245826487, 41.8139068468974]], [[-72.71528245826487, 41.8139068468974], [-72.71528245826487, 41.81390784689741]], [[-72.71528345826486, 41.81391184689737], [-72.71528245826487, 41.81391184689739]], [[-72.71528345826486, 41.81390684689739], [-72.71528345826486, 41.81390884689739]], [[-72.71505145826487, 41.813872846897375], [-72.71505245826486, 41.81387284689736]], [[-72.71528345826486, 41.81390984689739], [-72.71528345826486, 41.81391184689737]], [[-72.71505245826486, 41.81386084689739], [-72.71505245826486, 41.81385984689737]], [[-72.71528245826487, 41.813909846897374], [-72.71528245826487, 41.81391184689739]], [[-72.71490445826487, 41.81442784689737], [-72.71490445826488, 41.81441684689739]], [[-72.71505045826484, 41.81387184689738], [-72.71505045826486, 41.813873846897366]], [[-72.71505245826486, 41.8138838468974], [-72.71505245826486, 41.81387284689736]], [[-72.71505145826487, 41.813871846897364], [-72.71505145826487, 41.813872846897375]], [[-72.71505145826487, 41.81388584689739], [-72.71505045826486, 41.813885846897385]], [[-72.71490445826488, 41.81441684689739], [-72.71491445826487, 41.81441684689738]], [[-72.71505245826486, 41.81385284689739], [-72.71505245826488, 41.8138518468974], [-72.71505145826487, 41.81385184689737], [-72.71505145826487, 41.81385284689738]], [[-72.71491445826487, 41.81441684689738], [-72.71491445826486, 41.814427846897374]], [[-72.71505245826488, 41.8138518468974], [-72.71505245826486, 41.813853846897395]], [[-72.71491445826486, 41.814427846897374], [-72.71490445826487, 41.81442784689737]], [[-72.71490845826486, 41.81442784689739], [-72.71490845826486, 41.81441684689738]], [[-72.71505245826486, 41.8138838468974], [-72.71505245826486, 41.81388584689739]], [[-72.71550145826488, 41.81436884689739], [-72.71550145826487, 41.814374846897394], [-72.71549745826488, 41.81437484689739], [-72.71549745826488, 41.8143688468974], [-72.71550145826488, 41.81436884689739]], [[-72.71505145826488, 41.8138538468974], [-72.71505045826486, 41.8138538468974]], [[-72.71505145826487, 41.8138978468974], [-72.71505045826486, 41.81389784689738]], [[-72.71506345826486, 41.81392084689739], [-72.71505245826486, 41.81392084689737]], [[-72.71505145826485, 41.813884846897395], [-72.71505145826487, 41.81389684689739]], [[-72.71598345826486, 41.81441184689739], [-72.71597845826487, 41.81441184689739], [-72.71597845826484, 41.814405846897394], [-72.71598345826486, 41.814405846897394], [-72.71598345826486, 41.81441184689739]], [[-72.71505245826486, 41.81392084689737], [-72.71505145826487, 41.81392084689739]], [[-72.71505245826486, 41.8138718468974], [-72.71505245826486, 41.81386084689739]], [[-72.71505045826484, 41.813883846897376], [-72.71505045826486, 41.813885846897385]], [[-72.71505145826487, 41.81385284689738], [-72.71505245826486, 41.81385284689739]], [[-72.71505245826486, 41.81392084689737], [-72.71505245826489, 41.813921846897394]], [[-72.71505145826487, 41.813871846897364], [-72.71505045826484, 41.81387184689738]], [[-72.71505145826487, 41.813871846897364], [-72.71505245826486, 41.8138718468974]], [[-72.71598445826484, 41.81428984689739], [-72.71597845826486, 41.81428984689739], [-72.71597845826487, 41.81430184689739], [-72.71598445826486, 41.814301846897386], [-72.71598445826484, 41.81428984689739]], [[-72.71505245826485, 41.813884846897395], [-72.71505245826486, 41.8138838468974]], [[-72.71505145826488, 41.81386084689738], [-72.71505245826486, 41.81386084689739]], [[-72.71505145826487, 41.81390884689739], [-72.71505245826488, 41.81390884689739]], [[-72.71505145826485, 41.813884846897395], [-72.71505245826485, 41.813884846897395]], [[-72.71505145826487, 41.81385984689741], [-72.71505145826488, 41.81386084689738]], [[-72.71505145826487, 41.81388384689738], [-72.71505245826486, 41.8138838468974]], [[-72.71505145826487, 41.813872846897375], [-72.71505145826487, 41.81388384689738]], [[-72.71598445826486, 41.81429984689739], [-72.71597845826486, 41.814299846897384]], [[-72.71598445826486, 41.814290846897386], [-72.71597845826486, 41.81429084689737]], [[-72.71505145826485, 41.81385084689736], [-72.71505145826487, 41.81385984689741]], [[-72.71598445826486, 41.81429984689739], [-72.71598445826486, 41.814290846897386]], [[-72.71597845826486, 41.81429084689737], [-72.71597845826486, 41.814299846897384]], [[-72.71505145826487, 41.813909846897374], [-72.71505045826484, 41.81390984689737]], [[-72.71504545826488, 41.8139068468974], [-72.71504545826485, 41.81392184689737], [-72.71505145826485, 41.81392184689737], [-72.71505145826487, 41.81390684689739], [-72.71504545826488, 41.8139068468974]], [[-72.71505145826488, 41.81386084689738], [-72.71505145826487, 41.813871846897364]], [[-72.71505145826487, 41.81392084689739], [-72.71505045826484, 41.81392084689736], [-72.71505045826486, 41.813921846897394], [-72.71505245826489, 41.813921846897394]], [[-72.71505245826485, 41.81389584689739], [-72.71505245826488, 41.813897846897376]], [[-72.71505145826487, 41.81388384689738], [-72.71505045826484, 41.813883846897376]], [[-72.71506245826487, 41.81392184689738], [-72.71506445826486, 41.81392184689738]], [[-72.71505045826486, 41.81385184689738], [-72.71505045826486, 41.8138538468974]], [[-72.71505145826487, 41.81388384689738], [-72.71505145826485, 41.813884846897395]], [[-72.71506345826486, 41.81392184689737], [-72.71506445826486, 41.81392184689738], [-72.71506445826488, 41.813920846897375], [-72.71506345826486, 41.81392084689739]], [[-72.71505245826486, 41.81387284689736], [-72.71505245826486, 41.8138718468974]], [[-72.71505245826486, 41.81390784689739], [-72.71505245826486, 41.813909846897374]], [[-72.71505145826487, 41.81390884689739], [-72.71505245826488, 41.81390884689739]], [[-72.71505145826487, 41.81387384689737], [-72.71505045826486, 41.813873846897366]], [[-72.71505245826486, 41.81385984689737], [-72.71505245826486, 41.81386184689738]], [[-72.71505145826487, 41.81385984689741], [-72.71505245826486, 41.81385984689737]], [[-72.71505245826486, 41.81385984689737], [-72.71505245826486, 41.81385084689737]], [[-72.71505245826486, 41.8138718468974], [-72.71505245826485, 41.81387384689739]], [[-72.71506245826487, 41.81392084689739], [-72.71506445826488, 41.813920846897375]], [[-72.71505145826487, 41.81389684689739], [-72.71505245826485, 41.81389684689738]], [[-72.71505245826489, 41.813921846897394], [-72.71506345826486, 41.81392184689737]], [[-72.71505145826487, 41.81390784689739], [-72.71505045826483, 41.813907846897386]], [[-72.71505145826487, 41.81389684689739], [-72.71505245826485, 41.81389684689738]], [[-72.71506345826486, 41.81392084689739], [-72.71506345826486, 41.81392184689737]], [[-72.71505145826487, 41.81390884689739], [-72.71505145826487, 41.81392084689739]], [[-72.71505145826487, 41.81385984689741], [-72.71505045826486, 41.813859846897394], [-72.71505045826486, 41.81386184689738], [-72.71505145826488, 41.813861846897375]], [[-72.71505045826483, 41.813907846897386], [-72.71505045826484, 41.81390984689737]], [[-72.71505145826487, 41.81389584689738], [-72.71505045826486, 41.81389584689738]], [[-72.71505245826485, 41.81389684689738], [-72.71505245826485, 41.813884846897395]], [[-72.71505045826486, 41.81389584689738], [-72.71505045826486, 41.81389784689738]], [[-72.71505245826488, 41.81390884689739], [-72.71505245826485, 41.81389684689738]], [[-72.71505145826487, 41.81385184689737], [-72.71505045826486, 41.81385184689738]], [[-72.71505145826487, 41.81389684689739], [-72.71505145826487, 41.81390884689739]], [[-72.71515245826485, 41.81452684689738], [-72.71515245826487, 41.81453184689738], [-72.71515745826485, 41.814531846897374], [-72.71515745826485, 41.81452684689739], [-72.71515245826485, 41.81452684689738]], [[-72.71596045826487, 41.813893846897386], [-72.71596445826486, 41.81389384689739], [-72.71596445826485, 41.81389584689738], [-72.71596345826488, 41.81389584689738], [-72.71596345826485, 41.813898846897395], [-72.71596045826485, 41.81389884689741], [-72.71596045826486, 41.81389584689738], [-72.71596045826487, 41.813893846897386]], [[-72.71596045826486, 41.81389584689738], [-72.71596345826488, 41.81389584689738]], [[-72.71596045826487, 41.81389484689737], [-72.71596145826487, 41.8138948468974]], [[-72.71596045826487, 41.81389484689737], [-72.71596145826487, 41.8138948468974]], [[-72.71596145826487, 41.8138948468974], [-72.71596245826485, 41.813894846897384]], [[-72.71596045826487, 41.81389484689737], [-72.71596145826487, 41.8138948468974]], [[-72.71596145826487, 41.8138948468974], [-72.71596245826485, 41.813894846897384]], [[-72.71596145826487, 41.8138948468974], [-72.71596245826485, 41.813894846897384]], [[-72.71596045826487, 41.813893846897386], [-72.71596145826486, 41.813893846897386]], [[-72.71462845826485, 41.81394884689738], [-72.71462145826487, 41.81394884689738]], [[-72.71462845826485, 41.813968846897396], [-72.71462845826487, 41.81394484689741]], [[-72.71461645826484, 41.81394484689739], [-72.71462145826484, 41.81394484689738]], [[-72.71462145826484, 41.81396884689736], [-72.71462145826484, 41.81394484689738]], [[-72.71461645826484, 41.813968846897374], [-72.71461645826484, 41.81394484689739]], [[-72.71462545826488, 41.813947846897385], [-72.71462445826486, 41.81394784689739]], [[-72.71462545826486, 41.81396584689739], [-72.71462445826485, 41.81396584689738]], [[-72.71462545826486, 41.81396584689739], [-72.71462445826485, 41.81396584689738]], [[-72.71462445826486, 41.81396884689739], [-72.71461845826487, 41.81396884689739]], [[-72.71463445826488, 41.81396884689739], [-72.71462545826486, 41.81396884689739]], [[-72.71462545826486, 41.81396884689739], [-72.71462545826486, 41.8139448468974]], [[-72.71462545826486, 41.8139448468974], [-72.71463445826487, 41.813944846897385]], [[-72.71463445826487, 41.813944846897385], [-72.71463445826488, 41.81396884689739]], [[-72.71462445826486, 41.81394484689737], [-72.71462445826486, 41.81396884689739]], [[-72.71461545826487, 41.813944846897385], [-72.71462445826486, 41.81394484689737]], [[-72.71462445826486, 41.81396884689739], [-72.71461545826484, 41.81396884689739]], [[-72.71462445826484, 41.813948846897375], [-72.71462445826486, 41.81394784689739]], [[-72.71462445826486, 41.81394784689739], [-72.71462545826488, 41.813947846897385]], [[-72.71462545826488, 41.813947846897385], [-72.71462545826485, 41.81394884689738]], [[-72.71462545826486, 41.81396884689739], [-72.71462445826486, 41.81396884689739]], [[-72.71462445826485, 41.81396584689738], [-72.71462545826486, 41.81396584689739]], [[-72.71462545826486, 41.8139448468974], [-72.71462445826486, 41.81394484689737]], [[-72.71462845826481, 41.813947846897385], [-72.71462145826484, 41.81394784689737]], [[-72.71462545826486, 41.81396884689739], [-72.71463145826485, 41.813968846897374]], [[-72.71462845826485, 41.813968846897396], [-72.71463345826486, 41.813968846897374]], [[-72.71462545826485, 41.81394884689738], [-72.71462445826484, 41.813948846897375]], [[-72.71462845826485, 41.81396584689738], [-72.71462145826489, 41.81396584689739]], [[-72.71461545826484, 41.81396884689739], [-72.71461545826487, 41.813944846897385]], [[-72.71462545826485, 41.81394884689738], [-72.71462445826484, 41.813948846897375]], [[-72.71463345826486, 41.813968846897374], [-72.71463345826484, 41.813944846897385]], [[-72.71461645826484, 41.813968846897374], [-72.71462145826484, 41.81396884689736]], [[-72.71462845826485, 41.81396584689738], [-72.71462145826489, 41.81396584689739]], [[-72.71462545826486, 41.81396584689739], [-72.71462445826485, 41.81396584689738]], [[-72.71462845826487, 41.81394484689741], [-72.71463345826484, 41.813944846897385]], [[-72.71570645826486, 41.814404846897375], [-72.71570645826486, 41.81441084689739], [-72.71571245826486, 41.81441084689739], [-72.71571245826487, 41.814404846897396], [-72.71570645826486, 41.814404846897375]], [[-72.71516045826486, 41.81460284689738], [-72.71521345826486, 41.81460284689735], [-72.71521345826486, 41.81461084689738], [-72.71516045826486, 41.81461084689737], [-72.71516045826486, 41.81460284689738]], [[-72.71485745826485, 41.814441846897395], [-72.71484045826486, 41.814449846897375]], [[-72.71484045826486, 41.814449846897375], [-72.71485445826485, 41.81448284689739]], [[-72.71485445826485, 41.81448284689739], [-72.71487145826487, 41.81447484689737]], [[-72.71487145826487, 41.81447484689737], [-72.71485745826485, 41.814441846897395]], [[-72.71484545826485, 41.81445784689739], [-72.71485945826487, 41.81445084689737]], [[-72.71485945826487, 41.81445084689737], [-72.71485945826487, 41.81445184689739]], [[-72.71485945826487, 41.81445184689739], [-72.71485345826486, 41.814454846897384]], [[-72.71485345826486, 41.814454846897384], [-72.71486245826485, 41.81447684689739]], [[-72.71486245826485, 41.81447684689739], [-72.71486145826486, 41.814477846897375]], [[-72.71486145826486, 41.814477846897375], [-72.71485245826487, 41.814455846897374]], [[-72.71485245826487, 41.814455846897374], [-72.71484545826488, 41.81445884689738]], [[-72.71484545826488, 41.81445884689738], [-72.71484545826485, 41.81445784689739]], [[-72.71484645826487, 41.81445784689738], [-72.71485545826488, 41.81447984689737]], [[-72.71485545826488, 41.81447984689737], [-72.71486145826486, 41.814476846897385]], [[-72.71486145826486, 41.814476846897385], [-72.71485245826487, 41.814455846897374]], [[-72.71485245826487, 41.814455846897374], [-72.71484645826487, 41.81445784689738]], [[-72.71485845826484, 41.81445284689739], [-72.71486745826488, 41.81447384689737]], [[-72.71486745826488, 41.81447384689737], [-72.71486245826485, 41.81447684689739]], [[-72.71486245826485, 41.81447684689739], [-72.71485345826486, 41.814454846897384]], [[-72.71485345826486, 41.814454846897384], [-72.71485845826484, 41.81445284689739]], [[-72.71595045826486, 41.8142908468974], [-72.71595045826487, 41.814296846897385], [-72.71595145826487, 41.81429684689738], [-72.71595145826487, 41.81429084689738], [-72.71595045826486, 41.8142908468974]], [[-72.71598345826486, 41.81433184689738], [-72.71597845826486, 41.81433184689739], [-72.71597845826486, 41.814325846897376], [-72.71598345826486, 41.814325846897376], [-72.71598345826486, 41.81433184689738]]]}}]}