{"type": "FeatureCollection", "name": "Lowes_rack", "crs": {"type": "name", "properties": {"name": "urn:ogc:def:crs:EPSG::4326"}}, "features": [{"type": "Feature", "properties": {"fill": "#DCDEE2", "stroke-width": "0.5", "stroke": "#BBBBBB"}, "geometry": {"type": "MultiPolygon", "coordinates": [[[[-72.71510967304619, 41.8137216428914], [-72.71509375471018, 41.8137216428914], [-72.71509375471018, 41.813731681227395], [-72.71510967304619, 41.813731681227395], [-72.71510967304619, 41.8137216428914]]], [[[-72.71531042095019, 41.8139224096114], [-72.71532722363817, 41.8139224096114], [-72.71532722363817, 41.8139190634994], [-72.71531042095019, 41.8139190634994], [-72.71531042095019, 41.8139224096114]]], [[[-72.71541389013419, 41.814118993691395], [-72.71543511458218, 41.814118993691395], [-72.71543511458218, 41.81412819549939], [-72.71541389013419, 41.81412819549939], [-72.71541389013419, 41.814118993691395]]], [[[-72.71461089851819, 41.8143264526354], [-72.71459055842219, 41.8143264526354], [-72.71459055842219, 41.8143314718034], [-72.71461089851819, 41.8143314718034], [-72.71461089851819, 41.8143264526354]]], [[[-72.71554565858217, 41.81404203311539], [-72.71554565858217, 41.814021119915395], [-72.71555627080619, 41.814021119915395], [-72.71555627080619, 41.81404203311539], [-72.71554565858217, 41.81404203311539]]], [[[-72.71560048840617, 41.8140863690994], [-72.71560048840617, 41.814065455899396], [-72.71558987618218, 41.814065455899396], [-72.71558987618218, 41.8140863690994], [-72.71560048840617, 41.8140863690994]]], [[[-72.71452069461418, 41.8140805134034], [-72.71452069461418, 41.8140587636754], [-72.71453130683818, 41.8140587636754], [-72.71453130683818, 41.8140805134034], [-72.71452069461418, 41.8140805134034]]], [[[-72.71523790408618, 41.81388978501939], [-72.71524409455019, 41.81388978501939], [-72.71524409455019, 41.8138830927954], [-72.71523790408618, 41.8138830927954], [-72.71523790408618, 41.81388978501939]]], [[[-72.71531838011818, 41.81394917850739], [-72.71532457058218, 41.81394917850739], [-72.71532457058218, 41.8139433228114], [-72.71531838011818, 41.8139433228114], [-72.71531838011818, 41.81394917850739]]], [[[-72.71509640776618, 41.8139449958674], [-72.71508579554218, 41.8139449958674], [-72.71508579554218, 41.8139533611474], [-72.71509640776618, 41.8139533611474], [-72.71509640776618, 41.8139449958674]]], [[[-72.71571368546218, 41.814108955355394], [-72.71571368546218, 41.8140872056274], [-72.71570307323817, 41.8140872056274], [-72.71570307323817, 41.814108955355394], [-72.71571368546218, 41.814108955355394]]], [[[-72.71437919829418, 41.8139951875474], [-72.71437919829418, 41.813974274347395], [-72.71436947042218, 41.813974274347395], [-72.71436947042218, 41.8139951875474], [-72.71437919829418, 41.8139951875474]]], [[[-72.71536171336618, 41.81382118972339], [-72.71537320994219, 41.813815334027396], [-72.71537144123818, 41.813810314859396], [-72.71535906031018, 41.8138161705554], [-72.71536171336618, 41.81382118972339]]], [[[-72.7146126672222, 41.8140955709074], [-72.7146126672222, 41.8140754942354], [-72.71461885768618, 41.8140754942354], [-72.71461885768618, 41.8140955709074], [-72.7146126672222, 41.8140955709074]]], [[[-72.71500089775017, 41.814148272171394], [-72.71500089775017, 41.81412735897139], [-72.71500708821418, 41.81412735897139], [-72.71500708821418, 41.814148272171394], [-72.71500089775017, 41.814148272171394]]], [[[-72.71445083080617, 41.814134051195396], [-72.71445083080617, 41.8141323781394], [-72.71443844987819, 41.8141323781394], [-72.71443844987819, 41.814134051195396], [-72.71445083080617, 41.814134051195396]]], [[[-72.71510878869418, 41.8141708584274], [-72.71510878869418, 41.814150781755394], [-72.71511851656618, 41.814150781755394], [-72.71511851656618, 41.8141708584274], [-72.71510878869418, 41.8141708584274]]], [[[-72.71459586453419, 41.81379609388339], [-72.71459586453419, 41.81377016151539], [-72.71460470805418, 41.81377016151539], [-72.71460470805418, 41.81379609388339], [-72.71459586453419, 41.81379609388339]]], [[[-72.71567300527018, 41.8143808269554], [-72.71568184879018, 41.8143808269554], [-72.71568184879018, 41.8143607502834], [-72.71567300527018, 41.8143607502834], [-72.71567300527018, 41.8143808269554]]], [[[-72.71523082927017, 41.813984312683395], [-72.71523790408618, 41.813984312683395], [-72.71523790408618, 41.81397762045939], [-72.71523082927017, 41.81397762045939], [-72.71523082927017, 41.813984312683395]]], [[[-72.71471702075817, 41.8139951875474], [-72.71471702075817, 41.813974274347395], [-72.71473028603819, 41.813974274347395], [-72.71473028603819, 41.8139951875474], [-72.71471702075817, 41.8139951875474]]], [[[-72.71480368725419, 41.8141491086994], [-72.71480368725419, 41.81412819549939], [-72.71479484373418, 41.81412819549939], [-72.71479484373418, 41.8141491086994], [-72.71480368725419, 41.8141491086994]]], [[[-72.71523082927017, 41.813939976699395], [-72.71523790408618, 41.813939976699395], [-72.71523790408618, 41.813933284475404], [-72.71523082927017, 41.813933284475404], [-72.71523082927017, 41.813939976699395]]], [[[-72.71495668015018, 41.81390484252339], [-72.71495668015018, 41.813883929323396], [-72.71496552367019, 41.813883929323396], [-72.71496552367019, 41.81390484252339], [-72.71495668015018, 41.81390484252339]]], [[[-72.71523082927017, 41.813996860603396], [-72.71523790408618, 41.813996860603396], [-72.71523790408618, 41.8139901683794], [-72.71523082927017, 41.8139901683794], [-72.71523082927017, 41.813996860603396]]], [[[-72.71526531899818, 41.813965072539396], [-72.71527150946218, 41.813965072539396], [-72.71527150946218, 41.8139592168434], [-72.71526531899818, 41.8139592168434], [-72.71526531899818, 41.813965072539396]]], [[[-72.71570749499818, 41.81434903889139], [-72.71569865147818, 41.81434903889139], [-72.71569865147818, 41.8143691155634], [-72.71570749499818, 41.8143691155634], [-72.71570749499818, 41.81434903889139]]], [[[-72.71525824418217, 41.8139901683794], [-72.71526443464617, 41.8139901683794], [-72.71526443464617, 41.813984312683395], [-72.71525824418217, 41.813984312683395], [-72.71525824418217, 41.8139901683794]]], [[[-72.71525824418217, 41.813984312683395], [-72.71526443464617, 41.813984312683395], [-72.71526443464617, 41.81397762045939], [-72.71525824418217, 41.81397762045939], [-72.71525824418217, 41.813984312683395]]], [[[-72.71525824418217, 41.813939976699395], [-72.71526443464617, 41.813939976699395], [-72.71526443464617, 41.813933284475404], [-72.71525824418217, 41.813933284475404], [-72.71525824418217, 41.813939976699395]]], [[[-72.7148859319902, 41.814271241787395], [-72.7148859319902, 41.8142511651154], [-72.71489477551019, 41.8142511651154], [-72.71489477551019, 41.814271241787395], [-72.7148859319902, 41.814271241787395]]], [[[-72.71523790408618, 41.8139031694674], [-72.71524409455019, 41.8139031694674], [-72.71524409455019, 41.8138964772434], [-72.71523790408618, 41.8138964772434], [-72.71523790408618, 41.8139031694674]]], [[[-72.71526620335018, 41.8138111513874], [-72.71527327816618, 41.8138111513874], [-72.71527327816618, 41.8138036226354], [-72.71526620335018, 41.8138036226354], [-72.71526620335018, 41.8138111513874]]], [[[-72.71525735983019, 41.8138354106994], [-72.71526355029418, 41.8138354106994], [-72.71526355029418, 41.8138278819474], [-72.71525735983019, 41.8138278819474], [-72.71525735983019, 41.8138354106994]]], [[[-72.71523082927017, 41.813844612507395], [-72.71524763195818, 41.813844612507395], [-72.71524763195818, 41.8138354106994], [-72.71523082927017, 41.8138354106994], [-72.71523082927017, 41.813844612507395]]], [[[-72.7154359989342, 41.8137852190194], [-72.7154359989342, 41.813764305819404], [-72.71544572680618, 41.813764305819404], [-72.71544572680618, 41.8137852190194], [-72.7154359989342, 41.8137852190194]]], [[[-72.7152405571422, 41.813787728603394], [-72.71524674760617, 41.813787728603394], [-72.71524674760617, 41.8137801998514], [-72.7152405571422, 41.8137801998514], [-72.7152405571422, 41.813787728603394]]], [[[-72.71523790408618, 41.8139165539154], [-72.71524409455019, 41.8139165539154], [-72.71524409455019, 41.8139098616914], [-72.71523790408618, 41.8139098616914], [-72.71523790408618, 41.8139165539154]]], [[[-72.71504865275818, 41.8140018797714], [-72.71504865275818, 41.8139901683794], [-72.71504246229419, 41.8139901683794], [-72.71504246229419, 41.8140018797714], [-72.71504865275818, 41.8140018797714]]], [[[-72.71463300731817, 41.8143523850034], [-72.71462770120618, 41.8143523850034], [-72.71462770120618, 41.81434234666739], [-72.71463300731817, 41.81434234666739], [-72.71463300731817, 41.8143523850034]]], [[[-72.71455695304617, 41.81432143346739], [-72.71455164693417, 41.81432143346739], [-72.71455164693417, 41.81431139513139], [-72.71455695304617, 41.81431139513139], [-72.71455695304617, 41.81432143346739]]], [[[-72.71539266568618, 41.8141976273234], [-72.71541300578218, 41.8141976273234], [-72.71541300578218, 41.8142059926034], [-72.71539266568618, 41.8142059926034], [-72.71539266568618, 41.8141976273234]]], [[[-72.71505484322219, 41.8139240826674], [-72.71505484322219, 41.813933284475404], [-72.71505395887017, 41.813933284475404], [-72.71505395887017, 41.8139240826674], [-72.71505484322219, 41.8139240826674]]], [[[-72.71526531899818, 41.81397762045939], [-72.71527150946218, 41.81397762045939], [-72.71527150946218, 41.813971764763394], [-72.71526531899818, 41.813971764763394], [-72.71526531899818, 41.81397762045939]]], [[[-72.71529273391018, 41.81379609388339], [-72.71529892437418, 41.81379609388339], [-72.71529892437418, 41.8137885651314], [-72.71529273391018, 41.8137885651314], [-72.71529273391018, 41.81379609388339]]], [[[-72.71530953659817, 41.813827045419394], [-72.71531572706219, 41.813827045419394], [-72.71531572706219, 41.813819516667394], [-72.71530953659817, 41.813819516667394], [-72.71530953659817, 41.813827045419394]]], [[[-72.71482314299818, 41.8140060624114], [-72.71483375522217, 41.8140060624114], [-72.71483375522217, 41.814001043243394], [-72.71482314299818, 41.814001043243394], [-72.71482314299818, 41.8140060624114]]], [[[-72.71529273391018, 41.8137718345714], [-72.71529892437418, 41.8137718345714], [-72.71529892437418, 41.813764305819404], [-72.71529273391018, 41.813764305819404], [-72.71529273391018, 41.8137718345714]]], [[[-72.71531042095019, 41.8138998233554], [-72.71531042095019, 41.8139098616914], [-72.7153192644702, 41.8139098616914], [-72.7153192644702, 41.8138998233554], [-72.71531042095019, 41.8138998233554]]], [[[-72.71536525077417, 41.81381282444339], [-72.71537055688619, 41.813810314859396], [-72.71536171336618, 41.8137927477714], [-72.71535640725418, 41.8137952573554], [-72.71536525077417, 41.81381282444339]]], [[[-72.71504865275818, 41.8139901683794], [-72.71504865275818, 41.81397762045939], [-72.71504246229419, 41.81397762045939], [-72.71504246229419, 41.8139901683794], [-72.71504865275818, 41.8139901683794]]], [[[-72.71474620437418, 41.8140060624114], [-72.71475681659818, 41.8140060624114], [-72.71475681659818, 41.814001043243394], [-72.71474620437418, 41.814001043243394], [-72.71474620437418, 41.8140060624114]]], [[[-72.71529096520618, 41.8140043893554], [-72.71529804002218, 41.8140043893554], [-72.71529804002218, 41.8139976971314], [-72.71529096520618, 41.8139976971314], [-72.71529096520618, 41.8140043893554]]], [[[-72.71477185058218, 41.8140060624114], [-72.71478246280617, 41.8140060624114], [-72.71478246280617, 41.814001043243394], [-72.71477185058218, 41.814001043243394], [-72.71477185058218, 41.8140060624114]]], [[[-72.71528831215018, 41.8143724616754], [-72.71530865224618, 41.8143724616754], [-72.71530865224618, 41.81436325986739], [-72.71528831215018, 41.81436325986739], [-72.71528831215018, 41.8143724616754]]], [[[-72.71531042095019, 41.813890621547394], [-72.71531042095019, 41.8138998233554], [-72.7153192644702, 41.8138998233554], [-72.7153192644702, 41.813890621547394], [-72.71531042095019, 41.813890621547394]]], [[[-72.71476300706219, 41.81417002189939], [-72.71476300706219, 41.8141499452274], [-72.71475239483819, 41.8141499452274], [-72.71475239483819, 41.81417002189939], [-72.71476300706219, 41.81417002189939]]], [[[-72.71541742754218, 41.8143724616754], [-72.71543865199017, 41.8143724616754], [-72.71543865199017, 41.81436325986739], [-72.71541742754218, 41.81436325986739], [-72.71541742754218, 41.8143724616754]]], [[[-72.71532810799019, 41.813890621547394], [-72.71532810799019, 41.8138998233554], [-72.7153192644702, 41.8138998233554], [-72.7153192644702, 41.813890621547394], [-72.71532810799019, 41.813890621547394]]], [[[-72.71437919829418, 41.814224396219394], [-72.71437919829418, 41.814202646491395], [-72.71436947042218, 41.814202646491395], [-72.71436947042218, 41.814224396219394], [-72.71437919829418, 41.814224396219394]]], [[[-72.71514946888618, 41.814065455899396], [-72.71514946888618, 41.814045379227395], [-72.71515565935017, 41.814045379227395], [-72.71515565935017, 41.814065455899396], [-72.71514946888618, 41.814065455899396]]], [[[-72.71531838011818, 41.8139751108754], [-72.71532457058218, 41.8139751108754], [-72.71532457058218, 41.8139700917074], [-72.71531838011818, 41.8139700917074], [-72.71531838011818, 41.8139751108754]]], [[[-72.71491776866218, 41.814356567643394], [-72.71492307477418, 41.814356567643394], [-72.71492307477418, 41.8143456927794], [-72.71491776866218, 41.8143456927794], [-72.71491776866218, 41.814356567643394]]], [[[-72.71463300731817, 41.8143557311154], [-72.71462327944619, 41.8143557311154], [-72.71462327944619, 41.8143523850034], [-72.71463300731817, 41.8143523850034], [-72.71463300731817, 41.8143557311154]]], [[[-72.71525824418217, 41.8140043893554], [-72.71526443464617, 41.8140043893554], [-72.71526443464617, 41.8139976971314], [-72.71525824418217, 41.8139976971314], [-72.71525824418217, 41.8140043893554]]], [[[-72.71443137506218, 41.814335654443404], [-72.71442695330218, 41.814335654443404], [-72.71442695330218, 41.8143314718034], [-72.71443137506218, 41.8143314718034], [-72.71443137506218, 41.814335654443404]]], [[[-72.71445259951017, 41.8139617264274], [-72.71445259951017, 41.813939976699395], [-72.71446321173418, 41.813939976699395], [-72.71446321173418, 41.8139617264274], [-72.71445259951017, 41.8139617264274]]], [[[-72.71496198626218, 41.814148272171394], [-72.71496198626218, 41.81412735897139], [-72.71495579579818, 41.81412735897139], [-72.71495579579818, 41.814148272171394], [-72.71496198626218, 41.814148272171394]]], [[[-72.71492484347819, 41.8140855325714], [-72.71492484347819, 41.814065455899396], [-72.71491599995818, 41.814065455899396], [-72.71491599995818, 41.8140855325714], [-72.71492484347819, 41.8140855325714]]], [[[-72.71526531899818, 41.813971764763394], [-72.71527150946218, 41.813971764763394], [-72.71527150946218, 41.813965072539396], [-72.71526531899818, 41.813965072539396], [-72.71526531899818, 41.813971764763394]]], [[[-72.71455164693417, 41.81432143346739], [-72.71454634082218, 41.81432143346739], [-72.71454634082218, 41.81431139513139], [-72.71455164693417, 41.81431139513139], [-72.71455164693417, 41.81432143346739]]], [[[-72.71565708693417, 41.814405922795395], [-72.71565708693417, 41.8144142880754], [-72.71567742703019, 41.8144142880754], [-72.71567742703019, 41.814405922795395], [-72.71565708693417, 41.814405922795395]]], [[[-72.71501239432618, 41.8143105586034], [-72.71501239432618, 41.8143147412434], [-72.71500266645417, 41.8143147412434], [-72.71500266645417, 41.8143105586034], [-72.71501239432618, 41.8143105586034]]], [[[-72.71528300603819, 41.813827045419394], [-72.71529008085419, 41.813827045419394], [-72.71529008085419, 41.813819516667394], [-72.71528300603819, 41.813819516667394], [-72.71528300603819, 41.813827045419394]]], [[[-72.71455429999018, 41.8137977669394], [-72.71455429999018, 41.813776017211396], [-72.71456314351018, 41.813776017211396], [-72.71456314351018, 41.8137977669394], [-72.71455429999018, 41.8137977669394]]], [[[-72.71489123810218, 41.8143105586034], [-72.71489123810218, 41.8143147412434], [-72.71490185032619, 41.8143147412434], [-72.71490185032619, 41.8143105586034], [-72.71489123810218, 41.8143105586034]]], [[[-72.71467457186219, 41.813937467115394], [-72.71467457186219, 41.8139165539154], [-72.71466572834217, 41.8139165539154], [-72.71466572834217, 41.813937467115394], [-72.71467457186219, 41.813937467115394]]], [[[-72.71539708744619, 41.8143222699954], [-72.71539708744619, 41.8143306352754], [-72.71541742754218, 41.8143306352754], [-72.71541742754218, 41.8143222699954], [-72.71539708744619, 41.8143222699954]]], [[[-72.71456491221419, 41.81418675245939], [-72.71456491221419, 41.8141859159314], [-72.71457552443817, 41.8141859159314], [-72.71457552443817, 41.81418675245939], [-72.71456491221419, 41.81418675245939]]], [[[-72.71525824418217, 41.813965072539396], [-72.71526443464617, 41.813965072539396], [-72.71526443464617, 41.8139592168434], [-72.71525824418217, 41.8139592168434], [-72.71525824418217, 41.813965072539396]]], [[[-72.71531218965418, 41.8139809665714], [-72.71531838011818, 41.8139809665714], [-72.71531838011818, 41.8139751108754], [-72.71531218965418, 41.8139751108754], [-72.71531218965418, 41.8139809665714]]], [[[-72.71456668091818, 41.8140872056274], [-72.71456668091818, 41.814065455899396], [-72.71457552443817, 41.814065455899396], [-72.71457552443817, 41.8140872056274], [-72.71456668091818, 41.8140872056274]]], [[[-72.71507164591019, 41.81427542442739], [-72.71507164591019, 41.81425534775539], [-72.71507783637418, 41.81425534775539], [-72.71507783637418, 41.81427542442739], [-72.71507164591019, 41.81427542442739]]], [[[-72.71489123810218, 41.81376514234739], [-72.71487531976618, 41.81376514234739], [-72.71487531976618, 41.813755940539394], [-72.71489123810218, 41.813755940539394], [-72.71489123810218, 41.81376514234739]]], [[[-72.71475593224618, 41.8143482023634], [-72.71473559215019, 41.8143482023634], [-72.71473559215019, 41.8143532215314], [-72.71475593224618, 41.8143532215314], [-72.71475593224618, 41.8143482023634]]], [[[-72.71530953659817, 41.8143724616754], [-72.71533076104619, 41.8143724616754], [-72.71533076104619, 41.81436325986739], [-72.71530953659817, 41.81436325986739], [-72.71530953659817, 41.8143724616754]]], [[[-72.71520429871018, 41.813806132219405], [-72.71520429871018, 41.8137852190194], [-72.71521314223018, 41.8137852190194], [-72.71521314223018, 41.813806132219405], [-72.71520429871018, 41.813806132219405]]], [[[-72.71461178287018, 41.8142545112274], [-72.71461178287018, 41.8142335980274], [-72.71460382370218, 41.8142335980274], [-72.71460382370218, 41.8142545112274], [-72.71461178287018, 41.8142545112274]]], [[[-72.71520429871018, 41.81378438249139], [-72.71520429871018, 41.813764305819404], [-72.71521314223018, 41.813764305819404], [-72.71521314223018, 41.81378438249139], [-72.71520429871018, 41.81378438249139]]], [[[-72.71449858581418, 41.8142327614994], [-72.71450831368618, 41.8142327614994], [-72.71450831368618, 41.814212684827396], [-72.71449858581418, 41.814212684827396], [-72.71449858581418, 41.8142327614994]]], [[[-72.71543776763818, 41.8137216428914], [-72.71541565883818, 41.8137216428914], [-72.71541565883818, 41.813731681227395], [-72.71543776763818, 41.813731681227395], [-72.71543776763818, 41.8137216428914]]], [[[-72.71548286959018, 41.8137216428914], [-72.71546076079018, 41.8137216428914], [-72.71546076079018, 41.813731681227395], [-72.71548286959018, 41.813731681227395], [-72.71548286959018, 41.8137216428914]]], [[[-72.71475593224618, 41.8137216428914], [-72.71473382344618, 41.8137216428914], [-72.71473382344618, 41.813731681227395], [-72.71475593224618, 41.813731681227395], [-72.71475593224618, 41.8137216428914]]], [[[-72.71542627106219, 41.81404203311539], [-72.71544661115819, 41.81404203311539], [-72.71544661115819, 41.814050398395395], [-72.71542627106219, 41.814050398395395], [-72.71542627106219, 41.81404203311539]]], [[[-72.71589055586219, 41.8142595303954], [-72.71589055586219, 41.8142377806674], [-72.71588082799018, 41.8142377806674], [-72.71588082799018, 41.8142595303954], [-72.71589055586219, 41.8142595303954]]], [[[-72.71492661218218, 41.81417002189939], [-72.71492661218218, 41.8141499452274], [-72.71493545570218, 41.8141499452274], [-72.71493545570218, 41.81417002189939], [-72.71492661218218, 41.81417002189939]]], [[[-72.71561552239018, 41.814391701819396], [-72.71561552239018, 41.8143699520914], [-72.71562436591017, 41.8143699520914], [-72.71562436591017, 41.814391701819396], [-72.71561552239018, 41.814391701819396]]], [[[-72.71518484296618, 41.81412819549939], [-72.71518484296618, 41.814107282299396], [-72.71519103343017, 41.814107282299396], [-72.71519103343017, 41.81412819549939], [-72.71518484296618, 41.81412819549939]]], [[[-72.71503361877417, 41.8142335980274], [-72.71503361877417, 41.814212684827396], [-72.7150274283102, 41.814212684827396], [-72.7150274283102, 41.8142335980274], [-72.71503361877417, 41.8142335980274]]], [[[-72.71532633928618, 41.81412735897139], [-72.71532633928618, 41.814112301467404], [-72.71531661141418, 41.814112301467404], [-72.71531661141418, 41.81412735897139], [-72.71532633928618, 41.81412735897139]]], [[[-72.71572518203818, 41.814131541611395], [-72.71570395759018, 41.814131541611395], [-72.71570395759018, 41.81414241647539], [-72.71572518203818, 41.81414241647539], [-72.71572518203818, 41.814131541611395]]], [[[-72.71555538645418, 41.814131541611395], [-72.71553327765417, 41.814131541611395], [-72.71553327765417, 41.81414241647539], [-72.71555538645418, 41.81414241647539], [-72.71555538645418, 41.814131541611395]]], [[[-72.71548729135019, 41.8141382338354], [-72.71548729135019, 41.8141181571634], [-72.71547844783018, 41.8141181571634], [-72.71547844783018, 41.8141382338354], [-72.71548729135019, 41.8141382338354]]], [[[-72.71560137275819, 41.8140646193714], [-72.71560137275819, 41.814042869643394], [-72.71561198498217, 41.814042869643394], [-72.71561198498217, 41.8140646193714], [-72.71560137275819, 41.8140646193714]]], [[[-72.71525293807018, 41.814040360059394], [-72.71527416251818, 41.814040360059394], [-72.71527416251818, 41.8140345043634], [-72.71525293807018, 41.8140345043634], [-72.71525293807018, 41.814040360059394]]], [[[-72.71571456981418, 41.814108955355394], [-72.71571456981418, 41.8140872056274], [-72.71572518203818, 41.8140872056274], [-72.71572518203818, 41.814108955355394], [-72.71571456981418, 41.814108955355394]]], [[[-72.7156562025822, 41.814108955355394], [-72.7156562025822, 41.8140872056274], [-72.71564559035818, 41.8140872056274], [-72.71564559035818, 41.814108955355394], [-72.7156562025822, 41.814108955355394]]], [[[-72.71503361877417, 41.8142545112274], [-72.71503361877417, 41.8142335980274], [-72.7150274283102, 41.8142335980274], [-72.7150274283102, 41.8142545112274], [-72.71503361877417, 41.8142545112274]]], [[[-72.71532722363817, 41.81407884034739], [-72.71534844808617, 41.81407884034739], [-72.71534844808617, 41.814070475067396], [-72.71532722363817, 41.814070475067396], [-72.71532722363817, 41.81407884034739]]], [[[-72.71503361877417, 41.8141491086994], [-72.71503361877417, 41.81412819549939], [-72.7150274283102, 41.81412819549939], [-72.7150274283102, 41.8141491086994], [-72.71503361877417, 41.8141491086994]]], [[[-72.71500089775017, 41.8140637828434], [-72.71500089775017, 41.814042869643394], [-72.71500708821418, 41.814042869643394], [-72.71500708821418, 41.8140637828434], [-72.71500089775017, 41.8140637828434]]], [[[-72.71548729135019, 41.8141591470354], [-72.71548729135019, 41.814139070363396], [-72.71547844783018, 41.814139070363396], [-72.71547844783018, 41.8141591470354], [-72.71548729135019, 41.8141591470354]]], [[[-72.71495668015018, 41.8138605065394], [-72.71495668015018, 41.813839593339395], [-72.71496552367019, 41.813839593339395], [-72.71496552367019, 41.8138605065394], [-72.71495668015018, 41.8138605065394]]], [[[-72.71467987797419, 41.8143724616754], [-72.71470110242218, 41.8143724616754], [-72.71470110242218, 41.8143666059794], [-72.71467987797419, 41.8143666059794], [-72.71467987797419, 41.8143724616754]]], [[[-72.71512559138218, 41.8138186801394], [-72.71512559138218, 41.8137969304114], [-72.71511674786218, 41.8137969304114], [-72.71511674786218, 41.8138186801394], [-72.71512559138218, 41.8138186801394]]], [[[-72.71446232738218, 41.81396339948339], [-72.71444021858217, 41.81396339948339], [-72.71444021858217, 41.8139734378194], [-72.71446232738218, 41.8139734378194], [-72.71446232738218, 41.81396339948339]]], [[[-72.7147638914142, 41.8141909350994], [-72.7147638914142, 41.8141708584274], [-72.71477273493419, 41.8141708584274], [-72.71477273493419, 41.8141909350994], [-72.7147638914142, 41.8141909350994]]], [[[-72.71479838114217, 41.8143247795794], [-72.71479838114217, 41.8143147412434], [-72.71480368725419, 41.8143147412434], [-72.71480368725419, 41.8143247795794], [-72.71479838114217, 41.8143247795794]]], [[[-72.71558368571819, 41.81436827903539], [-72.71556599867819, 41.81436827903539], [-72.71556599867819, 41.814359077227394], [-72.71558368571819, 41.814359077227394], [-72.71558368571819, 41.81436827903539]]], [[[-72.7154359989342, 41.8142377806674], [-72.71545633903017, 41.8142377806674], [-72.71545633903017, 41.814246982475396], [-72.7154359989342, 41.814246982475396], [-72.7154359989342, 41.8142377806674]]], [[[-72.71463654472618, 41.8143724616754], [-72.71465776917418, 41.8143724616754], [-72.71465776917418, 41.8143666059794], [-72.71463654472618, 41.8143666059794], [-72.71463654472618, 41.8143724616754]]], [[[-72.71492661218218, 41.81412819549939], [-72.71492661218218, 41.814107282299396], [-72.71493545570218, 41.814107282299396], [-72.71493545570218, 41.81412819549939], [-72.71492661218218, 41.81412819549939]]], [[[-72.71541389013419, 41.81407884034739], [-72.71543511458218, 41.81407884034739], [-72.71543511458218, 41.814070475067396], [-72.71541389013419, 41.814070475067396], [-72.71541389013419, 41.81407884034739]]], [[[-72.71513089749418, 41.8137216428914], [-72.71511055739818, 41.8137216428914], [-72.71511055739818, 41.813731681227395], [-72.71513089749418, 41.813731681227395], [-72.71513089749418, 41.8137216428914]]], [[[-72.71503361877417, 41.81412819549939], [-72.71503361877417, 41.814107282299396], [-72.7150274283102, 41.814107282299396], [-72.7150274283102, 41.81412819549939], [-72.71503361877417, 41.81412819549939]]], [[[-72.71500708821418, 41.8141917716274], [-72.71499382293418, 41.8141917716274], [-72.71499382293418, 41.8141976273234], [-72.71500708821418, 41.8141976273234], [-72.71500708821418, 41.8141917716274]]], [[[-72.71512559138218, 41.8139625629554], [-72.71512559138218, 41.813952524619395], [-72.71511674786218, 41.813952524619395], [-72.71511674786218, 41.8139625629554], [-72.71512559138218, 41.8139625629554]]], [[[-72.71499912904618, 41.814084696043395], [-72.71499912904618, 41.8140646193714], [-72.71499293858218, 41.8140646193714], [-72.71499293858218, 41.814084696043395], [-72.71499912904618, 41.814084696043395]]], [[[-72.71503361877417, 41.8140855325714], [-72.71503361877417, 41.814065455899396], [-72.7150274283102, 41.814065455899396], [-72.7150274283102, 41.8140855325714], [-72.71503361877417, 41.8140855325714]]], [[[-72.71500708821418, 41.8140411965874], [-72.71499382293418, 41.8140411965874], [-72.71499382293418, 41.8140353408914], [-72.71500708821418, 41.8140353408914], [-72.71500708821418, 41.8140411965874]]], [[[-72.71525293807018, 41.81404203311539], [-72.71527416251818, 41.81404203311539], [-72.71527416251818, 41.814050398395395], [-72.71525293807018, 41.814050398395395], [-72.71525293807018, 41.81404203311539]]], [[[-72.71500089775017, 41.814084696043395], [-72.71500089775017, 41.8140646193714], [-72.71500708821418, 41.8140646193714], [-72.71500708821418, 41.814084696043395], [-72.71500089775017, 41.814084696043395]]], [[[-72.71492661218218, 41.8141491086994], [-72.71492661218218, 41.81412819549939], [-72.71493545570218, 41.81412819549939], [-72.71493545570218, 41.8141491086994], [-72.71492661218218, 41.8141491086994]]], [[[-72.71533960456618, 41.81404203311539], [-72.71536082901419, 41.81404203311539], [-72.71536082901419, 41.814050398395395], [-72.71533960456618, 41.814050398395395], [-72.71533960456618, 41.81404203311539]]], [[[-72.71538293781418, 41.81404203311539], [-72.7154032779102, 41.81404203311539], [-72.7154032779102, 41.814050398395395], [-72.71538293781418, 41.814050398395395], [-72.71538293781418, 41.81404203311539]]], [[[-72.71500089775017, 41.81412735897139], [-72.71500089775017, 41.8141064457714], [-72.71500708821418, 41.8141064457714], [-72.71500708821418, 41.81412735897139], [-72.71500089775017, 41.81412735897139]]], [[[-72.71512559138218, 41.8139291018354], [-72.71512559138218, 41.8139081886354], [-72.71511674786218, 41.8139081886354], [-72.71511674786218, 41.8139291018354], [-72.71512559138218, 41.8139291018354]]], [[[-72.71437919829418, 41.81380696874739], [-72.71437919829418, 41.813786055547396], [-72.71436947042218, 41.813786055547396], [-72.71436947042218, 41.81380696874739], [-72.71437919829418, 41.81380696874739]]], [[[-72.71492661218218, 41.8140646193714], [-72.71492661218218, 41.8140437061714], [-72.71493545570218, 41.8140437061714], [-72.71493545570218, 41.8140646193714], [-72.71492661218218, 41.8140646193714]]], [[[-72.71480457160618, 41.8142335980274], [-72.71480457160618, 41.814212684827396], [-72.71481429947819, 41.814212684827396], [-72.71481429947819, 41.8142335980274], [-72.71480457160618, 41.8142335980274]]], [[[-72.71471702075817, 41.8138136609714], [-72.71471702075817, 41.81379609388339], [-72.71473028603819, 41.81379609388339], [-72.71473028603819, 41.8138136609714], [-72.71471702075817, 41.8138136609714]]], [[[-72.71571456981418, 41.81404203311539], [-72.71571456981418, 41.814021119915395], [-72.71572518203818, 41.814021119915395], [-72.71572518203818, 41.81404203311539], [-72.71571456981418, 41.81404203311539]]], [[[-72.71451096674218, 41.813930774891396], [-72.71451096674218, 41.8139098616914], [-72.71452157896618, 41.8139098616914], [-72.71452157896618, 41.813930774891396], [-72.71451096674218, 41.813930774891396]]], [[[-72.71468606843817, 41.8142335980274], [-72.71468606843817, 41.814212684827396], [-72.71469668066219, 41.814212684827396], [-72.71469668066219, 41.8142335980274], [-72.71468606843817, 41.8142335980274]]], [[[-72.7154359989342, 41.81407884034739], [-72.71545633903017, 41.81407884034739], [-72.71545633903017, 41.814070475067396], [-72.7154359989342, 41.814070475067396], [-72.7154359989342, 41.81407884034739]]], [[[-72.71482402735019, 41.8137216428914], [-72.7148019185502, 41.8137216428914], [-72.7148019185502, 41.813731681227395], [-72.71482402735019, 41.813731681227395], [-72.71482402735019, 41.8137216428914]]], [[[-72.7154359989342, 41.8140805134034], [-72.71545633903017, 41.8140805134034], [-72.71545633903017, 41.8140897152114], [-72.7154359989342, 41.8140897152114], [-72.7154359989342, 41.8140805134034]]], [[[-72.71548729135019, 41.8141173206354], [-72.71548729135019, 41.81409640743539], [-72.71547844783018, 41.81409640743539], [-72.71547844783018, 41.8141173206354], [-72.71548729135019, 41.8141173206354]]], [[[-72.71523790408618, 41.81387556404339], [-72.71523790408618, 41.813854650843396], [-72.71523171362219, 41.813854650843396], [-72.71523171362219, 41.81387556404339], [-72.71523790408618, 41.81387556404339]]], [[[-72.71488416328619, 41.8139541976754], [-72.71488416328619, 41.813932447947394], [-72.71487443541419, 41.813932447947394], [-72.71487443541419, 41.8139541976754], [-72.71488416328619, 41.8139541976754]]], [[[-72.71534933243818, 41.8141959542674], [-72.71537055688619, 41.8141959542674], [-72.71537055688619, 41.8141875889874], [-72.71534933243818, 41.8141875889874], [-72.71534933243818, 41.8141959542674]]], [[[-72.71521314223018, 41.813996860603396], [-72.71519722389418, 41.813996860603396], [-72.71519722389418, 41.8140060624114], [-72.71521314223018, 41.8140060624114], [-72.71521314223018, 41.813996860603396]]], [[[-72.71515565935017, 41.814278770539396], [-72.71513974101418, 41.814278770539396], [-72.71513974101418, 41.8142846262354], [-72.71515565935017, 41.8142846262354], [-72.71515565935017, 41.814278770539396]]], [[[-72.71451185109419, 41.81416751231539], [-72.71451185109419, 41.8141666757874], [-72.71449947016619, 41.8141666757874], [-72.71449947016619, 41.81416751231539], [-72.71451185109419, 41.81416751231539]]], [[[-72.71540416226217, 41.81404203311539], [-72.71542538671018, 41.81404203311539], [-72.71542538671018, 41.814050398395395], [-72.71540416226217, 41.814050398395395], [-72.71540416226217, 41.81404203311539]]], [[[-72.71476300706219, 41.8142118482994], [-72.71476300706219, 41.8141917716274], [-72.71475239483819, 41.8141917716274], [-72.71475239483819, 41.8142118482994], [-72.71476300706219, 41.8142118482994]]], [[[-72.71589055586219, 41.81432561610739], [-72.71589055586219, 41.8143038663794], [-72.71588082799018, 41.8143038663794], [-72.71588082799018, 41.81432561610739], [-72.71589055586219, 41.81432561610739]]], [[[-72.71518484296618, 41.8141909350994], [-72.71518484296618, 41.8141708584274], [-72.71519103343017, 41.8141708584274], [-72.71519103343017, 41.8141909350994], [-72.71518484296618, 41.8141909350994]]], [[[-72.71534933243818, 41.8141591470354], [-72.71537055688619, 41.8141591470354], [-72.71537055688619, 41.81416751231539], [-72.71534933243818, 41.81416751231539], [-72.71534933243818, 41.8141591470354]]], [[[-72.71518484296618, 41.81417002189939], [-72.71518484296618, 41.8141499452274], [-72.71519103343017, 41.8141499452274], [-72.71519103343017, 41.81417002189939], [-72.71518484296618, 41.81417002189939]]], [[[-72.71472409557418, 41.8141373973074], [-72.71472409557418, 41.81412735897139], [-72.71471790511019, 41.81412735897139], [-72.71471790511019, 41.8141373973074], [-72.71472409557418, 41.8141373973074]]], [[[-72.71537055688619, 41.8141591470354], [-72.71539178133419, 41.8141591470354], [-72.71539178133419, 41.81416751231539], [-72.71537055688619, 41.81416751231539], [-72.71537055688619, 41.8141591470354]]], [[[-72.71492484347819, 41.8141909350994], [-72.71492484347819, 41.8141708584274], [-72.71491599995818, 41.8141708584274], [-72.71491599995818, 41.8141909350994], [-72.71492484347819, 41.8141909350994]]], [[[-72.71529627131818, 41.81404203311539], [-72.71531749576619, 41.81404203311539], [-72.71531749576619, 41.814050398395395], [-72.71529627131818, 41.814050398395395], [-72.71529627131818, 41.81404203311539]]], [[[-72.71488416328619, 41.8139759474034], [-72.71488416328619, 41.813955034203396], [-72.71487443541419, 41.813955034203396], [-72.71487443541419, 41.8139759474034], [-72.71488416328619, 41.8139759474034]]], [[[-72.71582865122218, 41.81404203311539], [-72.71582865122218, 41.814021119915395], [-72.71583837909418, 41.814021119915395], [-72.71583837909418, 41.81404203311539], [-72.71582865122218, 41.81404203311539]]], [[[-72.71582865122218, 41.8140646193714], [-72.71582865122218, 41.814042869643394], [-72.71583837909418, 41.814042869643394], [-72.71583837909418, 41.8140646193714], [-72.71582865122218, 41.8140646193714]]], [[[-72.71589055586219, 41.8142369441394], [-72.71589055586219, 41.81421519441139], [-72.71588082799018, 41.81421519441139], [-72.71588082799018, 41.8142369441394], [-72.71589055586219, 41.8142369441394]]], [[[-72.71456314351018, 41.813996860603396], [-72.71454368776618, 41.813996860603396], [-72.71454368776618, 41.81400522588339], [-72.71456314351018, 41.81400522588339], [-72.71456314351018, 41.813996860603396]]], [[[-72.71495225839018, 41.814315577771396], [-72.71495844885419, 41.814315577771396], [-72.71495844885419, 41.8143105586034], [-72.71495225839018, 41.8143105586034], [-72.71495225839018, 41.814315577771396]]], [[[-72.71577205269418, 41.8140646193714], [-72.71577205269418, 41.814042869643394], [-72.71578266491818, 41.814042869643394], [-72.71578266491818, 41.8140646193714], [-72.71577205269418, 41.8140646193714]]], [[[-72.71542273365418, 41.813760959707395], [-72.71544484245418, 41.813760959707395], [-72.71544484245418, 41.8137525944274], [-72.71542273365418, 41.8137525944274], [-72.71542273365418, 41.813760959707395]]], [[[-72.71445083080617, 41.814212684827396], [-72.71445083080617, 41.8142110117714], [-72.71446321173418, 41.8142110117714], [-72.71446321173418, 41.814212684827396], [-72.71445083080617, 41.814212684827396]]], [[[-72.71456491221419, 41.814180060235394], [-72.71456491221419, 41.814178387179396], [-72.71457552443817, 41.814178387179396], [-72.71457552443817, 41.814180060235394], [-72.71456491221419, 41.814180060235394]]], [[[-72.71514946888618, 41.814107282299396], [-72.71514946888618, 41.8140872056274], [-72.71515565935017, 41.8140872056274], [-72.71515565935017, 41.814107282299396], [-72.71514946888618, 41.814107282299396]]], [[[-72.71456491221419, 41.8142511651154], [-72.71456491221419, 41.8142503285874], [-72.71457552443817, 41.8142503285874], [-72.71457552443817, 41.8142511651154], [-72.71456491221419, 41.8142511651154]]], [[[-72.71472497992619, 41.8141909350994], [-72.71472497992619, 41.8141708584274], [-72.71473117039018, 41.8141708584274], [-72.71473117039018, 41.8141909350994], [-72.71472497992619, 41.8141909350994]]], [[[-72.71589055586219, 41.8143038663794], [-72.71589055586219, 41.8142821166514], [-72.71588082799018, 41.8142821166514], [-72.71588082799018, 41.8143038663794], [-72.71589055586219, 41.8143038663794]]], [[[-72.7148019185502, 41.8138630161234], [-72.7148019185502, 41.8138412663954], [-72.71479219067818, 41.8138412663954], [-72.71479219067818, 41.8138630161234], [-72.7148019185502, 41.8138630161234]]], [[[-72.71456491221419, 41.8142160309394], [-72.71456491221419, 41.8142143578834], [-72.71457552443817, 41.8142143578834], [-72.71457552443817, 41.8142160309394], [-72.71456491221419, 41.8142160309394]]], [[[-72.71582865122218, 41.8140863690994], [-72.71582865122218, 41.814065455899396], [-72.71583837909418, 41.814065455899396], [-72.71583837909418, 41.8140863690994], [-72.71582865122218, 41.8140863690994]]], [[[-72.71456491221419, 41.814165839259395], [-72.71456491221419, 41.8141641662034], [-72.71457552443817, 41.8141641662034], [-72.71457552443817, 41.814165839259395], [-72.71456491221419, 41.814165839259395]]], [[[-72.71456491221419, 41.814158310507395], [-72.71456491221419, 41.81415663745139], [-72.71457552443817, 41.81415663745139], [-72.71457552443817, 41.814158310507395], [-72.71456491221419, 41.814158310507395]]], [[[-72.71456491221419, 41.814150781755394], [-72.71456491221419, 41.8141499452274], [-72.71457552443817, 41.8141499452274], [-72.71457552443817, 41.814150781755394], [-72.71456491221419, 41.814150781755394]]], [[[-72.71456491221419, 41.81414408953139], [-72.71456491221419, 41.81414241647539], [-72.71457552443817, 41.81414241647539], [-72.71457552443817, 41.81414408953139], [-72.71456491221419, 41.81414408953139]]], [[[-72.71438096699819, 41.8142478190034], [-72.71439069487018, 41.8142478190034], [-72.71439069487018, 41.8142277423314], [-72.71438096699819, 41.8142277423314], [-72.71438096699819, 41.8142478190034]]], [[[-72.71510790434218, 41.814065455899396], [-72.71510790434218, 41.814045379227395], [-72.71509906082218, 41.814045379227395], [-72.71509906082218, 41.814065455899396], [-72.71510790434218, 41.814065455899396]]], [[[-72.71503450312618, 41.81427542442739], [-72.71503450312618, 41.81425534775539], [-72.71504069359018, 41.81425534775539], [-72.71504069359018, 41.81427542442739], [-72.71503450312618, 41.81427542442739]]], [[[-72.71533960456618, 41.814040360059394], [-72.71536082901419, 41.814040360059394], [-72.71536082901419, 41.8140345043634], [-72.71533960456618, 41.8140345043634], [-72.71533960456618, 41.814040360059394]]], [[[-72.71582865122218, 41.814108955355394], [-72.71582865122218, 41.8140872056274], [-72.71583837909418, 41.8140872056274], [-72.71583837909418, 41.814108955355394], [-72.71582865122218, 41.814108955355394]]], [[[-72.71541389013419, 41.8142369441394], [-72.71543511458218, 41.8142369441394], [-72.71543511458218, 41.8142277423314], [-72.71541389013419, 41.8142277423314], [-72.71541389013419, 41.8142369441394]]], [[[-72.71534933243818, 41.81407884034739], [-72.71537055688619, 41.81407884034739], [-72.71537055688619, 41.814070475067396], [-72.71534933243818, 41.814070475067396], [-72.71534933243818, 41.81407884034739]]], [[[-72.7156562025822, 41.8140863690994], [-72.7156562025822, 41.814065455899396], [-72.71564559035818, 41.814065455899396], [-72.71564559035818, 41.8140863690994], [-72.7156562025822, 41.8140863690994]]], [[[-72.71537055688619, 41.8141181571634], [-72.71539178133419, 41.8141181571634], [-72.71539178133419, 41.814108955355394], [-72.71537055688619, 41.814108955355394], [-72.71537055688619, 41.8141181571634]]], [[[-72.71541389013419, 41.8141181571634], [-72.71543511458218, 41.8141181571634], [-72.71543511458218, 41.814108955355394], [-72.71541389013419, 41.814108955355394], [-72.71541389013419, 41.8141181571634]]], [[[-72.71537055688619, 41.814118993691395], [-72.71539178133419, 41.814118993691395], [-72.71539178133419, 41.81412819549939], [-72.71537055688619, 41.81412819549939], [-72.71537055688619, 41.814118993691395]]], [[[-72.71565885563818, 41.8140863690994], [-72.71565885563818, 41.814065455899396], [-72.71566946786217, 41.814065455899396], [-72.71566946786217, 41.8140863690994], [-72.71565885563818, 41.8140863690994]]], [[[-72.71485232661418, 41.8143724616754], [-72.71486559189418, 41.8143724616754], [-72.71486559189418, 41.8143666059794], [-72.71485232661418, 41.8143666059794], [-72.71485232661418, 41.8143724616754]]], [[[-72.71489654421418, 41.8143532215314], [-72.71489654421418, 41.8143381640274], [-72.71489123810218, 41.8143381640274], [-72.71489123810218, 41.8143532215314], [-72.71489654421418, 41.8143532215314]]], [[[-72.71577028399018, 41.813974274347395], [-72.71579239279018, 41.813974274347395], [-72.71579239279018, 41.813984312683395], [-72.71577028399018, 41.813984312683395], [-72.71577028399018, 41.813974274347395]]], [[[-72.71514946888618, 41.8140863690994], [-72.71514946888618, 41.8140662924274], [-72.71515565935017, 41.8140662924274], [-72.71515565935017, 41.8140863690994], [-72.71514946888618, 41.8140863690994]]], [[[-72.71531838011818, 41.813965072539396], [-72.71532457058218, 41.813965072539396], [-72.71532457058218, 41.8139592168434], [-72.71531838011818, 41.8139592168434], [-72.71531838011818, 41.813965072539396]]], [[[-72.71531838011818, 41.81398598573939], [-72.71532457058218, 41.81398598573939], [-72.71532457058218, 41.8139809665714], [-72.71531838011818, 41.8139809665714], [-72.71531838011818, 41.81398598573939]]], [[[-72.71531838011818, 41.8139592168434], [-72.71532457058218, 41.8139592168434], [-72.71532457058218, 41.8139541976754], [-72.71531838011818, 41.8139541976754], [-72.71531838011818, 41.8139592168434]]], [[[-72.71531218965418, 41.813991841435396], [-72.71531838011818, 41.813991841435396], [-72.71531838011818, 41.81398598573939], [-72.71531218965418, 41.81398598573939], [-72.71531218965418, 41.813991841435396]]], [[[-72.71531218965418, 41.813996860603396], [-72.71531838011818, 41.813996860603396], [-72.71531838011818, 41.813991841435396], [-72.71531218965418, 41.813991841435396], [-72.71531218965418, 41.813996860603396]]], [[[-72.71531218965418, 41.813965072539396], [-72.71531838011818, 41.813965072539396], [-72.71531838011818, 41.8139592168434], [-72.71531218965418, 41.8139592168434], [-72.71531218965418, 41.813965072539396]]], [[[-72.71531218965418, 41.8139700917074], [-72.71531838011818, 41.8139700917074], [-72.71531838011818, 41.813965072539396], [-72.71531218965418, 41.813965072539396], [-72.71531218965418, 41.8139700917074]]], [[[-72.71531218965418, 41.8139541976754], [-72.71531838011818, 41.8139541976754], [-72.71531838011818, 41.81394917850739], [-72.71531218965418, 41.81394917850739], [-72.71531218965418, 41.8139541976754]]], [[[-72.71529184955818, 41.8139592168434], [-72.71529804002218, 41.8139592168434], [-72.71529804002218, 41.813952524619395], [-72.71529184955818, 41.813952524619395], [-72.71529184955818, 41.8139592168434]]], [[[-72.71529184955818, 41.8139458323954], [-72.71529804002218, 41.8139458323954], [-72.71529804002218, 41.813939976699395], [-72.71529184955818, 41.813939976699395], [-72.71529184955818, 41.8139458323954]]], [[[-72.71528477474219, 41.8139901683794], [-72.71529096520618, 41.8139901683794], [-72.71529096520618, 41.813984312683395], [-72.71528477474219, 41.813984312683395], [-72.71528477474219, 41.8139901683794]]], [[[-72.71528477474219, 41.81397762045939], [-72.71529096520618, 41.81397762045939], [-72.71529096520618, 41.813971764763394], [-72.71528477474219, 41.813971764763394], [-72.71528477474219, 41.81397762045939]]], [[[-72.71526531899818, 41.8139592168434], [-72.71527150946218, 41.8139592168434], [-72.71527150946218, 41.813952524619395], [-72.71526531899818, 41.813952524619395], [-72.71526531899818, 41.8139592168434]]], [[[-72.71525824418217, 41.8139458323954], [-72.71526443464617, 41.8139458323954], [-72.71526443464617, 41.813939976699395], [-72.71525824418217, 41.813939976699395], [-72.71525824418217, 41.8139458323954]]], [[[-72.71523878843819, 41.813984312683395], [-72.71524497890218, 41.813984312683395], [-72.71524497890218, 41.81397762045939], [-72.71523878843819, 41.81397762045939], [-72.71523878843819, 41.813984312683395]]], [[[-72.71523878843819, 41.813939976699395], [-72.71524497890218, 41.813939976699395], [-72.71524497890218, 41.813933284475404], [-72.71523878843819, 41.813933284475404], [-72.71523878843819, 41.813939976699395]]], [[[-72.71523082927017, 41.8139592168434], [-72.71523790408618, 41.8139592168434], [-72.71523790408618, 41.813952524619395], [-72.71523082927017, 41.813952524619395], [-72.71523082927017, 41.8139592168434]]], [[[-72.71523082927017, 41.813965072539396], [-72.71523790408618, 41.813965072539396], [-72.71523790408618, 41.8139592168434], [-72.71523082927017, 41.8139592168434], [-72.71523082927017, 41.813965072539396]]], [[[-72.71528477474219, 41.8140043893554], [-72.71529096520618, 41.8140043893554], [-72.71529096520618, 41.8139976971314], [-72.71528477474219, 41.8139976971314], [-72.71528477474219, 41.8140043893554]]], [[[-72.71444640904618, 41.814334817915395], [-72.71444198728618, 41.814334817915395], [-72.71444198728618, 41.814329798747394], [-72.71444640904618, 41.814329798747394], [-72.71444640904618, 41.814334817915395]]], [[[-72.71445083080617, 41.8137684884594], [-72.71445083080617, 41.81376765193139], [-72.71443844987819, 41.81376765193139], [-72.71443844987819, 41.8137684884594], [-72.71445083080617, 41.8137684884594]]], [[[-72.71469668066219, 41.8140411965874], [-72.71467545621418, 41.8140411965874], [-72.71467545621418, 41.8140353408914], [-72.71469668066219, 41.8140353408914], [-72.71469668066219, 41.8140411965874]]], [[[-72.71579327714217, 41.813974274347395], [-72.71581538594218, 41.813974274347395], [-72.71581538594218, 41.813984312683395], [-72.71579327714217, 41.813984312683395], [-72.71579327714217, 41.813974274347395]]], [[[-72.71510790434218, 41.814107282299396], [-72.71510790434218, 41.8140872056274], [-72.71509906082218, 41.8140872056274], [-72.71509906082218, 41.814107282299396], [-72.71510790434218, 41.814107282299396]]], [[[-72.71495756450217, 41.8137216428914], [-72.71494695227818, 41.8137216428914], [-72.71494695227818, 41.813731681227395], [-72.71495756450217, 41.813731681227395], [-72.71495756450217, 41.8137216428914]]], [[[-72.71494606792619, 41.8137216428914], [-72.71493280264617, 41.8137216428914], [-72.71493280264617, 41.813731681227395], [-72.71494606792619, 41.813731681227395], [-72.71494606792619, 41.8137216428914]]], [[[-72.71517423074216, 41.8137216428914], [-72.71515389064618, 41.8137216428914], [-72.71515389064618, 41.813731681227395], [-72.71517423074216, 41.813731681227395], [-72.71517423074216, 41.8137216428914]]], [[[-72.71454987823019, 41.8137216428914], [-72.7145286537822, 41.8137216428914], [-72.7145286537822, 41.813731681227395], [-72.71454987823019, 41.813731681227395], [-72.71454987823019, 41.8137216428914]]], [[[-72.71488946939819, 41.8137216428914], [-72.71486824495018, 41.8137216428914], [-72.71486824495018, 41.813731681227395], [-72.71488946939819, 41.813731681227395], [-72.71488946939819, 41.8137216428914]]], [[[-72.71491069384618, 41.8137216428914], [-72.71488946939819, 41.8137216428914], [-72.71488946939819, 41.813731681227395], [-72.71491069384618, 41.813731681227395], [-72.71491069384618, 41.8137216428914]]], [[[-72.7148019185502, 41.8137216428914], [-72.71477980975018, 41.8137216428914], [-72.71477980975018, 41.813731681227395], [-72.7148019185502, 41.813731681227395], [-72.7148019185502, 41.8137216428914]]], [[[-72.71541477448618, 41.8137216428914], [-72.71539266568618, 41.8137216428914], [-72.71539266568618, 41.813731681227395], [-72.71541477448618, 41.813731681227395], [-72.71541477448618, 41.8137216428914]]], [[[-72.71532457058218, 41.8137216428914], [-72.71530246178219, 41.8137216428914], [-72.71530246178219, 41.813731681227395], [-72.71532457058218, 41.813731681227395], [-72.71532457058218, 41.8137216428914]]], [[[-72.71523171362219, 41.8139098616914], [-72.71523790408618, 41.8139098616914], [-72.71523790408618, 41.8139031694674], [-72.71523171362219, 41.8139031694674], [-72.71523171362219, 41.8139098616914]]], [[[-72.71524232584618, 41.8137216428914], [-72.71522021704618, 41.8137216428914], [-72.71522021704618, 41.813731681227395], [-72.71524232584618, 41.813731681227395], [-72.71524232584618, 41.8137216428914]]], [[[-72.71469756501418, 41.8137216428914], [-72.71467545621418, 41.8137216428914], [-72.71467545621418, 41.813731681227395], [-72.71469756501418, 41.813731681227395], [-72.71469756501418, 41.8137216428914]]], [[[-72.71448355183018, 41.8137224794194], [-72.71448266747818, 41.8137224794194], [-72.71448266747818, 41.813734190811395], [-72.71448355183018, 41.813734190811395], [-72.71448355183018, 41.8137224794194]]], [[[-72.71450566063018, 41.8137224794194], [-72.71450477627819, 41.8137224794194], [-72.71450477627819, 41.813734190811395], [-72.71450566063018, 41.813734190811395], [-72.71450566063018, 41.8137224794194]]], [[[-72.71449151099817, 41.8137224794194], [-72.71448974229418, 41.8137224794194], [-72.71448974229418, 41.813734190811395], [-72.71449151099817, 41.813734190811395], [-72.71449151099817, 41.8137224794194]]], [[[-72.71510790434218, 41.8141290320274], [-72.71510790434218, 41.8141081188274], [-72.71509906082218, 41.8141081188274], [-72.71509906082218, 41.8141290320274], [-72.71510790434218, 41.8141290320274]]], [[[-72.71451361979818, 41.8137224794194], [-72.71451185109419, 41.8137224794194], [-72.71451185109419, 41.813734190811395], [-72.71451361979818, 41.813734190811395], [-72.71451361979818, 41.8137224794194]]], [[[-72.71510790434218, 41.8140863690994], [-72.71510790434218, 41.8140662924274], [-72.71509906082218, 41.8140662924274], [-72.71509906082218, 41.8140863690994], [-72.71510790434218, 41.8140863690994]]], [[[-72.7150097412702, 41.81373753692339], [-72.71504776840618, 41.81373753692339], [-72.71504776840618, 41.81372080636339], [-72.7150097412702, 41.81372080636339], [-72.7150097412702, 41.81373753692339]]], [[[-72.71504776840618, 41.81373753692339], [-72.71509287035818, 41.81373753692339], [-72.71509287035818, 41.81372080636339], [-72.71504776840618, 41.81372080636339], [-72.71504776840618, 41.81373753692339]]], [[[-72.71525912853419, 41.8138872754354], [-72.71526443464617, 41.8138872754354], [-72.71526443464617, 41.81388058321139], [-72.71525912853419, 41.81388058321139], [-72.71525912853419, 41.8138872754354]]], [[[-72.71526531899818, 41.813873890987395], [-72.71527062511018, 41.813873890987395], [-72.71527062511018, 41.8138671987634], [-72.71526531899818, 41.8138671987634], [-72.71526531899818, 41.813873890987395]]], [[[-72.71526531899818, 41.8138872754354], [-72.71527062511018, 41.8138872754354], [-72.71527062511018, 41.81388058321139], [-72.71526531899818, 41.81388058321139], [-72.71526531899818, 41.8138872754354]]], [[[-72.71529184955818, 41.8138680352914], [-72.71529715567019, 41.8138680352914], [-72.71529715567019, 41.813861343067394], [-72.71529184955818, 41.813861343067394], [-72.71529184955818, 41.8138680352914]]], [[[-72.71528565909419, 41.8138680352914], [-72.71529096520618, 41.8138680352914], [-72.71529096520618, 41.813861343067394], [-72.71528565909419, 41.813861343067394], [-72.71528565909419, 41.8138680352914]]], [[[-72.71529184955818, 41.813888111963394], [-72.71529715567019, 41.813888111963394], [-72.71529715567019, 41.813881419739396], [-72.71529184955818, 41.813881419739396], [-72.71529184955818, 41.813888111963394]]], [[[-72.71526531899818, 41.8138605065394], [-72.71527062511018, 41.8138605065394], [-72.71527062511018, 41.8138538143154], [-72.71526531899818, 41.8138538143154], [-72.71526531899818, 41.8138605065394]]], [[[-72.71507076155818, 41.8142118482994], [-72.71507076155818, 41.8141917716274], [-72.71506191803817, 41.8141917716274], [-72.71506191803817, 41.8142118482994], [-72.71507076155818, 41.8142118482994]]], [[[-72.71581538594218, 41.813974274347395], [-72.71583749474217, 41.813974274347395], [-72.71583749474217, 41.813984312683395], [-72.71581538594218, 41.813984312683395], [-72.71581538594218, 41.813974274347395]]], [[[-72.71583837909418, 41.813974274347395], [-72.71586048789419, 41.813974274347395], [-72.71586048789419, 41.813984312683395], [-72.71583837909418, 41.813984312683395], [-72.71583837909418, 41.813974274347395]]], [[[-72.71506810850218, 41.81434903889139], [-72.71504688405417, 41.81434903889139], [-72.71504688405417, 41.814354894587396], [-72.71506810850218, 41.814354894587396], [-72.71506810850218, 41.81434903889139]]], [[[-72.71510790434218, 41.8141499452274], [-72.71510790434218, 41.8141290320274], [-72.71509906082218, 41.8141290320274], [-72.71509906082218, 41.8141499452274], [-72.71510790434218, 41.8141499452274]]], [[[-72.71507164591019, 41.8142545112274], [-72.71507164591019, 41.8142335980274], [-72.71507783637418, 41.8142335980274], [-72.71507783637418, 41.8142545112274], [-72.71507164591019, 41.8142545112274]]], [[[-72.71439157922218, 41.814226905803395], [-72.71440219144618, 41.814226905803395], [-72.71440219144618, 41.8142059926034], [-72.71439157922218, 41.8142059926034], [-72.71439157922218, 41.814226905803395]]], [[[-72.71518218991018, 41.81427542442739], [-72.71518218991018, 41.81425534775539], [-72.71517599944617, 41.81425534775539], [-72.71517599944617, 41.81427542442739], [-72.71518218991018, 41.81427542442739]]], [[[-72.71586137224618, 41.813974274347395], [-72.71588348104618, 41.813974274347395], [-72.71588348104618, 41.813984312683395], [-72.71586137224618, 41.813984312683395], [-72.71586137224618, 41.813974274347395]]], [[[-72.71496375496618, 41.8141056092434], [-72.71496375496618, 41.8140855325714], [-72.71497259848617, 41.8140855325714], [-72.71497259848617, 41.8141056092434], [-72.71496375496618, 41.8141056092434]]], [[[-72.71513266619819, 41.814347365835395], [-72.71513266619819, 41.8143314718034], [-72.71512736008619, 41.8143314718034], [-72.71512736008619, 41.814347365835395], [-72.71513266619819, 41.814347365835395]]], [[[-72.71507076155818, 41.81417002189939], [-72.71507076155818, 41.8141499452274], [-72.71506191803817, 41.8141499452274], [-72.71506191803817, 41.81417002189939], [-72.71507076155818, 41.81417002189939]]], [[[-72.71504599970218, 41.81434903889139], [-72.71502565960618, 41.81434903889139], [-72.71502565960618, 41.814354894587396], [-72.71504599970218, 41.814354894587396], [-72.71504599970218, 41.81434903889139]]], [[[-72.71445083080617, 41.8139408132274], [-72.71445083080617, 41.8139391401714], [-72.71443844987819, 41.8139391401714], [-72.71443844987819, 41.8139408132274], [-72.71445083080617, 41.8139408132274]]], [[[-72.71528389039018, 41.8138429394514], [-72.71529892437418, 41.8138429394514], [-72.71529892437418, 41.8138354106994], [-72.71528389039018, 41.8138354106994], [-72.71528389039018, 41.8138429394514]]], [[[-72.71539266568618, 41.8137216428914], [-72.71537055688619, 41.8137216428914], [-72.71537055688619, 41.813731681227395], [-72.71539266568618, 41.813731681227395], [-72.71539266568618, 41.8137216428914]]], [[[-72.71472409557418, 41.8141265224434], [-72.71472409557418, 41.8141064457714], [-72.71471790511019, 41.8141064457714], [-72.71471790511019, 41.8141265224434], [-72.71472409557418, 41.8141265224434]]], [[[-72.71434028680618, 41.814067965483396], [-72.71434028680618, 41.814062946315396], [-72.71433586504618, 41.814062946315396], [-72.71433586504618, 41.814067965483396], [-72.71434028680618, 41.814067965483396]]], [[[-72.71496375496618, 41.81412735897139], [-72.71496375496618, 41.8141064457714], [-72.71497259848617, 41.8141064457714], [-72.71497259848617, 41.81412735897139], [-72.71496375496618, 41.81412735897139]]], [[[-72.71463566037417, 41.8138487951474], [-72.71463566037417, 41.8138278819474], [-72.71464450389418, 41.8138278819474], [-72.71464450389418, 41.8138487951474], [-72.71463566037417, 41.8138487951474]]], [[[-72.71543423023019, 41.813893967659396], [-72.71543423023019, 41.8138722179314], [-72.71542361800617, 41.8138722179314], [-72.71542361800617, 41.813893967659396], [-72.71543423023019, 41.813893967659396]]], [[[-72.71449327970218, 41.8143724616754], [-72.71451450415017, 41.8143724616754], [-72.71451450415017, 41.8143666059794], [-72.71449327970218, 41.8143666059794], [-72.71449327970218, 41.8143724616754]]], [[[-72.7151114417502, 41.81432143346739], [-72.71509021730218, 41.81432143346739], [-72.71509021730218, 41.8143272891634], [-72.7151114417502, 41.8143272891634], [-72.7151114417502, 41.81432143346739]]], [[[-72.71508933295019, 41.81432143346739], [-72.71506899285417, 41.81432143346739], [-72.71506899285417, 41.8143272891634], [-72.71508933295019, 41.8143272891634], [-72.71508933295019, 41.81432143346739]]], [[[-72.71445083080617, 41.814098080491405], [-72.71445083080617, 41.81409640743539], [-72.71443844987819, 41.81409640743539], [-72.71443844987819, 41.814098080491405], [-72.71445083080617, 41.814098080491405]]], [[[-72.71445083080617, 41.8140688020114], [-72.71445083080617, 41.814067965483396], [-72.71443844987819, 41.814067965483396], [-72.71443844987819, 41.8140688020114], [-72.71445083080617, 41.8140688020114]]], [[[-72.71445083080617, 41.8141624931474], [-72.71445083080617, 41.814160820091395], [-72.71446321173418, 41.814160820091395], [-72.71446321173418, 41.8141624931474], [-72.71445083080617, 41.8141624931474]]], [[[-72.71445083080617, 41.814234434555395], [-72.71445083080617, 41.8142327614994], [-72.71446321173418, 41.8142327614994], [-72.71446321173418, 41.814234434555395], [-72.71445083080617, 41.814234434555395]]], [[[-72.71438096699819, 41.814160820091395], [-72.71438096699819, 41.8141599835634], [-72.71439334792619, 41.8141599835634], [-72.71439334792619, 41.814160820091395], [-72.71438096699819, 41.814160820091395]]], [[[-72.71445083080617, 41.8138186801394], [-72.71445083080617, 41.813817843611396], [-72.71443844987819, 41.813817843611396], [-72.71443844987819, 41.8138186801394], [-72.71445083080617, 41.8138186801394]]], [[[-72.71444640904618, 41.81432143346739], [-72.71444198728618, 41.81432143346739], [-72.71444198728618, 41.8143164142994], [-72.71444640904618, 41.8143164142994], [-72.71444640904618, 41.81432143346739]]], [[[-72.71444640904618, 41.81432812569139], [-72.71444198728618, 41.81432812569139], [-72.71444198728618, 41.814323106523396], [-72.71444640904618, 41.814323106523396], [-72.71444640904618, 41.81432812569139]]], [[[-72.71525912853419, 41.8138605065394], [-72.71526443464617, 41.8138605065394], [-72.71526443464617, 41.8138538143154], [-72.71525912853419, 41.8138538143154], [-72.71525912853419, 41.8138605065394]]], [[[-72.71451538850218, 41.8143724616754], [-72.71453572859818, 41.8143724616754], [-72.71453572859818, 41.8143666059794], [-72.71451538850218, 41.8143666059794], [-72.71451538850218, 41.8143724616754]]], [[[-72.71472409557418, 41.8142335980274], [-72.71472409557418, 41.814212684827396], [-72.71471790511019, 41.814212684827396], [-72.71471790511019, 41.8142335980274], [-72.71472409557418, 41.8142335980274]]], [[[-72.71523171362219, 41.8138111513874], [-72.71523790408618, 41.8138111513874], [-72.71523790408618, 41.8138036226354], [-72.71523171362219, 41.8138036226354], [-72.71523171362219, 41.8138111513874]]], [[[-72.71471613640618, 41.81395168809139], [-72.71471613640618, 41.813929938363394], [-72.71470729288619, 41.813929938363394], [-72.71470729288619, 41.81395168809139], [-72.71471613640618, 41.81395168809139]]], [[[-72.71467634056619, 41.813871381403395], [-72.71467634056619, 41.813849631675396], [-72.71468518408619, 41.813849631675396], [-72.71468518408619, 41.813871381403395], [-72.71467634056619, 41.813871381403395]]], [[[-72.71464627259819, 41.8142118482994], [-72.71464627259819, 41.8141917716274], [-72.71464008213418, 41.8141917716274], [-72.71464008213418, 41.8142118482994], [-72.71464627259819, 41.8142118482994]]], [[[-72.71532722363817, 41.8141574739794], [-72.71534844808617, 41.8141574739794], [-72.71534844808617, 41.8141474356434], [-72.71532722363817, 41.8141474356434], [-72.71532722363817, 41.8141574739794]]], [[[-72.71472497992619, 41.81412819549939], [-72.71472497992619, 41.814107282299396], [-72.71473117039018, 41.814107282299396], [-72.71473117039018, 41.81412819549939], [-72.71472497992619, 41.81412819549939]]], [[[-72.71524321019817, 41.814052907979395], [-72.71525205371819, 41.814052907979395], [-72.71525205371819, 41.8140512349234], [-72.71524321019817, 41.8140512349234], [-72.71524321019817, 41.814052907979395]]], [[[-72.71464627259819, 41.813925755723396], [-72.71464627259819, 41.81391739044339], [-72.71464450389418, 41.81391739044339], [-72.71464450389418, 41.813925755723396], [-72.71464627259819, 41.813925755723396]]], [[[-72.71531661141418, 41.8141691853714], [-72.71532633928618, 41.8141691853714], [-72.71532633928618, 41.81416751231539], [-72.71531661141418, 41.81416751231539], [-72.71531661141418, 41.8141691853714]]], [[[-72.71456491221419, 41.81400522588339], [-72.71456491221419, 41.813996860603396], [-72.71456314351018, 41.813996860603396], [-72.71456314351018, 41.81400522588339], [-72.71456491221419, 41.81400522588339]]], [[[-72.71502477525418, 41.814334817915395], [-72.71502477525418, 41.814329798747394], [-72.71503008136618, 41.814329798747394], [-72.71503008136618, 41.814334817915395], [-72.71502477525418, 41.814334817915395]]], [[[-72.71521491093418, 41.8140060624114], [-72.71521491093418, 41.813996860603396], [-72.71521314223018, 41.813996860603396], [-72.71521314223018, 41.8140060624114], [-72.71521491093418, 41.8140060624114]]], [[[-72.71460647675819, 41.81400522588339], [-72.71460647675819, 41.813996860603396], [-72.71460470805418, 41.813996860603396], [-72.71460470805418, 41.81400522588339], [-72.71460647675819, 41.81400522588339]]], [[[-72.71498144200618, 41.814315577771396], [-72.71498674811818, 41.814315577771396], [-72.71498674811818, 41.8143105586034], [-72.71498144200618, 41.8143105586034], [-72.71498144200618, 41.814315577771396]]], [[[-72.71487531976618, 41.814183406347404], [-72.71489389115817, 41.814183406347404], [-72.71489389115817, 41.8141884255154], [-72.71487531976618, 41.8141884255154], [-72.71487531976618, 41.814183406347404]]], [[[-72.71457464008617, 41.8140411965874], [-72.71455429999018, 41.8140411965874], [-72.71455429999018, 41.8140353408914], [-72.71457464008617, 41.8140353408914], [-72.71457464008617, 41.8140411965874]]], [[[-72.71437035477419, 41.8140462157554], [-72.71439246357417, 41.8140462157554], [-72.71439246357417, 41.8140370139474], [-72.71437035477419, 41.8140370139474], [-72.71437035477419, 41.8140462157554]]], [[[-72.71444110293419, 41.8143164142994], [-72.71444110293419, 41.8143264526354], [-72.7144322594142, 41.8143264526354], [-72.7144322594142, 41.8143164142994], [-72.71444110293419, 41.8143164142994]]], [[[-72.71564824341418, 41.8143699520914], [-72.71565708693417, 41.8143699520914], [-72.71565708693417, 41.81434903889139], [-72.71564824341418, 41.81434903889139], [-72.71564824341418, 41.8143699520914]]], [[[-72.71562436591017, 41.8142745878994], [-72.71564205295017, 41.8142745878994], [-72.71564205295017, 41.8142545112274], [-72.71562436591017, 41.8142545112274], [-72.71562436591017, 41.8142745878994]]], [[[-72.71562436591017, 41.8143147412434], [-72.71564205295017, 41.8143147412434], [-72.71564205295017, 41.81429466457139], [-72.71562436591017, 41.81429466457139], [-72.71562436591017, 41.8143147412434]]], [[[-72.71562436591017, 41.814224396219394], [-72.71564205295017, 41.814224396219394], [-72.71564205295017, 41.81420348301939], [-72.71562436591017, 41.81420348301939], [-72.71562436591017, 41.814224396219394]]], [[[-72.71545899208618, 41.8143139047154], [-72.7154483798622, 41.8143139047154], [-72.7154483798622, 41.8143189238834], [-72.71545899208618, 41.8143189238834], [-72.71545899208618, 41.8143139047154]]], [[[-72.71542803976618, 41.8143289622194], [-72.71542803976618, 41.8143390005554], [-72.71543334587818, 41.8143390005554], [-72.71543334587818, 41.8143289622194], [-72.71542803976618, 41.8143289622194]]], [[[-72.71578178056619, 41.8141323781394], [-72.71576055611817, 41.8141323781394], [-72.71576055611817, 41.81414241647539], [-72.71578178056619, 41.81414241647539], [-72.71578178056619, 41.8141323781394]]], [[[-72.71489654421418, 41.814337327499395], [-72.71489654421418, 41.81431725082739], [-72.71489123810218, 41.81431725082739], [-72.71489123810218, 41.814337327499395], [-72.71489654421418, 41.814337327499395]]], [[[-72.71510525128619, 41.81434903889139], [-72.71508756424619, 41.81434903889139], [-72.71508756424619, 41.814354894587396], [-72.71510525128619, 41.814354894587396], [-72.71510525128619, 41.81434903889139]]], [[[-72.71476566011819, 41.8138404298674], [-72.71476566011819, 41.813819516667394], [-72.71477185058218, 41.813819516667394], [-72.71477185058218, 41.8138404298674], [-72.71476566011819, 41.8138404298674]]], [[[-72.71499912904618, 41.814148272171394], [-72.71499912904618, 41.81412735897139], [-72.71499293858218, 41.81412735897139], [-72.71499293858218, 41.814148272171394], [-72.71499912904618, 41.814148272171394]]], [[[-72.71444906210218, 41.8142729148434], [-72.71444906210218, 41.8142603669234], [-72.71443844987819, 41.8142603669234], [-72.71443844987819, 41.8142729148434], [-72.71444906210218, 41.8142729148434]]], [[[-72.71534933243818, 41.8142369441394], [-72.71537055688619, 41.8142369441394], [-72.71537055688619, 41.8142277423314], [-72.71534933243818, 41.8142277423314], [-72.71534933243818, 41.8142369441394]]], [[[-72.71472497992619, 41.81417002189939], [-72.71472497992619, 41.8141499452274], [-72.71473117039018, 41.8141499452274], [-72.71473117039018, 41.81417002189939], [-72.71472497992619, 41.81417002189939]]], [[[-72.71510878869418, 41.814065455899396], [-72.71510878869418, 41.814045379227395], [-72.71511851656618, 41.814045379227395], [-72.71511851656618, 41.814065455899396], [-72.71510878869418, 41.814065455899396]]], [[[-72.71445259951017, 41.8138847658514], [-72.71445259951017, 41.8138630161234], [-72.71446321173418, 41.8138630161234], [-72.71446321173418, 41.8138847658514], [-72.71445259951017, 41.8138847658514]]], [[[-72.71484348309417, 41.8138847658514], [-72.71484348309417, 41.813863852651394], [-72.71483287087018, 41.813863852651394], [-72.71483287087018, 41.8138847658514], [-72.71484348309417, 41.8138847658514]]], [[[-72.71523171362219, 41.8138964772434], [-72.71523790408618, 41.8138964772434], [-72.71523790408618, 41.81388978501939], [-72.71523171362219, 41.81388978501939], [-72.71523171362219, 41.8138964772434]]], [[[-72.71443137506218, 41.81432143346739], [-72.71442695330218, 41.81432143346739], [-72.71442695330218, 41.81431725082739], [-72.71443137506218, 41.81431725082739], [-72.71443137506218, 41.81432143346739]]], [[[-72.71443137506218, 41.8143314718034], [-72.71442695330218, 41.8143314718034], [-72.71442695330218, 41.81432143346739], [-72.71443137506218, 41.81432143346739], [-72.71443137506218, 41.8143314718034]]], [[[-72.71484348309417, 41.8138630161234], [-72.71484348309417, 41.8138412663954], [-72.71483287087018, 41.8138412663954], [-72.71483287087018, 41.8138630161234], [-72.71484348309417, 41.8138630161234]]], [[[-72.71510878869418, 41.8140863690994], [-72.71510878869418, 41.8140662924274], [-72.71511851656618, 41.8140662924274], [-72.71511851656618, 41.8140863690994], [-72.71510878869418, 41.8140863690994]]], [[[-72.71503450312618, 41.8142335980274], [-72.71503450312618, 41.814212684827396], [-72.71504069359018, 41.814212684827396], [-72.71504069359018, 41.8142335980274], [-72.71503450312618, 41.8142335980274]]], [[[-72.71503450312618, 41.8142545112274], [-72.71503450312618, 41.8142335980274], [-72.71504069359018, 41.8142335980274], [-72.71504069359018, 41.8142545112274], [-72.71503450312618, 41.8142545112274]]], [[[-72.71467191880618, 41.814319760411394], [-72.71465157871019, 41.814319760411394], [-72.71465157871019, 41.8143247795794], [-72.71467191880618, 41.8143247795794], [-72.71467191880618, 41.814319760411394]]], [[[-72.71480457160618, 41.8142545112274], [-72.71480457160618, 41.8142335980274], [-72.71481429947819, 41.8142335980274], [-72.71481429947819, 41.8142545112274], [-72.71480457160618, 41.8142545112274]]], [[[-72.71484348309417, 41.8139291018354], [-72.71484348309417, 41.8139081886354], [-72.71483287087018, 41.8139081886354], [-72.71483287087018, 41.8139291018354], [-72.71484348309417, 41.8139291018354]]], [[[-72.71532722363817, 41.814118993691395], [-72.71534844808617, 41.814118993691395], [-72.71534844808617, 41.81412819549939], [-72.71532722363817, 41.81412819549939], [-72.71532722363817, 41.814118993691395]]], [[[-72.71434647727018, 41.8137224794194], [-72.71434470856619, 41.8137224794194], [-72.71434470856619, 41.813734190811395], [-72.71434647727018, 41.813734190811395], [-72.71434647727018, 41.8137224794194]]], [[[-72.71532722363817, 41.8142377806674], [-72.71534844808617, 41.8142377806674], [-72.71534844808617, 41.814246982475396], [-72.71532722363817, 41.814246982475396], [-72.71532722363817, 41.8142377806674]]], [[[-72.71524497890218, 41.8143724616754], [-72.71526531899818, 41.8143724616754], [-72.71526531899818, 41.81436325986739], [-72.71524497890218, 41.81436325986739], [-72.71524497890218, 41.8143724616754]]], [[[-72.71507076155818, 41.8140855325714], [-72.71507076155818, 41.814065455899396], [-72.71506191803817, 41.814065455899396], [-72.71506191803817, 41.8140855325714], [-72.71507076155818, 41.8140855325714]]], [[[-72.71450477627819, 41.8143557311154], [-72.71450477627819, 41.814335654443404], [-72.71450919803817, 41.814335654443404], [-72.71450919803817, 41.8143557311154], [-72.71450477627819, 41.8143557311154]]], [[[-72.71445083080617, 41.814112301467404], [-72.71445083080617, 41.8141106284114], [-72.71443844987819, 41.8141106284114], [-72.71443844987819, 41.814112301467404], [-72.71445083080617, 41.814112301467404]]], [[[-72.71531838011818, 41.813787728603394], [-72.71532457058218, 41.813787728603394], [-72.71532457058218, 41.8137801998514], [-72.71531838011818, 41.8137801998514], [-72.71531838011818, 41.813787728603394]]], [[[-72.71445083080617, 41.81410477271539], [-72.71445083080617, 41.8141039361874], [-72.71446321173418, 41.8141039361874], [-72.71446321173418, 41.81410477271539], [-72.71445083080617, 41.81410477271539]]], [[[-72.71445083080617, 41.81407633076339], [-72.71445083080617, 41.8140754942354], [-72.71446321173418, 41.8140754942354], [-72.71446321173418, 41.81407633076339], [-72.71445083080617, 41.81407633076339]]], [[[-72.71445083080617, 41.814112301467404], [-72.71445083080617, 41.8141106284114], [-72.71446321173418, 41.8141106284114], [-72.71446321173418, 41.814112301467404], [-72.71445083080617, 41.814112301467404]]], [[[-72.71438096699819, 41.81384377597939], [-72.71438096699819, 41.8138429394514], [-72.71439334792619, 41.8138429394514], [-72.71439334792619, 41.81384377597939], [-72.71438096699819, 41.81384377597939]]], [[[-72.71438096699819, 41.8139081886354], [-72.71438096699819, 41.8139073521074], [-72.71439334792619, 41.8139073521074], [-72.71439334792619, 41.8139081886354], [-72.71438096699819, 41.8139081886354]]], [[[-72.71438096699819, 41.8138722179314], [-72.71438096699819, 41.813871381403395], [-72.71439334792619, 41.813871381403395], [-72.71439334792619, 41.8138722179314], [-72.71438096699819, 41.8138722179314]]], [[[-72.71438096699819, 41.81409640743539], [-72.71438096699819, 41.8140955709074], [-72.71439334792619, 41.8140955709074], [-72.71439334792619, 41.81409640743539], [-72.71438096699819, 41.81409640743539]]], [[[-72.71438096699819, 41.813929938363394], [-72.71438096699819, 41.813928265307396], [-72.71439334792619, 41.813928265307396], [-72.71439334792619, 41.813929938363394], [-72.71438096699819, 41.813929938363394]]], [[[-72.71451185109419, 41.814139070363396], [-72.71451185109419, 41.8141382338354], [-72.71449947016619, 41.8141382338354], [-72.71449947016619, 41.814139070363396], [-72.71451185109419, 41.814139070363396]]], [[[-72.71450919803817, 41.814190098571395], [-72.71451981026219, 41.814190098571395], [-72.71451981026219, 41.81417002189939], [-72.71450919803817, 41.81417002189939], [-72.71450919803817, 41.814190098571395]]], [[[-72.71450919803817, 41.814276260955396], [-72.71451981026219, 41.814276260955396], [-72.71451981026219, 41.814266222619395], [-72.71450919803817, 41.814266222619395], [-72.71450919803817, 41.814276260955396]]], [[[-72.71589055586219, 41.814391701819396], [-72.71589055586219, 41.8143707886194], [-72.71588082799018, 41.8143707886194], [-72.71588082799018, 41.814391701819396], [-72.71589055586219, 41.814391701819396]]], [[[-72.71450919803817, 41.8142645495634], [-72.71451981026219, 41.8142645495634], [-72.71451981026219, 41.814234434555395], [-72.71450919803817, 41.814234434555395], [-72.71450919803817, 41.8142645495634]]], [[[-72.71471967381417, 41.8137216428914], [-72.71469756501418, 41.8137216428914], [-72.71469756501418, 41.813731681227395], [-72.71471967381417, 41.813731681227395], [-72.71471967381417, 41.8137216428914]]], [[[-72.71531218965418, 41.81398598573939], [-72.71531838011818, 41.81398598573939], [-72.71531838011818, 41.8139809665714], [-72.71531218965418, 41.8139809665714], [-72.71531218965418, 41.81398598573939]]], [[[-72.71445083080617, 41.814040360059394], [-72.71445083080617, 41.8140395235314], [-72.71446321173418, 41.8140395235314], [-72.71446321173418, 41.814040360059394], [-72.71445083080617, 41.814040360059394]]], [[[-72.71445083080617, 41.814047888811395], [-72.71445083080617, 41.8140462157554], [-72.71446321173418, 41.8140462157554], [-72.71446321173418, 41.814047888811395], [-72.71445083080617, 41.814047888811395]]], [[[-72.71536525077417, 41.8138671987634], [-72.71537055688619, 41.8138655257074], [-72.71536259771818, 41.813847122091396], [-72.71535729160618, 41.813849631675396], [-72.71536525077417, 41.8138671987634]]], [[[-72.71525824418217, 41.8139592168434], [-72.71526443464617, 41.8139592168434], [-72.71526443464617, 41.813952524619395], [-72.71525824418217, 41.813952524619395], [-72.71525824418217, 41.8139592168434]]], [[[-72.71514946888618, 41.814212684827396], [-72.71514946888618, 41.814192608155395], [-72.71515565935017, 41.814192608155395], [-72.71515565935017, 41.814212684827396], [-72.71514946888618, 41.814212684827396]]], [[[-72.71523171362219, 41.8137801998514], [-72.71523790408618, 41.8137801998514], [-72.71523790408618, 41.8137726710994], [-72.71523171362219, 41.8137726710994], [-72.71523171362219, 41.8137801998514]]], [[[-72.71525735983019, 41.813827045419394], [-72.71526355029418, 41.813827045419394], [-72.71526355029418, 41.813819516667394], [-72.71525735983019, 41.813819516667394], [-72.71525735983019, 41.813827045419394]]], [[[-72.71528477474219, 41.81407884034739], [-72.71530511483817, 41.81407884034739], [-72.71530511483817, 41.814070475067396], [-72.71528477474219, 41.814070475067396], [-72.71528477474219, 41.81407884034739]]], [[[-72.71530953659817, 41.813787728603394], [-72.71531572706219, 41.813787728603394], [-72.71531572706219, 41.8137801998514], [-72.71530953659817, 41.8137801998514], [-72.71530953659817, 41.813787728603394]]], [[[-72.7152405571422, 41.813827045419394], [-72.71524674760617, 41.813827045419394], [-72.71524674760617, 41.813819516667394], [-72.7152405571422, 41.813819516667394], [-72.7152405571422, 41.813827045419394]]], [[[-72.71439157922218, 41.814268732203395], [-72.71440219144618, 41.814268732203395], [-72.71440219144618, 41.8142486555314], [-72.71439157922218, 41.8142486555314], [-72.71439157922218, 41.814268732203395]]], [[[-72.71534933243818, 41.814118993691395], [-72.71537055688619, 41.814118993691395], [-72.71537055688619, 41.81412819549939], [-72.71534933243818, 41.81412819549939], [-72.71534933243818, 41.814118993691395]]], [[[-72.71514770018219, 41.8141499452274], [-72.71514770018219, 41.8141290320274], [-72.7151388566622, 41.8141290320274], [-72.7151388566622, 41.8141499452274], [-72.71514770018219, 41.8141499452274]]], [[[-72.71480457160618, 41.8142118482994], [-72.71480457160618, 41.8141917716274], [-72.71481429947819, 41.8141917716274], [-72.71481429947819, 41.8142118482994], [-72.71480457160618, 41.8142118482994]]], [[[-72.71488504763818, 41.813998533659394], [-72.71488504763818, 41.81397762045939], [-72.71489123810218, 41.81397762045939], [-72.71489123810218, 41.813998533659394], [-72.71488504763818, 41.813998533659394]]], [[[-72.71495756450217, 41.81373753692339], [-72.71499559163817, 41.81373753692339], [-72.71499559163817, 41.81372080636339], [-72.71495756450217, 41.81372080636339], [-72.71495756450217, 41.81373753692339]]], [[[-72.71518218991018, 41.8142118482994], [-72.71518218991018, 41.8141917716274], [-72.71517599944617, 41.8141917716274], [-72.71517599944617, 41.8142118482994], [-72.71518218991018, 41.8142118482994]]], [[[-72.71556511432618, 41.813952524619395], [-72.71559695099818, 41.813952524619395], [-72.71559695099818, 41.813937467115394], [-72.71556511432618, 41.813937467115394], [-72.71556511432618, 41.813952524619395]]], [[[-72.71574905954219, 41.8138379202834], [-72.71577559010217, 41.8138379202834], [-72.71577559010217, 41.8138538143154], [-72.71574905954219, 41.8138538143154], [-72.71574905954219, 41.8138379202834]]], [[[-72.71518218991018, 41.8141909350994], [-72.71518218991018, 41.8141708584274], [-72.71517599944617, 41.8141708584274], [-72.71517599944617, 41.8141909350994], [-72.71518218991018, 41.8141909350994]]], [[[-72.71589055586219, 41.814347365835395], [-72.71589055586219, 41.8143264526354], [-72.71588082799018, 41.8143264526354], [-72.71588082799018, 41.814347365835395], [-72.71589055586219, 41.814347365835395]]], [[[-72.7154483798622, 41.814050398395395], [-72.7154483798622, 41.8140353408914], [-72.71545722338219, 41.8140353408914], [-72.71545722338219, 41.814050398395395], [-72.7154483798622, 41.814050398395395]]], [[[-72.71438096699819, 41.813893967659396], [-72.71438096699819, 41.8138931311314], [-72.71439334792619, 41.8138931311314], [-72.71439334792619, 41.813893967659396], [-72.71438096699819, 41.813893967659396]]], [[[-72.71451185109419, 41.814146599115396], [-72.71451185109419, 41.8141449260594], [-72.71449947016619, 41.8141449260594], [-72.71449947016619, 41.814146599115396], [-72.71451185109419, 41.814146599115396]]], [[[-72.71445083080617, 41.81405458103539], [-72.71445083080617, 41.8140537445074], [-72.71446321173418, 41.8140537445074], [-72.71446321173418, 41.81405458103539], [-72.71445083080617, 41.81405458103539]]], [[[-72.71514770018219, 41.814065455899396], [-72.71514770018219, 41.814045379227395], [-72.7151388566622, 41.814045379227395], [-72.7151388566622, 41.814065455899396], [-72.71514770018219, 41.814065455899396]]], [[[-72.71471613640618, 41.8139073521074], [-72.71471613640618, 41.81388560237939], [-72.71470729288619, 41.81388560237939], [-72.71470729288619, 41.8139073521074], [-72.71471613640618, 41.8139073521074]]], [[[-72.71570837935018, 41.8143758077874], [-72.71570837935018, 41.8143607502834], [-72.71571456981418, 41.8143607502834], [-72.71571456981418, 41.8143758077874], [-72.71570837935018, 41.8143758077874]]], [[[-72.71507076155818, 41.8142335980274], [-72.71507076155818, 41.814212684827396], [-72.71506191803817, 41.814212684827396], [-72.71506191803817, 41.8142335980274], [-72.71507076155818, 41.8142335980274]]], [[[-72.71474443567018, 41.8143724616754], [-72.71476566011819, 41.8143724616754], [-72.71476566011819, 41.8143666059794], [-72.71474443567018, 41.8143666059794], [-72.71474443567018, 41.8143724616754]]], [[[-72.71548729135019, 41.8139508515634], [-72.71548729135019, 41.813930774891396], [-72.71547667912618, 41.813930774891396], [-72.71547667912618, 41.8139508515634], [-72.71548729135019, 41.8139508515634]]], [[[-72.71481341512617, 41.814276260955396], [-72.71479572808619, 41.814276260955396], [-72.71479572808619, 41.8142821166514], [-72.71481341512617, 41.8142821166514], [-72.71481341512617, 41.814276260955396]]], [[[-72.71467634056619, 41.81380445916339], [-72.71467634056619, 41.813783545963396], [-72.71468518408619, 41.813783545963396], [-72.71468518408619, 41.81380445916339], [-72.71467634056619, 41.81380445916339]]], [[[-72.71526620335018, 41.813764305819404], [-72.71527327816618, 41.813764305819404], [-72.71527327816618, 41.8137567770674], [-72.71526620335018, 41.8137567770674], [-72.71526620335018, 41.813764305819404]]], [[[-72.71520253000618, 41.813806132219405], [-72.71520253000618, 41.8137852190194], [-72.71519722389418, 41.8137852190194], [-72.71519722389418, 41.813806132219405], [-72.71520253000618, 41.813806132219405]]], [[[-72.71503361877417, 41.8141064457714], [-72.71503361877417, 41.8140863690994], [-72.7150274283102, 41.8140863690994], [-72.7150274283102, 41.8141064457714], [-72.71503361877417, 41.8141064457714]]], [[[-72.71479484373418, 41.813930774891396], [-72.71481076207019, 41.813930774891396], [-72.71481076207019, 41.813939976699395], [-72.71479484373418, 41.813939976699395], [-72.71479484373418, 41.813930774891396]]], [[[-72.71472409557418, 41.8141056092434], [-72.71472409557418, 41.814084696043395], [-72.71471790511019, 41.814084696043395], [-72.71471790511019, 41.8141056092434], [-72.71472409557418, 41.8141056092434]]], [[[-72.71529184955818, 41.813881419739396], [-72.71529715567019, 41.813881419739396], [-72.71529715567019, 41.813874727515405], [-72.71529184955818, 41.813874727515405], [-72.71529184955818, 41.813881419739396]]], [[[-72.71468606843817, 41.814116484107394], [-72.71468606843817, 41.8141064457714], [-72.71469668066219, 41.8141064457714], [-72.71469668066219, 41.814116484107394], [-72.71468606843817, 41.814116484107394]]], [[[-72.71472409557418, 41.814084696043395], [-72.71472409557418, 41.8140637828434], [-72.71471790511019, 41.8140637828434], [-72.71471790511019, 41.814084696043395], [-72.71472409557418, 41.814084696043395]]], [[[-72.71468518408619, 41.81412819549939], [-72.71468518408619, 41.814107282299396], [-72.71467457186219, 41.814107282299396], [-72.71467457186219, 41.81412819549939], [-72.71468518408619, 41.81412819549939]]], [[[-72.71488416328619, 41.8141030996594], [-72.71488416328619, 41.8140721481234], [-72.71487531976618, 41.8140721481234], [-72.71487531976618, 41.8141030996594], [-72.71488416328619, 41.8141030996594]]], [[[-72.71518218991018, 41.8142545112274], [-72.71518218991018, 41.8142335980274], [-72.71517599944617, 41.8142335980274], [-72.71517599944617, 41.8142545112274], [-72.71518218991018, 41.8142545112274]]], [[[-72.71525912853419, 41.813873890987395], [-72.71526443464617, 41.813873890987395], [-72.71526443464617, 41.8138671987634], [-72.71525912853419, 41.8138671987634], [-72.71525912853419, 41.813873890987395]]], [[[-72.71574729083818, 41.813974274347395], [-72.71576939963818, 41.813974274347395], [-72.71576939963818, 41.813984312683395], [-72.71574729083818, 41.813984312683395], [-72.71574729083818, 41.813974274347395]]], [[[-72.71516715592618, 41.813974274347395], [-72.71516715592618, 41.8139541976754], [-72.71517599944617, 41.8139541976754], [-72.71517599944617, 41.813974274347395], [-72.71516715592618, 41.813974274347395]]], [[[-72.71548729135019, 41.8140537445074], [-72.71548729135019, 41.81403366783539], [-72.71547844783018, 41.81403366783539], [-72.71547844783018, 41.8140537445074], [-72.71548729135019, 41.8140537445074]]], [[[-72.71455164693417, 41.8143523850034], [-72.71454634082218, 41.8143523850034], [-72.71454634082218, 41.81434234666739], [-72.71455164693417, 41.81434234666739], [-72.71455164693417, 41.8143523850034]]], [[[-72.71541742754218, 41.8143390005554], [-72.71540681531819, 41.8143390005554], [-72.71540681531819, 41.8143440197234], [-72.71541742754218, 41.8143440197234], [-72.71541742754218, 41.8143390005554]]], [[[-72.71523878843819, 41.813965072539396], [-72.71524497890218, 41.813965072539396], [-72.71524497890218, 41.8139592168434], [-72.71523878843819, 41.8139592168434], [-72.71523878843819, 41.813965072539396]]], [[[-72.71526531899818, 41.8139901683794], [-72.71527150946218, 41.8139901683794], [-72.71527150946218, 41.813984312683395], [-72.71526531899818, 41.813984312683395], [-72.71526531899818, 41.8139901683794]]], [[[-72.71525824418217, 41.81397762045939], [-72.71526443464617, 41.81397762045939], [-72.71526443464617, 41.813971764763394], [-72.71525824418217, 41.813971764763394], [-72.71525824418217, 41.81397762045939]]], [[[-72.71526531899818, 41.8139458323954], [-72.71527150946218, 41.8139458323954], [-72.71527150946218, 41.813939976699395], [-72.71526531899818, 41.813939976699395], [-72.71526531899818, 41.8139458323954]]], [[[-72.71491776866218, 41.8138872754354], [-72.71491776866218, 41.8138671987634], [-72.71491246255017, 41.8138671987634], [-72.71491246255017, 41.8138872754354], [-72.71491776866218, 41.8138872754354]]], [[[-72.71438096699819, 41.8139014964114], [-72.71438096699819, 41.8138998233554], [-72.71439334792619, 41.8138998233554], [-72.71439334792619, 41.8139014964114], [-72.71438096699819, 41.8139014964114]]], [[[-72.71449858581418, 41.814190098571395], [-72.71450831368618, 41.814190098571395], [-72.71450831368618, 41.81417002189939], [-72.71449858581418, 41.81417002189939], [-72.71449858581418, 41.814190098571395]]], [[[-72.71525735983019, 41.813787728603394], [-72.71526355029418, 41.813787728603394], [-72.71526355029418, 41.8137801998514], [-72.71525735983019, 41.8137801998514], [-72.71525735983019, 41.813787728603394]]], [[[-72.71523878843819, 41.8139592168434], [-72.71524497890218, 41.8139592168434], [-72.71524497890218, 41.813952524619395], [-72.71523878843819, 41.813952524619395], [-72.71523878843819, 41.8139592168434]]], [[[-72.71455164693417, 41.8143314718034], [-72.71454634082218, 41.8143314718034], [-72.71454634082218, 41.81432143346739], [-72.71455164693417, 41.81432143346739], [-72.71455164693417, 41.8143314718034]]], [[[-72.71445083080617, 41.814047888811395], [-72.71445083080617, 41.8140462157554], [-72.71443844987819, 41.8140462157554], [-72.71443844987819, 41.814047888811395], [-72.71445083080617, 41.814047888811395]]], [[[-72.71445083080617, 41.8140838595154], [-72.71445083080617, 41.814082186459395], [-72.71443844987819, 41.814082186459395], [-72.71443844987819, 41.8140838595154], [-72.71445083080617, 41.8140838595154]]], [[[-72.71445083080617, 41.81406210978739], [-72.71445083080617, 41.8140604367314], [-72.71443844987819, 41.8140604367314], [-72.71443844987819, 41.81406210978739], [-72.71445083080617, 41.81406210978739]]], [[[-72.71445083080617, 41.814040360059394], [-72.71445083080617, 41.8140395235314], [-72.71443844987819, 41.8140395235314], [-72.71443844987819, 41.814040360059394], [-72.71445083080617, 41.814040360059394]]], [[[-72.71445083080617, 41.814118993691395], [-72.71445083080617, 41.8141181571634], [-72.71443844987819, 41.8141181571634], [-72.71443844987819, 41.814118993691395], [-72.71445083080617, 41.814118993691395]]], [[[-72.71445083080617, 41.81409055173939], [-72.71445083080617, 41.8140897152114], [-72.71446321173418, 41.8140897152114], [-72.71446321173418, 41.81409055173939], [-72.71445083080617, 41.81409055173939]]], [[[-72.71445083080617, 41.814148272171394], [-72.71445083080617, 41.814146599115396], [-72.71446321173418, 41.814146599115396], [-72.71446321173418, 41.814148272171394], [-72.71445083080617, 41.814148272171394]]], [[[-72.71445083080617, 41.8140688020114], [-72.71445083080617, 41.814067965483396], [-72.71446321173418, 41.814067965483396], [-72.71446321173418, 41.8140688020114], [-72.71445083080617, 41.8140688020114]]], [[[-72.71438096699819, 41.8139583803154], [-72.71438096699819, 41.813957543787396], [-72.71439334792619, 41.813957543787396], [-72.71439334792619, 41.8139583803154], [-72.71438096699819, 41.8139583803154]]], [[[-72.71438096699819, 41.8139224096114], [-72.71438096699819, 41.8139215730834], [-72.71439334792619, 41.8139215730834], [-72.71439334792619, 41.8139224096114], [-72.71438096699819, 41.8139224096114]]], [[[-72.71438096699819, 41.813822026251394], [-72.71438096699819, 41.81382118972339], [-72.71439334792619, 41.81382118972339], [-72.71439334792619, 41.813822026251394], [-72.71438096699819, 41.813822026251394]]], [[[-72.71472409557418, 41.81427542442739], [-72.71472409557418, 41.81425534775539], [-72.71471790511019, 41.81425534775539], [-72.71471790511019, 41.81427542442739], [-72.71472409557418, 41.81427542442739]]], [[[-72.71484525179818, 41.814118993691395], [-72.71484525179818, 41.81409891701939], [-72.71485497967018, 41.81409891701939], [-72.71485497967018, 41.814118993691395], [-72.71484525179818, 41.814118993691395]]], [[[-72.71455164693417, 41.81434234666739], [-72.71454634082218, 41.81434234666739], [-72.71454634082218, 41.8143314718034], [-72.71455164693417, 41.8143314718034], [-72.71455164693417, 41.81434234666739]]], [[[-72.71523171362219, 41.8138830927954], [-72.71523790408618, 41.8138830927954], [-72.71523790408618, 41.813876400571395], [-72.71523171362219, 41.813876400571395], [-72.71523171362219, 41.8138830927954]]], [[[-72.71512647573418, 41.8137935842994], [-72.71512647573418, 41.813773507627396], [-72.71513620360618, 41.813773507627396], [-72.71513620360618, 41.8137935842994], [-72.71512647573418, 41.8137935842994]]], [[[-72.71472497992619, 41.81427542442739], [-72.71472497992619, 41.81425534775539], [-72.71473117039018, 41.81425534775539], [-72.71473117039018, 41.81427542442739], [-72.71472497992619, 41.81427542442739]]], [[[-72.71570395759018, 41.81391488085939], [-72.71570395759018, 41.8138889484914], [-72.71571987592618, 41.8138889484914], [-72.71571987592618, 41.81391488085939], [-72.71570395759018, 41.81391488085939]]], [[[-72.71572341333419, 41.81420348301939], [-72.71574110037417, 41.81420348301939], [-72.71574110037417, 41.814183406347404], [-72.71572341333419, 41.814183406347404], [-72.71572341333419, 41.81420348301939]]], [[[-72.7147638914142, 41.8140646193714], [-72.7147638914142, 41.8140445426994], [-72.71477273493419, 41.8140445426994], [-72.71477273493419, 41.8140646193714], [-72.7147638914142, 41.8140646193714]]], [[[-72.71543953634219, 41.8143724616754], [-72.71545987643817, 41.8143724616754], [-72.71545987643817, 41.81436325986739], [-72.71543953634219, 41.81436325986739], [-72.71543953634219, 41.8143724616754]]], [[[-72.71511763221419, 41.8140437061714], [-72.71509994517419, 41.8140437061714], [-72.71509994517419, 41.814037850475394], [-72.71511763221419, 41.814037850475394], [-72.71511763221419, 41.8140437061714]]], [[[-72.7145940958302, 41.8139291018354], [-72.7145940958302, 41.8139081886354], [-72.71458436795818, 41.8139081886354], [-72.71458436795818, 41.8139291018354], [-72.7145940958302, 41.8139291018354]]], [[[-72.7145940958302, 41.8138630161234], [-72.7145940958302, 41.8138412663954], [-72.71458436795818, 41.8138412663954], [-72.71458436795818, 41.8138630161234], [-72.7145940958302, 41.8138630161234]]], [[[-72.7145940958302, 41.8139073521074], [-72.7145940958302, 41.81388560237939], [-72.71458436795818, 41.81388560237939], [-72.71458436795818, 41.8139073521074], [-72.7145940958302, 41.8139073521074]]], [[[-72.71576055611817, 41.8143758077874], [-72.71576055611817, 41.8143607502834], [-72.71575436565418, 41.8143607502834], [-72.71575436565418, 41.8143758077874], [-72.71576055611817, 41.8143758077874]]], [[[-72.71495933320618, 41.81424363636339], [-72.71496640802218, 41.81424363636339], [-72.71496640802218, 41.814231924971395], [-72.71495933320618, 41.814231924971395], [-72.71495933320618, 41.81424363636339]]], [[[-72.7151901490782, 41.81404203311539], [-72.71517688379818, 41.81404203311539], [-72.71517688379818, 41.814036177419396], [-72.7151901490782, 41.814036177419396], [-72.7151901490782, 41.81404203311539]]], [[[-72.71460470805418, 41.813996860603396], [-72.71458525231019, 41.813996860603396], [-72.71458525231019, 41.81400522588339], [-72.71460470805418, 41.81400522588339], [-72.71460470805418, 41.813996860603396]]], [[[-72.71531042095019, 41.8139190634994], [-72.71531042095019, 41.8139098616914], [-72.7153192644702, 41.8139098616914], [-72.7153192644702, 41.8139190634994], [-72.71531042095019, 41.8139190634994]]], [[[-72.71532810799019, 41.8139190634994], [-72.71532810799019, 41.8139098616914], [-72.7153192644702, 41.8139098616914], [-72.7153192644702, 41.8139190634994], [-72.71532810799019, 41.8139190634994]]], [[[-72.71489123810218, 41.81400020671539], [-72.71487531976618, 41.81400020671539], [-72.71487531976618, 41.8140060624114], [-72.71489123810218, 41.8140060624114], [-72.71489123810218, 41.81400020671539]]], [[[-72.7145560686942, 41.8143080490194], [-72.71454722517417, 41.8143080490194], [-72.71454722517417, 41.8143105586034], [-72.7145560686942, 41.8143105586034], [-72.7145560686942, 41.8143080490194]]], [[[-72.71571368546218, 41.8140646193714], [-72.71571368546218, 41.814042869643394], [-72.71570307323817, 41.814042869643394], [-72.71570307323817, 41.8140646193714], [-72.71571368546218, 41.8140646193714]]], [[[-72.71498497941418, 41.8143364909714], [-72.71498497941418, 41.8143314718034], [-72.71498763247018, 41.8143314718034], [-72.71498763247018, 41.8143364909714], [-72.71498497941418, 41.8143364909714]]], [[[-72.71463300731817, 41.8143314718034], [-72.71462770120618, 41.8143314718034], [-72.71462770120618, 41.81432143346739], [-72.71463300731817, 41.81432143346739], [-72.71463300731817, 41.8143314718034]]], [[[-72.71516715592618, 41.8139115347474], [-72.71516715592618, 41.813890621547394], [-72.71517599944617, 41.813890621547394], [-72.71517599944617, 41.8139115347474], [-72.71516715592618, 41.8139115347474]]], [[[-72.71531838011818, 41.81379609388339], [-72.71532457058218, 41.81379609388339], [-72.71532457058218, 41.8137885651314], [-72.71531838011818, 41.8137885651314], [-72.71531838011818, 41.81379609388339]]], [[[-72.71476300706219, 41.8142545112274], [-72.71476300706219, 41.8142335980274], [-72.71475239483819, 41.8142335980274], [-72.71475239483819, 41.8142545112274], [-72.71476300706219, 41.8142545112274]]], [[[-72.71520253000618, 41.81388978501939], [-72.71520253000618, 41.8138697083474], [-72.71519722389418, 41.8138697083474], [-72.71519722389418, 41.81388978501939], [-72.71520253000618, 41.81388978501939]]], [[[-72.71463566037417, 41.813827045419394], [-72.71463566037417, 41.813805295691395], [-72.71464450389418, 41.813805295691395], [-72.71464450389418, 41.813827045419394], [-72.71463566037417, 41.813827045419394]]], [[[-72.71539266568618, 41.8142377806674], [-72.71541300578218, 41.8142377806674], [-72.71541300578218, 41.814246982475396], [-72.71539266568618, 41.814246982475396], [-72.71539266568618, 41.8142377806674]]], [[[-72.71471613640618, 41.813996024075394], [-72.71471613640618, 41.813974274347395], [-72.71470729288619, 41.813974274347395], [-72.71470729288619, 41.813996024075394], [-72.71471613640618, 41.813996024075394]]], [[[-72.71451981026219, 41.8141691853714], [-72.71451981026219, 41.8141474356434], [-72.71451361979818, 41.8141474356434], [-72.71451361979818, 41.8141691853714], [-72.71451981026219, 41.8141691853714]]], [[[-72.71532633928618, 41.8142461459474], [-72.71532633928618, 41.8142285788594], [-72.71531661141418, 41.8142285788594], [-72.71531661141418, 41.8142461459474], [-72.71532633928618, 41.8142461459474]]], [[[-72.71480368725419, 41.81412819549939], [-72.71480368725419, 41.814107282299396], [-72.71479484373418, 41.814107282299396], [-72.71479484373418, 41.81412819549939], [-72.71480368725419, 41.81412819549939]]], [[[-72.71508667989417, 41.8139165539154], [-72.71508667989417, 41.81389480418739], [-72.71509552341418, 41.81389480418739], [-72.71509552341418, 41.8139165539154], [-72.71508667989417, 41.8139165539154]]], [[[-72.7149549114462, 41.8139081886354], [-72.7149549114462, 41.813888111963394], [-72.71494783663019, 41.813888111963394], [-72.71494783663019, 41.8139081886354], [-72.7149549114462, 41.8139081886354]]], [[[-72.71438096699819, 41.8141323781394], [-72.71438096699819, 41.81413070508339], [-72.71439334792619, 41.81413070508339], [-72.71439334792619, 41.8141323781394], [-72.71438096699819, 41.8141323781394]]], [[[-72.71438096699819, 41.8141248493874], [-72.71438096699819, 41.8141240128594], [-72.71439334792619, 41.8141240128594], [-72.71439334792619, 41.8141248493874], [-72.71438096699819, 41.8141248493874]]], [[[-72.71438096699819, 41.8141750410674], [-72.71438096699819, 41.8141742045394], [-72.71439334792619, 41.8141742045394], [-72.71439334792619, 41.8141750410674], [-72.71438096699819, 41.8141750410674]]], [[[-72.71438096699819, 41.814082186459395], [-72.71438096699819, 41.8140805134034], [-72.71439334792619, 41.8140805134034], [-72.71439334792619, 41.814082186459395], [-72.71438096699819, 41.814082186459395]]], [[[-72.71438096699819, 41.814067965483396], [-72.71438096699819, 41.8140662924274], [-72.71439334792619, 41.8140662924274], [-72.71439334792619, 41.814067965483396], [-72.71438096699819, 41.814067965483396]]], [[[-72.71438096699819, 41.8140604367314], [-72.71438096699819, 41.81405960020339], [-72.71439334792619, 41.81405960020339], [-72.71439334792619, 41.8140604367314], [-72.71438096699819, 41.8140604367314]]], [[[-72.71480457160618, 41.8141064457714], [-72.71480457160618, 41.8140863690994], [-72.71481429947819, 41.8140863690994], [-72.71481429947819, 41.8141064457714], [-72.71480457160618, 41.8141064457714]]], [[[-72.71516715592618, 41.81384795861939], [-72.71516715592618, 41.8138278819474], [-72.71517599944617, 41.8138278819474], [-72.71517599944617, 41.81384795861939], [-72.71516715592618, 41.81384795861939]]], [[[-72.71507164591019, 41.8142118482994], [-72.71507164591019, 41.8141917716274], [-72.71507783637418, 41.8141917716274], [-72.71507783637418, 41.8142118482994], [-72.71507164591019, 41.8142118482994]]], [[[-72.71533164539818, 41.8143724616754], [-72.7153519854942, 41.8143724616754], [-72.7153519854942, 41.81436325986739], [-72.71533164539818, 41.81436325986739], [-72.71533164539818, 41.8143724616754]]], [[[-72.71467634056619, 41.813915717387395], [-72.71467634056619, 41.813893967659396], [-72.71468518408619, 41.813893967659396], [-72.71468518408619, 41.813915717387395], [-72.71467634056619, 41.813915717387395]]], [[[-72.71467634056619, 41.813937467115394], [-72.71467634056619, 41.8139165539154], [-72.71468518408619, 41.8139165539154], [-72.71468518408619, 41.813937467115394], [-72.71467634056619, 41.813937467115394]]], [[[-72.71492395912618, 41.814335654443404], [-72.71492395912618, 41.81432561610739], [-72.71491865301418, 41.81432561610739], [-72.71491865301418, 41.814335654443404], [-72.71492395912618, 41.814335654443404]]], [[[-72.71492395912618, 41.8143456927794], [-72.71492395912618, 41.814335654443404], [-72.71491865301418, 41.814335654443404], [-72.71491865301418, 41.8143456927794], [-72.71492395912618, 41.8143456927794]]], [[[-72.71504599970218, 41.814320596939396], [-72.71502565960618, 41.814320596939396], [-72.71502565960618, 41.8143139047154], [-72.71504599970218, 41.8143139047154], [-72.71504599970218, 41.814320596939396]]], [[[-72.71506810850218, 41.814320596939396], [-72.71504688405417, 41.814320596939396], [-72.71504688405417, 41.8143139047154], [-72.71506810850218, 41.8143139047154], [-72.71506810850218, 41.814320596939396]]], [[[-72.71508933295019, 41.814320596939396], [-72.71506899285417, 41.814320596939396], [-72.71506899285417, 41.8143139047154], [-72.71508933295019, 41.8143139047154], [-72.71508933295019, 41.814320596939396]]], [[[-72.71489742856618, 41.8143532215314], [-72.71489742856618, 41.8143381640274], [-72.71490273467818, 41.8143381640274], [-72.71490273467818, 41.8143532215314], [-72.71489742856618, 41.8143532215314]]], [[[-72.71504599970218, 41.81432143346739], [-72.71502565960618, 41.81432143346739], [-72.71502565960618, 41.8143272891634], [-72.71504599970218, 41.8143272891634], [-72.71504599970218, 41.81432143346739]]], [[[-72.71513266619819, 41.81432143346739], [-72.7151114417502, 41.81432143346739], [-72.7151114417502, 41.8143272891634], [-72.71513266619819, 41.8143272891634], [-72.71513266619819, 41.81432143346739]]], [[[-72.7146126672222, 41.8140746577074], [-72.7146126672222, 41.8140646193714], [-72.71461885768618, 41.8140646193714], [-72.71461885768618, 41.8140746577074], [-72.7146126672222, 41.8140746577074]]], [[[-72.71526531899818, 41.8139073521074], [-72.71527062511018, 41.8139073521074], [-72.71527062511018, 41.813900659883394], [-72.71526531899818, 41.813900659883394], [-72.71526531899818, 41.8139073521074]]], [[[-72.71516715592618, 41.813827045419394], [-72.71516715592618, 41.813806132219405], [-72.71517599944617, 41.813806132219405], [-72.71517599944617, 41.813827045419394], [-72.71516715592618, 41.813827045419394]]], [[[-72.71445083080617, 41.8141767141234], [-72.71445083080617, 41.814175877595396], [-72.71446321173418, 41.814175877595396], [-72.71446321173418, 41.8141767141234], [-72.71445083080617, 41.8141767141234]]], [[[-72.71445083080617, 41.814205156075396], [-72.71445083080617, 41.8142043195474], [-72.71446321173418, 41.8142043195474], [-72.71446321173418, 41.814205156075396], [-72.71445083080617, 41.814205156075396]]], [[[-72.71507164591019, 41.81417002189939], [-72.71507164591019, 41.8141499452274], [-72.71507783637418, 41.8141499452274], [-72.71507783637418, 41.81417002189939], [-72.71507164591019, 41.81417002189939]]], [[[-72.71528300603819, 41.813819516667394], [-72.71529008085419, 41.813819516667394], [-72.71529008085419, 41.8138119879154], [-72.71528300603819, 41.8138119879154], [-72.71528300603819, 41.813819516667394]]], [[[-72.71467457186219, 41.813871381403395], [-72.71467457186219, 41.813849631675396], [-72.71466572834217, 41.813849631675396], [-72.71466572834217, 41.813871381403395], [-72.71467457186219, 41.813871381403395]]], [[[-72.71516715592618, 41.813806132219405], [-72.71516715592618, 41.8137852190194], [-72.71517599944617, 41.8137852190194], [-72.71517599944617, 41.813806132219405], [-72.71516715592618, 41.813806132219405]]], [[[-72.71529273391018, 41.8138036226354], [-72.71529892437418, 41.8138036226354], [-72.71529892437418, 41.81379609388339], [-72.71529273391018, 41.81379609388339], [-72.71529273391018, 41.8138036226354]]], [[[-72.71528300603819, 41.813787728603394], [-72.71529008085419, 41.813787728603394], [-72.71529008085419, 41.8137801998514], [-72.71528300603819, 41.8137801998514], [-72.71528300603819, 41.813787728603394]]], [[[-72.71528300603819, 41.8137801998514], [-72.71529008085419, 41.8137801998514], [-72.71529008085419, 41.8137726710994], [-72.71528300603819, 41.8137726710994], [-72.71528300603819, 41.8137801998514]]], [[[-72.71528300603819, 41.8137718345714], [-72.71529008085419, 41.8137718345714], [-72.71529008085419, 41.813764305819404], [-72.71528300603819, 41.813764305819404], [-72.71528300603819, 41.8137718345714]]], [[[-72.71467457186219, 41.8137827094354], [-72.71467457186219, 41.81377016151539], [-72.71466572834217, 41.81377016151539], [-72.71466572834217, 41.8137827094354], [-72.71467457186219, 41.8137827094354]]], [[[-72.71444021858217, 41.8142745878994], [-72.71443933423018, 41.8142745878994], [-72.71443933423018, 41.814282953179394], [-72.71444021858217, 41.814282953179394], [-72.71444021858217, 41.8142745878994]]], [[[-72.71579593019818, 41.8142745878994], [-72.71581361723817, 41.8142745878994], [-72.71581361723817, 41.8142545112274], [-72.71579593019818, 41.8142545112274], [-72.71579593019818, 41.8142745878994]]], [[[-72.71449504840618, 41.8141156475794], [-72.71449504840618, 41.8141097918834], [-72.71450035451818, 41.8141097918834], [-72.71450035451818, 41.8141156475794], [-72.71449504840618, 41.8141156475794]]], [[[-72.71512559138218, 41.8139834761554], [-72.71512559138218, 41.81396339948339], [-72.71511674786218, 41.81396339948339], [-72.71511674786218, 41.8139834761554], [-72.71512559138218, 41.8139834761554]]], [[[-72.71500178210218, 41.813856323899394], [-72.71500178210218, 41.8138345741714], [-72.71501239432618, 41.8138345741714], [-72.71501239432618, 41.813856323899394], [-72.71500178210218, 41.813856323899394]]], [[[-72.71564824341418, 41.8144101054354], [-72.71565708693417, 41.8144101054354], [-72.71565708693417, 41.8143900287634], [-72.71564824341418, 41.8143900287634], [-72.71564824341418, 41.8144101054354]]], [[[-72.71488504763818, 41.813934957531394], [-72.71488504763818, 41.81391488085939], [-72.71489123810218, 41.81391488085939], [-72.71489123810218, 41.813934957531394], [-72.71488504763818, 41.813934957531394]]], [[[-72.71485409531819, 41.8140437061714], [-72.71483640827819, 41.8140437061714], [-72.71483640827819, 41.814037850475394], [-72.71485409531819, 41.814037850475394], [-72.71485409531819, 41.8140437061714]]], [[[-72.71520429871018, 41.8139115347474], [-72.71520429871018, 41.813890621547394], [-72.71521314223018, 41.813890621547394], [-72.71521314223018, 41.8139115347474], [-72.71520429871018, 41.8139115347474]]], [[[-72.71445083080617, 41.8141691853714], [-72.71445083080617, 41.814168348843396], [-72.71446321173418, 41.814168348843396], [-72.71446321173418, 41.8141691853714], [-72.71445083080617, 41.8141691853714]]], [[[-72.7148019185502, 41.8138847658514], [-72.7148019185502, 41.813863852651394], [-72.71479219067818, 41.813863852651394], [-72.71479219067818, 41.8138847658514], [-72.7148019185502, 41.8138847658514]]], [[[-72.71477273493419, 41.81404203311539], [-72.71475327919018, 41.81404203311539], [-72.71475327919018, 41.814036177419396], [-72.71477273493419, 41.814036177419396], [-72.71477273493419, 41.81404203311539]]], [[[-72.71518484296618, 41.8141064457714], [-72.71518484296618, 41.8140863690994], [-72.71519103343017, 41.8140863690994], [-72.71519103343017, 41.8141064457714], [-72.71518484296618, 41.8141064457714]]], [[[-72.71445259951017, 41.8138956407154], [-72.71445259951017, 41.8138847658514], [-72.71446321173418, 41.8138847658514], [-72.71446321173418, 41.8138956407154], [-72.71445259951017, 41.8138956407154]]], [[[-72.71451981026219, 41.8140805134034], [-72.71451981026219, 41.8140587636754], [-72.71451096674218, 41.8140587636754], [-72.71451096674218, 41.8140805134034], [-72.71451981026219, 41.8140805134034]]], [[[-72.71438096699819, 41.8139726012914], [-72.71438096699819, 41.813971764763394], [-72.71439334792619, 41.813971764763394], [-72.71439334792619, 41.8139726012914], [-72.71438096699819, 41.8139726012914]]], [[[-72.71528300603819, 41.8138111513874], [-72.71529008085419, 41.8138111513874], [-72.71529008085419, 41.8138036226354], [-72.71528300603819, 41.8138036226354], [-72.71528300603819, 41.8138111513874]]], [[[-72.71530953659817, 41.8137718345714], [-72.71531572706219, 41.8137718345714], [-72.71531572706219, 41.813764305819404], [-72.71530953659817, 41.813764305819404], [-72.71530953659817, 41.8137718345714]]], [[[-72.71529273391018, 41.813787728603394], [-72.71529892437418, 41.813787728603394], [-72.71529892437418, 41.8137801998514], [-72.71529273391018, 41.8137801998514], [-72.71529273391018, 41.813787728603394]]], [[[-72.71530953659817, 41.8138111513874], [-72.71531572706219, 41.8138111513874], [-72.71531572706219, 41.8138036226354], [-72.71530953659817, 41.8138036226354], [-72.71530953659817, 41.8138111513874]]], [[[-72.71528300603819, 41.81379609388339], [-72.71529008085419, 41.81379609388339], [-72.71529008085419, 41.8137885651314], [-72.71528300603819, 41.8137885651314], [-72.71528300603819, 41.81379609388339]]], [[[-72.71526620335018, 41.813819516667394], [-72.71527327816618, 41.813819516667394], [-72.71527327816618, 41.8138119879154], [-72.71526620335018, 41.8138119879154], [-72.71526620335018, 41.813819516667394]]], [[[-72.71526620335018, 41.8138036226354], [-72.71527327816618, 41.8138036226354], [-72.71527327816618, 41.81379609388339], [-72.71526620335018, 41.81379609388339], [-72.71526620335018, 41.8138036226354]]], [[[-72.71529273391018, 41.813819516667394], [-72.71529892437418, 41.813819516667394], [-72.71529892437418, 41.8138119879154], [-72.71529273391018, 41.8138119879154], [-72.71529273391018, 41.813819516667394]]], [[[-72.71526620335018, 41.813827045419394], [-72.71527327816618, 41.813827045419394], [-72.71527327816618, 41.813819516667394], [-72.71526620335018, 41.813819516667394], [-72.71526620335018, 41.813827045419394]]], [[[-72.71526620335018, 41.81379609388339], [-72.71527327816618, 41.81379609388339], [-72.71527327816618, 41.8137885651314], [-72.71526620335018, 41.8137885651314], [-72.71526620335018, 41.81379609388339]]], [[[-72.7152405571422, 41.8138036226354], [-72.71524674760617, 41.8138036226354], [-72.71524674760617, 41.81379609388339], [-72.7152405571422, 41.81379609388339], [-72.7152405571422, 41.8138036226354]]], [[[-72.71525735983019, 41.8137718345714], [-72.71526355029418, 41.8137718345714], [-72.71526355029418, 41.813764305819404], [-72.71525735983019, 41.813764305819404], [-72.71525735983019, 41.8137718345714]]], [[[-72.71530953659817, 41.813764305819404], [-72.71531572706219, 41.813764305819404], [-72.71531572706219, 41.8137567770674], [-72.71530953659817, 41.8137567770674], [-72.71530953659817, 41.813764305819404]]], [[[-72.71526620335018, 41.8137718345714], [-72.71527327816618, 41.8137718345714], [-72.71527327816618, 41.813764305819404], [-72.71526620335018, 41.813764305819404], [-72.71526620335018, 41.8137718345714]]], [[[-72.71531838011818, 41.813764305819404], [-72.71532457058218, 41.813764305819404], [-72.71532457058218, 41.8137567770674], [-72.71531838011818, 41.8137567770674], [-72.71531838011818, 41.813764305819404]]], [[[-72.71531838011818, 41.8137801998514], [-72.71532457058218, 41.8137801998514], [-72.71532457058218, 41.8137726710994], [-72.71531838011818, 41.8137726710994], [-72.71531838011818, 41.8137801998514]]], [[[-72.71589055586219, 41.814281280123396], [-72.71589055586219, 41.8142595303954], [-72.71588082799018, 41.8142595303954], [-72.71588082799018, 41.814281280123396], [-72.71589055586219, 41.814281280123396]]], [[[-72.71530953659817, 41.8138354106994], [-72.71531572706219, 41.8138354106994], [-72.71531572706219, 41.8138278819474], [-72.71530953659817, 41.8138278819474], [-72.71530953659817, 41.8138354106994]]], [[[-72.71530953659817, 41.813819516667394], [-72.71531572706219, 41.813819516667394], [-72.71531572706219, 41.8138119879154], [-72.71530953659817, 41.8138119879154], [-72.71530953659817, 41.813819516667394]]], [[[-72.7152405571422, 41.813764305819404], [-72.71524674760617, 41.813764305819404], [-72.71524674760617, 41.8137567770674], [-72.7152405571422, 41.8137567770674], [-72.7152405571422, 41.813764305819404]]], [[[-72.7152405571422, 41.8137718345714], [-72.71524674760617, 41.8137718345714], [-72.71524674760617, 41.813764305819404], [-72.7152405571422, 41.813764305819404], [-72.7152405571422, 41.8137718345714]]], [[[-72.7152405571422, 41.8137801998514], [-72.71524674760617, 41.8137801998514], [-72.71524674760617, 41.8137726710994], [-72.7152405571422, 41.8137726710994], [-72.7152405571422, 41.8137801998514]]], [[[-72.71531838011818, 41.813827045419394], [-72.71532457058218, 41.813827045419394], [-72.71532457058218, 41.813819516667394], [-72.71531838011818, 41.813819516667394], [-72.71531838011818, 41.813827045419394]]], [[[-72.71476566011819, 41.8139073521074], [-72.71476566011819, 41.81388560237939], [-72.71477185058218, 41.81388560237939], [-72.71477185058218, 41.8139073521074], [-72.71476566011819, 41.8139073521074]]], [[[-72.7148859319902, 41.8142503285874], [-72.7148859319902, 41.814229415387395], [-72.71489477551019, 41.814229415387395], [-72.71489477551019, 41.8142503285874], [-72.7148859319902, 41.8142503285874]]], [[[-72.71484436744618, 41.8138847658514], [-72.71484436744618, 41.813863852651394], [-72.71485409531819, 41.813863852651394], [-72.71485409531819, 41.8138847658514], [-72.71484436744618, 41.8138847658514]]], [[[-72.71504334664618, 41.813900659883394], [-72.71504334664618, 41.813878910155395], [-72.71503273442218, 41.813878910155395], [-72.71503273442218, 41.813900659883394], [-72.71504334664618, 41.813900659883394]]], [[[-72.71504334664618, 41.81392324613939], [-72.71504334664618, 41.8139014964114], [-72.71503273442218, 41.8139014964114], [-72.71503273442218, 41.81392324613939], [-72.71504334664618, 41.81392324613939]]], [[[-72.71499028552617, 41.81394917850739], [-72.71500089775017, 41.81394917850739], [-72.71500089775017, 41.8139533611474], [-72.71499028552617, 41.8139533611474], [-72.71499028552617, 41.81394917850739]]], [[[-72.71445083080617, 41.8141407434194], [-72.71445083080617, 41.81413990689139], [-72.71443844987819, 41.81413990689139], [-72.71443844987819, 41.8141407434194], [-72.71445083080617, 41.8141407434194]]], [[[-72.71514770018219, 41.8141917716274], [-72.71514770018219, 41.8141716949554], [-72.7151388566622, 41.8141716949554], [-72.7151388566622, 41.8141917716274], [-72.71514770018219, 41.8141917716274]]], [[[-72.71514770018219, 41.8141708584274], [-72.71514770018219, 41.814150781755394], [-72.7151388566622, 41.814150781755394], [-72.7151388566622, 41.8141708584274], [-72.71514770018219, 41.8141708584274]]], [[[-72.71523171362219, 41.8138036226354], [-72.71523790408618, 41.8138036226354], [-72.71523790408618, 41.81379609388339], [-72.71523171362219, 41.81379609388339], [-72.71523171362219, 41.8138036226354]]], [[[-72.7148859319902, 41.814229415387395], [-72.7148859319902, 41.8142085021874], [-72.71489477551019, 41.8142085021874], [-72.71489477551019, 41.814229415387395], [-72.7148859319902, 41.814229415387395]]], [[[-72.71507429896617, 41.8139265922514], [-72.71509552341418, 41.8139265922514], [-72.71509552341418, 41.813918226971396], [-72.71507429896617, 41.813918226971396], [-72.71507429896617, 41.8139265922514]]], [[[-72.71437919829418, 41.8142461459474], [-72.71437919829418, 41.814225232747404], [-72.71436947042218, 41.814225232747404], [-72.71436947042218, 41.8142461459474], [-72.71437919829418, 41.8142461459474]]], [[[-72.71515565935017, 41.8140437061714], [-72.71513974101418, 41.8140437061714], [-72.71513974101418, 41.814037850475394], [-72.71515565935017, 41.814037850475394], [-72.71515565935017, 41.8140437061714]]], [[[-72.71480368725419, 41.81417002189939], [-72.71480368725419, 41.8141499452274], [-72.71479484373418, 41.8141499452274], [-72.71479484373418, 41.81417002189939], [-72.71480368725419, 41.81417002189939]]], [[[-72.71516715592618, 41.8139533611474], [-72.71516715592618, 41.813933284475404], [-72.71517599944617, 41.813933284475404], [-72.71517599944617, 41.8139533611474], [-72.71516715592618, 41.8139533611474]]], [[[-72.71512559138218, 41.813984312683395], [-72.71511497915819, 41.813984312683395], [-72.71511497915819, 41.8139935144914], [-72.71512559138218, 41.8139935144914], [-72.71512559138218, 41.813984312683395]]], [[[-72.71482137429417, 41.814335654443404], [-72.71482137429417, 41.814315577771396], [-72.71481606818217, 41.814315577771396], [-72.71481606818217, 41.814335654443404], [-72.71482137429417, 41.814335654443404]]], [[[-72.71516538722219, 41.8139115347474], [-72.71516538722219, 41.813890621547394], [-72.7151565437022, 41.813890621547394], [-72.7151565437022, 41.8139115347474], [-72.71516538722219, 41.8139115347474]]], [[[-72.71438096699819, 41.813986822267395], [-72.71438096699819, 41.81398598573939], [-72.71439334792619, 41.81398598573939], [-72.71439334792619, 41.813986822267395], [-72.71438096699819, 41.813986822267395]]], [[[-72.71445083080617, 41.814226905803395], [-72.71445083080617, 41.814225232747404], [-72.71443844987819, 41.814225232747404], [-72.71443844987819, 41.814226905803395], [-72.71445083080617, 41.814226905803395]]], [[[-72.71445083080617, 41.814234434555395], [-72.71445083080617, 41.8142327614994], [-72.71443844987819, 41.8142327614994], [-72.71443844987819, 41.814234434555395], [-72.71445083080617, 41.814234434555395]]], [[[-72.71445083080617, 41.814212684827396], [-72.71445083080617, 41.8142110117714], [-72.71443844987819, 41.8142110117714], [-72.71443844987819, 41.814212684827396], [-72.71445083080617, 41.814212684827396]]], [[[-72.71445083080617, 41.8141767141234], [-72.71445083080617, 41.814175877595396], [-72.71443844987819, 41.814175877595396], [-72.71443844987819, 41.8141767141234], [-72.71445083080617, 41.8141767141234]]], [[[-72.71445083080617, 41.8141624931474], [-72.71445083080617, 41.814160820091395], [-72.71443844987819, 41.814160820091395], [-72.71443844987819, 41.8141624931474], [-72.71445083080617, 41.8141624931474]]], [[[-72.71512559138218, 41.813770998043395], [-72.71512559138218, 41.81377016151539], [-72.71513443490218, 41.81377016151539], [-72.71513443490218, 41.813770998043395], [-72.71512559138218, 41.813770998043395]]], [[[-72.71512559138218, 41.813770998043395], [-72.71512559138218, 41.81377016151539], [-72.71511674786218, 41.81377016151539], [-72.71511674786218, 41.813770998043395], [-72.71512559138218, 41.813770998043395]]], [[[-72.71512559138218, 41.813764305819404], [-72.71512559138218, 41.81376263276339], [-72.71513443490218, 41.81376263276339], [-72.71513443490218, 41.813764305819404], [-72.71512559138218, 41.813764305819404]]], [[[-72.71445525256618, 41.8142745878994], [-72.71445348386219, 41.8142745878994], [-72.71445348386219, 41.814282953179394], [-72.71445525256618, 41.814282953179394], [-72.71445525256618, 41.8142745878994]]], [[[-72.71438892616617, 41.8142704052594], [-72.71438715746218, 41.8142704052594], [-72.71438715746218, 41.814282953179394], [-72.71438892616617, 41.814282953179394], [-72.71438892616617, 41.8142704052594]]], [[[-72.71450919803817, 41.81391739044339], [-72.71450919803817, 41.813915717387395], [-72.71449681711017, 41.813915717387395], [-72.71449681711017, 41.81391739044339], [-72.71450919803817, 41.81391739044339]]], [[[-72.71450919803817, 41.8138956407154], [-72.71450919803817, 41.81389480418739], [-72.71449681711017, 41.81389480418739], [-72.71449681711017, 41.8138956407154], [-72.71450919803817, 41.8138956407154]]], [[[-72.71450919803817, 41.813873890987395], [-72.71450919803817, 41.81387305445939], [-72.71449681711017, 41.81387305445939], [-72.71449681711017, 41.813873890987395], [-72.71450919803817, 41.813873890987395]]], [[[-72.71450919803817, 41.8138671987634], [-72.71450919803817, 41.8138655257074], [-72.71449681711017, 41.8138655257074], [-72.71449681711017, 41.8138671987634], [-72.71450919803817, 41.8138671987634]]], [[[-72.71450919803817, 41.8138454490354], [-72.71450919803817, 41.813844612507395], [-72.71449681711017, 41.813844612507395], [-72.71449681711017, 41.8138454490354], [-72.71450919803817, 41.8138454490354]]], [[[-72.71450919803817, 41.8138312280594], [-72.71450919803817, 41.8138303915314], [-72.71449681711017, 41.8138303915314], [-72.71449681711017, 41.8138312280594], [-72.71450919803817, 41.8138312280594]]], [[[-72.71450919803817, 41.8138236993074], [-72.71450919803817, 41.8138228627794], [-72.71449681711017, 41.8138228627794], [-72.71449681711017, 41.8138236993074], [-72.71450919803817, 41.8138236993074]]], [[[-72.71450919803817, 41.813817007083394], [-72.71450919803817, 41.813815334027396], [-72.71449681711017, 41.813815334027396], [-72.71449681711017, 41.813817007083394], [-72.71450919803817, 41.813817007083394]]], [[[-72.71445083080617, 41.8139617264274], [-72.71445083080617, 41.81396088989939], [-72.71443844987819, 41.81396088989939], [-72.71443844987819, 41.8139617264274], [-72.71445083080617, 41.8139617264274]]], [[[-72.71445083080617, 41.813955034203396], [-72.71445083080617, 41.8139533611474], [-72.71443844987819, 41.8139533611474], [-72.71443844987819, 41.813955034203396], [-72.71445083080617, 41.813955034203396]]], [[[-72.71445083080617, 41.8139265922514], [-72.71445083080617, 41.8139249191954], [-72.71443844987819, 41.8139249191954], [-72.71443844987819, 41.8139265922514], [-72.71445083080617, 41.8139265922514]]], [[[-72.71445083080617, 41.81390484252339], [-72.71445083080617, 41.8139031694674], [-72.71443844987819, 41.8139031694674], [-72.71443844987819, 41.81390484252339], [-72.71445083080617, 41.81390484252339]]], [[[-72.71445083080617, 41.8138973137714], [-72.71445083080617, 41.8138964772434], [-72.71443844987819, 41.8138964772434], [-72.71443844987819, 41.8138973137714], [-72.71445083080617, 41.8138973137714]]], [[[-72.71445083080617, 41.8138830927954], [-72.71445083080617, 41.8138822562674], [-72.71443844987819, 41.8138822562674], [-72.71443844987819, 41.8138830927954], [-72.71445083080617, 41.8138830927954]]], [[[-72.71445083080617, 41.813854650843396], [-72.71445083080617, 41.81385297778739], [-72.71443844987819, 41.81385297778739], [-72.71443844987819, 41.813854650843396], [-72.71445083080617, 41.813854650843396]]], [[[-72.71445083080617, 41.8138329011154], [-72.71445083080617, 41.8138320645874], [-72.71443844987819, 41.8138320645874], [-72.71443844987819, 41.8138329011154], [-72.71445083080617, 41.8138329011154]]], [[[-72.71445083080617, 41.8137969304114], [-72.71445083080617, 41.81379609388339], [-72.71443844987819, 41.81379609388339], [-72.71443844987819, 41.8137969304114], [-72.71445083080617, 41.8137969304114]]], [[[-72.71445083080617, 41.813776017211396], [-72.71445083080617, 41.8137743441554], [-72.71443844987819, 41.8137743441554], [-72.71443844987819, 41.813776017211396], [-72.71445083080617, 41.813776017211396]]], [[[-72.71445083080617, 41.813790238187394], [-72.71445083080617, 41.8137885651314], [-72.71443844987819, 41.8137885651314], [-72.71443844987819, 41.813790238187394], [-72.71445083080617, 41.813790238187394]]], [[[-72.71526531899818, 41.813996860603396], [-72.71527150946218, 41.813996860603396], [-72.71527150946218, 41.8139901683794], [-72.71526531899818, 41.8139901683794], [-72.71526531899818, 41.813996860603396]]], [[[-72.71558899183019, 41.813974274347395], [-72.71561110063018, 41.813974274347395], [-72.71561110063018, 41.813984312683395], [-72.71558899183019, 41.813984312683395], [-72.71558899183019, 41.813974274347395]]], [[[-72.7147638914142, 41.81427542442739], [-72.7147638914142, 41.81425534775539], [-72.71477273493419, 41.81425534775539], [-72.71477273493419, 41.81427542442739], [-72.7147638914142, 41.81427542442739]]], [[[-72.71439246357417, 41.813996860603396], [-72.71437123912618, 41.813996860603396], [-72.71437123912618, 41.81400522588339], [-72.71439246357417, 41.81400522588339], [-72.71439246357417, 41.813996860603396]]], [[[-72.71491953736619, 41.81378187290739], [-72.71491953736619, 41.8137617962354], [-72.71492661218218, 41.8137617962354], [-72.71492661218218, 41.81378187290739], [-72.71491953736619, 41.81378187290739]]], [[[-72.71491776866218, 41.813824535835394], [-72.71491776866218, 41.8138036226354], [-72.71491246255017, 41.8138036226354], [-72.71491246255017, 41.813824535835394], [-72.71491776866218, 41.813824535835394]]], [[[-72.71514770018219, 41.81425534775539], [-72.71514770018219, 41.814234434555395], [-72.7151388566622, 41.814234434555395], [-72.7151388566622, 41.81425534775539], [-72.71514770018219, 41.81425534775539]]], [[[-72.71491776866218, 41.8143666059794], [-72.71492307477418, 41.8143666059794], [-72.71492307477418, 41.814356567643394], [-72.71491776866218, 41.814356567643394], [-72.71491776866218, 41.8143666059794]]], [[[-72.71488416328619, 41.8139098616914], [-72.71488416328619, 41.813888111963394], [-72.71487443541419, 41.813888111963394], [-72.71487443541419, 41.8139098616914], [-72.71488416328619, 41.8139098616914]]], [[[-72.71471702075817, 41.8137952573554], [-72.71471702075817, 41.8137743441554], [-72.71473028603819, 41.8137743441554], [-72.71473028603819, 41.8137952573554], [-72.71471702075817, 41.8137952573554]]], [[[-72.71464627259819, 41.8140646193714], [-72.71464627259819, 41.8140445426994], [-72.71464008213418, 41.8140445426994], [-72.71464008213418, 41.8140646193714], [-72.71464627259819, 41.8140646193714]]], [[[-72.71455253128619, 41.8139734378194], [-72.71455253128619, 41.81395168809139], [-72.71454280341418, 41.81395168809139], [-72.71454280341418, 41.8139734378194], [-72.71455253128619, 41.8139734378194]]], [[[-72.71485409531819, 41.8142720783154], [-72.71483640827819, 41.8142720783154], [-72.71483640827819, 41.81427793401139], [-72.71485409531819, 41.81427793401139], [-72.71485409531819, 41.8142720783154]]], [[[-72.71463477602218, 41.8138931311314], [-72.71463477602218, 41.8138722179314], [-72.71462504815018, 41.8138722179314], [-72.71462504815018, 41.8138931311314], [-72.71463477602218, 41.8138931311314]]], [[[-72.71480368725419, 41.8141064457714], [-72.71480368725419, 41.8140863690994], [-72.71479484373418, 41.8140863690994], [-72.71479484373418, 41.8141064457714], [-72.71480368725419, 41.8141064457714]]], [[[-72.71445083080617, 41.8140838595154], [-72.71445083080617, 41.814082186459395], [-72.71446321173418, 41.814082186459395], [-72.71446321173418, 41.8140838595154], [-72.71445083080617, 41.8140838595154]]], [[[-72.71436062690218, 41.8137224794194], [-72.71435974255019, 41.8137224794194], [-72.71435974255019, 41.813734190811395], [-72.71436062690218, 41.813734190811395], [-72.71436062690218, 41.8137224794194]]], [[[-72.71525824418217, 41.813996860603396], [-72.71526443464617, 41.813996860603396], [-72.71526443464617, 41.8139901683794], [-72.71525824418217, 41.8139901683794], [-72.71525824418217, 41.813996860603396]]], [[[-72.71531838011818, 41.8138354106994], [-72.71532457058218, 41.8138354106994], [-72.71532457058218, 41.8138278819474], [-72.71531838011818, 41.8138278819474], [-72.71531838011818, 41.8138354106994]]], [[[-72.71531838011818, 41.8139809665714], [-72.71532457058218, 41.8139809665714], [-72.71532457058218, 41.8139751108754], [-72.71531838011818, 41.8139751108754], [-72.71531838011818, 41.8139809665714]]], [[[-72.7146126672222, 41.81427542442739], [-72.7146126672222, 41.81425534775539], [-72.71461885768618, 41.81425534775539], [-72.71461885768618, 41.81427542442739], [-72.7146126672222, 41.81427542442739]]], [[[-72.71476566011819, 41.81395168809139], [-72.71476566011819, 41.813929938363394], [-72.71477185058218, 41.813929938363394], [-72.71477185058218, 41.81395168809139], [-72.71476566011819, 41.81395168809139]]], [[[-72.71485409531819, 41.814001043243394], [-72.71485940143019, 41.814001043243394], [-72.71485940143019, 41.8139801300434], [-72.71485409531819, 41.8139801300434], [-72.71485409531819, 41.814001043243394]]], [[[-72.71479749679018, 41.8139801300434], [-72.71480810901419, 41.8139801300434], [-72.71480810901419, 41.813974274347395], [-72.71479749679018, 41.813974274347395], [-72.71479749679018, 41.8139801300434]]], [[[-72.71549348181419, 41.814283789707396], [-72.71549348181419, 41.8142628765074], [-72.71550320968619, 41.8142628765074], [-72.71550320968619, 41.814283789707396], [-72.71549348181419, 41.814283789707396]]], [[[-72.71523790408618, 41.8139098616914], [-72.71524409455019, 41.8139098616914], [-72.71524409455019, 41.8139031694674], [-72.71523790408618, 41.8139031694674], [-72.71523790408618, 41.8139098616914]]], [[[-72.71526531899818, 41.81388058321139], [-72.71527062511018, 41.81388058321139], [-72.71527062511018, 41.813873890987395], [-72.71526531899818, 41.813873890987395], [-72.71526531899818, 41.81388058321139]]], [[[-72.71456491221419, 41.8142369441394], [-72.71456491221419, 41.81423610761139], [-72.71457552443817, 41.81423610761139], [-72.71457552443817, 41.8142369441394], [-72.71456491221419, 41.8142369441394]]], [[[-72.71452069461418, 41.81427542442739], [-72.71452069461418, 41.8142545112274], [-72.71453130683818, 41.8142545112274], [-72.71453130683818, 41.81427542442739], [-72.71452069461418, 41.81427542442739]]], [[[-72.71508402683818, 41.8139751108754], [-72.71507429896617, 41.8139751108754], [-72.71507429896617, 41.813984312683395], [-72.71508402683818, 41.813984312683395], [-72.71508402683818, 41.8139751108754]]], [[[-72.71505484322219, 41.8139901683794], [-72.71505484322219, 41.81397762045939], [-72.71504865275818, 41.81397762045939], [-72.71504865275818, 41.8139901683794], [-72.71505484322219, 41.8139901683794]]], [[[-72.71492484347819, 41.8141491086994], [-72.71492484347819, 41.81412819549939], [-72.71491599995818, 41.81412819549939], [-72.71491599995818, 41.8141491086994], [-72.71492484347819, 41.8141491086994]]], [[[-72.71523171362219, 41.8139165539154], [-72.71523790408618, 41.8139165539154], [-72.71523790408618, 41.8139098616914], [-72.71523171362219, 41.8139098616914], [-72.71523171362219, 41.8139165539154]]], [[[-72.71526531899818, 41.8138671987634], [-72.71527062511018, 41.8138671987634], [-72.71527062511018, 41.8138605065394], [-72.71526531899818, 41.8138605065394], [-72.71526531899818, 41.8138671987634]]], [[[-72.71529184955818, 41.813874727515405], [-72.71529715567019, 41.813874727515405], [-72.71529715567019, 41.8138680352914], [-72.71529184955818, 41.8138680352914], [-72.71529184955818, 41.813874727515405]]], [[[-72.71523171362219, 41.81388978501939], [-72.71523790408618, 41.81388978501939], [-72.71523790408618, 41.8138830927954], [-72.71523171362219, 41.8138830927954], [-72.71523171362219, 41.81388978501939]]], [[[-72.71525912853419, 41.81388058321139], [-72.71526443464617, 41.81388058321139], [-72.71526443464617, 41.813873890987395], [-72.71525912853419, 41.813873890987395], [-72.71525912853419, 41.81388058321139]]], [[[-72.71461178287018, 41.81412735897139], [-72.71461178287018, 41.8141064457714], [-72.71460382370218, 41.8141064457714], [-72.71460382370218, 41.81412735897139], [-72.71461178287018, 41.81412735897139]]], [[[-72.71491953736619, 41.8138663622354], [-72.71491953736619, 41.8138462855634], [-72.71492661218218, 41.8138462855634], [-72.71492661218218, 41.8138663622354], [-72.71491953736619, 41.8138663622354]]], [[[-72.71529184955818, 41.813984312683395], [-72.71529804002218, 41.813984312683395], [-72.71529804002218, 41.81397762045939], [-72.71529184955818, 41.81397762045939], [-72.71529184955818, 41.813984312683395]]], [[[-72.71549348181419, 41.814347365835395], [-72.71549348181419, 41.81432561610739], [-72.71550320968619, 41.81432561610739], [-72.71550320968619, 41.814347365835395], [-72.71549348181419, 41.814347365835395]]], [[[-72.7149549114462, 41.8138663622354], [-72.7149549114462, 41.8138454490354], [-72.71494783663019, 41.8138454490354], [-72.71494783663019, 41.8138663622354], [-72.7149549114462, 41.8138663622354]]], [[[-72.71488416328619, 41.8138655257074], [-72.71488416328619, 41.81384377597939], [-72.71487443541419, 41.81384377597939], [-72.71487443541419, 41.8138655257074], [-72.71488416328619, 41.8138655257074]]], [[[-72.71491776866218, 41.81378187290739], [-72.71491776866218, 41.8137617962354], [-72.71491246255017, 41.8137617962354], [-72.71491246255017, 41.81378187290739], [-72.71491776866218, 41.81378187290739]]], [[[-72.71452069461418, 41.8142352710834], [-72.71452069461418, 41.8142135213554], [-72.71453130683818, 41.8142135213554], [-72.71453130683818, 41.8142352710834], [-72.71452069461418, 41.8142352710834]]], [[[-72.71504246229419, 41.81396590906739], [-72.71504246229419, 41.8139533611474], [-72.71504865275818, 41.8139533611474], [-72.71504865275818, 41.81396590906739], [-72.71504246229419, 41.81396590906739]]], [[[-72.71476300706219, 41.8142335980274], [-72.71476300706219, 41.814212684827396], [-72.71475239483819, 41.814212684827396], [-72.71475239483819, 41.8142335980274], [-72.71476300706219, 41.8142335980274]]], [[[-72.71480280290218, 41.8137743441554], [-72.71480280290218, 41.8137525944274], [-72.71481164642218, 41.8137525944274], [-72.71481164642218, 41.8137743441554], [-72.71480280290218, 41.8137743441554]]], [[[-72.71509640776618, 41.813965072539396], [-72.71508579554218, 41.813965072539396], [-72.71508579554218, 41.8139734378194], [-72.71509640776618, 41.8139734378194], [-72.71509640776618, 41.813965072539396]]], [[[-72.71468606843817, 41.8142118482994], [-72.71468606843817, 41.8141917716274], [-72.71469668066219, 41.8141917716274], [-72.71469668066219, 41.8142118482994], [-72.71468606843817, 41.8142118482994]]], [[[-72.7147638914142, 41.8140855325714], [-72.7147638914142, 41.814065455899396], [-72.71477273493419, 41.814065455899396], [-72.71477273493419, 41.8140855325714], [-72.7147638914142, 41.8140855325714]]], [[[-72.71488504763818, 41.813787728603394], [-72.71488504763818, 41.8137668154034], [-72.71489123810218, 41.8137668154034], [-72.71489123810218, 41.813787728603394], [-72.71488504763818, 41.813787728603394]]], [[[-72.71479749679018, 41.8143482023634], [-72.71477715669417, 41.8143482023634], [-72.71477715669417, 41.8143431831954], [-72.71479749679018, 41.8143431831954], [-72.71479749679018, 41.8143482023634]]], [[[-72.71480457160618, 41.8141491086994], [-72.71480457160618, 41.81412819549939], [-72.71481429947819, 41.81412819549939], [-72.71481429947819, 41.8141491086994], [-72.71480457160618, 41.8141491086994]]], [[[-72.71541389013419, 41.8141976273234], [-72.71543511458218, 41.8141976273234], [-72.71543511458218, 41.8142059926034], [-72.71541389013419, 41.8142059926034], [-72.71541389013419, 41.8141976273234]]], [[[-72.71473028603819, 41.813996860603396], [-72.71470817723818, 41.813996860603396], [-72.71470817723818, 41.81400522588339], [-72.71473028603819, 41.81400522588339], [-72.71473028603819, 41.813996860603396]]], [[[-72.71516538722219, 41.81378438249139], [-72.71516538722219, 41.813764305819404], [-72.7151565437022, 41.813764305819404], [-72.7151565437022, 41.81378438249139], [-72.71516538722219, 41.81378438249139]]], [[[-72.71516538722219, 41.813806132219405], [-72.71516538722219, 41.8137852190194], [-72.7151565437022, 41.8137852190194], [-72.7151565437022, 41.813806132219405], [-72.71516538722219, 41.813806132219405]]], [[[-72.71477627234218, 41.8143482023634], [-72.71475593224618, 41.8143482023634], [-72.71475593224618, 41.8143532215314], [-72.71477627234218, 41.8143532215314], [-72.71477627234218, 41.8143482023634]]], [[[-72.71480987771817, 41.8143724616754], [-72.71483021781418, 41.8143724616754], [-72.71483021781418, 41.8143666059794], [-72.71480987771817, 41.8143666059794], [-72.71480987771817, 41.8143724616754]]], [[[-72.71463300731817, 41.81432143346739], [-72.71462770120618, 41.81432143346739], [-72.71462770120618, 41.81431139513139], [-72.71463300731817, 41.81431139513139], [-72.71463300731817, 41.81432143346739]]], [[[-72.71484790485418, 41.814001043243394], [-72.71485321096618, 41.814001043243394], [-72.71485321096618, 41.8139801300434], [-72.71484790485418, 41.8139801300434], [-72.71484790485418, 41.814001043243394]]], [[[-72.71477715669417, 41.814001043243394], [-72.71478246280617, 41.814001043243394], [-72.71478246280617, 41.8139801300434], [-72.71477715669417, 41.8139801300434], [-72.71477715669417, 41.814001043243394]]], [[[-72.71482844911017, 41.814001043243394], [-72.71483375522217, 41.814001043243394], [-72.71483375522217, 41.8139801300434], [-72.71482844911017, 41.8139801300434], [-72.71482844911017, 41.814001043243394]]], [[[-72.71482225864618, 41.814001043243394], [-72.71482756475818, 41.814001043243394], [-72.71482756475818, 41.8139801300434], [-72.71482225864618, 41.8139801300434], [-72.71482225864618, 41.814001043243394]]], [[[-72.71482314299818, 41.8139801300434], [-72.71483375522217, 41.8139801300434], [-72.71483375522217, 41.813974274347395], [-72.71482314299818, 41.813974274347395], [-72.71482314299818, 41.8139801300434]]], [[[-72.71531042095019, 41.813871381403395], [-72.71531042095019, 41.813881419739396], [-72.7153192644702, 41.813881419739396], [-72.7153192644702, 41.813871381403395], [-72.71531042095019, 41.813871381403395]]], [[[-72.71438096699819, 41.814146599115396], [-72.71438096699819, 41.8141457625874], [-72.71439334792619, 41.8141457625874], [-72.71439334792619, 41.814146599115396], [-72.71438096699819, 41.814146599115396]]], [[[-72.71539001263018, 41.8139073521074], [-72.71539001263018, 41.81390233293939], [-72.71535552290219, 41.81390233293939], [-72.71535552290219, 41.8139073521074], [-72.71539001263018, 41.8139073521074]]], [[[-72.71508048943018, 41.8140060624114], [-72.71508048943018, 41.813996024075394], [-72.71508933295019, 41.813996024075394], [-72.71508933295019, 41.8140060624114], [-72.71508048943018, 41.8140060624114]]], [[[-72.71528477474219, 41.813984312683395], [-72.71529096520618, 41.813984312683395], [-72.71529096520618, 41.81397762045939], [-72.71528477474219, 41.81397762045939], [-72.71528477474219, 41.813984312683395]]], [[[-72.71518484296618, 41.8142118482994], [-72.71518484296618, 41.8141917716274], [-72.71519103343017, 41.8141917716274], [-72.71519103343017, 41.8142118482994], [-72.71518484296618, 41.8142118482994]]], [[[-72.71476566011819, 41.8138847658514], [-72.71476566011819, 41.813863852651394], [-72.71477185058218, 41.813863852651394], [-72.71477185058218, 41.8138847658514], [-72.71476566011819, 41.8138847658514]]], [[[-72.71450477627819, 41.814335654443404], [-72.71450477627819, 41.814315577771396], [-72.71450919803817, 41.814315577771396], [-72.71450919803817, 41.814335654443404], [-72.71450477627819, 41.814335654443404]]], [[[-72.71439600098218, 41.8142704052594], [-72.71439423227817, 41.8142704052594], [-72.71439423227817, 41.814282953179394], [-72.71439600098218, 41.814282953179394], [-72.71439600098218, 41.8142704052594]]], [[[-72.71439069487018, 41.8137224794194], [-72.71438892616617, 41.8137224794194], [-72.71438892616617, 41.813734190811395], [-72.71439069487018, 41.813734190811395], [-72.71439069487018, 41.8137224794194]]], [[[-72.71452069461418, 41.8137224794194], [-72.71451892591018, 41.8137224794194], [-72.71451892591018, 41.813734190811395], [-72.71452069461418, 41.813734190811395], [-72.71452069461418, 41.8137224794194]]], [[[-72.71445083080617, 41.81425534775539], [-72.71445083080617, 41.8142545112274], [-72.71446321173418, 41.8142545112274], [-72.71446321173418, 41.81425534775539], [-72.71445083080617, 41.81425534775539]]], [[[-72.71444729339818, 41.8142745878994], [-72.71444640904618, 41.8142745878994], [-72.71444640904618, 41.814282953179394], [-72.71444729339818, 41.814282953179394], [-72.71444729339818, 41.8142745878994]]], [[[-72.71438096699819, 41.8141892620434], [-72.71438096699819, 41.8141884255154], [-72.71439334792619, 41.8141884255154], [-72.71439334792619, 41.8141892620434], [-72.71438096699819, 41.8141892620434]]], [[[-72.71500178210218, 41.81383373764339], [-72.71500178210218, 41.8138119879154], [-72.71501239432618, 41.8138119879154], [-72.71501239432618, 41.81383373764339], [-72.71500178210218, 41.81383373764339]]], [[[-72.71445083080617, 41.8139475054514], [-72.71445083080617, 41.81394666892339], [-72.71443844987819, 41.81394666892339], [-72.71443844987819, 41.8139475054514], [-72.71445083080617, 41.8139475054514]]], [[[-72.71464715695018, 41.81417002189939], [-72.71464715695018, 41.8141499452274], [-72.71465334741417, 41.8141499452274], [-72.71465334741417, 41.81417002189939], [-72.71464715695018, 41.81417002189939]]], [[[-72.71528565909419, 41.813888111963394], [-72.71529096520618, 41.813888111963394], [-72.71529096520618, 41.813881419739396], [-72.71528565909419, 41.813881419739396], [-72.71528565909419, 41.813888111963394]]], [[[-72.71565885563818, 41.81413070508339], [-72.71565885563818, 41.8141097918834], [-72.71566946786217, 41.8141097918834], [-72.71566946786217, 41.81413070508339], [-72.71565885563818, 41.81413070508339]]], [[[-72.71450919803817, 41.813881419739396], [-72.71450919803817, 41.81388058321139], [-72.71449681711017, 41.81388058321139], [-72.71449681711017, 41.813881419739396], [-72.71450919803817, 41.813881419739396]]], [[[-72.71450919803817, 41.8138889484914], [-72.71450919803817, 41.8138872754354], [-72.71449681711017, 41.8138872754354], [-72.71449681711017, 41.8138889484914], [-72.71450919803817, 41.8138889484914]]], [[[-72.71456491221419, 41.814136560779396], [-72.71456491221419, 41.81413572425139], [-72.71457552443817, 41.81413572425139], [-72.71457552443817, 41.814136560779396], [-72.71456491221419, 41.814136560779396]]], [[[-72.71445083080617, 41.8142486555314], [-72.71445083080617, 41.814246982475396], [-72.71446321173418, 41.814246982475396], [-72.71446321173418, 41.8142486555314], [-72.71445083080617, 41.8142486555314]]], [[[-72.71450919803817, 41.8137885651314], [-72.71450919803817, 41.8137868920754], [-72.71449681711017, 41.8137868920754], [-72.71449681711017, 41.8137885651314], [-72.71450919803817, 41.8137885651314]]], [[[-72.71541389013419, 41.8142377806674], [-72.71543511458218, 41.8142377806674], [-72.71543511458218, 41.814246982475396], [-72.71541389013419, 41.814246982475396], [-72.71541389013419, 41.8142377806674]]], [[[-72.71512647573418, 41.813920736555396], [-72.71512647573418, 41.8138998233554], [-72.71513620360618, 41.8138998233554], [-72.71513620360618, 41.813920736555396], [-72.71512647573418, 41.813920736555396]]], [[[-72.71532633928618, 41.81416751231539], [-72.71532633928618, 41.814148272171394], [-72.71531661141418, 41.814148272171394], [-72.71531661141418, 41.81416751231539], [-72.71532633928618, 41.81416751231539]]], [[[-72.71462770120618, 41.81434234666739], [-72.71462239509418, 41.81434234666739], [-72.71462239509418, 41.8143314718034], [-72.71462770120618, 41.8143314718034], [-72.71462770120618, 41.81434234666739]]], [[[-72.71540416226217, 41.814040360059394], [-72.71542538671018, 41.814040360059394], [-72.71542538671018, 41.8140345043634], [-72.71540416226217, 41.8140345043634], [-72.71540416226217, 41.814040360059394]]], [[[-72.71500178210218, 41.81397762045939], [-72.71500178210218, 41.81396590906739], [-72.71499559163817, 41.81396590906739], [-72.71499559163817, 41.81397762045939], [-72.71500178210218, 41.81397762045939]]], [[[-72.71499559163817, 41.81397762045939], [-72.71499559163817, 41.81396590906739], [-72.71498940117418, 41.81396590906739], [-72.71498940117418, 41.81397762045939], [-72.71499559163817, 41.81397762045939]]], [[[-72.71499559163817, 41.8140018797714], [-72.71499559163817, 41.8139901683794], [-72.71498940117418, 41.8139901683794], [-72.71498940117418, 41.8140018797714], [-72.71499559163817, 41.8140018797714]]], [[[-72.71499559163817, 41.81396590906739], [-72.71499559163817, 41.8139533611474], [-72.71498940117418, 41.8139533611474], [-72.71498940117418, 41.81396590906739], [-72.71499559163817, 41.81396590906739]]], [[[-72.71500178210218, 41.8140018797714], [-72.71500178210218, 41.8139901683794], [-72.71499559163817, 41.8139901683794], [-72.71499559163817, 41.8140018797714], [-72.71500178210218, 41.8140018797714]]], [[[-72.71531838011818, 41.8139366305874], [-72.71532457058218, 41.8139366305874], [-72.71532457058218, 41.8139433228114], [-72.71531838011818, 41.8139433228114], [-72.71531838011818, 41.8139366305874]]], [[[-72.71531838011818, 41.8139700917074], [-72.71532457058218, 41.8139700917074], [-72.71532457058218, 41.813965072539396], [-72.71531838011818, 41.813965072539396], [-72.71531838011818, 41.8139700917074]]], [[[-72.71475593224618, 41.8143482023634], [-72.71473559215019, 41.8143482023634], [-72.71473559215019, 41.8143431831954], [-72.71475593224618, 41.8143431831954], [-72.71475593224618, 41.8143482023634]]], [[[-72.71518484296618, 41.8140646193714], [-72.71518484296618, 41.8140445426994], [-72.71519103343017, 41.8140445426994], [-72.71519103343017, 41.8140646193714], [-72.71518484296618, 41.8140646193714]]], [[[-72.71528565909419, 41.81389480418739], [-72.71529096520618, 41.81389480418739], [-72.71529096520618, 41.813888111963394], [-72.71528565909419, 41.813888111963394], [-72.71528565909419, 41.81389480418739]]], [[[-72.71445083080617, 41.81405458103539], [-72.71445083080617, 41.8140537445074], [-72.71443844987819, 41.8140537445074], [-72.71443844987819, 41.81405458103539], [-72.71445083080617, 41.81405458103539]]], [[[-72.71468606843817, 41.8140637828434], [-72.71468606843817, 41.8140437061714], [-72.71469668066219, 41.8140437061714], [-72.71469668066219, 41.8140637828434], [-72.71468606843817, 41.8140637828434]]], [[[-72.71462770120618, 41.8143314718034], [-72.71462239509418, 41.8143314718034], [-72.71462239509418, 41.81432143346739], [-72.71462770120618, 41.81432143346739], [-72.71462770120618, 41.8143314718034]]], [[[-72.71438096699819, 41.814168348843396], [-72.71438096699819, 41.8141666757874], [-72.71439334792619, 41.8141666757874], [-72.71439334792619, 41.814168348843396], [-72.71438096699819, 41.814168348843396]]], [[[-72.71445259951017, 41.8138404298674], [-72.71445259951017, 41.8138186801394], [-72.71446321173418, 41.8138186801394], [-72.71446321173418, 41.8138404298674], [-72.71445259951017, 41.8138404298674]]], [[[-72.71438096699819, 41.8140746577074], [-72.71438096699819, 41.81407382117939], [-72.71439334792619, 41.81407382117939], [-72.71439334792619, 41.8140746577074], [-72.71438096699819, 41.8140746577074]]], [[[-72.71525735983019, 41.81379609388339], [-72.71526355029418, 41.81379609388339], [-72.71526355029418, 41.8137885651314], [-72.71525735983019, 41.8137885651314], [-72.71525735983019, 41.81379609388339]]], [[[-72.71525735983019, 41.8138036226354], [-72.71526355029418, 41.8138036226354], [-72.71526355029418, 41.81379609388339], [-72.71525735983019, 41.81379609388339], [-72.71525735983019, 41.8138036226354]]], [[[-72.71529273391018, 41.8137801998514], [-72.71529892437418, 41.8137801998514], [-72.71529892437418, 41.8137726710994], [-72.71529273391018, 41.8137726710994], [-72.71529273391018, 41.8137801998514]]], [[[-72.71529273391018, 41.813764305819404], [-72.71529892437418, 41.813764305819404], [-72.71529892437418, 41.8137567770674], [-72.71529273391018, 41.8137567770674], [-72.71529273391018, 41.813764305819404]]], [[[-72.71512559138218, 41.8139073521074], [-72.71512559138218, 41.81388560237939], [-72.71511674786218, 41.81388560237939], [-72.71511674786218, 41.8139073521074], [-72.71512559138218, 41.8139073521074]]], [[[-72.71531130530218, 41.813871381403395], [-72.71531130530218, 41.813854650843396], [-72.7153192644702, 41.813854650843396], [-72.7153192644702, 41.813871381403395], [-72.71531130530218, 41.813871381403395]]], [[[-72.71516715592618, 41.81388978501939], [-72.71516715592618, 41.8138697083474], [-72.71517599944617, 41.8138697083474], [-72.71517599944617, 41.81388978501939], [-72.71516715592618, 41.81388978501939]]], [[[-72.7144499464542, 41.8143724616754], [-72.71447117090219, 41.8143724616754], [-72.71447117090219, 41.8143666059794], [-72.7144499464542, 41.8143666059794], [-72.7144499464542, 41.8143724616754]]], [[[-72.71464715695018, 41.8141491086994], [-72.71464715695018, 41.81412819549939], [-72.71465334741417, 41.81412819549939], [-72.71465334741417, 41.8141491086994], [-72.71464715695018, 41.8141491086994]]], [[[-72.71456668091818, 41.814108955355394], [-72.71456668091818, 41.81408804215539], [-72.71457552443817, 41.81408804215539], [-72.71457552443817, 41.814108955355394], [-72.71456668091818, 41.814108955355394]]], [[[-72.71476300706219, 41.8141909350994], [-72.71476300706219, 41.8141708584274], [-72.71475239483819, 41.8141708584274], [-72.71475239483819, 41.8141909350994], [-72.71476300706219, 41.8141909350994]]], [[[-72.71500089775017, 41.8141691853714], [-72.71500089775017, 41.8141491086994], [-72.71500708821418, 41.8141491086994], [-72.71500708821418, 41.8141691853714], [-72.71500089775017, 41.8141691853714]]], [[[-72.71455695304617, 41.8143314718034], [-72.71455164693417, 41.8143314718034], [-72.71455164693417, 41.81432143346739], [-72.71455695304617, 41.81432143346739], [-72.71455695304617, 41.8143314718034]]], [[[-72.71455429999018, 41.81387556404339], [-72.71455429999018, 41.81386468917939], [-72.71456314351018, 41.81386468917939], [-72.71456314351018, 41.81387556404339], [-72.71455429999018, 41.81387556404339]]], [[[-72.71445083080617, 41.81409055173939], [-72.71445083080617, 41.8140897152114], [-72.71443844987819, 41.8140897152114], [-72.71443844987819, 41.81409055173939], [-72.71445083080617, 41.81409055173939]]], [[[-72.71438096699819, 41.8137868920754], [-72.71438096699819, 41.8137852190194], [-72.71439334792619, 41.8137852190194], [-72.71439334792619, 41.8137868920754], [-72.71438096699819, 41.8137868920754]]], [[[-72.71529273391018, 41.8138354106994], [-72.71529892437418, 41.8138354106994], [-72.71529892437418, 41.8138278819474], [-72.71529273391018, 41.8138278819474], [-72.71529273391018, 41.8138354106994]]], [[[-72.7147638914142, 41.8138186801394], [-72.7147638914142, 41.8137969304114], [-72.71475151048618, 41.8137969304114], [-72.71475151048618, 41.8138186801394], [-72.7147638914142, 41.8138186801394]]], [[[-72.71504069359018, 41.814276260955396], [-72.7150274283102, 41.814276260955396], [-72.7150274283102, 41.8142821166514], [-72.71504069359018, 41.8142821166514], [-72.71504069359018, 41.814276260955396]]], [[[-72.71529184955818, 41.813996860603396], [-72.71529804002218, 41.813996860603396], [-72.71529804002218, 41.8139901683794], [-72.71529184955818, 41.8139901683794], [-72.71529184955818, 41.813996860603396]]], [[[-72.71462770120618, 41.8143523850034], [-72.71462239509418, 41.8143523850034], [-72.71462239509418, 41.81434234666739], [-72.71462770120618, 41.81434234666739], [-72.71462770120618, 41.8143523850034]]], [[[-72.71512559138218, 41.81395168809139], [-72.71512559138218, 41.813929938363394], [-72.71511674786218, 41.813929938363394], [-72.71511674786218, 41.81395168809139], [-72.71512559138218, 41.81395168809139]]], [[[-72.71456314351018, 41.8142310884434], [-72.71456314351018, 41.81420933871539], [-72.71455341563818, 41.81420933871539], [-72.71455341563818, 41.8142310884434], [-72.71456314351018, 41.8142310884434]]], [[[-72.71561198498217, 41.813974274347395], [-72.71563320943018, 41.813974274347395], [-72.71563320943018, 41.813984312683395], [-72.71561198498217, 41.813984312683395], [-72.71561198498217, 41.813974274347395]]], [[[-72.71563409378217, 41.813974274347395], [-72.7156562025822, 41.813974274347395], [-72.7156562025822, 41.813984312683395], [-72.71563409378217, 41.813984312683395], [-72.71563409378217, 41.813974274347395]]], [[[-72.71471348335018, 41.8143189238834], [-72.71469314325417, 41.8143189238834], [-72.71469314325417, 41.8143139047154], [-72.71471348335018, 41.8143139047154], [-72.71471348335018, 41.8143189238834]]], [[[-72.71518218991018, 41.81417002189939], [-72.71518218991018, 41.8141499452274], [-72.71517599944617, 41.8141499452274], [-72.71517599944617, 41.81417002189939], [-72.71518218991018, 41.81417002189939]]], [[[-72.71445083080617, 41.8141407434194], [-72.71445083080617, 41.81413990689139], [-72.71446321173418, 41.81413990689139], [-72.71446321173418, 41.8141407434194], [-72.71445083080617, 41.8141407434194]]], [[[-72.71438096699819, 41.8138579969554], [-72.71438096699819, 41.813857160427396], [-72.71439334792619, 41.813857160427396], [-72.71439334792619, 41.8138579969554], [-72.71438096699819, 41.8138579969554]]], [[[-72.71549348181419, 41.814084696043395], [-72.71549348181419, 41.814062946315396], [-72.71550320968619, 41.814062946315396], [-72.71550320968619, 41.814084696043395], [-72.71549348181419, 41.814084696043395]]], [[[-72.71438096699819, 41.8138872754354], [-72.71438096699819, 41.81388560237939], [-72.71439334792619, 41.81388560237939], [-72.71439334792619, 41.8138872754354], [-72.71438096699819, 41.8138872754354]]], [[[-72.71438096699819, 41.813937467115394], [-72.71438096699819, 41.8139357940594], [-72.71439334792619, 41.8139357940594], [-72.71439334792619, 41.813937467115394], [-72.71438096699819, 41.813937467115394]]], [[[-72.71450919803817, 41.8142118482994], [-72.71451981026219, 41.8142118482994], [-72.71451981026219, 41.8141909350994], [-72.71450919803817, 41.8141909350994], [-72.71450919803817, 41.8142118482994]]], [[[-72.71432525282218, 41.813888111963394], [-72.71432525282218, 41.8138663622354], [-72.71433586504618, 41.8138663622354], [-72.71433586504618, 41.813888111963394], [-72.71432525282218, 41.813888111963394]]], [[[-72.71523082927017, 41.81397762045939], [-72.71523790408618, 41.81397762045939], [-72.71523790408618, 41.813971764763394], [-72.71523082927017, 41.813971764763394], [-72.71523082927017, 41.81397762045939]]], [[[-72.71523082927017, 41.8139458323954], [-72.71523790408618, 41.8139458323954], [-72.71523790408618, 41.813939976699395], [-72.71523082927017, 41.813939976699395], [-72.71523082927017, 41.8139458323954]]], [[[-72.71525824418217, 41.813971764763394], [-72.71526443464617, 41.813971764763394], [-72.71526443464617, 41.813965072539396], [-72.71525824418217, 41.813965072539396], [-72.71525824418217, 41.813971764763394]]], [[[-72.71531218965418, 41.8139751108754], [-72.71531838011818, 41.8139751108754], [-72.71531838011818, 41.8139700917074], [-72.71531218965418, 41.8139700917074], [-72.71531218965418, 41.8139751108754]]], [[[-72.71526531899818, 41.813900659883394], [-72.71527062511018, 41.813900659883394], [-72.71527062511018, 41.813893967659396], [-72.71526531899818, 41.813893967659396], [-72.71526531899818, 41.813900659883394]]], [[[-72.71481606818217, 41.8143139047154], [-72.71482668040618, 41.8143139047154], [-72.71482668040618, 41.81430888554739], [-72.71481606818217, 41.81430888554739], [-72.71481606818217, 41.8143139047154]]], [[[-72.71455253128619, 41.8137743441554], [-72.71455253128619, 41.8137525944274], [-72.71454280341418, 41.8137525944274], [-72.71454280341418, 41.8137743441554], [-72.71455253128619, 41.8137743441554]]], [[[-72.71468518408619, 41.8141491086994], [-72.71468518408619, 41.81412819549939], [-72.71467457186219, 41.81412819549939], [-72.71467457186219, 41.8141491086994], [-72.71468518408619, 41.8141491086994]]], [[[-72.71452246331819, 41.81377518068339], [-72.71450035451818, 41.81377518068339], [-72.71450035451818, 41.81376765193139], [-72.71452246331819, 41.81376765193139], [-72.71452246331819, 41.81377518068339]]], [[[-72.71464627259819, 41.8141909350994], [-72.71464627259819, 41.8141708584274], [-72.71464008213418, 41.8141708584274], [-72.71464008213418, 41.8141909350994], [-72.71464627259819, 41.8141909350994]]], [[[-72.71526620335018, 41.813787728603394], [-72.71527327816618, 41.813787728603394], [-72.71527327816618, 41.8137801998514], [-72.71526620335018, 41.8137801998514], [-72.71526620335018, 41.813787728603394]]], [[[-72.71518484296618, 41.8142545112274], [-72.71518484296618, 41.8142335980274], [-72.71519103343017, 41.8142335980274], [-72.71519103343017, 41.8142545112274], [-72.71518484296618, 41.8142545112274]]], [[[-72.71462770120618, 41.81432143346739], [-72.71462239509418, 41.81432143346739], [-72.71462239509418, 41.81431139513139], [-72.71462770120618, 41.81431139513139], [-72.71462770120618, 41.81432143346739]]], [[[-72.71451096674218, 41.8139751108754], [-72.71451096674218, 41.8139533611474], [-72.71452157896618, 41.8139533611474], [-72.71452157896618, 41.8139751108754], [-72.71451096674218, 41.8139751108754]]], [[[-72.7148019185502, 41.8138186801394], [-72.7148019185502, 41.8137969304114], [-72.71479219067818, 41.8137969304114], [-72.71479219067818, 41.8138186801394], [-72.7148019185502, 41.8138186801394]]], [[[-72.71516715592618, 41.813868871819395], [-72.71516715592618, 41.8138487951474], [-72.71517599944617, 41.8138487951474], [-72.71517599944617, 41.813868871819395], [-72.71516715592618, 41.813868871819395]]], [[[-72.71571456981418, 41.8140646193714], [-72.71571456981418, 41.814042869643394], [-72.71572518203818, 41.814042869643394], [-72.71572518203818, 41.8140646193714], [-72.71571456981418, 41.8140646193714]]], [[[-72.71472497992619, 41.8141491086994], [-72.71472497992619, 41.81412819549939], [-72.71473117039018, 41.81412819549939], [-72.71473117039018, 41.8141491086994], [-72.71472497992619, 41.8141491086994]]], [[[-72.71510878869418, 41.8141917716274], [-72.71510878869418, 41.8141716949554], [-72.71511851656618, 41.8141716949554], [-72.71511851656618, 41.8141917716274], [-72.71510878869418, 41.8141917716274]]], [[[-72.71520429871018, 41.813827045419394], [-72.71520429871018, 41.813806132219405], [-72.71521314223018, 41.813806132219405], [-72.71521314223018, 41.813827045419394], [-72.71520429871018, 41.813827045419394]]], [[[-72.71548729135019, 41.813824535835394], [-72.71548729135019, 41.81380445916339], [-72.71547667912618, 41.81380445916339], [-72.71547667912618, 41.813824535835394], [-72.71548729135019, 41.813824535835394]]], [[[-72.7145940958302, 41.813996024075394], [-72.7145940958302, 41.813974274347395], [-72.71458436795818, 41.813974274347395], [-72.71458436795818, 41.813996024075394], [-72.7145940958302, 41.813996024075394]]], [[[-72.71500266645417, 41.81421770399539], [-72.71500708821418, 41.81421770399539], [-72.71500708821418, 41.8142118482994], [-72.71500266645417, 41.8142118482994], [-72.71500266645417, 41.81421770399539]]], [[[-72.71464627259819, 41.8141064457714], [-72.71464627259819, 41.8140863690994], [-72.71464008213418, 41.8140863690994], [-72.71464008213418, 41.8141064457714], [-72.71464627259819, 41.8141064457714]]], [[[-72.71492484347819, 41.8141064457714], [-72.71492484347819, 41.8140863690994], [-72.71491599995818, 41.8140863690994], [-72.71491599995818, 41.8141064457714], [-72.71492484347819, 41.8141064457714]]], [[[-72.71539708744619, 41.8143306352754], [-72.71539708744619, 41.8143390005554], [-72.71541742754218, 41.8143390005554], [-72.71541742754218, 41.8143306352754], [-72.71539708744619, 41.8143306352754]]], [[[-72.71543776763818, 41.8143139047154], [-72.71542803976618, 41.8143139047154], [-72.71542803976618, 41.8143189238834], [-72.71543776763818, 41.8143189238834], [-72.71543776763818, 41.8143139047154]]], [[[-72.7154483798622, 41.8143289622194], [-72.7154483798622, 41.8143390005554], [-72.71545368597418, 41.8143390005554], [-72.71545368597418, 41.8143289622194], [-72.7154483798622, 41.8143289622194]]], [[[-72.71545368597418, 41.8143189238834], [-72.71545368597418, 41.8143289622194], [-72.71545899208618, 41.8143289622194], [-72.71545899208618, 41.8143189238834], [-72.71545368597418, 41.8143189238834]]], [[[-72.71543334587818, 41.8143289622194], [-72.71543334587818, 41.8143390005554], [-72.71543776763818, 41.8143390005554], [-72.71543776763818, 41.8143289622194], [-72.71543334587818, 41.8143289622194]]], [[[-72.71540681531819, 41.8143390005554], [-72.71539708744619, 41.8143390005554], [-72.71539708744619, 41.8143440197234], [-72.71540681531819, 41.8143440197234], [-72.71540681531819, 41.8143390005554]]], [[[-72.71511763221419, 41.814277097483405], [-72.71509994517419, 41.814277097483405], [-72.71509994517419, 41.814282953179394], [-72.71511763221419, 41.814282953179394], [-72.71511763221419, 41.814277097483405]]], [[[-72.71459586453419, 41.8139734378194], [-72.71459586453419, 41.81395168809139], [-72.71460470805418, 41.81395168809139], [-72.71460470805418, 41.8139734378194], [-72.71459586453419, 41.8139734378194]]], [[[-72.71471613640618, 41.8137743441554], [-72.71471613640618, 41.8137525944274], [-72.71470729288619, 41.8137525944274], [-72.71470729288619, 41.8137743441554], [-72.71471613640618, 41.8137743441554]]], [[[-72.71491953736619, 41.8138454490354], [-72.71491953736619, 41.8138253723634], [-72.71492661218218, 41.8138253723634], [-72.71492661218218, 41.8138454490354], [-72.71491953736619, 41.8138454490354]]], [[[-72.71468518408619, 41.8141064457714], [-72.71468518408619, 41.8140863690994], [-72.71467457186219, 41.8140863690994], [-72.71467457186219, 41.8141064457714], [-72.71468518408619, 41.8141064457714]]], [[[-72.71513266619819, 41.814320596939396], [-72.7151114417502, 41.814320596939396], [-72.7151114417502, 41.8143139047154], [-72.71513266619819, 41.8143139047154], [-72.71513266619819, 41.814320596939396]]], [[[-72.71491953736619, 41.813824535835394], [-72.71491953736619, 41.8138036226354], [-72.71492661218218, 41.8138036226354], [-72.71492661218218, 41.813824535835394], [-72.71491953736619, 41.813824535835394]]], [[[-72.71518218991018, 41.8142335980274], [-72.71518218991018, 41.814212684827396], [-72.71517599944617, 41.814212684827396], [-72.71517599944617, 41.8142335980274], [-72.71518218991018, 41.8142335980274]]], [[[-72.71496375496618, 41.8141691853714], [-72.71496375496618, 41.8141491086994], [-72.71497259848617, 41.8141491086994], [-72.71497259848617, 41.8141691853714], [-72.71496375496618, 41.8141691853714]]], [[[-72.71468606843817, 41.8141591470354], [-72.71468606843817, 41.8141382338354], [-72.71469668066219, 41.8141382338354], [-72.71469668066219, 41.8141591470354], [-72.71468606843817, 41.8141591470354]]], [[[-72.71576939963818, 41.8140863690994], [-72.71576939963818, 41.8140646193714], [-72.71575878741417, 41.8140646193714], [-72.71575878741417, 41.8140863690994], [-72.71576939963818, 41.8140863690994]]], [[[-72.71523171362219, 41.8139031694674], [-72.71523790408618, 41.8139031694674], [-72.71523790408618, 41.8138964772434], [-72.71523171362219, 41.8138964772434], [-72.71523171362219, 41.8139031694674]]], [[[-72.71528565909419, 41.813874727515405], [-72.71529096520618, 41.813874727515405], [-72.71529096520618, 41.8138680352914], [-72.71528565909419, 41.8138680352914], [-72.71528565909419, 41.813874727515405]]], [[[-72.71488504763818, 41.81385046820339], [-72.71488504763818, 41.8138303915314], [-72.71489123810218, 41.8138303915314], [-72.71489123810218, 41.81385046820339], [-72.71488504763818, 41.81385046820339]]], [[[-72.7147638914142, 41.8139073521074], [-72.7147638914142, 41.81388560237939], [-72.71475151048618, 41.81388560237939], [-72.71475151048618, 41.8139073521074], [-72.7147638914142, 41.8139073521074]]], [[[-72.71483375522217, 41.813930774891396], [-72.71485321096618, 41.813930774891396], [-72.71485321096618, 41.8139366305874], [-72.71483375522217, 41.8139366305874], [-72.71483375522217, 41.813930774891396]]], [[[-72.71561375368618, 41.814391701819396], [-72.71561375368618, 41.8143699520914], [-72.71560491016619, 41.8143699520914], [-72.71560491016619, 41.814391701819396], [-72.71561375368618, 41.814391701819396]]], [[[-72.71549348181419, 41.814173368011396], [-72.71549348181419, 41.8141516182834], [-72.71550320968619, 41.8141516182834], [-72.71550320968619, 41.814173368011396], [-72.71549348181419, 41.814173368011396]]], [[[-72.71475593224618, 41.814319760411394], [-72.71473559215019, 41.814319760411394], [-72.71473559215019, 41.8143247795794], [-72.71475593224618, 41.8143247795794], [-72.71475593224618, 41.814319760411394]]], [[[-72.71491953736619, 41.8138872754354], [-72.71491953736619, 41.8138671987634], [-72.71492661218218, 41.8138671987634], [-72.71492661218218, 41.8138872754354], [-72.71491953736619, 41.8138872754354]]], [[[-72.71537320994219, 41.813989331851396], [-72.71537320994219, 41.8139809665714], [-72.71535552290219, 41.8139809665714], [-72.71535552290219, 41.813989331851396], [-72.71537320994219, 41.813989331851396]]], [[[-72.71455253128619, 41.81395168809139], [-72.71455253128619, 41.813929938363394], [-72.71454280341418, 41.813929938363394], [-72.71454280341418, 41.81395168809139], [-72.71455253128619, 41.81395168809139]]], [[[-72.71459586453419, 41.81395168809139], [-72.71459586453419, 41.813929938363394], [-72.71460470805418, 41.813929938363394], [-72.71460470805418, 41.81395168809139], [-72.71459586453419, 41.81395168809139]]], [[[-72.71514770018219, 41.814107282299396], [-72.71514770018219, 41.8140872056274], [-72.7151388566622, 41.8140872056274], [-72.7151388566622, 41.814107282299396], [-72.71514770018219, 41.814107282299396]]], [[[-72.71523082927017, 41.813952524619395], [-72.71523790408618, 41.813952524619395], [-72.71523790408618, 41.8139458323954], [-72.71523082927017, 41.8139458323954], [-72.71523082927017, 41.813952524619395]]], [[[-72.71523878843819, 41.8139458323954], [-72.71524497890218, 41.8139458323954], [-72.71524497890218, 41.813939976699395], [-72.71523878843819, 41.813939976699395], [-72.71523878843819, 41.8139458323954]]], [[[-72.71455253128619, 41.8139073521074], [-72.71455253128619, 41.81388560237939], [-72.71454280341418, 41.81388560237939], [-72.71454280341418, 41.8139073521074], [-72.71455253128619, 41.8139073521074]]], [[[-72.71455253128619, 41.8138630161234], [-72.71455253128619, 41.8138412663954], [-72.71454280341418, 41.8138412663954], [-72.71454280341418, 41.8138630161234], [-72.71455253128619, 41.8138630161234]]], [[[-72.71445259951017, 41.81379609388339], [-72.71445259951017, 41.8137743441554], [-72.71446321173418, 41.8137743441554], [-72.71446321173418, 41.81379609388339], [-72.71445259951017, 41.81379609388339]]], [[[-72.71480457160618, 41.8140646193714], [-72.71480457160618, 41.8140445426994], [-72.71481429947819, 41.8140445426994], [-72.71481429947819, 41.8140646193714], [-72.71480457160618, 41.8140646193714]]], [[[-72.71468606843817, 41.8141382338354], [-72.71468606843817, 41.8141173206354], [-72.71469668066219, 41.8141173206354], [-72.71469668066219, 41.8141382338354], [-72.71468606843817, 41.8141382338354]]], [[[-72.71553327765417, 41.814391701819396], [-72.71553327765417, 41.8143699520914], [-72.71552443413418, 41.8143699520914], [-72.71552443413418, 41.814391701819396], [-72.71553327765417, 41.814391701819396]]], [[[-72.71523790408618, 41.8140043893554], [-72.71524409455019, 41.8140043893554], [-72.71524409455019, 41.8139976971314], [-72.71523790408618, 41.8139976971314], [-72.71523790408618, 41.8140043893554]]], [[[-72.71456314351018, 41.81427542442739], [-72.71456314351018, 41.8142536746994], [-72.71455341563818, 41.8142536746994], [-72.71455341563818, 41.81427542442739], [-72.71456314351018, 41.81427542442739]]], [[[-72.7148859319902, 41.814182569819394], [-72.7148859319902, 41.81416751231539], [-72.71489477551019, 41.81416751231539], [-72.71489477551019, 41.814182569819394], [-72.7148859319902, 41.814182569819394]]], [[[-72.71548729135019, 41.81409640743539], [-72.71548729135019, 41.8140754942354], [-72.71547844783018, 41.8140754942354], [-72.71547844783018, 41.81409640743539], [-72.71548729135019, 41.81409640743539]]], [[[-72.71537497864618, 41.813929938363394], [-72.71537497864618, 41.8139215730834], [-72.71535729160618, 41.8139215730834], [-72.71535729160618, 41.813929938363394], [-72.71537497864618, 41.813929938363394]]], [[[-72.7147638914142, 41.81395168809139], [-72.7147638914142, 41.813929938363394], [-72.71475151048618, 41.813929938363394], [-72.71475151048618, 41.81395168809139], [-72.7147638914142, 41.81395168809139]]], [[[-72.71530953659817, 41.8137801998514], [-72.71531572706219, 41.8137801998514], [-72.71531572706219, 41.8137726710994], [-72.71530953659817, 41.8137726710994], [-72.71530953659817, 41.8137801998514]]], [[[-72.71520429871018, 41.8139951875474], [-72.71520429871018, 41.8139751108754], [-72.71521314223018, 41.8139751108754], [-72.71521314223018, 41.8139951875474], [-72.71520429871018, 41.8139951875474]]], [[[-72.71523171362219, 41.813764305819404], [-72.71523790408618, 41.813764305819404], [-72.71523790408618, 41.8137567770674], [-72.71523171362219, 41.8137567770674], [-72.71523171362219, 41.813764305819404]]], [[[-72.71526620335018, 41.8137801998514], [-72.71527327816618, 41.8137801998514], [-72.71527327816618, 41.8137726710994], [-72.71526620335018, 41.8137726710994], [-72.71526620335018, 41.8137801998514]]], [[[-72.71525735983019, 41.813764305819404], [-72.71526355029418, 41.813764305819404], [-72.71526355029418, 41.8137567770674], [-72.71525735983019, 41.8137567770674], [-72.71525735983019, 41.813764305819404]]], [[[-72.71525735983019, 41.813819516667394], [-72.71526355029418, 41.813819516667394], [-72.71526355029418, 41.8138119879154], [-72.71525735983019, 41.8138119879154], [-72.71525735983019, 41.813819516667394]]], [[[-72.71528300603819, 41.813764305819404], [-72.71529008085419, 41.813764305819404], [-72.71529008085419, 41.8137567770674], [-72.71528300603819, 41.8137567770674], [-72.71528300603819, 41.813764305819404]]], [[[-72.71531042095019, 41.813881419739396], [-72.71531042095019, 41.813890621547394], [-72.7153192644702, 41.813890621547394], [-72.7153192644702, 41.813881419739396], [-72.71531042095019, 41.813881419739396]]], [[[-72.71463477602218, 41.81380445916339], [-72.71463477602218, 41.81379191124339], [-72.71462504815018, 41.81379191124339], [-72.71462504815018, 41.81380445916339], [-72.71463477602218, 41.81380445916339]]], [[[-72.71459586453419, 41.8138630161234], [-72.71459586453419, 41.8138412663954], [-72.71460470805418, 41.8138412663954], [-72.71460470805418, 41.8138630161234], [-72.71459586453419, 41.8138630161234]]], [[[-72.71548729135019, 41.8138036226354], [-72.71548729135019, 41.8137827094354], [-72.71547667912618, 41.8137827094354], [-72.71547667912618, 41.8138036226354], [-72.71548729135019, 41.8138036226354]]], [[[-72.71539266568618, 41.8141591470354], [-72.71541300578218, 41.8141591470354], [-72.71541300578218, 41.81416751231539], [-72.71539266568618, 41.81416751231539], [-72.71539266568618, 41.8141591470354]]], [[[-72.71488416328619, 41.81393161141939], [-72.71488416328619, 41.813910698219395], [-72.71487443541419, 41.813910698219395], [-72.71487443541419, 41.81393161141939], [-72.71488416328619, 41.81393161141939]]], [[[-72.71512647573418, 41.8138989868274], [-72.71512647573418, 41.813878910155395], [-72.71513620360618, 41.813878910155395], [-72.71513620360618, 41.8138989868274], [-72.71512647573418, 41.8138989868274]]], [[[-72.71525647547818, 41.8138429394514], [-72.71527416251818, 41.8138429394514], [-72.71527416251818, 41.8138354106994], [-72.71525647547818, 41.8138354106994], [-72.71525647547818, 41.8138429394514]]], [[[-72.71484436744618, 41.8138630161234], [-72.71484436744618, 41.8138412663954], [-72.71485409531819, 41.8138412663954], [-72.71485409531819, 41.8138630161234], [-72.71484436744618, 41.8138630161234]]], [[[-72.71453130683818, 41.814277097483405], [-72.71450919803817, 41.814277097483405], [-72.71450919803817, 41.814282953179394], [-72.71453130683818, 41.814282953179394], [-72.71453130683818, 41.814277097483405]]], [[[-72.71520429871018, 41.81384795861939], [-72.71520429871018, 41.8138278819474], [-72.71521314223018, 41.8138278819474], [-72.71521314223018, 41.81384795861939], [-72.71520429871018, 41.81384795861939]]], [[[-72.7154359989342, 41.8141591470354], [-72.71545633903017, 41.8141591470354], [-72.71545633903017, 41.81416751231539], [-72.7154359989342, 41.81416751231539], [-72.7154359989342, 41.8141591470354]]], [[[-72.71455253128619, 41.81379609388339], [-72.71455253128619, 41.81377518068339], [-72.71454280341418, 41.81377518068339], [-72.71454280341418, 41.81379609388339], [-72.71455253128619, 41.81379609388339]]], [[[-72.71482137429417, 41.8143557311154], [-72.71482137429417, 41.814335654443404], [-72.71481606818217, 41.814335654443404], [-72.71481606818217, 41.8143557311154], [-72.71482137429417, 41.8143557311154]]], [[[-72.71468606843817, 41.81417002189939], [-72.71468606843817, 41.8141599835634], [-72.71469668066219, 41.8141599835634], [-72.71469668066219, 41.81417002189939], [-72.71468606843817, 41.81417002189939]]], [[[-72.71468429973419, 41.8139383036434], [-72.71466661269419, 41.8139383036434], [-72.71466661269419, 41.8139475054514], [-72.71468429973419, 41.8139475054514], [-72.71468429973419, 41.8139383036434]]], [[[-72.7154359989342, 41.8139383036434], [-72.7154359989342, 41.8139165539154], [-72.71544572680618, 41.8139165539154], [-72.71544572680618, 41.8139383036434], [-72.7154359989342, 41.8139383036434]]], [[[-72.71450919803817, 41.814112301467404], [-72.71450919803817, 41.8140913882674], [-72.71450035451818, 41.8140913882674], [-72.71450035451818, 41.814112301467404], [-72.71450919803817, 41.814112301467404]]], [[[-72.71445083080617, 41.81418424287539], [-72.71445083080617, 41.814182569819394], [-72.71446321173418, 41.814182569819394], [-72.71446321173418, 41.81418424287539], [-72.71445083080617, 41.81418424287539]]], [[[-72.71445083080617, 41.813861343067394], [-72.71445083080617, 41.8138605065394], [-72.71443844987819, 41.8138605065394], [-72.71443844987819, 41.813861343067394], [-72.71445083080617, 41.813861343067394]]], [[[-72.71438096699819, 41.8138513047314], [-72.71438096699819, 41.813849631675396], [-72.71439334792619, 41.813849631675396], [-72.71439334792619, 41.8138513047314], [-72.71438096699819, 41.8138513047314]]], [[[-72.71445083080617, 41.813847122091396], [-72.71445083080617, 41.8138462855634], [-72.71443844987819, 41.8138462855634], [-72.71443844987819, 41.813847122091396], [-72.71445083080617, 41.813847122091396]]], [[[-72.71445083080617, 41.813868871819395], [-72.71445083080617, 41.8138671987634], [-72.71443844987819, 41.8138671987634], [-72.71443844987819, 41.813868871819395], [-72.71445083080617, 41.813868871819395]]], [[[-72.71438096699819, 41.813829555003394], [-72.71438096699819, 41.8138278819474], [-72.71439334792619, 41.8138278819474], [-72.71439334792619, 41.813829555003394], [-72.71438096699819, 41.813829555003394]]], [[[-72.71572429768617, 41.8142310884434], [-72.71573137250218, 41.8142310884434], [-72.71573137250218, 41.8142160309394], [-72.71572429768617, 41.8142160309394], [-72.71572429768617, 41.8142310884434]]], [[[-72.71445083080617, 41.81406210978739], [-72.71445083080617, 41.8140604367314], [-72.71446321173418, 41.8140604367314], [-72.71446321173418, 41.81406210978739], [-72.71445083080617, 41.81406210978739]]], [[[-72.71434470856619, 41.8143557311154], [-72.71436062690218, 41.8143557311154], [-72.71436062690218, 41.8143507119474], [-72.71434470856619, 41.8143507119474], [-72.71434470856619, 41.8143557311154]]], [[[-72.71477627234218, 41.8143482023634], [-72.71475593224618, 41.8143482023634], [-72.71475593224618, 41.8143431831954], [-72.71477627234218, 41.8143431831954], [-72.71477627234218, 41.8143482023634]]], [[[-72.71575348130217, 41.8139416497554], [-72.71575348130217, 41.813915717387395], [-72.71576939963818, 41.813915717387395], [-72.71576939963818, 41.8139416497554], [-72.71575348130217, 41.8139416497554]]], [[[-72.71556511432618, 41.813969255179394], [-72.71559695099818, 41.813969255179394], [-72.71559695099818, 41.8139541976754], [-72.71556511432618, 41.8139541976754], [-72.71556511432618, 41.813969255179394]]], [[[-72.71556511432618, 41.8139357940594], [-72.71559695099818, 41.8139357940594], [-72.71559695099818, 41.813920736555396], [-72.71556511432618, 41.813920736555396], [-72.71556511432618, 41.8139357940594]]], [[[-72.71563851554218, 41.8139140443314], [-72.71567035221418, 41.8139140443314], [-72.71567035221418, 41.8138989868274], [-72.71563851554218, 41.8138989868274], [-72.71563851554218, 41.8139140443314]]], [[[-72.71452069461418, 41.8141691853714], [-72.71452069461418, 41.8141474356434], [-72.71453130683818, 41.8141474356434], [-72.71453130683818, 41.8141691853714], [-72.71452069461418, 41.8141691853714]]], [[[-72.7149549114462, 41.8138454490354], [-72.7149549114462, 41.813824535835394], [-72.71494783663019, 41.813824535835394], [-72.71494783663019, 41.8138454490354], [-72.7149549114462, 41.8138454490354]]], [[[-72.71571368546218, 41.8140863690994], [-72.71571368546218, 41.814065455899396], [-72.71570307323817, 41.814065455899396], [-72.71570307323817, 41.8140863690994], [-72.71571368546218, 41.8140863690994]]], [[[-72.71471613640618, 41.8139734378194], [-72.71471613640618, 41.81395168809139], [-72.71470729288619, 41.81395168809139], [-72.71470729288619, 41.8139734378194], [-72.71471613640618, 41.8139734378194]]], [[[-72.71497878895018, 41.81425283817139], [-72.71498409506218, 41.81425283817139], [-72.71498409506218, 41.8142503285874], [-72.71497878895018, 41.8142503285874], [-72.71497878895018, 41.81425283817139]]], [[[-72.7146126672222, 41.8142118482994], [-72.7146126672222, 41.8141917716274], [-72.71461885768618, 41.8141917716274], [-72.71461885768618, 41.8142118482994], [-72.7146126672222, 41.8142118482994]]], [[[-72.71531838011818, 41.813819516667394], [-72.71532457058218, 41.813819516667394], [-72.71532457058218, 41.8138119879154], [-72.71531838011818, 41.8138119879154], [-72.71531838011818, 41.813819516667394]]], [[[-72.71467457186219, 41.8138487951474], [-72.71467457186219, 41.8138278819474], [-72.71466572834217, 41.8138278819474], [-72.71466572834217, 41.8138487951474], [-72.71467457186219, 41.8138487951474]]], [[[-72.71534137327019, 41.813760959707395], [-72.71535463855017, 41.813760959707395], [-72.71535463855017, 41.8137525944274], [-72.71534137327019, 41.8137525944274], [-72.71534137327019, 41.813760959707395]]], [[[-72.71460205499817, 41.8137684884594], [-72.71458702101418, 41.8137684884594], [-72.71458702101418, 41.813753430955394], [-72.71460205499817, 41.813753430955394], [-72.71460205499817, 41.8137684884594]]], [[[-72.71520253000618, 41.813827045419394], [-72.71520253000618, 41.813806132219405], [-72.71519722389418, 41.813806132219405], [-72.71519722389418, 41.813827045419394], [-72.71520253000618, 41.813827045419394]]], [[[-72.71464627259819, 41.8142335980274], [-72.71464627259819, 41.814212684827396], [-72.71464008213418, 41.814212684827396], [-72.71464008213418, 41.8142335980274], [-72.71464627259819, 41.8142335980274]]], [[[-72.71472409557418, 41.8142545112274], [-72.71472409557418, 41.8142335980274], [-72.71471790511019, 41.8142335980274], [-72.71471790511019, 41.8142545112274], [-72.71472409557418, 41.8142545112274]]], [[[-72.71548729135019, 41.8142645495634], [-72.71548729135019, 41.814244472891396], [-72.71547844783018, 41.814244472891396], [-72.71547844783018, 41.8142645495634], [-72.71548729135019, 41.8142645495634]]], [[[-72.71432525282218, 41.814065455899396], [-72.71432525282218, 41.8140437061714], [-72.71433586504618, 41.8140437061714], [-72.71433586504618, 41.814065455899396], [-72.71432525282218, 41.814065455899396]]], [[[-72.71503450312618, 41.8140646193714], [-72.71503450312618, 41.8140445426994], [-72.71504069359018, 41.8140445426994], [-72.71504069359018, 41.8140646193714], [-72.71503450312618, 41.8140646193714]]], [[[-72.71528477474219, 41.8139458323954], [-72.71529096520618, 41.8139458323954], [-72.71529096520618, 41.813939976699395], [-72.71528477474219, 41.813939976699395], [-72.71528477474219, 41.8139458323954]]], [[[-72.71438096699819, 41.813994351019396], [-72.71438096699819, 41.8139935144914], [-72.71439334792619, 41.8139935144914], [-72.71439334792619, 41.813994351019396], [-72.71438096699819, 41.813994351019396]]], [[[-72.7145560686942, 41.8143557311154], [-72.71454722517417, 41.8143557311154], [-72.71454722517417, 41.8143523850034], [-72.7145560686942, 41.8143523850034], [-72.7145560686942, 41.8143557311154]]], [[[-72.71531838011818, 41.814003552827394], [-72.71532457058218, 41.814003552827394], [-72.71532457058218, 41.813996860603396], [-72.71531838011818, 41.813996860603396], [-72.71531838011818, 41.814003552827394]]], [[[-72.71531218965418, 41.814003552827394], [-72.71531838011818, 41.814003552827394], [-72.71531838011818, 41.813996860603396], [-72.71531218965418, 41.813996860603396], [-72.71531218965418, 41.814003552827394]]], [[[-72.71504334664618, 41.81394917850739], [-72.71505395887017, 41.81394917850739], [-72.71505395887017, 41.8139533611474], [-72.71504334664618, 41.8139533611474], [-72.71504334664618, 41.81394917850739]]], [[[-72.7149549114462, 41.813802786107395], [-72.7149549114462, 41.8137827094354], [-72.71494783663019, 41.8137827094354], [-72.71494783663019, 41.813802786107395], [-72.7149549114462, 41.813802786107395]]], [[[-72.71456314351018, 41.8142536746994], [-72.71456314351018, 41.814231924971395], [-72.71455341563818, 41.814231924971395], [-72.71455341563818, 41.8142536746994], [-72.71456314351018, 41.8142536746994]]], [[[-72.71477627234218, 41.814319760411394], [-72.71475593224618, 41.814319760411394], [-72.71475593224618, 41.8143247795794], [-72.71477627234218, 41.8143247795794], [-72.71477627234218, 41.814319760411394]]], [[[-72.71468606843817, 41.8139475054514], [-72.71468606843817, 41.8139383036434], [-72.71468518408619, 41.8139383036434], [-72.71468518408619, 41.8139475054514], [-72.71468606843817, 41.8139475054514]]], [[[-72.71488504763818, 41.8138722179314], [-72.71488504763818, 41.8138513047314], [-72.71489123810218, 41.8138513047314], [-72.71489123810218, 41.8138722179314], [-72.71488504763818, 41.8138722179314]]], [[[-72.71542627106219, 41.814040360059394], [-72.71544661115819, 41.814040360059394], [-72.71544661115819, 41.8140345043634], [-72.71542627106219, 41.8140345043634], [-72.71542627106219, 41.814040360059394]]], [[[-72.71450919803817, 41.81409055173939], [-72.71450919803817, 41.8140688020114], [-72.71450035451818, 41.8140688020114], [-72.71450035451818, 41.81409055173939], [-72.71450919803817, 41.81409055173939]]], [[[-72.71488416328619, 41.81382118972339], [-72.71488416328619, 41.8137994399954], [-72.71487443541419, 41.8137994399954], [-72.71487443541419, 41.81382118972339], [-72.71488416328619, 41.81382118972339]]], [[[-72.71451096674218, 41.8139533611474], [-72.71451096674218, 41.81393161141939], [-72.71452157896618, 41.81393161141939], [-72.71452157896618, 41.8139533611474], [-72.71451096674218, 41.8139533611474]]], [[[-72.7149549114462, 41.813824535835394], [-72.7149549114462, 41.8138036226354], [-72.71494783663019, 41.8138036226354], [-72.71494783663019, 41.813824535835394], [-72.7149549114462, 41.813824535835394]]], [[[-72.71459586453419, 41.813996024075394], [-72.71459586453419, 41.813974274347395], [-72.71460470805418, 41.813974274347395], [-72.71460470805418, 41.813996024075394], [-72.71459586453419, 41.813996024075394]]], [[[-72.71482225864618, 41.814335654443404], [-72.71482225864618, 41.814315577771396], [-72.71482756475818, 41.814315577771396], [-72.71482756475818, 41.814335654443404], [-72.71482225864618, 41.814335654443404]]], [[[-72.71562436591017, 41.81436827903539], [-72.71560579451818, 41.81436827903539], [-72.71560579451818, 41.814359077227394], [-72.71562436591017, 41.814359077227394], [-72.71562436591017, 41.81436827903539]]], [[[-72.71516538722219, 41.81384795861939], [-72.71516538722219, 41.8138278819474], [-72.7151565437022, 41.8138278819474], [-72.7151565437022, 41.81384795861939], [-72.71516538722219, 41.81384795861939]]], [[[-72.71531661141418, 41.814207665659396], [-72.71532633928618, 41.814207665659396], [-72.71532633928618, 41.8142059926034], [-72.71531661141418, 41.8142059926034], [-72.71531661141418, 41.814207665659396]]], [[[-72.71539266568618, 41.8140805134034], [-72.71541300578218, 41.8140805134034], [-72.71541300578218, 41.8140897152114], [-72.71539266568618, 41.8140897152114], [-72.71539266568618, 41.8140805134034]]], [[[-72.71488504763818, 41.8139558707314], [-72.71488504763818, 41.8139357940594], [-72.71489123810218, 41.8139357940594], [-72.71489123810218, 41.8139558707314], [-72.71488504763818, 41.8139558707314]]], [[[-72.7146126672222, 41.8141909350994], [-72.7146126672222, 41.8141708584274], [-72.71461885768618, 41.8141708584274], [-72.71461885768618, 41.8141909350994], [-72.7146126672222, 41.8141909350994]]], [[[-72.71432525282218, 41.8141909350994], [-72.71432525282218, 41.81416751231539], [-72.71433586504618, 41.81416751231539], [-72.71433586504618, 41.8141909350994], [-72.71432525282218, 41.8141909350994]]], [[[-72.7154359989342, 41.8142369441394], [-72.71545633903017, 41.8142369441394], [-72.71545633903017, 41.8142277423314], [-72.7154359989342, 41.8142277423314], [-72.7154359989342, 41.8142369441394]]], [[[-72.71589055586219, 41.81421519441139], [-72.71589055586219, 41.8141934446834], [-72.71588082799018, 41.8141934446834], [-72.71588082799018, 41.81421519441139], [-72.71589055586219, 41.81421519441139]]], [[[-72.71471613640618, 41.8138630161234], [-72.71471613640618, 41.8138412663954], [-72.71470729288619, 41.8138412663954], [-72.71470729288619, 41.8138630161234], [-72.71471613640618, 41.8138630161234]]], [[[-72.71471613640618, 41.8138847658514], [-72.71471613640618, 41.813863852651394], [-72.71470729288619, 41.813863852651394], [-72.71470729288619, 41.8138847658514], [-72.71471613640618, 41.8138847658514]]], [[[-72.71546076079018, 41.8137216428914], [-72.71543865199017, 41.8137216428914], [-72.71543865199017, 41.813731681227395], [-72.71546076079018, 41.813731681227395], [-72.71546076079018, 41.8137216428914]]], [[[-72.71464627259819, 41.81427542442739], [-72.71464627259819, 41.81425534775539], [-72.71464008213418, 41.81425534775539], [-72.71464008213418, 41.81427542442739], [-72.71464627259819, 41.81427542442739]]], [[[-72.71461089851819, 41.8143482023634], [-72.71459055842219, 41.8143482023634], [-72.71459055842219, 41.8143431831954], [-72.71461089851819, 41.8143431831954], [-72.71461089851819, 41.8143482023634]]], [[[-72.71456314351018, 41.81414241647539], [-72.71456314351018, 41.814121503275395], [-72.71455341563818, 41.814121503275395], [-72.71455341563818, 41.81414241647539], [-72.71456314351018, 41.81414241647539]]], [[[-72.71463566037417, 41.81380445916339], [-72.71463566037417, 41.813783545963396], [-72.71464450389418, 41.813783545963396], [-72.71464450389418, 41.81380445916339], [-72.71463566037417, 41.81380445916339]]], [[[-72.71455253128619, 41.8139291018354], [-72.71455253128619, 41.8139073521074], [-72.71454280341418, 41.8139073521074], [-72.71454280341418, 41.8139291018354], [-72.71455253128619, 41.8139291018354]]], [[[-72.71472497992619, 41.8142545112274], [-72.71472497992619, 41.8142335980274], [-72.71473117039018, 41.8142335980274], [-72.71473117039018, 41.8142545112274], [-72.71472497992619, 41.8142545112274]]], [[[-72.71455429999018, 41.8139416497554], [-72.71455429999018, 41.8139199000274], [-72.71456314351018, 41.8139199000274], [-72.71456314351018, 41.8139416497554], [-72.71455429999018, 41.8139416497554]]], [[[-72.71525912853419, 41.8139073521074], [-72.71526443464617, 41.8139073521074], [-72.71526443464617, 41.813900659883394], [-72.71525912853419, 41.813900659883394], [-72.71525912853419, 41.8139073521074]]], [[[-72.71493191829418, 41.8137216428914], [-72.71491157819817, 41.8137216428914], [-72.71491157819817, 41.813731681227395], [-72.71493191829418, 41.813731681227395], [-72.71493191829418, 41.8137216428914]]], [[[-72.71516538722219, 41.813974274347395], [-72.71516538722219, 41.8139541976754], [-72.7151565437022, 41.8139541976754], [-72.7151565437022, 41.813974274347395], [-72.71516538722219, 41.813974274347395]]], [[[-72.71451096674218, 41.813886438907396], [-72.71451096674218, 41.8138655257074], [-72.71452157896618, 41.8138655257074], [-72.71452157896618, 41.813886438907396], [-72.71451096674218, 41.813886438907396]]], [[[-72.71517599944617, 41.81376263276339], [-72.71515742805418, 41.81376263276339], [-72.71515742805418, 41.8137567770674], [-72.71517599944617, 41.8137567770674], [-72.71517599944617, 41.81376263276339]]], [[[-72.71496198626218, 41.814084696043395], [-72.71496198626218, 41.8140646193714], [-72.71495579579818, 41.8140646193714], [-72.71495579579818, 41.814084696043395], [-72.71496198626218, 41.814084696043395]]], [[[-72.71480280290218, 41.8139291018354], [-72.71480280290218, 41.8139081886354], [-72.71481164642218, 41.8139081886354], [-72.71481164642218, 41.8139291018354], [-72.71480280290218, 41.8139291018354]]], [[[-72.7154359989342, 41.814118993691395], [-72.71545633903017, 41.814118993691395], [-72.71545633903017, 41.81412819549939], [-72.7154359989342, 41.81412819549939], [-72.7154359989342, 41.814118993691395]]], [[[-72.71516538722219, 41.8139533611474], [-72.71516538722219, 41.813933284475404], [-72.7151565437022, 41.813933284475404], [-72.7151565437022, 41.8139533611474], [-72.71516538722219, 41.8139533611474]]], [[[-72.71437919829418, 41.8140913882674], [-72.71437919829418, 41.814069638539394], [-72.71436947042218, 41.814069638539394], [-72.71436947042218, 41.8140913882674], [-72.71437919829418, 41.8140913882674]]], [[[-72.71451096674218, 41.81390902516339], [-72.71451096674218, 41.8138872754354], [-72.71452157896618, 41.8138872754354], [-72.71452157896618, 41.81390902516339], [-72.71451096674218, 41.81390902516339]]], [[[-72.71467634056619, 41.813827045419394], [-72.71467634056619, 41.813805295691395], [-72.71468518408619, 41.813805295691395], [-72.71468518408619, 41.813827045419394], [-72.71467634056619, 41.813827045419394]]], [[[-72.71459321147817, 41.8143724616754], [-72.71461443592618, 41.8143724616754], [-72.71461443592618, 41.8143666059794], [-72.71459321147817, 41.8143666059794], [-72.71459321147817, 41.8143724616754]]], [[[-72.71507164591019, 41.8142335980274], [-72.71507164591019, 41.814212684827396], [-72.71507783637418, 41.814212684827396], [-72.71507783637418, 41.8142335980274], [-72.71507164591019, 41.8142335980274]]], [[[-72.7154359989342, 41.8141574739794], [-72.71545633903017, 41.8141574739794], [-72.71545633903017, 41.8141474356434], [-72.7154359989342, 41.8141474356434], [-72.7154359989342, 41.8141574739794]]], [[[-72.71557484219818, 41.814391701819396], [-72.71557484219818, 41.8143699520914], [-72.71558368571819, 41.8143699520914], [-72.71558368571819, 41.814391701819396], [-72.71557484219818, 41.814391701819396]]], [[[-72.71492395912618, 41.81432561610739], [-72.71492395912618, 41.814315577771396], [-72.71491865301418, 41.814315577771396], [-72.71491865301418, 41.81432561610739], [-72.71492395912618, 41.81432561610739]]], [[[-72.71553504635817, 41.814391701819396], [-72.71553504635817, 41.8143699520914], [-72.71554388987818, 41.8143699520914], [-72.71554388987818, 41.814391701819396], [-72.71553504635817, 41.814391701819396]]], [[[-72.71467634056619, 41.8138487951474], [-72.71467634056619, 41.8138278819474], [-72.71468518408619, 41.8138278819474], [-72.71468518408619, 41.8138487951474], [-72.71467634056619, 41.8138487951474]]], [[[-72.71513266619819, 41.81434903889139], [-72.7151061356382, 41.81434903889139], [-72.7151061356382, 41.814354894587396], [-72.71513266619819, 41.814354894587396], [-72.71513266619819, 41.81434903889139]]], [[[-72.71461178287018, 41.8141382338354], [-72.71461178287018, 41.81412735897139], [-72.71460382370218, 41.81412735897139], [-72.71460382370218, 41.8141382338354], [-72.71461178287018, 41.8141382338354]]], [[[-72.71461089851819, 41.81432561610739], [-72.71459055842219, 41.81432561610739], [-72.71459055842219, 41.814320596939396], [-72.71461089851819, 41.814320596939396], [-72.71461089851819, 41.81432561610739]]], [[[-72.71507164591019, 41.8141491086994], [-72.71507164591019, 41.81412819549939], [-72.71507783637418, 41.81412819549939], [-72.71507783637418, 41.8141491086994], [-72.71507164591019, 41.8141491086994]]], [[[-72.71456491221419, 41.8142729148434], [-72.71456491221419, 41.8142720783154], [-72.71457552443817, 41.8142720783154], [-72.71457552443817, 41.8142729148434], [-72.71456491221419, 41.8142729148434]]], [[[-72.71455429999018, 41.8138973137714], [-72.71455429999018, 41.81387556404339], [-72.71456314351018, 41.81387556404339], [-72.71456314351018, 41.8138973137714], [-72.71455429999018, 41.8138973137714]]], [[[-72.71518484296618, 41.81427542442739], [-72.71518484296618, 41.81425534775539], [-72.71519103343017, 41.81425534775539], [-72.71519103343017, 41.81427542442739], [-72.71518484296618, 41.81427542442739]]], [[[-72.71539266568618, 41.8142369441394], [-72.71541300578218, 41.8142369441394], [-72.71541300578218, 41.8142277423314], [-72.71539266568618, 41.8142277423314], [-72.71539266568618, 41.8142369441394]]], [[[-72.71520429871018, 41.81388978501939], [-72.71520429871018, 41.8138697083474], [-72.71521314223018, 41.8138697083474], [-72.71521314223018, 41.81388978501939], [-72.71520429871018, 41.81388978501939]]], [[[-72.71467457186219, 41.8137216428914], [-72.71465246306218, 41.8137216428914], [-72.71465246306218, 41.813731681227395], [-72.71467457186219, 41.813731681227395], [-72.71467457186219, 41.8137216428914]]], [[[-72.7149549114462, 41.813929938363394], [-72.7149549114462, 41.81390902516339], [-72.71494783663019, 41.81390902516339], [-72.71494783663019, 41.813929938363394], [-72.7149549114462, 41.813929938363394]]], [[[-72.7149549114462, 41.8138872754354], [-72.7149549114462, 41.8138671987634], [-72.71494783663019, 41.8138671987634], [-72.71494783663019, 41.8138872754354], [-72.7149549114462, 41.8138872754354]]], [[[-72.7149549114462, 41.8139508515634], [-72.7149549114462, 41.813929938363394], [-72.71494783663019, 41.813929938363394], [-72.71494783663019, 41.8139508515634], [-72.7149549114462, 41.8139508515634]]], [[[-72.71516538722219, 41.81388978501939], [-72.71516538722219, 41.8138697083474], [-72.7151565437022, 41.8138697083474], [-72.7151565437022, 41.81388978501939], [-72.71516538722219, 41.81388978501939]]], [[[-72.71536082901419, 41.81404203311539], [-72.71538205346218, 41.81404203311539], [-72.71538205346218, 41.814050398395395], [-72.71536082901419, 41.814050398395395], [-72.71536082901419, 41.81404203311539]]], [[[-72.71510878869418, 41.814234434555395], [-72.71510878869418, 41.8142135213554], [-72.71511851656618, 41.8142135213554], [-72.71511851656618, 41.814234434555395], [-72.71510878869418, 41.814234434555395]]], [[[-72.71512647573418, 41.81383624722739], [-72.71512647573418, 41.813815334027396], [-72.71513620360618, 41.813815334027396], [-72.71513620360618, 41.81383624722739], [-72.71512647573418, 41.81383624722739]]], [[[-72.7147638914142, 41.8138630161234], [-72.7147638914142, 41.8138412663954], [-72.71475151048618, 41.8138412663954], [-72.71475151048618, 41.8138630161234], [-72.7147638914142, 41.8138630161234]]], [[[-72.7155774952542, 41.813974274347395], [-72.71558810747818, 41.813974274347395], [-72.71558810747818, 41.813984312683395], [-72.7155774952542, 41.813984312683395], [-72.7155774952542, 41.813974274347395]]], [[[-72.71555008034217, 41.813974274347395], [-72.71557661090218, 41.813974274347395], [-72.71557661090218, 41.813984312683395], [-72.71555008034217, 41.813984312683395], [-72.71555008034217, 41.813974274347395]]], [[[-72.71552266543017, 41.813974274347395], [-72.71554919599018, 41.813974274347395], [-72.71554919599018, 41.813984312683395], [-72.71552266543017, 41.813984312683395], [-72.71552266543017, 41.813974274347395]]], [[[-72.71455253128619, 41.8138186801394], [-72.71455253128619, 41.8137969304114], [-72.71454280341418, 41.8137969304114], [-72.71454280341418, 41.8138186801394], [-72.71455253128619, 41.8138186801394]]], [[[-72.71557395784617, 41.814391701819396], [-72.71557395784617, 41.8143699520914], [-72.71556422997418, 41.8143699520914], [-72.71556422997418, 41.814391701819396], [-72.71557395784617, 41.814391701819396]]], [[[-72.71539266568618, 41.814118993691395], [-72.71541300578218, 41.814118993691395], [-72.71541300578218, 41.81412819549939], [-72.71539266568618, 41.81412819549939], [-72.71539266568618, 41.814118993691395]]], [[[-72.71432525282218, 41.814108955355394], [-72.71432525282218, 41.81408804215539], [-72.71433586504618, 41.81408804215539], [-72.71433586504618, 41.814108955355394], [-72.71432525282218, 41.814108955355394]]], [[[-72.71432525282218, 41.8140872056274], [-72.71432525282218, 41.814065455899396], [-72.71433586504618, 41.814065455899396], [-72.71433586504618, 41.8140872056274], [-72.71432525282218, 41.8140872056274]]], [[[-72.71452776943018, 41.8143557311154], [-72.71452776943018, 41.814335654443404], [-72.71452246331819, 41.814335654443404], [-72.71452246331819, 41.8143557311154], [-72.71452776943018, 41.8143557311154]]], [[[-72.71464627259819, 41.8142545112274], [-72.71464627259819, 41.8142335980274], [-72.71464008213418, 41.8142335980274], [-72.71464008213418, 41.8142545112274], [-72.71464627259819, 41.8142545112274]]], [[[-72.71492484347819, 41.8142545112274], [-72.71492484347819, 41.8142335980274], [-72.71491599995818, 41.8142335980274], [-72.71491599995818, 41.8142545112274], [-72.71492484347819, 41.8142545112274]]], [[[-72.71489477551019, 41.8142720783154], [-72.71487620411818, 41.8142720783154], [-72.71487620411818, 41.81427793401139], [-72.71489477551019, 41.81427793401139], [-72.71489477551019, 41.8142720783154]]], [[[-72.71438096699819, 41.814226905803395], [-72.71439069487018, 41.814226905803395], [-72.71439069487018, 41.8142059926034], [-72.71438096699819, 41.8142059926034], [-72.71438096699819, 41.814226905803395]]], [[[-72.71437919829418, 41.814180060235394], [-72.71437919829418, 41.814158310507395], [-72.71436947042218, 41.814158310507395], [-72.71436947042218, 41.814180060235394], [-72.71437919829418, 41.814180060235394]]], [[[-72.7158914402142, 41.8141382338354], [-72.7158914402142, 41.8141156475794], [-72.71587552187817, 41.8141156475794], [-72.71587552187817, 41.8141382338354], [-72.7158914402142, 41.8141382338354]]], [[[-72.71507076155818, 41.8141064457714], [-72.71507076155818, 41.8140863690994], [-72.71506191803817, 41.8140863690994], [-72.71506191803817, 41.8141064457714], [-72.71507076155818, 41.8141064457714]]], [[[-72.71528477474219, 41.8140805134034], [-72.71530511483817, 41.8140805134034], [-72.71530511483817, 41.8140897152114], [-72.71528477474219, 41.8140897152114], [-72.71528477474219, 41.8140805134034]]], [[[-72.71520429871018, 41.813868871819395], [-72.71520429871018, 41.8138487951474], [-72.71521314223018, 41.8138487951474], [-72.71521314223018, 41.813868871819395], [-72.71520429871018, 41.813868871819395]]], [[[-72.71537055688619, 41.8141976273234], [-72.71539178133419, 41.8141976273234], [-72.71539178133419, 41.8142059926034], [-72.71537055688619, 41.8142059926034], [-72.71537055688619, 41.8141976273234]]], [[[-72.71532722363817, 41.8140805134034], [-72.71534844808617, 41.8140805134034], [-72.71534844808617, 41.8140897152114], [-72.71532722363817, 41.8140897152114], [-72.71532722363817, 41.8140805134034]]], [[[-72.71534933243818, 41.8140805134034], [-72.71537055688619, 41.8140805134034], [-72.71537055688619, 41.8140897152114], [-72.71534933243818, 41.8140897152114], [-72.71534933243818, 41.8140805134034]]], [[[-72.71508402683818, 41.8138722179314], [-72.71508402683818, 41.81385046820339], [-72.71507429896617, 41.81385046820339], [-72.71507429896617, 41.8138722179314], [-72.71508402683818, 41.8138722179314]]], [[[-72.71531838011818, 41.8139541976754], [-72.71532457058218, 41.8139541976754], [-72.71532457058218, 41.81394917850739], [-72.71531838011818, 41.81394917850739], [-72.71531838011818, 41.8139541976754]]], [[[-72.71576939963818, 41.81404203311539], [-72.71576939963818, 41.814021119915395], [-72.71575878741417, 41.814021119915395], [-72.71575878741417, 41.81404203311539], [-72.71576939963818, 41.81404203311539]]], [[[-72.71534933243818, 41.8141976273234], [-72.71537055688619, 41.8141976273234], [-72.71537055688619, 41.8142059926034], [-72.71534933243818, 41.8142059926034], [-72.71534933243818, 41.8141976273234]]], [[[-72.71577205269418, 41.81413070508339], [-72.71577205269418, 41.814108955355394], [-72.71578266491818, 41.814108955355394], [-72.71578266491818, 41.81413070508339], [-72.71577205269418, 41.81413070508339]]], [[[-72.71514946888618, 41.814276260955396], [-72.71514946888618, 41.8142561842834], [-72.71515565935017, 41.8142561842834], [-72.71515565935017, 41.814276260955396], [-72.71514946888618, 41.814276260955396]]], [[[-72.71532722363817, 41.8141976273234], [-72.71534844808617, 41.8141976273234], [-72.71534844808617, 41.8142059926034], [-72.71532722363817, 41.8142059926034], [-72.71532722363817, 41.8141976273234]]], [[[-72.71483110216619, 41.8143724616754], [-72.71485232661418, 41.8143724616754], [-72.71485232661418, 41.8143666059794], [-72.71483110216619, 41.8143666059794], [-72.71483110216619, 41.8143724616754]]], [[[-72.71520429871018, 41.813974274347395], [-72.71520429871018, 41.8139541976754], [-72.71521314223018, 41.8139541976754], [-72.71521314223018, 41.813974274347395], [-72.71520429871018, 41.813974274347395]]], [[[-72.71484525179818, 41.814098080491405], [-72.71484525179818, 41.8140780038194], [-72.71485497967018, 41.8140780038194], [-72.71485497967018, 41.814098080491405], [-72.71484525179818, 41.814098080491405]]], [[[-72.71549348181419, 41.8142620399794], [-72.71549348181419, 41.81424029025139], [-72.71550320968619, 41.81424029025139], [-72.71550320968619, 41.8142620399794], [-72.71549348181419, 41.8142620399794]]], [[[-72.71554565858217, 41.8140646193714], [-72.71554565858217, 41.814042869643394], [-72.71555627080619, 41.814042869643394], [-72.71555627080619, 41.8140646193714], [-72.71554565858217, 41.8140646193714]]], [[[-72.71504334664618, 41.813790238187394], [-72.71504334664618, 41.8137684884594], [-72.71503273442218, 41.8137684884594], [-72.71503273442218, 41.813790238187394], [-72.71504334664618, 41.813790238187394]]], [[[-72.71577205269418, 41.814108955355394], [-72.71577205269418, 41.8140872056274], [-72.71578266491818, 41.8140872056274], [-72.71578266491818, 41.814108955355394], [-72.71577205269418, 41.814108955355394]]], [[[-72.71463477602218, 41.813871381403395], [-72.71463477602218, 41.813849631675396], [-72.71462504815018, 41.813849631675396], [-72.71462504815018, 41.813871381403395], [-72.71463477602218, 41.813871381403395]]], [[[-72.71459586453419, 41.8138186801394], [-72.71459586453419, 41.8137969304114], [-72.71460470805418, 41.8137969304114], [-72.71460470805418, 41.8138186801394], [-72.71459586453419, 41.8138186801394]]], [[[-72.71532722363817, 41.8142369441394], [-72.71534844808617, 41.8142369441394], [-72.71534844808617, 41.8142277423314], [-72.71532722363817, 41.8142277423314], [-72.71532722363817, 41.8142369441394]]], [[[-72.71432525282218, 41.813998533659394], [-72.71432525282218, 41.8139767839314], [-72.71433586504618, 41.8139767839314], [-72.71433586504618, 41.813998533659394], [-72.71432525282218, 41.813998533659394]]], [[[-72.71432525282218, 41.8139767839314], [-72.71432525282218, 41.813955034203396], [-72.71433586504618, 41.813955034203396], [-72.71433586504618, 41.8139767839314], [-72.71432525282218, 41.8139767839314]]], [[[-72.71488416328619, 41.814271241787395], [-72.71488416328619, 41.81424029025139], [-72.71487531976618, 41.81424029025139], [-72.71487531976618, 41.814271241787395], [-72.71488416328619, 41.814271241787395]]], [[[-72.71488416328619, 41.8141666757874], [-72.71488416328619, 41.81413572425139], [-72.71487531976618, 41.81413572425139], [-72.71487531976618, 41.8141666757874], [-72.71488416328619, 41.8141666757874]]], [[[-72.71463477602218, 41.8138487951474], [-72.71463477602218, 41.8138278819474], [-72.71462504815018, 41.8138278819474], [-72.71462504815018, 41.8138487951474], [-72.71463477602218, 41.8138487951474]]], [[[-72.71437919829418, 41.8139734378194], [-72.71437919829418, 41.81395168809139], [-72.71436947042218, 41.81395168809139], [-72.71436947042218, 41.8139734378194], [-72.71437919829418, 41.8139734378194]]], [[[-72.71464627259819, 41.8140855325714], [-72.71464627259819, 41.814065455899396], [-72.71464008213418, 41.814065455899396], [-72.71464008213418, 41.8140855325714], [-72.71464627259819, 41.8140855325714]]], [[[-72.71507164591019, 41.8140855325714], [-72.71507164591019, 41.814065455899396], [-72.71507783637418, 41.814065455899396], [-72.71507783637418, 41.8140855325714], [-72.71507164591019, 41.8140855325714]]], [[[-72.71504423099819, 41.813856323899394], [-72.71504423099819, 41.8138462855634], [-72.71505395887017, 41.8138462855634], [-72.71505395887017, 41.813856323899394], [-72.71504423099819, 41.813856323899394]]], [[[-72.71476566011819, 41.8137743441554], [-72.71476566011819, 41.813764305819404], [-72.71477185058218, 41.813764305819404], [-72.71477185058218, 41.8137743441554], [-72.71476566011819, 41.8137743441554]]], [[[-72.7154359989342, 41.813807805275395], [-72.7154359989342, 41.813786055547396], [-72.71544572680618, 41.813786055547396], [-72.71544572680618, 41.813807805275395], [-72.7154359989342, 41.813807805275395]]], [[[-72.71545899208618, 41.814070475067396], [-72.71545899208618, 41.81408804215539], [-72.71546783560618, 41.81408804215539], [-72.71546783560618, 41.814070475067396], [-72.71545899208618, 41.814070475067396]]], [[[-72.71504423099819, 41.8138011130514], [-72.71504423099819, 41.8137910747154], [-72.71505395887017, 41.8137910747154], [-72.71505395887017, 41.8138011130514], [-72.71504423099819, 41.8138011130514]]], [[[-72.71458967407018, 41.8143482023634], [-72.71456933397417, 41.8143482023634], [-72.71456933397417, 41.8143532215314], [-72.71458967407018, 41.8143532215314], [-72.71458967407018, 41.8143482023634]]], [[[-72.71492661218218, 41.8140855325714], [-72.71492661218218, 41.814065455899396], [-72.71493545570218, 41.814065455899396], [-72.71493545570218, 41.8140855325714], [-72.71492661218218, 41.8140855325714]]], [[[-72.71500001339818, 41.81387807362739], [-72.71500001339818, 41.813856323899394], [-72.71499116987819, 41.813856323899394], [-72.71499116987819, 41.81387807362739], [-72.71500001339818, 41.81387807362739]]], [[[-72.71500001339818, 41.81383373764339], [-72.71500001339818, 41.8138119879154], [-72.71499116987819, 41.8138119879154], [-72.71499116987819, 41.81383373764339], [-72.71500001339818, 41.81383373764339]]], [[[-72.71495668015018, 41.8138161705554], [-72.71495668015018, 41.8137952573554], [-72.71496552367019, 41.8137952573554], [-72.71496552367019, 41.8138161705554], [-72.71495668015018, 41.8138161705554]]], [[[-72.71500001339818, 41.8138011130514], [-72.71500001339818, 41.81377769026739], [-72.71499116987819, 41.81377769026739], [-72.71499116987819, 41.8138011130514], [-72.71500001339818, 41.8138011130514]]], [[[-72.71496463931818, 41.81377016151539], [-72.71494872098218, 41.81377016151539], [-72.71494872098218, 41.813760959707395], [-72.71496463931818, 41.813760959707395], [-72.71496463931818, 41.81377016151539]]], [[[-72.71488504763818, 41.8138086418034], [-72.71488504763818, 41.813787728603394], [-72.71489123810218, 41.813787728603394], [-72.71489123810218, 41.8138086418034], [-72.71488504763818, 41.8138086418034]]], [[[-72.71504423099819, 41.813790238187394], [-72.71504423099819, 41.8137684884594], [-72.71505395887017, 41.8137684884594], [-72.71505395887017, 41.813790238187394], [-72.71504423099819, 41.813790238187394]]], [[[-72.71500178210218, 41.8139224096114], [-72.71500178210218, 41.813900659883394], [-72.71501239432618, 41.813900659883394], [-72.71501239432618, 41.8139224096114], [-72.71500178210218, 41.8139224096114]]], [[[-72.71504423099819, 41.8138454490354], [-72.71504423099819, 41.8138236993074], [-72.71505395887017, 41.8138236993074], [-72.71505395887017, 41.8138454490354], [-72.71504423099819, 41.8138454490354]]], [[[-72.71478776891817, 41.8143724616754], [-72.71480899336619, 41.8143724616754], [-72.71480899336619, 41.8143666059794], [-72.71478776891817, 41.8143666059794], [-72.71478776891817, 41.8143724616754]]], [[[-72.71497259848617, 41.8141917716274], [-72.71495668015018, 41.8141917716274], [-72.71495668015018, 41.8141976273234], [-72.71497259848617, 41.8141976273234], [-72.71497259848617, 41.8141917716274]]], [[[-72.71455429999018, 41.813996024075394], [-72.71455429999018, 41.8139642360114], [-72.71456314351018, 41.8139642360114], [-72.71456314351018, 41.813996024075394], [-72.71455429999018, 41.813996024075394]]], [[[-72.71512647573418, 41.813815334027396], [-72.71512647573418, 41.8137944208274], [-72.71513620360618, 41.8137944208274], [-72.71513620360618, 41.813815334027396], [-72.71512647573418, 41.813815334027396]]], [[[-72.71501150997418, 41.813776017211396], [-72.71499205423018, 41.813776017211396], [-72.71499205423018, 41.813760959707395], [-72.71501150997418, 41.813760959707395], [-72.71501150997418, 41.813776017211396]]], [[[-72.71532722363817, 41.8141591470354], [-72.71534844808617, 41.8141591470354], [-72.71534844808617, 41.81416751231539], [-72.71532722363817, 41.81416751231539], [-72.71532722363817, 41.8141591470354]]], [[[-72.71532633928618, 41.8142059926034], [-72.71532633928618, 41.8141884255154], [-72.71531661141418, 41.8141884255154], [-72.71531661141418, 41.8142059926034], [-72.71532633928618, 41.8142059926034]]], [[[-72.71450919803817, 41.8139240826674], [-72.71450919803817, 41.81392324613939], [-72.71449681711017, 41.81392324613939], [-72.71449681711017, 41.8139240826674], [-72.71450919803817, 41.8139240826674]]], [[[-72.71437919829418, 41.8139291018354], [-72.71437919829418, 41.8139073521074], [-72.71436947042218, 41.8139073521074], [-72.71436947042218, 41.8139291018354], [-72.71437919829418, 41.8139291018354]]], [[[-72.71565708693417, 41.813974274347395], [-72.71567919573417, 41.813974274347395], [-72.71567919573417, 41.813984312683395], [-72.71565708693417, 41.813984312683395], [-72.71565708693417, 41.813974274347395]]], [[[-72.7148019185502, 41.81379609388339], [-72.7148019185502, 41.81377518068339], [-72.71479219067818, 41.81377518068339], [-72.71479219067818, 41.81379609388339], [-72.7148019185502, 41.81379609388339]]], [[[-72.71463300731817, 41.8143080490194], [-72.71462327944619, 41.8143080490194], [-72.71462327944619, 41.8143105586034], [-72.71463300731817, 41.8143105586034], [-72.71463300731817, 41.8143080490194]]], [[[-72.71449858581418, 41.8143139047154], [-72.71450919803817, 41.8143139047154], [-72.71450919803817, 41.81430888554739], [-72.71449858581418, 41.81430888554739], [-72.71449858581418, 41.8143139047154]]], [[[-72.71510878869418, 41.814212684827396], [-72.71510878869418, 41.814192608155395], [-72.71511851656618, 41.814192608155395], [-72.71511851656618, 41.814212684827396], [-72.71510878869418, 41.814212684827396]]], [[[-72.71492484347819, 41.8142118482994], [-72.71492484347819, 41.8141917716274], [-72.71491599995818, 41.8141917716274], [-72.71491599995818, 41.8142118482994], [-72.71492484347819, 41.8142118482994]]], [[[-72.71463566037417, 41.813871381403395], [-72.71463566037417, 41.813849631675396], [-72.71464450389418, 41.813849631675396], [-72.71464450389418, 41.813871381403395], [-72.71463566037417, 41.813871381403395]]], [[[-72.71472497992619, 41.8142335980274], [-72.71472497992619, 41.814212684827396], [-72.71473117039018, 41.814212684827396], [-72.71473117039018, 41.8142335980274], [-72.71472497992619, 41.8142335980274]]], [[[-72.71554388987818, 41.81436827903539], [-72.71552531848619, 41.81436827903539], [-72.71552531848619, 41.814359077227394], [-72.71554388987818, 41.814359077227394], [-72.71554388987818, 41.81436827903539]]], [[[-72.71459586453419, 41.8138847658514], [-72.71459586453419, 41.813863852651394], [-72.71460470805418, 41.813863852651394], [-72.71460470805418, 41.8138847658514], [-72.71459586453419, 41.8138847658514]]], [[[-72.71465865352617, 41.8143724616754], [-72.71467899362219, 41.8143724616754], [-72.71467899362219, 41.8143666059794], [-72.71465865352617, 41.8143666059794], [-72.71465865352617, 41.8143724616754]]], [[[-72.71560137275819, 41.81413070508339], [-72.71560137275819, 41.8141097918834], [-72.71561198498217, 41.8141097918834], [-72.71561198498217, 41.81413070508339], [-72.71560137275819, 41.81413070508339]]], [[[-72.71473117039018, 41.814277097483405], [-72.71471878946218, 41.814277097483405], [-72.71471878946218, 41.814282953179394], [-72.71473117039018, 41.814282953179394], [-72.71473117039018, 41.814277097483405]]], [[[-72.71480457160618, 41.81412819549939], [-72.71480457160618, 41.814107282299396], [-72.71481429947819, 41.814107282299396], [-72.71481429947819, 41.81412819549939], [-72.71480457160618, 41.81412819549939]]], [[[-72.71467191880618, 41.8143189238834], [-72.71465157871019, 41.8143189238834], [-72.71465157871019, 41.8143139047154], [-72.71467191880618, 41.8143139047154], [-72.71467191880618, 41.8143189238834]]], [[[-72.71469314325417, 41.8143189238834], [-72.7146728031582, 41.8143189238834], [-72.7146728031582, 41.8143139047154], [-72.71469314325417, 41.8143139047154], [-72.71469314325417, 41.8143189238834]]], [[[-72.71492661218218, 41.8141909350994], [-72.71492661218218, 41.8141708584274], [-72.71493545570218, 41.8141708584274], [-72.71493545570218, 41.8141909350994], [-72.71492661218218, 41.8141909350994]]], [[[-72.71458967407018, 41.8143482023634], [-72.71456933397417, 41.8143482023634], [-72.71456933397417, 41.8143431831954], [-72.71458967407018, 41.8143431831954], [-72.71458967407018, 41.8143482023634]]], [[[-72.71507076155818, 41.8141909350994], [-72.71507076155818, 41.8141708584274], [-72.71506191803817, 41.8141708584274], [-72.71506191803817, 41.8141909350994], [-72.71507076155818, 41.8141909350994]]], [[[-72.7146126672222, 41.8141591470354], [-72.7146126672222, 41.8141382338354], [-72.71461885768618, 41.8141382338354], [-72.71461885768618, 41.8141591470354], [-72.7146126672222, 41.8141591470354]]], [[[-72.71452776943018, 41.814335654443404], [-72.71452776943018, 41.814315577771396], [-72.71452246331819, 41.814315577771396], [-72.71452246331819, 41.814335654443404], [-72.71452776943018, 41.814335654443404]]], [[[-72.71452069461418, 41.8142135213554], [-72.71452069461418, 41.8141917716274], [-72.71453130683818, 41.8141917716274], [-72.71453130683818, 41.8142135213554], [-72.71452069461418, 41.8142135213554]]], [[[-72.71445259951017, 41.813939976699395], [-72.71445259951017, 41.813918226971396], [-72.71446321173418, 41.813918226971396], [-72.71446321173418, 41.813939976699395], [-72.71445259951017, 41.813939976699395]]], [[[-72.71445259951017, 41.81391739044339], [-72.71445259951017, 41.8138956407154], [-72.71446321173418, 41.8138956407154], [-72.71446321173418, 41.81391739044339], [-72.71445259951017, 41.81391739044339]]], [[[-72.71536967253418, 41.8137216428914], [-72.71534756373418, 41.8137216428914], [-72.71534756373418, 41.813731681227395], [-72.71536967253418, 41.813731681227395], [-72.71536967253418, 41.8137216428914]]], [[[-72.7145940958302, 41.81395168809139], [-72.7145940958302, 41.813929938363394], [-72.71458436795818, 41.813929938363394], [-72.71458436795818, 41.81395168809139], [-72.7145940958302, 41.81395168809139]]], [[[-72.71561552239018, 41.814413451547395], [-72.71561552239018, 41.814391701819396], [-72.71562436591017, 41.814391701819396], [-72.71562436591017, 41.814413451547395], [-72.71561552239018, 41.814413451547395]]], [[[-72.7145940958302, 41.8138847658514], [-72.7145940958302, 41.813863852651394], [-72.71458436795818, 41.813863852651394], [-72.71458436795818, 41.8138847658514], [-72.7145940958302, 41.8138847658514]]], [[[-72.71432525282218, 41.813932447947394], [-72.71432525282218, 41.813910698219395], [-72.71433586504618, 41.813910698219395], [-72.71433586504618, 41.813932447947394], [-72.71432525282218, 41.813932447947394]]], [[[-72.71508402683818, 41.8139165539154], [-72.71508402683818, 41.81389480418739], [-72.71507429896617, 41.81389480418739], [-72.71507429896617, 41.8139165539154], [-72.71508402683818, 41.8139165539154]]], [[[-72.71438096699819, 41.81396590906739], [-72.71438096699819, 41.8139642360114], [-72.71439334792619, 41.8139642360114], [-72.71439334792619, 41.81396590906739], [-72.71438096699819, 41.81396590906739]]], [[[-72.7146126672222, 41.8141382338354], [-72.7146126672222, 41.8141173206354], [-72.71461885768618, 41.8141173206354], [-72.71461885768618, 41.8141382338354], [-72.7146126672222, 41.8141382338354]]], [[[-72.71432525282218, 41.8139098616914], [-72.71432525282218, 41.8138889484914], [-72.71433586504618, 41.8138889484914], [-72.71433586504618, 41.8139098616914], [-72.71432525282218, 41.8139098616914]]], [[[-72.71438096699819, 41.8141039361874], [-72.71438096699819, 41.814102263131396], [-72.71439334792619, 41.814102263131396], [-72.71439334792619, 41.8141039361874], [-72.71438096699819, 41.8141039361874]]], [[[-72.71472409557418, 41.8142118482994], [-72.71472409557418, 41.8141917716274], [-72.71471790511019, 41.8141917716274], [-72.71471790511019, 41.8142118482994], [-72.71472409557418, 41.8142118482994]]], [[[-72.71451981026219, 41.8140579271474], [-72.71451981026219, 41.814047888811395], [-72.71451096674218, 41.814047888811395], [-72.71451096674218, 41.8140579271474], [-72.71451981026219, 41.8140579271474]]], [[[-72.71468606843817, 41.81427542442739], [-72.71468606843817, 41.81425534775539], [-72.71469668066219, 41.81425534775539], [-72.71469668066219, 41.81427542442739], [-72.71468606843817, 41.81427542442739]]], [[[-72.71456314351018, 41.81407633076339], [-72.71456314351018, 41.81405458103539], [-72.71455341563818, 41.81405458103539], [-72.71455341563818, 41.81407633076339], [-72.71456314351018, 41.81407633076339]]], [[[-72.71484436744618, 41.814271241787395], [-72.71484436744618, 41.81424029025139], [-72.71483552392618, 41.81424029025139], [-72.71483552392618, 41.814271241787395], [-72.71484436744618, 41.814271241787395]]], [[[-72.71508402683818, 41.8137726710994], [-72.71508402683818, 41.81376263276339], [-72.71507429896617, 41.81376263276339], [-72.71507429896617, 41.8137726710994], [-72.71508402683818, 41.8137726710994]]], [[[-72.71445083080617, 41.8141691853714], [-72.71445083080617, 41.814168348843396], [-72.71443844987819, 41.814168348843396], [-72.71443844987819, 41.8141691853714], [-72.71445083080617, 41.8141691853714]]], [[[-72.71445083080617, 41.814148272171394], [-72.71445083080617, 41.814146599115396], [-72.71443844987819, 41.814146599115396], [-72.71443844987819, 41.814148272171394], [-72.71445083080617, 41.814148272171394]]], [[[-72.71452069461418, 41.8140579271474], [-72.71452069461418, 41.8140370139474], [-72.71453130683818, 41.8140370139474], [-72.71453130683818, 41.8140579271474], [-72.71452069461418, 41.8140579271474]]], [[[-72.71445083080617, 41.8141549643954], [-72.71445083080617, 41.8141541278674], [-72.71443844987819, 41.8141541278674], [-72.71443844987819, 41.8141549643954], [-72.71445083080617, 41.8141549643954]]], [[[-72.71456314351018, 41.8140537445074], [-72.71456314351018, 41.8140437061714], [-72.71455341563818, 41.8140437061714], [-72.71455341563818, 41.8140537445074], [-72.71456314351018, 41.8140537445074]]], [[[-72.71437919829418, 41.81413572425139], [-72.71437919829418, 41.814113974523394], [-72.71436947042218, 41.814113974523394], [-72.71436947042218, 41.81413572425139], [-72.71437919829418, 41.81413572425139]]], [[[-72.71468518408619, 41.8142545112274], [-72.71468518408619, 41.8142335980274], [-72.71467457186219, 41.8142335980274], [-72.71467457186219, 41.8142545112274], [-72.71468518408619, 41.8142545112274]]], [[[-72.71458348360619, 41.8137216428914], [-72.7145613748062, 41.8137216428914], [-72.7145613748062, 41.813731681227395], [-72.71458348360619, 41.813731681227395], [-72.71458348360619, 41.8137216428914]]], [[[-72.71437919829418, 41.81411313799539], [-72.71437919829418, 41.814092224795395], [-72.71436947042218, 41.814092224795395], [-72.71436947042218, 41.81411313799539], [-72.71437919829418, 41.81411313799539]]], [[[-72.71535286984619, 41.8143724616754], [-72.71537409429419, 41.8143724616754], [-72.71537409429419, 41.81436325986739], [-72.71535286984619, 41.81436325986739], [-72.71535286984619, 41.8143724616754]]], [[[-72.71548729135019, 41.814286299291396], [-72.71548729135019, 41.8142653860914], [-72.71547844783018, 41.8142653860914], [-72.71547844783018, 41.814286299291396], [-72.71548729135019, 41.814286299291396]]], [[[-72.7145339598942, 41.8143139047154], [-72.71452334767018, 41.8143139047154], [-72.71452334767018, 41.81430888554739], [-72.7145339598942, 41.81430888554739], [-72.7145339598942, 41.8143139047154]]], [[[-72.71432525282218, 41.8137994399954], [-72.71432525282218, 41.81377769026739], [-72.71433586504618, 41.81377769026739], [-72.71433586504618, 41.8137994399954], [-72.71432525282218, 41.8137994399954]]], [[[-72.71432525282218, 41.81377769026739], [-72.71432525282218, 41.813755940539394], [-72.71433586504618, 41.813755940539394], [-72.71433586504618, 41.81377769026739], [-72.71432525282218, 41.81377769026739]]], [[[-72.71488416328619, 41.8141348877234], [-72.71488416328619, 41.8141039361874], [-72.71487531976618, 41.8141039361874], [-72.71487531976618, 41.8141348877234], [-72.71488416328619, 41.8141348877234]]], [[[-72.71507164591019, 41.81412819549939], [-72.71507164591019, 41.814107282299396], [-72.71507783637418, 41.814107282299396], [-72.71507783637418, 41.81412819549939], [-72.71507164591019, 41.81412819549939]]], [[[-72.71495668015018, 41.81383875681139], [-72.71495668015018, 41.813817007083394], [-72.71496552367019, 41.813817007083394], [-72.71496552367019, 41.81383875681139], [-72.71495668015018, 41.81383875681139]]], [[[-72.71455429999018, 41.8139199000274], [-72.71455429999018, 41.813898150299394], [-72.71456314351018, 41.813898150299394], [-72.71456314351018, 41.8139199000274], [-72.71455429999018, 41.8139199000274]]], [[[-72.71464627259819, 41.81412819549939], [-72.71464627259819, 41.814107282299396], [-72.71464008213418, 41.814107282299396], [-72.71464008213418, 41.81412819549939], [-72.71464627259819, 41.81412819549939]]], [[[-72.71519722389418, 41.8137216428914], [-72.71517511509418, 41.8137216428914], [-72.71517511509418, 41.813731681227395], [-72.71519722389418, 41.813731681227395], [-72.71519722389418, 41.8137216428914]]], [[[-72.71548729135019, 41.81390902516339], [-72.71548729135019, 41.813888111963394], [-72.71547667912618, 41.813888111963394], [-72.71547667912618, 41.81390902516339], [-72.71548729135019, 41.81390902516339]]], [[[-72.71560048840617, 41.81413070508339], [-72.71560048840617, 41.8141097918834], [-72.71558987618218, 41.8141097918834], [-72.71558987618218, 41.81413070508339], [-72.71560048840617, 41.81413070508339]]], [[[-72.7147638914142, 41.81417002189939], [-72.7147638914142, 41.8141499452274], [-72.71477273493419, 41.8141499452274], [-72.71477273493419, 41.81417002189939], [-72.7147638914142, 41.81417002189939]]], [[[-72.71531749576619, 41.814040360059394], [-72.71533872021418, 41.814040360059394], [-72.71533872021418, 41.8140345043634], [-72.71531749576619, 41.8140345043634], [-72.71531749576619, 41.814040360059394]]], [[[-72.71548729135019, 41.8138454490354], [-72.71548729135019, 41.8138253723634], [-72.71547667912618, 41.8138253723634], [-72.71547667912618, 41.8138454490354], [-72.71548729135019, 41.8138454490354]]], [[[-72.71560048840617, 41.81404203311539], [-72.71560048840617, 41.814021119915395], [-72.71558987618218, 41.814021119915395], [-72.71558987618218, 41.81404203311539], [-72.71560048840617, 41.81404203311539]]], [[[-72.71548729135019, 41.814371625147395], [-72.71548729135019, 41.8143507119474], [-72.71547844783018, 41.8143507119474], [-72.71547844783018, 41.814371625147395], [-72.71548729135019, 41.814371625147395]]], [[[-72.71437919829418, 41.8138630161234], [-72.71437919829418, 41.8138412663954], [-72.71436947042218, 41.8138412663954], [-72.71436947042218, 41.8138630161234], [-72.71437919829418, 41.8138630161234]]], [[[-72.71471702075817, 41.8139734378194], [-72.71471702075817, 41.81395168809139], [-72.71473028603819, 41.81395168809139], [-72.71473028603819, 41.8139734378194], [-72.71471702075817, 41.8139734378194]]], [[[-72.71504334664618, 41.8138119879154], [-72.71504334664618, 41.813790238187394], [-72.71503273442218, 41.813790238187394], [-72.71503273442218, 41.8138119879154], [-72.71504334664618, 41.8138119879154]]], [[[-72.71437919829418, 41.8138404298674], [-72.71437919829418, 41.8138186801394], [-72.71436947042218, 41.8138186801394], [-72.71436947042218, 41.8138404298674], [-72.71437919829418, 41.8138404298674]]], [[[-72.71521314223018, 41.81376263276339], [-72.71519810824617, 41.81376263276339], [-72.71519810824617, 41.8137567770674], [-72.71521314223018, 41.8137567770674], [-72.71521314223018, 41.81376263276339]]], [[[-72.71543423023019, 41.8139383036434], [-72.71543423023019, 41.8139165539154], [-72.71542361800617, 41.8139165539154], [-72.71542361800617, 41.8139383036434], [-72.71543423023019, 41.8139383036434]]], [[[-72.71503361877417, 41.81427542442739], [-72.71503361877417, 41.81425534775539], [-72.7150274283102, 41.81425534775539], [-72.7150274283102, 41.81427542442739], [-72.71503361877417, 41.81427542442739]]], [[[-72.71451981026219, 41.8140445426994], [-72.71450035451818, 41.8140445426994], [-72.71450035451818, 41.8140353408914], [-72.71451981026219, 41.8140353408914], [-72.71451981026219, 41.8140445426994]]], [[[-72.71500089775017, 41.814190098571395], [-72.71500089775017, 41.81417002189939], [-72.71500708821418, 41.81417002189939], [-72.71500708821418, 41.814190098571395], [-72.71500089775017, 41.814190098571395]]], [[[-72.71576939963818, 41.8140646193714], [-72.71576939963818, 41.814042869643394], [-72.71575878741417, 41.814042869643394], [-72.71575878741417, 41.8140646193714], [-72.71576939963818, 41.8140646193714]]], [[[-72.71471702075817, 41.81395168809139], [-72.71471702075817, 41.813929938363394], [-72.71473028603819, 41.813929938363394], [-72.71473028603819, 41.81395168809139], [-72.71471702075817, 41.81395168809139]]], [[[-72.71437919829418, 41.8138186801394], [-72.71437919829418, 41.813807805275395], [-72.71436947042218, 41.813807805275395], [-72.71436947042218, 41.8138186801394], [-72.71437919829418, 41.8138186801394]]], [[[-72.71463566037417, 41.813915717387395], [-72.71463566037417, 41.813893967659396], [-72.71464450389418, 41.813893967659396], [-72.71464450389418, 41.813915717387395], [-72.71463566037417, 41.813915717387395]]], [[[-72.71467634056619, 41.8137827094354], [-72.71467634056619, 41.81377016151539], [-72.71468518408619, 41.81377016151539], [-72.71468518408619, 41.8137827094354], [-72.71467634056619, 41.8137827094354]]], [[[-72.71480368725419, 41.8140646193714], [-72.71480368725419, 41.8140445426994], [-72.71479484373418, 41.8140445426994], [-72.71479484373418, 41.8140646193714], [-72.71480368725419, 41.8140646193714]]], [[[-72.71480368725419, 41.8140855325714], [-72.71480368725419, 41.814065455899396], [-72.71479484373418, 41.814065455899396], [-72.71479484373418, 41.8140855325714], [-72.71480368725419, 41.8140855325714]]], [[[-72.71455429999018, 41.813863852651394], [-72.71455429999018, 41.8138429394514], [-72.71456314351018, 41.8138429394514], [-72.71456314351018, 41.813863852651394], [-72.71455429999018, 41.813863852651394]]], [[[-72.71467457186219, 41.8138931311314], [-72.71467457186219, 41.8138722179314], [-72.71466572834217, 41.8138722179314], [-72.71466572834217, 41.8138931311314], [-72.71467457186219, 41.8138931311314]]], [[[-72.71476300706219, 41.8140646193714], [-72.71476300706219, 41.8140445426994], [-72.71475239483819, 41.8140445426994], [-72.71475239483819, 41.8140646193714], [-72.71476300706219, 41.8140646193714]]], [[[-72.71548729135019, 41.81424363636339], [-72.71548729135019, 41.81422355969139], [-72.71547844783018, 41.81422355969139], [-72.71547844783018, 41.81424363636339], [-72.71548729135019, 41.81424363636339]]], [[[-72.71476300706219, 41.8140855325714], [-72.71476300706219, 41.814065455899396], [-72.71475239483819, 41.814065455899396], [-72.71475239483819, 41.8140855325714], [-72.71476300706219, 41.8140855325714]]], [[[-72.71432525282218, 41.814021119915395], [-72.71432525282218, 41.8139993701874], [-72.71433586504618, 41.8139993701874], [-72.71433586504618, 41.814021119915395], [-72.71432525282218, 41.814021119915395]]], [[[-72.71473382344618, 41.814062946315396], [-72.71473382344618, 41.814042869643394], [-72.71473912955818, 41.814042869643394], [-72.71473912955818, 41.814062946315396], [-72.71473382344618, 41.814062946315396]]], [[[-72.71526531899818, 41.8137216428914], [-72.71524321019817, 41.8137216428914], [-72.71524321019817, 41.813731681227395], [-72.71526531899818, 41.813731681227395], [-72.71526531899818, 41.8137216428914]]], [[[-72.7148019185502, 41.8138404298674], [-72.7148019185502, 41.813819516667394], [-72.71479219067818, 41.813819516667394], [-72.71479219067818, 41.8138404298674], [-72.7148019185502, 41.8138404298674]]], [[[-72.71496375496618, 41.814148272171394], [-72.71496375496618, 41.81412735897139], [-72.71497259848617, 41.81412735897139], [-72.71497259848617, 41.814148272171394], [-72.71496375496618, 41.814148272171394]]], [[[-72.71496198626218, 41.81412735897139], [-72.71496198626218, 41.8141064457714], [-72.71495579579818, 41.8141064457714], [-72.71495579579818, 41.81412735897139], [-72.71496198626218, 41.81412735897139]]], [[[-72.71452069461418, 41.814102263131396], [-72.71452069461418, 41.8140805134034], [-72.71453130683818, 41.8140805134034], [-72.71453130683818, 41.814102263131396], [-72.71452069461418, 41.814102263131396]]], [[[-72.71507164591019, 41.8141909350994], [-72.71507164591019, 41.8141708584274], [-72.71507783637418, 41.8141708584274], [-72.71507783637418, 41.8141909350994], [-72.71507164591019, 41.8141909350994]]], [[[-72.71510878869418, 41.8141290320274], [-72.71510878869418, 41.8141081188274], [-72.71511851656618, 41.8141081188274], [-72.71511851656618, 41.8141290320274], [-72.71510878869418, 41.8141290320274]]], [[[-72.71512559138218, 41.8138630161234], [-72.71512559138218, 41.8138412663954], [-72.71511674786218, 41.8138412663954], [-72.71511674786218, 41.8138630161234], [-72.71512559138218, 41.8138630161234]]], [[[-72.7154359989342, 41.813915717387395], [-72.7154359989342, 41.813893967659396], [-72.71544572680618, 41.813893967659396], [-72.71544572680618, 41.813915717387395], [-72.7154359989342, 41.813915717387395]]], [[[-72.71480280290218, 41.8138404298674], [-72.71480280290218, 41.813819516667394], [-72.71481164642218, 41.813819516667394], [-72.71481164642218, 41.8138404298674], [-72.71480280290218, 41.8138404298674]]], [[[-72.71557484219818, 41.814413451547395], [-72.71557484219818, 41.814391701819396], [-72.71558368571819, 41.814391701819396], [-72.71558368571819, 41.814413451547395], [-72.71557484219818, 41.814413451547395]]], [[[-72.71456314351018, 41.81420933871539], [-72.71456314351018, 41.8141875889874], [-72.71455341563818, 41.8141875889874], [-72.71455341563818, 41.81420933871539], [-72.71456314351018, 41.81420933871539]]], [[[-72.71554300552619, 41.8140863690994], [-72.71554300552619, 41.814065455899396], [-72.7155323933022, 41.814065455899396], [-72.7155323933022, 41.8140863690994], [-72.71554300552619, 41.8140863690994]]], [[[-72.71484348309417, 41.8137743441554], [-72.71484348309417, 41.8137525944274], [-72.71483287087018, 41.8137525944274], [-72.71483287087018, 41.8137743441554], [-72.71484348309417, 41.8137743441554]]], [[[-72.71565885563818, 41.81404203311539], [-72.71565885563818, 41.814021119915395], [-72.71566946786217, 41.814021119915395], [-72.71566946786217, 41.81404203311539], [-72.71565885563818, 41.81404203311539]]], [[[-72.71527504687018, 41.81404203311539], [-72.71529538696619, 41.81404203311539], [-72.71529538696619, 41.814050398395395], [-72.71527504687018, 41.814050398395395], [-72.71527504687018, 41.81404203311539]]], [[[-72.71484348309417, 41.8138404298674], [-72.71484348309417, 41.813819516667394], [-72.71483287087018, 41.813819516667394], [-72.71483287087018, 41.8138404298674], [-72.71484348309417, 41.8138404298674]]], [[[-72.71468518408619, 41.8140646193714], [-72.71468518408619, 41.8140445426994], [-72.71467457186219, 41.8140445426994], [-72.71467457186219, 41.8140646193714], [-72.71468518408619, 41.8140646193714]]], [[[-72.71437919829418, 41.8140688020114], [-72.71437919829418, 41.814047888811395], [-72.71436947042218, 41.814047888811395], [-72.71436947042218, 41.8140688020114], [-72.71437919829418, 41.8140688020114]]], [[[-72.71512559138218, 41.8138412663954], [-72.71512559138218, 41.813819516667394], [-72.71511674786218, 41.813819516667394], [-72.71511674786218, 41.8138412663954], [-72.71512559138218, 41.8138412663954]]], [[[-72.71548906005417, 41.8139408132274], [-72.71548906005417, 41.81391488085939], [-72.71549878792618, 41.81391488085939], [-72.71549878792618, 41.8139408132274], [-72.71548906005417, 41.8139408132274]]], [[[-72.71537055688619, 41.8140805134034], [-72.71539178133419, 41.8140805134034], [-72.71539178133419, 41.8140897152114], [-72.71537055688619, 41.8140897152114], [-72.71537055688619, 41.8140805134034]]], [[[-72.71565708693417, 41.8143147412434], [-72.71567477397419, 41.8143147412434], [-72.71567477397419, 41.81429466457139], [-72.71565708693417, 41.81429466457139], [-72.71565708693417, 41.8143147412434]]], [[[-72.71559341359018, 41.8142310884434], [-72.71559960405419, 41.8142310884434], [-72.71559960405419, 41.8142160309394], [-72.71559341359018, 41.8142160309394], [-72.71559341359018, 41.8142310884434]]], [[[-72.71583041992618, 41.8142310884434], [-72.71583749474217, 41.8142310884434], [-72.71583749474217, 41.8142160309394], [-72.71583041992618, 41.8142160309394], [-72.71583041992618, 41.8142310884434]]], [[[-72.71572341333419, 41.8142745878994], [-72.71574110037417, 41.8142745878994], [-72.71574110037417, 41.8142545112274], [-72.71572341333419, 41.8142545112274], [-72.71572341333419, 41.8142745878994]]], [[[-72.71569069231018, 41.8142310884434], [-72.71569776712619, 41.8142310884434], [-72.71569776712619, 41.8142160309394], [-72.71569069231018, 41.8142160309394], [-72.71569069231018, 41.8142310884434]]], [[[-72.71559076053418, 41.8143164142994], [-72.71560933192617, 41.8143164142994], [-72.71560933192617, 41.814295501099394], [-72.71559076053418, 41.814295501099394], [-72.71559076053418, 41.8143164142994]]], [[[-72.71579593019818, 41.814224396219394], [-72.71581361723817, 41.814224396219394], [-72.71581361723817, 41.81420348301939], [-72.71579593019818, 41.81420348301939], [-72.71579593019818, 41.814224396219394]]], [[[-72.71562436591017, 41.81429466457139], [-72.71564205295017, 41.81429466457139], [-72.71564205295017, 41.8142745878994], [-72.71562436591017, 41.8142745878994], [-72.71562436591017, 41.81429466457139]]], [[[-72.71564824341418, 41.8143900287634], [-72.71565708693417, 41.8143900287634], [-72.71565708693417, 41.8143699520914], [-72.71564824341418, 41.8143699520914], [-72.71564824341418, 41.8143900287634]]], [[[-72.71562525026218, 41.8142310884434], [-72.71563232507819, 41.8142310884434], [-72.71563232507819, 41.8142160309394], [-72.71562525026218, 41.8142160309394], [-72.71562525026218, 41.8142310884434]]], [[[-72.71569069231018, 41.8142545112274], [-72.71569776712619, 41.8142545112274], [-72.71569776712619, 41.81423861719539], [-72.71569069231018, 41.81423861719539], [-72.71569069231018, 41.8142545112274]]], [[[-72.71479838114217, 41.81435405805939], [-72.71479838114217, 41.8143431831954], [-72.71480368725419, 41.8143431831954], [-72.71480368725419, 41.81435405805939], [-72.71479838114217, 41.81435405805939]]], [[[-72.71549259746219, 41.81380696874739], [-72.71549259746219, 41.8138329011154], [-72.71549790357419, 41.8138329011154], [-72.71549790357419, 41.81380696874739], [-72.71549259746219, 41.81380696874739]]], [[[-72.71473382344618, 41.8137216428914], [-72.71472055816618, 41.8137216428914], [-72.71472055816618, 41.813731681227395], [-72.71473382344618, 41.813731681227395], [-72.71473382344618, 41.8137216428914]]], [[[-72.71436151125417, 41.8143557311154], [-72.71437654523818, 41.8143557311154], [-72.71437654523818, 41.8143507119474], [-72.71436151125417, 41.8143507119474], [-72.71436151125417, 41.8143557311154]]], [[[-72.71461797333419, 41.814276260955396], [-72.71460559240617, 41.814276260955396], [-72.71460559240617, 41.8142821166514], [-72.71461797333419, 41.8142821166514], [-72.71461797333419, 41.814276260955396]]], [[[-72.71548817570218, 41.813745902203394], [-72.71548817570218, 41.8137350273394], [-72.71547756347817, 41.8137350273394], [-72.71547756347817, 41.813745902203394], [-72.71548817570218, 41.813745902203394]]], [[[-72.71566681480618, 41.8138379202834], [-72.71569334536618, 41.8138379202834], [-72.71569334536618, 41.8138538143154], [-72.71566681480618, 41.8138538143154], [-72.71566681480618, 41.8138379202834]]], [[[-72.71580388936619, 41.8138379202834], [-72.71583041992618, 41.8138379202834], [-72.71583041992618, 41.8138538143154], [-72.71580388936619, 41.8138538143154], [-72.71580388936619, 41.8138379202834]]], [[[-72.71580212066219, 41.8139416497554], [-72.71580212066219, 41.813915717387395], [-72.71578620232617, 41.813915717387395], [-72.71578620232617, 41.8139416497554], [-72.71580212066219, 41.8139416497554]]], [[[-72.71585164437418, 41.8138914580754], [-72.71585164437418, 41.813871381403395], [-72.71583572603818, 41.813871381403395], [-72.71583572603818, 41.8138914580754], [-72.71585164437418, 41.8138914580754]]], [[[-72.71575348130217, 41.81391488085939], [-72.71575348130217, 41.8138889484914], [-72.71576939963818, 41.8138889484914], [-72.71576939963818, 41.81391488085939], [-72.71575348130217, 41.81391488085939]]], [[[-72.71575259695018, 41.81391488085939], [-72.71575259695018, 41.8138889484914], [-72.71573667861419, 41.8138889484914], [-72.71573667861419, 41.81391488085939], [-72.71575259695018, 41.81391488085939]]], [[[-72.71580300501418, 41.81391488085939], [-72.71580300501418, 41.8138889484914], [-72.71581892335018, 41.8138889484914], [-72.71581892335018, 41.81391488085939], [-72.71580300501418, 41.81391488085939]]], [[[-72.71581627029418, 41.81440508626739], [-72.71582688251819, 41.81440508626739], [-72.71582688251819, 41.814396720987396], [-72.71581627029418, 41.814396720987396], [-72.71581627029418, 41.81440508626739]]], [[[-72.71527858427818, 41.8137216428914], [-72.71526620335018, 41.8137216428914], [-72.71526620335018, 41.813731681227395], [-72.71527858427818, 41.813731681227395], [-72.71527858427818, 41.8137216428914]]], [[[-72.71585164437418, 41.8139684186514], [-72.71585164437418, 41.8139458323954], [-72.71583572603818, 41.8139458323954], [-72.71583572603818, 41.8139684186514], [-72.71585164437418, 41.8139684186514]]], [[[-72.71575348130217, 41.8139684186514], [-72.71575348130217, 41.813942486283395], [-72.71576939963818, 41.813942486283395], [-72.71576939963818, 41.8139684186514], [-72.71575348130217, 41.8139684186514]]], [[[-72.71570307323817, 41.8139416497554], [-72.71570307323817, 41.813915717387395], [-72.71568715490218, 41.813915717387395], [-72.71568715490218, 41.8139416497554], [-72.71570307323817, 41.8139416497554]]], [[[-72.71583130427818, 41.8138379202834], [-72.71585783483819, 41.8138379202834], [-72.71585783483819, 41.8138538143154], [-72.71583130427818, 41.8138538143154], [-72.71583130427818, 41.8138379202834]]], [[[-72.71556776738217, 41.8137216428914], [-72.71554035247017, 41.8137216428914], [-72.71554035247017, 41.813731681227395], [-72.71556776738217, 41.813731681227395], [-72.71556776738217, 41.8137216428914]]], [[[-72.71579681455019, 41.8142310884434], [-72.71580388936619, 41.8142310884434], [-72.71580388936619, 41.8142160309394], [-72.71579681455019, 41.8142160309394], [-72.71579681455019, 41.8142310884434]]], [[[-72.71484436744618, 41.8141616566194], [-72.71484436744618, 41.8141407434194], [-72.71483552392618, 41.8141407434194], [-72.71483552392618, 41.8141616566194], [-72.71484436744618, 41.8141616566194]]], [[[-72.71548906005417, 41.8139675821234], [-72.71548906005417, 41.8139416497554], [-72.71549878792618, 41.8139416497554], [-72.71549878792618, 41.8139675821234], [-72.71548906005417, 41.8139675821234]]], [[[-72.71492484347819, 41.81417002189939], [-72.71492484347819, 41.8141499452274], [-72.71491599995818, 41.8141499452274], [-72.71491599995818, 41.81417002189939], [-72.71492484347819, 41.81417002189939]]], [[[-72.71568980795819, 41.8143147412434], [-72.7157066106462, 41.8143147412434], [-72.7157066106462, 41.81429466457139], [-72.71568980795819, 41.81429466457139], [-72.71568980795819, 41.8143147412434]]], [[[-72.71582953557419, 41.81429466457139], [-72.71584722261417, 41.81429466457139], [-72.71584722261417, 41.8142745878994], [-72.71582953557419, 41.8142745878994], [-72.71582953557419, 41.81429466457139]]], [[[-72.71568980795819, 41.814224396219394], [-72.7157066106462, 41.814224396219394], [-72.7157066106462, 41.81420348301939], [-72.71568980795819, 41.81420348301939], [-72.71568980795819, 41.814224396219394]]], [[[-72.71565708693417, 41.81420348301939], [-72.71567477397419, 41.81420348301939], [-72.71567477397419, 41.814183406347404], [-72.71565708693417, 41.814183406347404], [-72.71565708693417, 41.81420348301939]]], [[[-72.71575878741417, 41.8142310884434], [-72.71576586223019, 41.8142310884434], [-72.71576586223019, 41.8142160309394], [-72.71575878741417, 41.8142160309394], [-72.71575878741417, 41.8142310884434]]], [[[-72.71565354952618, 41.8139684186514], [-72.71565354952618, 41.813942486283395], [-72.71563851554218, 41.813942486283395], [-72.71563851554218, 41.8139684186514], [-72.71565354952618, 41.8139684186514]]], [[[-72.71565797128618, 41.8142310884434], [-72.71566504610219, 41.8142310884434], [-72.71566504610219, 41.8142160309394], [-72.71565797128618, 41.8142160309394], [-72.71565797128618, 41.8142310884434]]], [[[-72.71457994619819, 41.8143724616754], [-72.71459321147817, 41.8143724616754], [-72.71459321147817, 41.8143666059794], [-72.71457994619819, 41.8143666059794], [-72.71457994619819, 41.8143724616754]]], [[[-72.71575259695018, 41.8139416497554], [-72.71575259695018, 41.813915717387395], [-72.71573667861419, 41.813915717387395], [-72.71573667861419, 41.8139416497554], [-72.71575259695018, 41.8139416497554]]], [[[-72.71565797128618, 41.814183406347404], [-72.71566504610219, 41.814183406347404], [-72.71566504610219, 41.814168348843396], [-72.71565797128618, 41.814168348843396], [-72.71565797128618, 41.814183406347404]]], [[[-72.71567477397419, 41.8143900287634], [-72.71568096443818, 41.8143900287634], [-72.71568096443818, 41.8143808269554], [-72.71567477397419, 41.8143808269554], [-72.71567477397419, 41.8143900287634]]], [[[-72.71561198498217, 41.8138379202834], [-72.71563851554218, 41.8138379202834], [-72.71563851554218, 41.8138538143154], [-72.71561198498217, 41.8138538143154], [-72.71561198498217, 41.8138379202834]]], [[[-72.71573667861419, 41.8138872754354], [-72.71576851528619, 41.8138872754354], [-72.71576851528619, 41.813874727515405], [-72.71573667861419, 41.813874727515405], [-72.71573667861419, 41.8138872754354]]], [[[-72.71565531823018, 41.8139416497554], [-72.71565531823018, 41.813915717387395], [-72.71567035221418, 41.813915717387395], [-72.71567035221418, 41.8139416497554], [-72.71565531823018, 41.8139416497554]]], [[[-72.71453661295017, 41.8143724616754], [-72.71455783739817, 41.8143724616754], [-72.71455783739817, 41.8143666059794], [-72.71453661295017, 41.8143666059794], [-72.71453661295017, 41.8143724616754]]], [[[-72.71565354952618, 41.8139416497554], [-72.71565354952618, 41.813915717387395], [-72.71563851554218, 41.813915717387395], [-72.71563851554218, 41.8139416497554], [-72.71565354952618, 41.8139416497554]]], [[[-72.71585252872619, 41.813878910155395], [-72.71587375317418, 41.813878910155395], [-72.71587375317418, 41.8138697083474], [-72.71585252872619, 41.8138697083474], [-72.71585252872619, 41.813878910155395]]], [[[-72.71562436591017, 41.81420348301939], [-72.71564205295017, 41.81420348301939], [-72.71564205295017, 41.814183406347404], [-72.71562436591017, 41.814183406347404], [-72.71562436591017, 41.81420348301939]]], [[[-72.71568980795819, 41.8142745878994], [-72.7157066106462, 41.8142745878994], [-72.7157066106462, 41.8142545112274], [-72.71568980795819, 41.8142545112274], [-72.71568980795819, 41.8142745878994]]], [[[-72.71575790306218, 41.81429466457139], [-72.71577470575018, 41.81429466457139], [-72.71577470575018, 41.8142745878994], [-72.71575790306218, 41.8142745878994], [-72.71575790306218, 41.81429466457139]]], [[[-72.71572341333419, 41.81429466457139], [-72.71574110037417, 41.81429466457139], [-72.71574110037417, 41.8142745878994], [-72.71572341333419, 41.8142745878994], [-72.71572341333419, 41.81429466457139]]], [[[-72.71476566011819, 41.81379609388339], [-72.71476566011819, 41.81377518068339], [-72.71477185058218, 41.81377518068339], [-72.71477185058218, 41.81379609388339], [-72.71476566011819, 41.81379609388339]]], [[[-72.71576939963818, 41.8138872754354], [-72.71578531797418, 41.8138872754354], [-72.71578531797418, 41.813874727515405], [-72.71576939963818, 41.813874727515405], [-72.71576939963818, 41.8138872754354]]], [[[-72.71585871919018, 41.8138379202834], [-72.71588524975019, 41.8138379202834], [-72.71588524975019, 41.8138538143154], [-72.71585871919018, 41.8138538143154], [-72.71585871919018, 41.8138379202834]]], [[[-72.71514946888618, 41.8141917716274], [-72.71514946888618, 41.8141716949554], [-72.71515565935017, 41.8141716949554], [-72.71515565935017, 41.8141917716274], [-72.71514946888618, 41.8141917716274]]], [[[-72.71570395759018, 41.8139684186514], [-72.71570395759018, 41.813942486283395], [-72.71571987592618, 41.813942486283395], [-72.71571987592618, 41.8139684186514], [-72.71570395759018, 41.8139684186514]]], [[[-72.71472409557418, 41.8141909350994], [-72.71472409557418, 41.81416500273139], [-72.71471790511019, 41.81416500273139], [-72.71471790511019, 41.8141909350994], [-72.71472409557418, 41.8141909350994]]], [[[-72.71565797128618, 41.8142545112274], [-72.71566504610219, 41.8142545112274], [-72.71566504610219, 41.81423861719539], [-72.71565797128618, 41.81423861719539], [-72.71565797128618, 41.8142545112274]]], [[[-72.71445083080617, 41.8137827094354], [-72.71445083080617, 41.81378187290739], [-72.71443844987819, 41.81378187290739], [-72.71443844987819, 41.8137827094354], [-72.71445083080617, 41.8137827094354]]], [[[-72.71450919803817, 41.8137810363794], [-72.71450919803817, 41.8137801998514], [-72.71449681711017, 41.8137801998514], [-72.71449681711017, 41.8137810363794], [-72.71450919803817, 41.8137810363794]]], [[[-72.7147638914142, 41.8141064457714], [-72.7147638914142, 41.8140863690994], [-72.71477273493419, 41.8140863690994], [-72.71477273493419, 41.8141064457714], [-72.7147638914142, 41.8141064457714]]], [[[-72.71575790306218, 41.814224396219394], [-72.71577470575018, 41.814224396219394], [-72.71577470575018, 41.81420348301939], [-72.71575790306218, 41.81420348301939], [-72.71575790306218, 41.814224396219394]]], [[[-72.71461178287018, 41.81427542442739], [-72.71461178287018, 41.81425534775539], [-72.71460382370218, 41.81425534775539], [-72.71460382370218, 41.81427542442739], [-72.71461178287018, 41.81427542442739]]], [[[-72.71569069231018, 41.814183406347404], [-72.71569776712619, 41.814183406347404], [-72.71569776712619, 41.814168348843396], [-72.71569069231018, 41.814168348843396], [-72.71569069231018, 41.814183406347404]]], [[[-72.71578620232617, 41.8138872754354], [-72.7158180389982, 41.8138872754354], [-72.7158180389982, 41.813874727515405], [-72.71578620232617, 41.813874727515405], [-72.71578620232617, 41.8138872754354]]], [[[-72.71461885768618, 41.8140411965874], [-72.71460559240617, 41.8140411965874], [-72.71460559240617, 41.8140353408914], [-72.71461885768618, 41.8140353408914], [-72.71461885768618, 41.8140411965874]]], [[[-72.71543776763818, 41.8143390005554], [-72.71542803976618, 41.8143390005554], [-72.71542803976618, 41.8143440197234], [-72.71543776763818, 41.8143440197234], [-72.71543776763818, 41.8143390005554]]], [[[-72.71504334664618, 41.8140060624114], [-72.71505395887017, 41.8140060624114], [-72.71505395887017, 41.8140018797714], [-72.71504334664618, 41.8140018797714], [-72.71504334664618, 41.8140060624114]]], [[[-72.7154483798622, 41.8143189238834], [-72.7154483798622, 41.8143289622194], [-72.71545368597418, 41.8143289622194], [-72.71545368597418, 41.8143189238834], [-72.7154483798622, 41.8143189238834]]], [[[-72.71504423099819, 41.813878910155395], [-72.71504423099819, 41.813857160427396], [-72.71505395887017, 41.813857160427396], [-72.71505395887017, 41.813878910155395], [-72.71504423099819, 41.813878910155395]]], [[[-72.71436770171817, 41.813783545963396], [-72.71439511663017, 41.813783545963396], [-72.71439511663017, 41.8137718345714], [-72.71436770171817, 41.8137718345714], [-72.71436770171817, 41.813783545963396]]], [[[-72.71508402683818, 41.813955034203396], [-72.71507429896617, 41.813955034203396], [-72.71507429896617, 41.81396339948339], [-72.71508402683818, 41.81396339948339], [-72.71508402683818, 41.813955034203396]]], [[[-72.71570749499818, 41.8143691155634], [-72.71569865147818, 41.8143691155634], [-72.71569865147818, 41.814389192235396], [-72.71570749499818, 41.814389192235396], [-72.71570749499818, 41.8143691155634]]], [[[-72.71526531899818, 41.813939976699395], [-72.71527150946218, 41.813939976699395], [-72.71527150946218, 41.813933284475404], [-72.71526531899818, 41.813933284475404], [-72.71526531899818, 41.813939976699395]]], [[[-72.71559076053418, 41.814224396219394], [-72.71560933192617, 41.814224396219394], [-72.71560933192617, 41.81420348301939], [-72.71559076053418, 41.81420348301939], [-72.71559076053418, 41.814224396219394]]], [[[-72.71525912853419, 41.813900659883394], [-72.71526443464617, 41.813900659883394], [-72.71526443464617, 41.813893967659396], [-72.71525912853419, 41.813893967659396], [-72.71525912853419, 41.813900659883394]]], [[[-72.71497259848617, 41.81404203311539], [-72.71495668015018, 41.81404203311539], [-72.71495668015018, 41.814036177419396], [-72.71497259848617, 41.814036177419396], [-72.71497259848617, 41.81404203311539]]], [[[-72.71451981026219, 41.8141248493874], [-72.71451981026219, 41.8141039361874], [-72.71451361979818, 41.8141039361874], [-72.71451361979818, 41.8141248493874], [-72.71451981026219, 41.8141248493874]]], [[[-72.71529184955818, 41.8139014964114], [-72.71529715567019, 41.8139014964114], [-72.71529715567019, 41.81389480418739], [-72.71529184955818, 41.81389480418739], [-72.71529184955818, 41.8139014964114]]], [[[-72.71514946888618, 41.8141708584274], [-72.71514946888618, 41.814150781755394], [-72.71515565935017, 41.814150781755394], [-72.71515565935017, 41.8141708584274], [-72.71514946888618, 41.8141708584274]]], [[[-72.71456491221419, 41.814244472891396], [-72.71456491221419, 41.8142427998354], [-72.71457552443817, 41.8142427998354], [-72.71457552443817, 41.814244472891396], [-72.71456491221419, 41.814244472891396]]], [[[-72.71531218965418, 41.81394917850739], [-72.71531838011818, 41.81394917850739], [-72.71531838011818, 41.8139433228114], [-72.71531218965418, 41.8139433228114], [-72.71531218965418, 41.81394917850739]]], [[[-72.71523790408618, 41.8138830927954], [-72.71524409455019, 41.8138830927954], [-72.71524409455019, 41.813876400571395], [-72.71523790408618, 41.813876400571395], [-72.71523790408618, 41.8138830927954]]], [[[-72.71562525026218, 41.814183406347404], [-72.71563232507819, 41.814183406347404], [-72.71563232507819, 41.814168348843396], [-72.71562525026218, 41.814168348843396], [-72.71562525026218, 41.814183406347404]]], [[[-72.71464715695018, 41.81427542442739], [-72.71464715695018, 41.81425534775539], [-72.71465334741417, 41.81425534775539], [-72.71465334741417, 41.81427542442739], [-72.71464715695018, 41.81427542442739]]], [[[-72.71510878869418, 41.814107282299396], [-72.71510878869418, 41.8140872056274], [-72.71511851656618, 41.8140872056274], [-72.71511851656618, 41.814107282299396], [-72.71510878869418, 41.814107282299396]]], [[[-72.71472497992619, 41.8140855325714], [-72.71472497992619, 41.814065455899396], [-72.71473117039018, 41.814065455899396], [-72.71473117039018, 41.8140855325714], [-72.71472497992619, 41.8140855325714]]], [[[-72.71507783637418, 41.814042869643394], [-72.71506191803817, 41.814042869643394], [-72.71506191803817, 41.8140370139474], [-72.71507783637418, 41.8140370139474], [-72.71507783637418, 41.814042869643394]]], [[[-72.71449858581418, 41.8142118482994], [-72.71450831368618, 41.8142118482994], [-72.71450831368618, 41.8141909350994], [-72.71449858581418, 41.8141909350994], [-72.71449858581418, 41.8142118482994]]], [[[-72.7147638914142, 41.8142118482994], [-72.7147638914142, 41.8141917716274], [-72.71477273493419, 41.8141917716274], [-72.71477273493419, 41.8142118482994], [-72.7147638914142, 41.8142118482994]]], [[[-72.71492661218218, 41.8141064457714], [-72.71492661218218, 41.8140863690994], [-72.71493545570218, 41.8140863690994], [-72.71493545570218, 41.8141064457714], [-72.71492661218218, 41.8141064457714]]], [[[-72.71438096699819, 41.8142704052594], [-72.71438008264617, 41.8142704052594], [-72.71438008264617, 41.814282953179394], [-72.71438096699819, 41.814282953179394], [-72.71438096699819, 41.8142704052594]]], [[[-72.71450919803817, 41.8137952573554], [-72.71450919803817, 41.8137944208274], [-72.71449681711017, 41.8137944208274], [-72.71449681711017, 41.8137952573554], [-72.71450919803817, 41.8137952573554]]], [[[-72.71467457186219, 41.81380445916339], [-72.71467457186219, 41.813783545963396], [-72.71466572834217, 41.813783545963396], [-72.71466572834217, 41.81380445916339], [-72.71467457186219, 41.81380445916339]]], [[[-72.71464361954219, 41.8137684884594], [-72.71462770120618, 41.8137684884594], [-72.71462770120618, 41.813753430955394], [-72.71464361954219, 41.813753430955394], [-72.71464361954219, 41.8137684884594]]], [[[-72.7145286537822, 41.814335654443404], [-72.7145286537822, 41.814315577771396], [-72.7145339598942, 41.814315577771396], [-72.7145339598942, 41.814335654443404], [-72.7145286537822, 41.814335654443404]]], [[[-72.71516715592618, 41.81378438249139], [-72.71516715592618, 41.813764305819404], [-72.71517599944617, 41.813764305819404], [-72.71517599944617, 41.81378438249139], [-72.71516715592618, 41.81378438249139]]], [[[-72.71503361877417, 41.81417002189939], [-72.71503361877417, 41.8141499452274], [-72.7150274283102, 41.8141499452274], [-72.7150274283102, 41.81417002189939], [-72.71503361877417, 41.81417002189939]]], [[[-72.71548729135019, 41.8143507119474], [-72.71548729135019, 41.814329798747394], [-72.71547844783018, 41.814329798747394], [-72.71547844783018, 41.8143507119474], [-72.71548729135019, 41.8143507119474]]], [[[-72.71462946991018, 41.8137216428914], [-72.71460736111017, 41.8137216428914], [-72.71460736111017, 41.813731681227395], [-72.71462946991018, 41.813731681227395], [-72.71462946991018, 41.8137216428914]]], [[[-72.71548729135019, 41.814180896763396], [-72.71548729135019, 41.8141599835634], [-72.71547844783018, 41.8141599835634], [-72.71547844783018, 41.814180896763396], [-72.71548729135019, 41.814180896763396]]], [[[-72.71567919573417, 41.813974274347395], [-72.71570130453418, 41.813974274347395], [-72.71570130453418, 41.813984312683395], [-72.71567919573417, 41.813984312683395], [-72.71567919573417, 41.813974274347395]]], [[[-72.71565885563818, 41.814108955355394], [-72.71565885563818, 41.8140872056274], [-72.71566946786217, 41.8140872056274], [-72.71566946786217, 41.814108955355394], [-72.71565885563818, 41.814108955355394]]], [[[-72.71450919803817, 41.81385297778739], [-72.71450919803817, 41.8138513047314], [-72.71449681711017, 41.8138513047314], [-72.71449681711017, 41.81385297778739], [-72.71450919803817, 41.81385297778739]]], [[[-72.71446940219818, 41.8137224794194], [-72.71446763349417, 41.8137224794194], [-72.71446763349417, 41.813734190811395], [-72.71446940219818, 41.813734190811395], [-72.71446940219818, 41.8137224794194]]], [[[-72.71455253128619, 41.813996024075394], [-72.71455253128619, 41.813974274347395], [-72.71454280341418, 41.813974274347395], [-72.71454280341418, 41.813996024075394], [-72.71455253128619, 41.813996024075394]]], [[[-72.71465157871019, 41.8137216428914], [-72.71462946991018, 41.8137216428914], [-72.71462946991018, 41.813731681227395], [-72.71465157871019, 41.813731681227395], [-72.71465157871019, 41.8137216428914]]], [[[-72.71571368546218, 41.81404203311539], [-72.71571368546218, 41.814021119915395], [-72.71570307323817, 41.814021119915395], [-72.71570307323817, 41.81404203311539], [-72.71571368546218, 41.81404203311539]]], [[[-72.71571368546218, 41.81413070508339], [-72.71571368546218, 41.8141097918834], [-72.71570307323817, 41.8141097918834], [-72.71570307323817, 41.81413070508339], [-72.71571368546218, 41.81413070508339]]], [[[-72.71438096699819, 41.8139801300434], [-72.71438096699819, 41.8139784569874], [-72.71439334792619, 41.8139784569874], [-72.71439334792619, 41.8139801300434], [-72.71438096699819, 41.8139801300434]]], [[[-72.7147638914142, 41.81379609388339], [-72.7147638914142, 41.813786055547396], [-72.71475151048618, 41.813786055547396], [-72.71475151048618, 41.81379609388339], [-72.7147638914142, 41.81379609388339]]], [[[-72.7147638914142, 41.8138404298674], [-72.7147638914142, 41.813819516667394], [-72.71475151048618, 41.813819516667394], [-72.71475151048618, 41.8138404298674], [-72.7147638914142, 41.8138404298674]]], [[[-72.71536082901419, 41.814040360059394], [-72.71538205346218, 41.814040360059394], [-72.71538205346218, 41.8140345043634], [-72.71536082901419, 41.8140345043634], [-72.71536082901419, 41.814040360059394]]], [[[-72.7147638914142, 41.8138847658514], [-72.7147638914142, 41.813863852651394], [-72.71475151048618, 41.813863852651394], [-72.71475151048618, 41.8138847658514], [-72.7147638914142, 41.8138847658514]]], [[[-72.71463566037417, 41.8137827094354], [-72.71463566037417, 41.81377016151539], [-72.71464450389418, 41.81377016151539], [-72.71464450389418, 41.8137827094354], [-72.71463566037417, 41.8137827094354]]], [[[-72.71541389013419, 41.8141959542674], [-72.71543511458218, 41.8141959542674], [-72.71543511458218, 41.8141875889874], [-72.71541389013419, 41.8141875889874], [-72.71541389013419, 41.8141959542674]]], [[[-72.71480457160618, 41.81427542442739], [-72.71480457160618, 41.81425534775539], [-72.71481429947819, 41.81425534775539], [-72.71481429947819, 41.81427542442739], [-72.71480457160618, 41.81427542442739]]], [[[-72.71470110242218, 41.8143724616754], [-72.71472232687017, 41.8143724616754], [-72.71472232687017, 41.8143666059794], [-72.71470110242218, 41.8143666059794], [-72.71470110242218, 41.8143724616754]]], [[[-72.71577205269418, 41.8140863690994], [-72.71577205269418, 41.8140646193714], [-72.71578266491818, 41.8140646193714], [-72.71578266491818, 41.8140863690994], [-72.71577205269418, 41.8140863690994]]], [[[-72.71491776866218, 41.8138454490354], [-72.71491776866218, 41.8138253723634], [-72.71491246255017, 41.8138253723634], [-72.71491246255017, 41.8138454490354], [-72.71491776866218, 41.8138454490354]]], [[[-72.71496375496618, 41.814084696043395], [-72.71496375496618, 41.8140646193714], [-72.71497259848617, 41.8140646193714], [-72.71497259848617, 41.814084696043395], [-72.71496375496618, 41.814084696043395]]], [[[-72.71499912904618, 41.8140637828434], [-72.71499912904618, 41.814042869643394], [-72.71499293858218, 41.814042869643394], [-72.71499293858218, 41.8140637828434], [-72.71499912904618, 41.8140637828434]]], [[[-72.71499912904618, 41.81412735897139], [-72.71499912904618, 41.8141064457714], [-72.71499293858218, 41.8141064457714], [-72.71499293858218, 41.81412735897139], [-72.71499912904618, 41.81412735897139]]], [[[-72.71503361877417, 41.8141909350994], [-72.71503361877417, 41.8141708584274], [-72.7150274283102, 41.8141708584274], [-72.7150274283102, 41.8141909350994], [-72.71503361877417, 41.8141909350994]]], [[[-72.71520429871018, 41.8139533611474], [-72.71520429871018, 41.813933284475404], [-72.71521314223018, 41.813933284475404], [-72.71521314223018, 41.8139533611474], [-72.71520429871018, 41.8139533611474]]], [[[-72.71487531976618, 41.81420682913139], [-72.71489389115817, 41.81420682913139], [-72.71489389115817, 41.8142043195474], [-72.71487531976618, 41.8142043195474], [-72.71487531976618, 41.81420682913139]]], [[[-72.71507076155818, 41.81412819549939], [-72.71507076155818, 41.814107282299396], [-72.71506191803817, 41.814107282299396], [-72.71506191803817, 41.81412819549939], [-72.71507076155818, 41.81412819549939]]], [[[-72.71456491221419, 41.8142586938674], [-72.71456491221419, 41.8142570208114], [-72.71457552443817, 41.8142570208114], [-72.71457552443817, 41.8142586938674], [-72.71456491221419, 41.8142586938674]]], [[[-72.71488416328619, 41.8137994399954], [-72.71488416328619, 41.81377769026739], [-72.71487443541419, 41.81377769026739], [-72.71487443541419, 41.8137994399954], [-72.71488416328619, 41.8137994399954]]], [[[-72.71484436744618, 41.81379609388339], [-72.71484436744618, 41.81377518068339], [-72.71485409531819, 41.81377518068339], [-72.71485409531819, 41.81379609388339], [-72.71484436744618, 41.81379609388339]]], [[[-72.71461178287018, 41.8141909350994], [-72.71461178287018, 41.814180896763396], [-72.71460382370218, 41.814180896763396], [-72.71460382370218, 41.8141909350994], [-72.71461178287018, 41.8141909350994]]], [[[-72.7145940958302, 41.8138404298674], [-72.7145940958302, 41.813819516667394], [-72.71458436795818, 41.813819516667394], [-72.71458436795818, 41.8138404298674], [-72.7145940958302, 41.8138404298674]]], [[[-72.71488416328619, 41.81384377597939], [-72.71488416328619, 41.813822026251394], [-72.71487443541419, 41.813822026251394], [-72.71487443541419, 41.81384377597939], [-72.71488416328619, 41.81384377597939]]], [[[-72.71450389192619, 41.8143557311154], [-72.71450389192619, 41.814335654443404], [-72.71449858581418, 41.814335654443404], [-72.71449858581418, 41.8143557311154], [-72.71450389192619, 41.8143557311154]]], [[[-72.71477892539818, 41.8137216428914], [-72.71475681659818, 41.8137216428914], [-72.71475681659818, 41.813731681227395], [-72.71477892539818, 41.813731681227395], [-72.71477892539818, 41.8137216428914]]], [[[-72.71512647573418, 41.8139625629554], [-72.71512647573418, 41.813942486283395], [-72.71513620360618, 41.813942486283395], [-72.71513620360618, 41.8139625629554], [-72.71512647573418, 41.8139625629554]]], [[[-72.71471702075817, 41.8139291018354], [-72.71471702075817, 41.8139031694674], [-72.71473028603819, 41.8139031694674], [-72.71473028603819, 41.8139291018354], [-72.71471702075817, 41.8139291018354]]], [[[-72.7146126672222, 41.814116484107394], [-72.7146126672222, 41.81409640743539], [-72.71461885768618, 41.81409640743539], [-72.71461885768618, 41.814116484107394], [-72.7146126672222, 41.814116484107394]]], [[[-72.71438096699819, 41.8140888786834], [-72.71438096699819, 41.81408804215539], [-72.71439334792619, 41.81408804215539], [-72.71439334792619, 41.8140888786834], [-72.71438096699819, 41.8140888786834]]], [[[-72.71464715695018, 41.814116484107394], [-72.71464715695018, 41.81409640743539], [-72.71465334741417, 41.81409640743539], [-72.71465334741417, 41.814116484107394], [-72.71464715695018, 41.814116484107394]]], [[[-72.71461178287018, 41.8141591470354], [-72.71461178287018, 41.8141382338354], [-72.71460382370218, 41.8141382338354], [-72.71460382370218, 41.8141591470354], [-72.71461178287018, 41.8141591470354]]], [[[-72.71488504763818, 41.81397762045939], [-72.71488504763818, 41.81395670725939], [-72.71489123810218, 41.81395670725939], [-72.71489123810218, 41.81397762045939], [-72.71488504763818, 41.81397762045939]]], [[[-72.71492484347819, 41.8142335980274], [-72.71492484347819, 41.814212684827396], [-72.71491599995818, 41.814212684827396], [-72.71491599995818, 41.8142335980274], [-72.71492484347819, 41.8142335980274]]], [[[-72.71432525282218, 41.814042869643394], [-72.71432525282218, 41.814021119915395], [-72.71433586504618, 41.814021119915395], [-72.71433586504618, 41.814042869643394], [-72.71432525282218, 41.814042869643394]]], [[[-72.71432525282218, 41.81384377597939], [-72.71432525282218, 41.813822026251394], [-72.71433586504618, 41.813822026251394], [-72.71433586504618, 41.81384377597939], [-72.71432525282218, 41.81384377597939]]], [[[-72.71532810799019, 41.813881419739396], [-72.71532810799019, 41.813890621547394], [-72.7153192644702, 41.813890621547394], [-72.7153192644702, 41.813881419739396], [-72.71532810799019, 41.813881419739396]]], [[[-72.71503450312618, 41.8141909350994], [-72.71503450312618, 41.8141708584274], [-72.71504069359018, 41.8141708584274], [-72.71504069359018, 41.8141909350994], [-72.71503450312618, 41.8141909350994]]], [[[-72.71480457160618, 41.8141909350994], [-72.71480457160618, 41.8141708584274], [-72.71481429947819, 41.8141708584274], [-72.71481429947819, 41.8141909350994], [-72.71480457160618, 41.8141909350994]]], [[[-72.71471702075817, 41.81390233293939], [-72.71471702075817, 41.81388058321139], [-72.71473028603819, 41.81388058321139], [-72.71473028603819, 41.81390233293939], [-72.71471702075817, 41.81390233293939]]], [[[-72.71449858581418, 41.8142645495634], [-72.71450831368618, 41.8142645495634], [-72.71450831368618, 41.814234434555395], [-72.71449858581418, 41.814234434555395], [-72.71449858581418, 41.8142645495634]]], [[[-72.71480457160618, 41.81417002189939], [-72.71480457160618, 41.8141499452274], [-72.71481429947819, 41.8141499452274], [-72.71481429947819, 41.81417002189939], [-72.71480457160618, 41.81417002189939]]], [[[-72.71471702075817, 41.81388058321139], [-72.71471702075817, 41.813858833483394], [-72.71473028603819, 41.813858833483394], [-72.71473028603819, 41.81388058321139], [-72.71471702075817, 41.81388058321139]]], [[[-72.71523171362219, 41.81379609388339], [-72.71523790408618, 41.81379609388339], [-72.71523790408618, 41.8137885651314], [-72.71523171362219, 41.8137885651314], [-72.71523171362219, 41.81379609388339]]], [[[-72.7152405571422, 41.81379609388339], [-72.71524674760617, 41.81379609388339], [-72.71524674760617, 41.8137885651314], [-72.7152405571422, 41.8137885651314], [-72.7152405571422, 41.81379609388339]]], [[[-72.71500178210218, 41.8137894016594], [-72.71500178210218, 41.81377936332339], [-72.71501239432618, 41.81377936332339], [-72.71501239432618, 41.8137894016594], [-72.71500178210218, 41.8137894016594]]], [[[-72.71438096699819, 41.814182569819394], [-72.71438096699819, 41.814180896763396], [-72.71439334792619, 41.814180896763396], [-72.71439334792619, 41.814182569819394], [-72.71438096699819, 41.814182569819394]]], [[[-72.71503450312618, 41.81417002189939], [-72.71503450312618, 41.8141499452274], [-72.71504069359018, 41.8141499452274], [-72.71504069359018, 41.81417002189939], [-72.71503450312618, 41.81417002189939]]], [[[-72.71438096699819, 41.8138011130514], [-72.71438096699819, 41.8137994399954], [-72.71439334792619, 41.8137994399954], [-72.71439334792619, 41.8138011130514], [-72.71438096699819, 41.8138011130514]]], [[[-72.71471702075817, 41.81383624722739], [-72.71471702075817, 41.8138144974994], [-72.71473028603819, 41.8138144974994], [-72.71473028603819, 41.81383624722739], [-72.71471702075817, 41.81383624722739]]], [[[-72.71438096699819, 41.813807805275395], [-72.71438096699819, 41.81380696874739], [-72.71439334792619, 41.81380696874739], [-72.71439334792619, 41.813807805275395], [-72.71438096699819, 41.813807805275395]]], [[[-72.71516715592618, 41.813932447947394], [-72.71516715592618, 41.8139115347474], [-72.71517599944617, 41.8139115347474], [-72.71517599944617, 41.813932447947394], [-72.71516715592618, 41.813932447947394]]], [[[-72.71500178210218, 41.8138119879154], [-72.71500178210218, 41.813790238187394], [-72.71501239432618, 41.813790238187394], [-72.71501239432618, 41.8138119879154], [-72.71500178210218, 41.8138119879154]]], [[[-72.71438096699819, 41.81395168809139], [-72.71438096699819, 41.8139500150354], [-72.71439334792619, 41.8139500150354], [-72.71439334792619, 41.81395168809139], [-72.71438096699819, 41.81395168809139]]], [[[-72.71505307451818, 41.813765978875395], [-72.71503361877417, 41.813765978875395], [-72.71503361877417, 41.8137601231794], [-72.71505307451818, 41.8137601231794], [-72.71505307451818, 41.813765978875395]]], [[[-72.71432525282218, 41.814329798747394], [-72.71432525282218, 41.8143080490194], [-72.71433586504618, 41.8143080490194], [-72.71433586504618, 41.814329798747394], [-72.71432525282218, 41.814329798747394]]], [[[-72.71496198626218, 41.8141691853714], [-72.71496198626218, 41.8141491086994], [-72.71495579579818, 41.8141491086994], [-72.71495579579818, 41.8141691853714], [-72.71496198626218, 41.8141691853714]]], [[[-72.71528477474219, 41.813952524619395], [-72.71529096520618, 41.813952524619395], [-72.71529096520618, 41.8139458323954], [-72.71528477474219, 41.8139458323954], [-72.71528477474219, 41.813952524619395]]], [[[-72.71528300603819, 41.8138036226354], [-72.71529008085419, 41.8138036226354], [-72.71529008085419, 41.81379609388339], [-72.71528300603819, 41.81379609388339], [-72.71528300603819, 41.8138036226354]]], [[[-72.71516538722219, 41.813868871819395], [-72.71516538722219, 41.8138487951474], [-72.7151565437022, 41.8138487951474], [-72.7151565437022, 41.813868871819395], [-72.71516538722219, 41.813868871819395]]], [[[-72.71488504763818, 41.813829555003394], [-72.71488504763818, 41.8138094783314], [-72.71489123810218, 41.8138094783314], [-72.71489123810218, 41.813829555003394], [-72.71488504763818, 41.813829555003394]]], [[[-72.71500001339818, 41.8138119879154], [-72.71500001339818, 41.8138011130514], [-72.71499116987819, 41.8138011130514], [-72.71499116987819, 41.8138119879154], [-72.71500001339818, 41.8138119879154]]], [[[-72.71461089851819, 41.8143482023634], [-72.71459055842219, 41.8143482023634], [-72.71459055842219, 41.8143532215314], [-72.71461089851819, 41.8143532215314], [-72.71461089851819, 41.8143482023634]]], [[[-72.71525735983019, 41.8138111513874], [-72.71526355029418, 41.8138111513874], [-72.71526355029418, 41.8138036226354], [-72.71525735983019, 41.8138036226354], [-72.71525735983019, 41.8138111513874]]], [[[-72.7152405571422, 41.813819516667394], [-72.71524674760617, 41.813819516667394], [-72.71524674760617, 41.8138119879154], [-72.7152405571422, 41.8138119879154], [-72.7152405571422, 41.813819516667394]]], [[[-72.71527416251818, 41.81409055173939], [-72.71528300603819, 41.81409055173939], [-72.71528300603819, 41.8140888786834], [-72.71527416251818, 41.8140888786834], [-72.71527416251818, 41.81409055173939]]], [[[-72.71528300603819, 41.8140888786834], [-72.71528300603819, 41.81407131159539], [-72.71527416251818, 41.81407131159539], [-72.71527416251818, 41.8140888786834], [-72.71528300603819, 41.8140888786834]]], [[[-72.71510790434218, 41.814234434555395], [-72.71510790434218, 41.8142135213554], [-72.71509906082218, 41.8142135213554], [-72.71509906082218, 41.814234434555395], [-72.71510790434218, 41.814234434555395]]], [[[-72.71480368725419, 41.81427542442739], [-72.71480368725419, 41.81425534775539], [-72.71479484373418, 41.81425534775539], [-72.71479484373418, 41.81427542442739], [-72.71480368725419, 41.81427542442739]]], [[[-72.71488416328619, 41.813998533659394], [-72.71488416328619, 41.8139767839314], [-72.71487443541419, 41.8139767839314], [-72.71487443541419, 41.813998533659394], [-72.71488416328619, 41.813998533659394]]], [[[-72.71512736008619, 41.813984312683395], [-72.71513708795818, 41.813984312683395], [-72.71513708795818, 41.8139935144914], [-72.71512736008619, 41.8139935144914], [-72.71512736008619, 41.813984312683395]]], [[[-72.71480280290218, 41.8139073521074], [-72.71480280290218, 41.81388560237939], [-72.71481164642218, 41.81388560237939], [-72.71481164642218, 41.8139073521074], [-72.71480280290218, 41.8139073521074]]], [[[-72.71480368725419, 41.8142545112274], [-72.71480368725419, 41.8142335980274], [-72.71479484373418, 41.8142335980274], [-72.71479484373418, 41.8142545112274], [-72.71480368725419, 41.8142545112274]]], [[[-72.71480280290218, 41.8138630161234], [-72.71480280290218, 41.8138412663954], [-72.71481164642218, 41.8138412663954], [-72.71481164642218, 41.8138630161234], [-72.71480280290218, 41.8138630161234]]], [[[-72.71480280290218, 41.8138847658514], [-72.71480280290218, 41.813863852651394], [-72.71481164642218, 41.813863852651394], [-72.71481164642218, 41.8138847658514], [-72.71480280290218, 41.8138847658514]]], [[[-72.71480368725419, 41.8142335980274], [-72.71480368725419, 41.814212684827396], [-72.71479484373418, 41.814212684827396], [-72.71479484373418, 41.8142335980274], [-72.71480368725419, 41.8142335980274]]], [[[-72.71531749576619, 41.81404203311539], [-72.71533872021418, 41.81404203311539], [-72.71533872021418, 41.814050398395395], [-72.71531749576619, 41.814050398395395], [-72.71531749576619, 41.81404203311539]]], [[[-72.7154359989342, 41.813852141259396], [-72.7154359989342, 41.8138303915314], [-72.71544572680618, 41.8138303915314], [-72.71544572680618, 41.813852141259396], [-72.7154359989342, 41.813852141259396]]], [[[-72.71484436744618, 41.8139073521074], [-72.71484436744618, 41.81388560237939], [-72.71485409531819, 41.81388560237939], [-72.71485409531819, 41.8139073521074], [-72.71484436744618, 41.8139073521074]]], [[[-72.71480368725419, 41.8141909350994], [-72.71480368725419, 41.8141708584274], [-72.71479484373418, 41.8141708584274], [-72.71479484373418, 41.8141909350994], [-72.71480368725419, 41.8141909350994]]], [[[-72.71446232738218, 41.8142745878994], [-72.71446144303019, 41.8142745878994], [-72.71446144303019, 41.814282953179394], [-72.71446232738218, 41.814282953179394], [-72.71446232738218, 41.8142745878994]]], [[[-72.71561198498217, 41.814131541611395], [-72.71558987618218, 41.814131541611395], [-72.71558987618218, 41.81414241647539], [-72.71561198498217, 41.81414241647539], [-72.71561198498217, 41.814131541611395]]], [[[-72.71566858351018, 41.814131541611395], [-72.71564735906219, 41.814131541611395], [-72.71564735906219, 41.81414241647539], [-72.71566858351018, 41.81414241647539], [-72.71566858351018, 41.814131541611395]]], [[[-72.71539266568618, 41.8141959542674], [-72.71541300578218, 41.8141959542674], [-72.71541300578218, 41.8141875889874], [-72.71539266568618, 41.8141875889874], [-72.71539266568618, 41.8141959542674]]], [[[-72.71560048840617, 41.814108955355394], [-72.71560048840617, 41.8140872056274], [-72.71558987618218, 41.8140872056274], [-72.71558987618218, 41.814108955355394], [-72.71560048840617, 41.814108955355394]]], [[[-72.71445083080617, 41.8141909350994], [-72.71445083080617, 41.814190098571395], [-72.71443844987819, 41.814190098571395], [-72.71443844987819, 41.8141909350994], [-72.71445083080617, 41.8141909350994]]], [[[-72.71500443515818, 41.8143306352754], [-72.71500443515818, 41.81432561610739], [-72.71500708821418, 41.81432561610739], [-72.71500708821418, 41.8143306352754], [-72.71500443515818, 41.8143306352754]]], [[[-72.71468606843817, 41.8142545112274], [-72.71468606843817, 41.8142335980274], [-72.71469668066219, 41.8142335980274], [-72.71469668066219, 41.8142545112274], [-72.71468606843817, 41.8142545112274]]], [[[-72.71471348335018, 41.814319760411394], [-72.71469314325417, 41.814319760411394], [-72.71469314325417, 41.8143247795794], [-72.71471348335018, 41.8143247795794], [-72.71471348335018, 41.814319760411394]]], [[[-72.71549348181419, 41.81421770399539], [-72.71549348181419, 41.8141959542674], [-72.71550320968619, 41.8141959542674], [-72.71550320968619, 41.81421770399539], [-72.71549348181419, 41.81421770399539]]], [[[-72.71493457135018, 41.81432561610739], [-72.71493457135018, 41.814320596939396], [-72.71493191829418, 41.814320596939396], [-72.71493191829418, 41.81432561610739], [-72.71493457135018, 41.81432561610739]]], [[[-72.71498497941418, 41.81432143346739], [-72.71498497941418, 41.8143164142994], [-72.71498763247018, 41.8143164142994], [-72.71498763247018, 41.81432143346739], [-72.71498497941418, 41.81432143346739]]], [[[-72.71493457135018, 41.814320596939396], [-72.71493457135018, 41.814315577771396], [-72.71493191829418, 41.814315577771396], [-72.71493191829418, 41.814320596939396], [-72.71493457135018, 41.814320596939396]]], [[[-72.71493368699817, 41.8143105586034], [-72.71493368699817, 41.8143147412434], [-72.71492395912618, 41.8143147412434], [-72.71492395912618, 41.8143105586034], [-72.71493368699817, 41.8143105586034]]], [[[-72.71469314325417, 41.814319760411394], [-72.7146728031582, 41.814319760411394], [-72.7146728031582, 41.8143247795794], [-72.71469314325417, 41.8143247795794], [-72.71469314325417, 41.814319760411394]]], [[[-72.71493457135018, 41.814335654443404], [-72.71493457135018, 41.8143306352754], [-72.71493191829418, 41.8143306352754], [-72.71493191829418, 41.814335654443404], [-72.71493457135018, 41.814335654443404]]], [[[-72.71463477602218, 41.813915717387395], [-72.71463477602218, 41.813893967659396], [-72.71462504815018, 41.813893967659396], [-72.71462504815018, 41.813915717387395], [-72.71463477602218, 41.813915717387395]]], [[[-72.71560137275819, 41.814108955355394], [-72.71560137275819, 41.8140872056274], [-72.71561198498217, 41.8140872056274], [-72.71561198498217, 41.814108955355394], [-72.71560137275819, 41.814108955355394]]], [[[-72.71476566011819, 41.8138630161234], [-72.71476566011819, 41.8138412663954], [-72.71477185058218, 41.8138412663954], [-72.71477185058218, 41.8138630161234], [-72.71476566011819, 41.8138630161234]]], [[[-72.71532810799019, 41.8138998233554], [-72.71532810799019, 41.8139098616914], [-72.7153192644702, 41.8139098616914], [-72.7153192644702, 41.8138998233554], [-72.71532810799019, 41.8138998233554]]], [[[-72.71582688251819, 41.81404203311539], [-72.71582688251819, 41.814021119915395], [-72.71581627029418, 41.814021119915395], [-72.71581627029418, 41.81404203311539], [-72.71582688251819, 41.81404203311539]]], [[[-72.71451096674218, 41.81386468917939], [-72.71451096674218, 41.8138429394514], [-72.71452157896618, 41.8138429394514], [-72.71452157896618, 41.81386468917939], [-72.71451096674218, 41.81386468917939]]], [[[-72.71468518408619, 41.8142335980274], [-72.71468518408619, 41.814212684827396], [-72.71467457186219, 41.814212684827396], [-72.71467457186219, 41.8142335980274], [-72.71468518408619, 41.8142335980274]]], [[[-72.71468518408619, 41.8141909350994], [-72.71468518408619, 41.8141708584274], [-72.71467457186219, 41.8141708584274], [-72.71467457186219, 41.8141909350994], [-72.71468518408619, 41.8141909350994]]], [[[-72.71473470779819, 41.8143482023634], [-72.71471436770219, 41.8143482023634], [-72.71471436770219, 41.8143532215314], [-72.71473470779819, 41.8143532215314], [-72.71473470779819, 41.8143482023634]]], [[[-72.71461178287018, 41.8142118482994], [-72.71461178287018, 41.8141917716274], [-72.71460382370218, 41.8141917716274], [-72.71460382370218, 41.8142118482994], [-72.71461178287018, 41.8142118482994]]], [[[-72.71475593224618, 41.8143189238834], [-72.71473559215019, 41.8143189238834], [-72.71473559215019, 41.8143139047154], [-72.71475593224618, 41.8143139047154], [-72.71475593224618, 41.8143189238834]]], [[[-72.71461178287018, 41.814084696043395], [-72.71461178287018, 41.8140646193714], [-72.71460382370218, 41.8140646193714], [-72.71460382370218, 41.814084696043395], [-72.71461178287018, 41.814084696043395]]], [[[-72.71479749679018, 41.8143189238834], [-72.71477715669417, 41.8143189238834], [-72.71477715669417, 41.8143139047154], [-72.71479749679018, 41.8143139047154], [-72.71479749679018, 41.8143189238834]]], [[[-72.71473470779819, 41.8143189238834], [-72.71471436770219, 41.8143189238834], [-72.71471436770219, 41.8143139047154], [-72.71473470779819, 41.8143139047154], [-72.71473470779819, 41.8143189238834]]], [[[-72.71476654447018, 41.8143724616754], [-72.71478688456618, 41.8143724616754], [-72.71478688456618, 41.8143666059794], [-72.71476654447018, 41.8143666059794], [-72.71476654447018, 41.8143724616754]]], [[[-72.71461178287018, 41.8140637828434], [-72.71461178287018, 41.8140437061714], [-72.71460382370218, 41.8140437061714], [-72.71460382370218, 41.8140637828434], [-72.71461178287018, 41.8140637828434]]], [[[-72.71516538722219, 41.813932447947394], [-72.71516538722219, 41.8139115347474], [-72.7151565437022, 41.8139115347474], [-72.7151565437022, 41.813932447947394], [-72.71516538722219, 41.813932447947394]]], [[[-72.71503361877417, 41.813933284475404], [-72.71505307451818, 41.813933284475404], [-72.71505307451818, 41.8139240826674], [-72.71503361877417, 41.8139240826674], [-72.71503361877417, 41.813933284475404]]], [[[-72.71458967407018, 41.8143264526354], [-72.71456933397417, 41.8143264526354], [-72.71456933397417, 41.8143314718034], [-72.71458967407018, 41.8143314718034], [-72.71458967407018, 41.8143264526354]]], [[[-72.71572518203818, 41.813974274347395], [-72.71574729083818, 41.813974274347395], [-72.71574729083818, 41.813984312683395], [-72.71572518203818, 41.813984312683395], [-72.71572518203818, 41.813974274347395]]], [[[-72.71553504635817, 41.814413451547395], [-72.71553504635817, 41.814391701819396], [-72.71554388987818, 41.814391701819396], [-72.71554388987818, 41.814413451547395], [-72.71553504635817, 41.814413451547395]]], [[[-72.71549348181419, 41.8141516182834], [-72.71549348181419, 41.81412986855539], [-72.71550320968619, 41.81412986855539], [-72.71550320968619, 41.8141516182834], [-72.71549348181419, 41.8141516182834]]], [[[-72.71549348181419, 41.814391701819396], [-72.71549348181419, 41.8143699520914], [-72.71550320968619, 41.8143699520914], [-72.71550320968619, 41.814391701819396], [-72.71549348181419, 41.814391701819396]]], [[[-72.71523171362219, 41.8140043893554], [-72.71523790408618, 41.8140043893554], [-72.71523790408618, 41.8139976971314], [-72.71523171362219, 41.8139976971314], [-72.71523171362219, 41.8140043893554]]], [[[-72.71582865122218, 41.81413070508339], [-72.71582865122218, 41.814108955355394], [-72.71583837909418, 41.814108955355394], [-72.71583837909418, 41.81413070508339], [-72.71582865122218, 41.81413070508339]]], [[[-72.71471702075817, 41.8138579969554], [-72.71471702075817, 41.81383624722739], [-72.71473028603819, 41.81383624722739], [-72.71473028603819, 41.8138579969554], [-72.71471702075817, 41.8138579969554]]], [[[-72.71582688251819, 41.8140863690994], [-72.71582688251819, 41.814065455899396], [-72.71581627029418, 41.814065455899396], [-72.71581627029418, 41.8140863690994], [-72.71582688251819, 41.8140863690994]]], [[[-72.71507076155818, 41.8140646193714], [-72.71507076155818, 41.8140445426994], [-72.71506191803817, 41.8140445426994], [-72.71506191803817, 41.8140646193714], [-72.71507076155818, 41.8140646193714]]], [[[-72.71503361877417, 41.8142118482994], [-72.71503361877417, 41.8141917716274], [-72.7150274283102, 41.8141917716274], [-72.7150274283102, 41.8142118482994], [-72.71503361877417, 41.8142118482994]]], [[[-72.7158914402142, 41.8141148110514], [-72.7158914402142, 41.814092224795395], [-72.71587552187817, 41.814092224795395], [-72.71587552187817, 41.8141148110514], [-72.7158914402142, 41.8141148110514]]], [[[-72.71518218991018, 41.81412819549939], [-72.71518218991018, 41.814107282299396], [-72.71517599944617, 41.814107282299396], [-72.71517599944617, 41.81412819549939], [-72.71518218991018, 41.81412819549939]]], [[[-72.71518218991018, 41.8141064457714], [-72.71518218991018, 41.8140863690994], [-72.71517599944617, 41.8140863690994], [-72.71517599944617, 41.8141064457714], [-72.71518218991018, 41.8141064457714]]], [[[-72.71452069461418, 41.814146599115396], [-72.71452069461418, 41.8141248493874], [-72.71453130683818, 41.8141248493874], [-72.71453130683818, 41.814146599115396], [-72.71452069461418, 41.814146599115396]]], [[[-72.71518218991018, 41.8140855325714], [-72.71518218991018, 41.814065455899396], [-72.71517599944617, 41.814065455899396], [-72.71517599944617, 41.8140855325714], [-72.71518218991018, 41.8140855325714]]], [[[-72.71452069461418, 41.8141248493874], [-72.71452069461418, 41.8141030996594], [-72.71453130683818, 41.8141030996594], [-72.71453130683818, 41.8141248493874], [-72.71452069461418, 41.8141248493874]]], [[[-72.7158914402142, 41.814067965483396], [-72.7158914402142, 41.814045379227395], [-72.71587552187817, 41.814045379227395], [-72.71587552187817, 41.814067965483396], [-72.7158914402142, 41.814067965483396]]], [[[-72.71510790434218, 41.814276260955396], [-72.71510790434218, 41.8142561842834], [-72.71509906082218, 41.8142561842834], [-72.71509906082218, 41.814276260955396], [-72.71510790434218, 41.814276260955396]]], [[[-72.71507076155818, 41.8142545112274], [-72.71507076155818, 41.8142335980274], [-72.71506191803817, 41.8142335980274], [-72.71506191803817, 41.8142545112274], [-72.71507076155818, 41.8142545112274]]], [[[-72.71496198626218, 41.8141056092434], [-72.71496198626218, 41.8140855325714], [-72.71495579579818, 41.8140855325714], [-72.71495579579818, 41.8141056092434], [-72.71496198626218, 41.8141056092434]]], [[[-72.71445083080617, 41.81425534775539], [-72.71445083080617, 41.8142545112274], [-72.71443844987819, 41.8142545112274], [-72.71443844987819, 41.81425534775539], [-72.71445083080617, 41.81425534775539]]], [[[-72.7158914402142, 41.8140913882674], [-72.7158914402142, 41.8140688020114], [-72.71587552187817, 41.8140688020114], [-72.71587552187817, 41.8140913882674], [-72.7158914402142, 41.8140913882674]]], [[[-72.7158914402142, 41.8140445426994], [-72.7158914402142, 41.8140219564434], [-72.71587552187817, 41.8140219564434], [-72.71587552187817, 41.8140445426994], [-72.7158914402142, 41.8140445426994]]], [[[-72.71496198626218, 41.8140637828434], [-72.71496198626218, 41.814042869643394], [-72.71495579579818, 41.814042869643394], [-72.71495579579818, 41.8140637828434], [-72.71496198626218, 41.8140637828434]]], [[[-72.71507076155818, 41.81427542442739], [-72.71507076155818, 41.81425534775539], [-72.71506191803817, 41.81425534775539], [-72.71506191803817, 41.81427542442739], [-72.71507076155818, 41.81427542442739]]], [[[-72.71472409557418, 41.8141641662034], [-72.71472409557418, 41.8141382338354], [-72.71471790511019, 41.8141382338354], [-72.71471790511019, 41.8141641662034], [-72.71472409557418, 41.8141641662034]]], [[[-72.71582688251819, 41.814108955355394], [-72.71582688251819, 41.8140872056274], [-72.71581627029418, 41.8140872056274], [-72.71581627029418, 41.814108955355394], [-72.71582688251819, 41.814108955355394]]], [[[-72.71476300706219, 41.81412819549939], [-72.71476300706219, 41.814107282299396], [-72.71475239483819, 41.814107282299396], [-72.71475239483819, 41.81412819549939], [-72.71476300706219, 41.81412819549939]]], [[[-72.71549348181419, 41.8143691155634], [-72.71549348181419, 41.8143482023634], [-72.71550320968619, 41.8143482023634], [-72.71550320968619, 41.8143691155634], [-72.71549348181419, 41.8143691155634]]], [[[-72.71508667989417, 41.813783545963396], [-72.71508667989417, 41.8137617962354], [-72.71509552341418, 41.8137617962354], [-72.71509552341418, 41.813783545963396], [-72.71508667989417, 41.813783545963396]]], [[[-72.71438096699819, 41.814268732203395], [-72.71439069487018, 41.814268732203395], [-72.71439069487018, 41.8142486555314], [-72.71438096699819, 41.8142486555314], [-72.71438096699819, 41.814268732203395]]], [[[-72.71571456981418, 41.8140863690994], [-72.71571456981418, 41.814065455899396], [-72.71572518203818, 41.814065455899396], [-72.71572518203818, 41.8140863690994], [-72.71571456981418, 41.8140863690994]]], [[[-72.71529627131818, 41.814040360059394], [-72.71531749576619, 41.814040360059394], [-72.71531749576619, 41.8140345043634], [-72.71529627131818, 41.8140345043634], [-72.71529627131818, 41.814040360059394]]], [[[-72.71539266568618, 41.8141181571634], [-72.71541300578218, 41.8141181571634], [-72.71541300578218, 41.814108955355394], [-72.71539266568618, 41.814108955355394], [-72.71539266568618, 41.8141181571634]]], [[[-72.71445083080617, 41.8141549643954], [-72.71445083080617, 41.8141541278674], [-72.71446321173418, 41.8141541278674], [-72.71446321173418, 41.8141549643954], [-72.71445083080617, 41.8141549643954]]], [[[-72.71539266568618, 41.81407884034739], [-72.71541300578218, 41.81407884034739], [-72.71541300578218, 41.814070475067396], [-72.71539266568618, 41.814070475067396], [-72.71539266568618, 41.81407884034739]]], [[[-72.71504423099819, 41.8138236993074], [-72.71504423099819, 41.8138019495794], [-72.71505395887017, 41.8138019495794], [-72.71505395887017, 41.8138236993074], [-72.71504423099819, 41.8138236993074]]], [[[-72.71504423099819, 41.813900659883394], [-72.71504423099819, 41.813878910155395], [-72.71505395887017, 41.813878910155395], [-72.71505395887017, 41.813900659883394], [-72.71504423099819, 41.813900659883394]]], [[[-72.71548729135019, 41.814222723163404], [-72.71548729135019, 41.8142018099634], [-72.71547844783018, 41.8142018099634], [-72.71547844783018, 41.814222723163404], [-72.71548729135019, 41.814222723163404]]], [[[-72.71455429999018, 41.8138203531954], [-72.71455429999018, 41.81379860346739], [-72.71456314351018, 41.81379860346739], [-72.71456314351018, 41.8138203531954], [-72.71455429999018, 41.8138203531954]]], [[[-72.71530599919018, 41.81407884034739], [-72.71532722363817, 41.81407884034739], [-72.71532722363817, 41.814070475067396], [-72.71530599919018, 41.814070475067396], [-72.71530599919018, 41.81407884034739]]], [[[-72.71554565858217, 41.81413070508339], [-72.71554565858217, 41.8141097918834], [-72.71555627080619, 41.8141097918834], [-72.71555627080619, 41.81413070508339], [-72.71554565858217, 41.81413070508339]]], [[[-72.7156562025822, 41.81404203311539], [-72.7156562025822, 41.814021119915395], [-72.71564559035818, 41.814021119915395], [-72.71564559035818, 41.81404203311539], [-72.7156562025822, 41.81404203311539]]], [[[-72.7156562025822, 41.81413070508339], [-72.7156562025822, 41.8141097918834], [-72.71564559035818, 41.8141097918834], [-72.71564559035818, 41.81413070508339], [-72.7156562025822, 41.81413070508339]]], [[[-72.71508402683818, 41.813806132219405], [-72.71508402683818, 41.81378438249139], [-72.71507429896617, 41.81378438249139], [-72.71507429896617, 41.813806132219405], [-72.71508402683818, 41.813806132219405]]], [[[-72.71508402683818, 41.813783545963396], [-72.71508402683818, 41.813773507627396], [-72.71507429896617, 41.813773507627396], [-72.71507429896617, 41.813783545963396], [-72.71508402683818, 41.813783545963396]]], [[[-72.71527504687018, 41.814040360059394], [-72.71529538696619, 41.814040360059394], [-72.71529538696619, 41.8140345043634], [-72.71527504687018, 41.8140345043634], [-72.71527504687018, 41.814040360059394]]], [[[-72.71464715695018, 41.8142545112274], [-72.71464715695018, 41.8142335980274], [-72.71465334741417, 41.8142335980274], [-72.71465334741417, 41.8142545112274], [-72.71464715695018, 41.8142545112274]]], [[[-72.71456314351018, 41.81418675245939], [-72.71456314351018, 41.81416500273139], [-72.71455341563818, 41.81416500273139], [-72.71455341563818, 41.81418675245939], [-72.71456314351018, 41.81418675245939]]], [[[-72.71464715695018, 41.81412819549939], [-72.71464715695018, 41.8141173206354], [-72.71465334741417, 41.8141173206354], [-72.71465334741417, 41.81412819549939], [-72.71464715695018, 41.81412819549939]]], [[[-72.71548729135019, 41.8142018099634], [-72.71548729135019, 41.814180896763396], [-72.71547844783018, 41.814180896763396], [-72.71547844783018, 41.8142018099634], [-72.71548729135019, 41.8142018099634]]], [[[-72.71503450312618, 41.81412819549939], [-72.71503450312618, 41.814107282299396], [-72.71504069359018, 41.814107282299396], [-72.71504069359018, 41.81412819549939], [-72.71503450312618, 41.81412819549939]]], [[[-72.71464715695018, 41.8142335980274], [-72.71464715695018, 41.814212684827396], [-72.71465334741417, 41.814212684827396], [-72.71465334741417, 41.8142335980274], [-72.71464715695018, 41.8142335980274]]], [[[-72.71456314351018, 41.814098080491405], [-72.71456314351018, 41.8140771672914], [-72.71455341563818, 41.8140771672914], [-72.71455341563818, 41.814098080491405], [-72.71456314351018, 41.814098080491405]]], [[[-72.71503450312618, 41.8141491086994], [-72.71503450312618, 41.81412819549939], [-72.71504069359018, 41.81412819549939], [-72.71504069359018, 41.8141491086994], [-72.71503450312618, 41.8141491086994]]], [[[-72.71526620335018, 41.8143724616754], [-72.71528742779817, 41.8143724616754], [-72.71528742779817, 41.81436325986739], [-72.71526620335018, 41.81436325986739], [-72.71526620335018, 41.8143724616754]]], [[[-72.71539266568618, 41.8141574739794], [-72.71541300578218, 41.8141574739794], [-72.71541300578218, 41.8141474356434], [-72.71539266568618, 41.8141474356434], [-72.71539266568618, 41.8141574739794]]], [[[-72.71557395784617, 41.814413451547395], [-72.71557395784617, 41.814391701819396], [-72.71556422997418, 41.814391701819396], [-72.71556422997418, 41.814413451547395], [-72.71557395784617, 41.814413451547395]]], [[[-72.71534933243818, 41.8141574739794], [-72.71537055688619, 41.8141574739794], [-72.71537055688619, 41.8141474356434], [-72.71534933243818, 41.8141474356434], [-72.71534933243818, 41.8141574739794]]], [[[-72.71464715695018, 41.8141909350994], [-72.71464715695018, 41.8141708584274], [-72.71465334741417, 41.8141708584274], [-72.71465334741417, 41.8141909350994], [-72.71464715695018, 41.8141909350994]]], [[[-72.71451008239019, 41.8139976971314], [-72.71451008239019, 41.8139642360114], [-72.71449947016619, 41.8139642360114], [-72.71449947016619, 41.8139976971314], [-72.71451008239019, 41.8139976971314]]], [[[-72.71463477602218, 41.813827045419394], [-72.71463477602218, 41.813805295691395], [-72.71462504815018, 41.813805295691395], [-72.71462504815018, 41.813827045419394], [-72.71463477602218, 41.813827045419394]]], [[[-72.71532722363817, 41.8141181571634], [-72.71534844808617, 41.8141181571634], [-72.71534844808617, 41.814108955355394], [-72.71532722363817, 41.814108955355394], [-72.71532722363817, 41.8141181571634]]], [[[-72.71554300552619, 41.814108955355394], [-72.71554300552619, 41.8140872056274], [-72.7155323933022, 41.8140872056274], [-72.7155323933022, 41.814108955355394], [-72.71554300552619, 41.814108955355394]]], [[[-72.7147638914142, 41.81412819549939], [-72.7147638914142, 41.814107282299396], [-72.71477273493419, 41.814107282299396], [-72.71477273493419, 41.81412819549939], [-72.7147638914142, 41.81412819549939]]], [[[-72.71565885563818, 41.8140646193714], [-72.71565885563818, 41.814042869643394], [-72.71566946786217, 41.814042869643394], [-72.71566946786217, 41.8140646193714], [-72.71565885563818, 41.8140646193714]]], [[[-72.71542361800617, 41.8139391401714], [-72.71544484245418, 41.8139391401714], [-72.71544484245418, 41.81394917850739], [-72.71542361800617, 41.81394917850739], [-72.71542361800617, 41.8139391401714]]], [[[-72.71471613640618, 41.81379609388339], [-72.71471613640618, 41.81377518068339], [-72.71470729288619, 41.81377518068339], [-72.71470729288619, 41.81379609388339], [-72.71471613640618, 41.81379609388339]]], [[[-72.71554300552619, 41.81413070508339], [-72.71554300552619, 41.8141097918834], [-72.7155323933022, 41.8141097918834], [-72.7155323933022, 41.81413070508339], [-72.71554300552619, 41.81413070508339]]], [[[-72.7156562025822, 41.8140646193714], [-72.7156562025822, 41.814042869643394], [-72.71564559035818, 41.814042869643394], [-72.71564559035818, 41.8140646193714], [-72.7156562025822, 41.8140646193714]]], [[[-72.71543423023019, 41.813915717387395], [-72.71543423023019, 41.813893967659396], [-72.71542361800617, 41.813893967659396], [-72.71542361800617, 41.813915717387395], [-72.71543423023019, 41.813915717387395]]], [[[-72.7148859319902, 41.8141666757874], [-72.7148859319902, 41.81413572425139], [-72.71489477551019, 41.81413572425139], [-72.71489477551019, 41.8141666757874], [-72.7148859319902, 41.8141666757874]]], [[[-72.71534933243818, 41.8141181571634], [-72.71537055688619, 41.8141181571634], [-72.71537055688619, 41.814108955355394], [-72.71534933243818, 41.814108955355394], [-72.71534933243818, 41.8141181571634]]], [[[-72.71481341512617, 41.81404203311539], [-72.71479572808619, 41.81404203311539], [-72.71479572808619, 41.814036177419396], [-72.71481341512617, 41.814036177419396], [-72.71481341512617, 41.81404203311539]]], [[[-72.7154359989342, 41.8141181571634], [-72.71545633903017, 41.8141181571634], [-72.71545633903017, 41.814108955355394], [-72.7154359989342, 41.814108955355394], [-72.7154359989342, 41.8141181571634]]], [[[-72.71451008239019, 41.8139642360114], [-72.71451008239019, 41.813930774891396], [-72.71449947016619, 41.813930774891396], [-72.71449947016619, 41.8139642360114], [-72.71451008239019, 41.8139642360114]]], [[[-72.71508402683818, 41.81385046820339], [-72.71508402683818, 41.8138287184754], [-72.71507429896617, 41.8138287184754], [-72.71507429896617, 41.81385046820339], [-72.71508402683818, 41.81385046820339]]], [[[-72.71525205371819, 41.8140512349234], [-72.71525205371819, 41.814036177419396], [-72.71524321019817, 41.814036177419396], [-72.71524321019817, 41.8140512349234], [-72.71525205371819, 41.8140512349234]]], [[[-72.7154359989342, 41.813893967659396], [-72.7154359989342, 41.8138722179314], [-72.71544572680618, 41.8138722179314], [-72.71544572680618, 41.813893967659396], [-72.7154359989342, 41.813893967659396]]], [[[-72.71456314351018, 41.81416500273139], [-72.71456314351018, 41.8141432530034], [-72.71455341563818, 41.8141432530034], [-72.71455341563818, 41.81416500273139], [-72.71456314351018, 41.81416500273139]]], [[[-72.71560137275819, 41.8140863690994], [-72.71560137275819, 41.814065455899396], [-72.71561198498217, 41.814065455899396], [-72.71561198498217, 41.8140863690994], [-72.71560137275819, 41.8140863690994]]], [[[-72.7148859319902, 41.8141030996594], [-72.7148859319902, 41.8140721481234], [-72.71489477551019, 41.8140721481234], [-72.71489477551019, 41.8141030996594], [-72.7148859319902, 41.8141030996594]]], [[[-72.71508402683818, 41.813893967659396], [-72.71508402683818, 41.81387305445939], [-72.71507429896617, 41.81387305445939], [-72.71507429896617, 41.813893967659396], [-72.71508402683818, 41.813893967659396]]], [[[-72.71554565858217, 41.8140863690994], [-72.71554565858217, 41.814065455899396], [-72.71555627080619, 41.814065455899396], [-72.71555627080619, 41.8140863690994], [-72.71554565858217, 41.8140863690994]]], [[[-72.71571456981418, 41.81413070508339], [-72.71571456981418, 41.8141097918834], [-72.71572518203818, 41.8141097918834], [-72.71572518203818, 41.81413070508339], [-72.71571456981418, 41.81413070508339]]], [[[-72.71432525282218, 41.8142369441394], [-72.71432525282218, 41.8142143578834], [-72.71433586504618, 41.8142143578834], [-72.71433586504618, 41.8142369441394], [-72.71432525282218, 41.8142369441394]]], [[[-72.71548729135019, 41.8138671987634], [-72.71548729135019, 41.8138462855634], [-72.71547667912618, 41.8138462855634], [-72.71547667912618, 41.8138671987634], [-72.71548729135019, 41.8138671987634]]], [[[-72.71432525282218, 41.8142143578834], [-72.71432525282218, 41.8141909350994], [-72.71433586504618, 41.8141909350994], [-72.71433586504618, 41.8142143578834], [-72.71432525282218, 41.8142143578834]]], [[[-72.71512559138218, 41.8138847658514], [-72.71512559138218, 41.813863852651394], [-72.71511674786218, 41.813863852651394], [-72.71511674786218, 41.8138847658514], [-72.71512559138218, 41.8138847658514]]], [[[-72.71432525282218, 41.81414408953139], [-72.71432525282218, 41.8141206667474], [-72.71433586504618, 41.8141206667474], [-72.71433586504618, 41.81414408953139], [-72.71432525282218, 41.81414408953139]]], [[[-72.7148019185502, 41.8139073521074], [-72.7148019185502, 41.81388560237939], [-72.71479219067818, 41.81388560237939], [-72.71479219067818, 41.8139073521074], [-72.7148019185502, 41.8139073521074]]], [[[-72.71560048840617, 41.8140646193714], [-72.71560048840617, 41.814042869643394], [-72.71558987618218, 41.814042869643394], [-72.71558987618218, 41.8140646193714], [-72.71560048840617, 41.8140646193714]]], [[[-72.71548729135019, 41.8139726012914], [-72.71548729135019, 41.81395168809139], [-72.71547667912618, 41.81395168809139], [-72.71547667912618, 41.8139726012914], [-72.71548729135019, 41.8139726012914]]], [[[-72.71491776866218, 41.8138663622354], [-72.71491776866218, 41.8138462855634], [-72.71491246255017, 41.8138462855634], [-72.71491246255017, 41.8138663622354], [-72.71491776866218, 41.8138663622354]]], [[[-72.71548729135019, 41.813929938363394], [-72.71548729135019, 41.8139098616914], [-72.71547667912618, 41.8139098616914], [-72.71547667912618, 41.813929938363394], [-72.71548729135019, 41.813929938363394]]], [[[-72.71539620309417, 41.813932447947394], [-72.71539620309417, 41.8139081886354], [-72.71539089698219, 41.8139081886354], [-72.71539089698219, 41.813932447947394], [-72.71539620309417, 41.813932447947394]]], [[[-72.71447205525419, 41.8143724616754], [-72.71449239535019, 41.8143724616754], [-72.71449239535019, 41.8143666059794], [-72.71447205525419, 41.8143666059794], [-72.71447205525419, 41.8143724616754]]], [[[-72.71570218888617, 41.813974274347395], [-72.71572429768617, 41.813974274347395], [-72.71572429768617, 41.813984312683395], [-72.71570218888617, 41.813984312683395], [-72.71570218888617, 41.813974274347395]]], [[[-72.71582688251819, 41.81413070508339], [-72.71582688251819, 41.814108955355394], [-72.71581627029418, 41.814108955355394], [-72.71581627029418, 41.81413070508339], [-72.71582688251819, 41.81413070508339]]], [[[-72.71450389192619, 41.814335654443404], [-72.71450389192619, 41.814315577771396], [-72.71449858581418, 41.814315577771396], [-72.71449858581418, 41.814335654443404], [-72.71450389192619, 41.814335654443404]]], [[[-72.71445259951017, 41.8138621795954], [-72.71445259951017, 41.8138404298674], [-72.71446321173418, 41.8138404298674], [-72.71446321173418, 41.8138621795954], [-72.71445259951017, 41.8138621795954]]], [[[-72.71491776866218, 41.81390902516339], [-72.71491776866218, 41.813888111963394], [-72.71491246255017, 41.813888111963394], [-72.71491246255017, 41.81390902516339], [-72.71491776866218, 41.81390902516339]]], [[[-72.71432525282218, 41.814283789707396], [-72.71432525282218, 41.814261203451395], [-72.71433586504618, 41.814261203451395], [-72.71433586504618, 41.814283789707396], [-72.71432525282218, 41.814283789707396]]], [[[-72.71451096674218, 41.8137977669394], [-72.71451096674218, 41.8137768537394], [-72.71452157896618, 41.8137768537394], [-72.71452157896618, 41.8137977669394], [-72.71451096674218, 41.8137977669394]]], [[[-72.71526620335018, 41.8138354106994], [-72.71527327816618, 41.8138354106994], [-72.71527327816618, 41.8138278819474], [-72.71526620335018, 41.8138278819474], [-72.71526620335018, 41.8138354106994]]], [[[-72.7145940958302, 41.8139734378194], [-72.7145940958302, 41.81395168809139], [-72.71458436795818, 41.81395168809139], [-72.71458436795818, 41.8139734378194], [-72.7145940958302, 41.8139734378194]]], [[[-72.71549259746219, 41.813786055547396], [-72.71549259746219, 41.813806132219405], [-72.71549790357419, 41.813806132219405], [-72.71549790357419, 41.813786055547396], [-72.71549259746219, 41.813786055547396]]], [[[-72.71541389013419, 41.8141574739794], [-72.71543511458218, 41.8141574739794], [-72.71543511458218, 41.8141474356434], [-72.71541389013419, 41.8141474356434], [-72.71541389013419, 41.8141574739794]]], [[[-72.71495668015018, 41.81394917850739], [-72.71495668015018, 41.813928265307396], [-72.71496552367019, 41.813928265307396], [-72.71496552367019, 41.81394917850739], [-72.71495668015018, 41.81394917850739]]], [[[-72.71570749499818, 41.814389192235396], [-72.71569865147818, 41.814389192235396], [-72.71569865147818, 41.8144101054354], [-72.71570749499818, 41.8144101054354], [-72.71570749499818, 41.814389192235396]]], [[[-72.71520253000618, 41.81378438249139], [-72.71520253000618, 41.813764305819404], [-72.71519722389418, 41.813764305819404], [-72.71519722389418, 41.81378438249139], [-72.71520253000618, 41.81378438249139]]], [[[-72.71480280290218, 41.814001043243394], [-72.71480810901419, 41.814001043243394], [-72.71480810901419, 41.8139801300434], [-72.71480280290218, 41.8139801300434], [-72.71480280290218, 41.814001043243394]]], [[[-72.71437919829418, 41.8142018099634], [-72.71437919829418, 41.814180896763396], [-72.71436947042218, 41.814180896763396], [-72.71436947042218, 41.8142018099634], [-72.71437919829418, 41.8142018099634]]], [[[-72.71520253000618, 41.81384795861939], [-72.71520253000618, 41.8138278819474], [-72.71519722389418, 41.8138278819474], [-72.71519722389418, 41.81384795861939], [-72.71520253000618, 41.81384795861939]]], [[[-72.71537763170218, 41.813760959707395], [-72.71539974050218, 41.813760959707395], [-72.71539974050218, 41.8137525944274], [-72.71537763170218, 41.8137525944274], [-72.71537763170218, 41.813760959707395]]], [[[-72.71523171362219, 41.813787728603394], [-72.71523790408618, 41.813787728603394], [-72.71523790408618, 41.8137801998514], [-72.71523171362219, 41.8137801998514], [-72.71523171362219, 41.813787728603394]]], [[[-72.71480457160618, 41.8140855325714], [-72.71480457160618, 41.814065455899396], [-72.71481429947819, 41.814065455899396], [-72.71481429947819, 41.8140855325714], [-72.71480457160618, 41.8140855325714]]], [[[-72.71568803925418, 41.8138872754354], [-72.71571987592618, 41.8138872754354], [-72.71571987592618, 41.813874727515405], [-72.71568803925418, 41.813874727515405], [-72.71568803925418, 41.8138872754354]]], [[[-72.71474620437418, 41.8139801300434], [-72.71475681659818, 41.8139801300434], [-72.71475681659818, 41.813974274347395], [-72.71474620437418, 41.813974274347395], [-72.71474620437418, 41.8139801300434]]], [[[-72.7145940958302, 41.81379609388339], [-72.7145940958302, 41.81377016151539], [-72.71458436795818, 41.81377016151539], [-72.71458436795818, 41.81379609388339], [-72.7145940958302, 41.81379609388339]]], [[[-72.71438096699819, 41.8138655257074], [-72.71438096699819, 41.813863852651394], [-72.71439334792619, 41.813863852651394], [-72.71439334792619, 41.8138655257074], [-72.71438096699819, 41.8138655257074]]], [[[-72.71437566088619, 41.8137224794194], [-72.71437477653419, 41.8137224794194], [-72.71437477653419, 41.813734190811395], [-72.71437566088619, 41.813734190811395], [-72.71437566088619, 41.8137224794194]]], [[[-72.71455429999018, 41.81396339948339], [-72.71455429999018, 41.813942486283395], [-72.71456314351018, 41.813942486283395], [-72.71456314351018, 41.81396339948339], [-72.71455429999018, 41.81396339948339]]], [[[-72.7155323933022, 41.813969255179394], [-72.71556422997418, 41.813969255179394], [-72.71556422997418, 41.8139541976754], [-72.7155323933022, 41.8139541976754], [-72.7155323933022, 41.813969255179394]]], [[[-72.71484613615017, 41.8137216428914], [-72.71482491170218, 41.8137216428914], [-72.71482491170218, 41.813731681227395], [-72.71484613615017, 41.813731681227395], [-72.71484613615017, 41.8137216428914]]], [[[-72.71510790434218, 41.814212684827396], [-72.71510790434218, 41.814192608155395], [-72.71509906082218, 41.814192608155395], [-72.71509906082218, 41.814212684827396], [-72.71510790434218, 41.814212684827396]]], [[[-72.71570307323817, 41.81391488085939], [-72.71570307323817, 41.8138889484914], [-72.71568715490218, 41.8138889484914], [-72.71568715490218, 41.81391488085939], [-72.71570307323817, 41.81391488085939]]], [[[-72.71548729135019, 41.8140754942354], [-72.71548729135019, 41.81405458103539], [-72.71547844783018, 41.81405458103539], [-72.71547844783018, 41.8140754942354], [-72.71548729135019, 41.8140754942354]]], [[[-72.71456491221419, 41.81419428121139], [-72.71456491221419, 41.814192608155395], [-72.71457552443817, 41.814192608155395], [-72.71457552443817, 41.81419428121139], [-72.71456491221419, 41.81419428121139]]], [[[-72.71438096699819, 41.81394415933939], [-72.71438096699819, 41.8139433228114], [-72.71439334792619, 41.8139433228114], [-72.71439334792619, 41.81394415933939], [-72.71438096699819, 41.81394415933939]]], [[[-72.71479749679018, 41.8140060624114], [-72.71480810901419, 41.8140060624114], [-72.71480810901419, 41.814001043243394], [-72.71479749679018, 41.814001043243394], [-72.71479749679018, 41.8140060624114]]], [[[-72.71549348181419, 41.814413451547395], [-72.71549348181419, 41.8143925383474], [-72.71550320968619, 41.8143925383474], [-72.71550320968619, 41.814413451547395], [-72.71549348181419, 41.814413451547395]]], [[[-72.71523082927017, 41.813971764763394], [-72.71523790408618, 41.813971764763394], [-72.71523790408618, 41.813965072539396], [-72.71523082927017, 41.813965072539396], [-72.71523082927017, 41.813971764763394]]], [[[-72.71549348181419, 41.814195117739395], [-72.71549348181419, 41.8141742045394], [-72.71550320968619, 41.8141742045394], [-72.71550320968619, 41.814195117739395], [-72.71549348181419, 41.814195117739395]]], [[[-72.71496198626218, 41.814190098571395], [-72.71496198626218, 41.81417002189939], [-72.71495579579818, 41.81417002189939], [-72.71495579579818, 41.814190098571395], [-72.71496198626218, 41.814190098571395]]], [[[-72.71492484347819, 41.81427542442739], [-72.71492484347819, 41.81425534775539], [-72.71491599995818, 41.81425534775539], [-72.71491599995818, 41.81427542442739], [-72.71492484347819, 41.81427542442739]]], [[[-72.71582953557419, 41.81420348301939], [-72.71584722261417, 41.81420348301939], [-72.71584722261417, 41.814183406347404], [-72.71582953557419, 41.814183406347404], [-72.71582953557419, 41.81420348301939]]], [[[-72.71565708693417, 41.81429466457139], [-72.71567477397419, 41.81429466457139], [-72.71567477397419, 41.8142745878994], [-72.71565708693417, 41.8142745878994], [-72.71565708693417, 41.81429466457139]]], [[[-72.71461178287018, 41.8141056092434], [-72.71461178287018, 41.8140855325714], [-72.71460382370218, 41.8140855325714], [-72.71460382370218, 41.8141056092434], [-72.71461178287018, 41.8141056092434]]], [[[-72.71445083080617, 41.8142628765074], [-72.71445083080617, 41.814261203451395], [-72.71446321173418, 41.814261203451395], [-72.71446321173418, 41.8142628765074], [-72.71445083080617, 41.8142628765074]]], [[[-72.71508667989417, 41.813806132219405], [-72.71508667989417, 41.81378438249139], [-72.71509552341418, 41.81378438249139], [-72.71509552341418, 41.813806132219405], [-72.71508667989417, 41.813806132219405]]], [[[-72.71432525282218, 41.81430721249139], [-72.71432525282218, 41.8142846262354], [-72.71433586504618, 41.8142846262354], [-72.71433586504618, 41.81430721249139], [-72.71432525282218, 41.81430721249139]]], [[[-72.71484525179818, 41.814182569819394], [-72.71484525179818, 41.8141624931474], [-72.71485497967018, 41.8141624931474], [-72.71485497967018, 41.814182569819394], [-72.71484525179818, 41.814182569819394]]], [[[-72.71456491221419, 41.814222723163404], [-72.71456491221419, 41.814221886635394], [-72.71457552443817, 41.814221886635394], [-72.71457552443817, 41.814222723163404], [-72.71456491221419, 41.814222723163404]]], [[[-72.71452776943018, 41.8137224794194], [-72.71452688507819, 41.8137224794194], [-72.71452688507819, 41.813734190811395], [-72.71452776943018, 41.813734190811395], [-72.71452776943018, 41.8137224794194]]], [[[-72.71496375496618, 41.814190098571395], [-72.71496375496618, 41.81417002189939], [-72.71497259848617, 41.81417002189939], [-72.71497259848617, 41.814190098571395], [-72.71496375496618, 41.814190098571395]]], [[[-72.71565708693417, 41.8142745878994], [-72.71567477397419, 41.8142745878994], [-72.71567477397419, 41.8142545112274], [-72.71565708693417, 41.8142545112274], [-72.71565708693417, 41.8142745878994]]], [[[-72.71477273493419, 41.814276260955396], [-72.71475327919018, 41.814276260955396], [-72.71475327919018, 41.8142821166514], [-72.71477273493419, 41.8142821166514], [-72.71477273493419, 41.814276260955396]]], [[[-72.71548906005417, 41.8138680352914], [-72.71548906005417, 41.8138454490354], [-72.71550409403818, 41.8138454490354], [-72.71550409403818, 41.8138680352914], [-72.71548906005417, 41.8138680352914]]], [[[-72.71522021704618, 41.8137216428914], [-72.71519810824617, 41.8137216428914], [-72.71519810824617, 41.813731681227395], [-72.71522021704618, 41.813731681227395], [-72.71522021704618, 41.8137216428914]]], [[[-72.71500001339818, 41.813856323899394], [-72.71500001339818, 41.8138345741714], [-72.71499116987819, 41.8138345741714], [-72.71499116987819, 41.813856323899394], [-72.71500001339818, 41.813856323899394]]], [[[-72.71508667989417, 41.8138278819474], [-72.71508667989417, 41.813806132219405], [-72.71509552341418, 41.813806132219405], [-72.71509552341418, 41.8138278819474], [-72.71508667989417, 41.8138278819474]]], [[[-72.71458967407018, 41.81432561610739], [-72.71456933397417, 41.81432561610739], [-72.71456933397417, 41.814320596939396], [-72.71458967407018, 41.814320596939396], [-72.71458967407018, 41.81432561610739]]], [[[-72.71514770018219, 41.814276260955396], [-72.71514770018219, 41.8142561842834], [-72.7151388566622, 41.8142561842834], [-72.7151388566622, 41.814276260955396], [-72.71514770018219, 41.814276260955396]]], [[[-72.71575790306218, 41.81420348301939], [-72.71577470575018, 41.81420348301939], [-72.71577470575018, 41.814183406347404], [-72.71575790306218, 41.814183406347404], [-72.71575790306218, 41.81420348301939]]], [[[-72.71445083080617, 41.814226905803395], [-72.71445083080617, 41.814225232747404], [-72.71446321173418, 41.814225232747404], [-72.71446321173418, 41.814226905803395], [-72.71445083080617, 41.814226905803395]]], [[[-72.71583041992618, 41.8142545112274], [-72.71583749474217, 41.8142545112274], [-72.71583749474217, 41.81423861719539], [-72.71583041992618, 41.81423861719539], [-72.71583041992618, 41.8142545112274]]], [[[-72.71455253128619, 41.8138847658514], [-72.71455253128619, 41.8138630161234], [-72.71454280341418, 41.8138630161234], [-72.71454280341418, 41.8138847658514], [-72.71455253128619, 41.8138847658514]]], [[[-72.71492661218218, 41.8142335980274], [-72.71492661218218, 41.8141917716274], [-72.71493545570218, 41.8141917716274], [-72.71493545570218, 41.8142335980274], [-72.71492661218218, 41.8142335980274]]], [[[-72.7146126672222, 41.8142335980274], [-72.7146126672222, 41.814212684827396], [-72.71461885768618, 41.814212684827396], [-72.71461885768618, 41.8142335980274], [-72.7146126672222, 41.8142335980274]]], [[[-72.71525824418217, 41.813952524619395], [-72.71526443464617, 41.813952524619395], [-72.71526443464617, 41.8139458323954], [-72.71525824418217, 41.8139458323954], [-72.71525824418217, 41.813952524619395]]], [[[-72.71531838011818, 41.8138036226354], [-72.71532457058218, 41.8138036226354], [-72.71532457058218, 41.81379609388339], [-72.71531838011818, 41.81379609388339], [-72.71531838011818, 41.8138036226354]]], [[[-72.71476300706219, 41.8141064457714], [-72.71476300706219, 41.8140863690994], [-72.71475239483819, 41.8140863690994], [-72.71475239483819, 41.8141064457714], [-72.71476300706219, 41.8141064457714]]], [[[-72.71537055688619, 41.81407884034739], [-72.71539178133419, 41.81407884034739], [-72.71539178133419, 41.814070475067396], [-72.71537055688619, 41.814070475067396], [-72.71537055688619, 41.81407884034739]]], [[[-72.71460647675819, 41.8137216428914], [-72.71458436795818, 41.8137216428914], [-72.71458436795818, 41.813731681227395], [-72.71460647675819, 41.813731681227395], [-72.71460647675819, 41.8137216428914]]], [[[-72.71532633928618, 41.813871381403395], [-72.71532633928618, 41.813854650843396], [-72.7153192644702, 41.813854650843396], [-72.7153192644702, 41.813871381403395], [-72.71532633928618, 41.813871381403395]]], [[[-72.71531838011818, 41.8138111513874], [-72.71532457058218, 41.8138111513874], [-72.71532457058218, 41.8138036226354], [-72.71531838011818, 41.8138036226354], [-72.71531838011818, 41.8138111513874]]], [[[-72.71585164437418, 41.813918226971396], [-72.71585164437418, 41.81389229460339], [-72.71583572603818, 41.81389229460339], [-72.71583572603818, 41.813918226971396], [-72.71585164437418, 41.813918226971396]]], [[[-72.7157216446302, 41.8138379202834], [-72.71574817519017, 41.8138379202834], [-72.71574817519017, 41.8138538143154], [-72.7157216446302, 41.8138538143154], [-72.7157216446302, 41.8138379202834]]], [[[-72.71432525282218, 41.8138655257074], [-72.71432525282218, 41.813844612507395], [-72.71433586504618, 41.813844612507395], [-72.71433586504618, 41.8138655257074], [-72.71432525282218, 41.8138655257074]]], [[[-72.71467457186219, 41.813915717387395], [-72.71467457186219, 41.813893967659396], [-72.71466572834217, 41.813893967659396], [-72.71466572834217, 41.813915717387395], [-72.71467457186219, 41.813915717387395]]], [[[-72.71484525179818, 41.8141407434194], [-72.71484525179818, 41.8141198302194], [-72.71485497967018, 41.8141198302194], [-72.71485497967018, 41.8141407434194], [-72.71484525179818, 41.8141407434194]]], [[[-72.7146126672222, 41.81417002189939], [-72.7146126672222, 41.8141599835634], [-72.71461885768618, 41.8141599835634], [-72.71461885768618, 41.81417002189939], [-72.7146126672222, 41.81417002189939]]], [[[-72.71512647573418, 41.8139834761554], [-72.71512647573418, 41.81396339948339], [-72.71513620360618, 41.81396339948339], [-72.71513620360618, 41.8139834761554], [-72.71512647573418, 41.8139834761554]]], [[[-72.71445083080617, 41.813933284475404], [-72.71445083080617, 41.813932447947394], [-72.71443844987819, 41.813932447947394], [-72.71443844987819, 41.813933284475404], [-72.71445083080617, 41.813933284475404]]], [[[-72.71450919803817, 41.8139098616914], [-72.71450919803817, 41.81390902516339], [-72.71449681711017, 41.81390902516339], [-72.71449681711017, 41.8139098616914], [-72.71450919803817, 41.8139098616914]]], [[[-72.71528565909419, 41.813881419739396], [-72.71529096520618, 41.813881419739396], [-72.71529096520618, 41.813874727515405], [-72.71528565909419, 41.813874727515405], [-72.71528565909419, 41.813881419739396]]], [[[-72.71528477474219, 41.8139592168434], [-72.71529096520618, 41.8139592168434], [-72.71529096520618, 41.813952524619395], [-72.71528477474219, 41.813952524619395], [-72.71528477474219, 41.8139592168434]]], [[[-72.71484525179818, 41.8141616566194], [-72.71484525179818, 41.8141407434194], [-72.71485497967018, 41.8141407434194], [-72.71485497967018, 41.8141616566194], [-72.71484525179818, 41.8141616566194]]], [[[-72.71464627259819, 41.81417002189939], [-72.71464627259819, 41.8141499452274], [-72.71464008213418, 41.8141499452274], [-72.71464008213418, 41.81417002189939], [-72.71464627259819, 41.81417002189939]]], [[[-72.71451981026219, 41.814146599115396], [-72.71451981026219, 41.8141248493874], [-72.71451361979818, 41.8141248493874], [-72.71451361979818, 41.814146599115396], [-72.71451981026219, 41.814146599115396]]], [[[-72.71523171362219, 41.8138354106994], [-72.71523790408618, 41.8138354106994], [-72.71523790408618, 41.8138278819474], [-72.71523171362219, 41.8138278819474], [-72.71523171362219, 41.8138354106994]]], [[[-72.71549348181419, 41.814062946315396], [-72.71549348181419, 41.8140411965874], [-72.71550320968619, 41.8140411965874], [-72.71550320968619, 41.814062946315396], [-72.71549348181419, 41.814062946315396]]], [[[-72.71580212066219, 41.81391488085939], [-72.71580212066219, 41.8138889484914], [-72.71578620232617, 41.8138889484914], [-72.71578620232617, 41.81391488085939], [-72.71580212066219, 41.81391488085939]]], [[[-72.71553327765417, 41.814413451547395], [-72.71553327765417, 41.814391701819396], [-72.71552443413418, 41.814391701819396], [-72.71552443413418, 41.814413451547395], [-72.71553327765417, 41.814413451547395]]], [[[-72.71477185058218, 41.8139801300434], [-72.71478246280617, 41.8139801300434], [-72.71478246280617, 41.813974274347395], [-72.71477185058218, 41.813974274347395], [-72.71477185058218, 41.8139801300434]]], [[[-72.71451185109419, 41.814153291339395], [-72.71451185109419, 41.8141524548114], [-72.71449947016619, 41.8141524548114], [-72.71449947016619, 41.814153291339395], [-72.71451185109419, 41.814153291339395]]], [[[-72.71484436744618, 41.814108955355394], [-72.71484436744618, 41.81408804215539], [-72.71483552392618, 41.81408804215539], [-72.71483552392618, 41.814108955355394], [-72.71484436744618, 41.814108955355394]]], [[[-72.71464715695018, 41.8142118482994], [-72.71464715695018, 41.8141917716274], [-72.71465334741417, 41.8141917716274], [-72.71465334741417, 41.8142118482994], [-72.71464715695018, 41.8142118482994]]], [[[-72.71445083080617, 41.813876400571395], [-72.71445083080617, 41.813874727515405], [-72.71443844987819, 41.813874727515405], [-72.71443844987819, 41.813876400571395], [-72.71445083080617, 41.813876400571395]]], [[[-72.71531838011818, 41.813996860603396], [-72.71532457058218, 41.813996860603396], [-72.71532457058218, 41.813991841435396], [-72.71531838011818, 41.813991841435396], [-72.71531838011818, 41.813996860603396]]], [[[-72.71570395759018, 41.8139416497554], [-72.71570395759018, 41.813915717387395], [-72.71571987592618, 41.813915717387395], [-72.71571987592618, 41.8139416497554], [-72.71570395759018, 41.8139416497554]]], [[[-72.71500178210218, 41.8139901683794], [-72.71500178210218, 41.81397762045939], [-72.71499559163817, 41.81397762045939], [-72.71499559163817, 41.8139901683794], [-72.71500178210218, 41.8139901683794]]], [[[-72.71520253000618, 41.813868871819395], [-72.71520253000618, 41.8138487951474], [-72.71519722389418, 41.8138487951474], [-72.71519722389418, 41.813868871819395], [-72.71520253000618, 41.813868871819395]]], [[[-72.71463566037417, 41.8138931311314], [-72.71463566037417, 41.8138722179314], [-72.71464450389418, 41.8138722179314], [-72.71464450389418, 41.8138931311314], [-72.71463566037417, 41.8138931311314]]], [[[-72.71504865275818, 41.81397762045939], [-72.71504865275818, 41.81396590906739], [-72.71505484322219, 41.81396590906739], [-72.71505484322219, 41.81397762045939], [-72.71504865275818, 41.81397762045939]]], [[[-72.71488416328619, 41.8137768537394], [-72.71488416328619, 41.8137668154034], [-72.71487443541419, 41.8137668154034], [-72.71487443541419, 41.8137768537394], [-72.71488416328619, 41.8137768537394]]], [[[-72.71465334741417, 41.8140411965874], [-72.71464096648619, 41.8140411965874], [-72.71464096648619, 41.8140353408914], [-72.71465334741417, 41.8140353408914], [-72.71465334741417, 41.8140411965874]]], [[[-72.7147638914142, 41.8139291018354], [-72.7147638914142, 41.8139081886354], [-72.71475151048618, 41.8139081886354], [-72.71475151048618, 41.8139291018354], [-72.7147638914142, 41.8139291018354]]], [[[-72.71535463855017, 41.813760959707395], [-72.71537674735018, 41.813760959707395], [-72.71537674735018, 41.8137525944274], [-72.71535463855017, 41.8137525944274], [-72.71535463855017, 41.813760959707395]]], [[[-72.71572076027817, 41.8138872754354], [-72.71573579426217, 41.8138872754354], [-72.71573579426217, 41.813874727515405], [-72.71572076027817, 41.813874727515405], [-72.71572076027817, 41.8138872754354]]], [[[-72.71500089775017, 41.8141056092434], [-72.71500089775017, 41.8140855325714], [-72.71500708821418, 41.8140855325714], [-72.71500708821418, 41.8141056092434], [-72.71500089775017, 41.8141056092434]]], [[[-72.71525912853419, 41.8138671987634], [-72.71526443464617, 41.8138671987634], [-72.71526443464617, 41.8138605065394], [-72.71525912853419, 41.8138605065394], [-72.71525912853419, 41.8138671987634]]], [[[-72.71449858581418, 41.814276260955396], [-72.71450831368618, 41.814276260955396], [-72.71450831368618, 41.814266222619395], [-72.71449858581418, 41.814266222619395], [-72.71449858581418, 41.814276260955396]]], [[[-72.71542803976618, 41.8143189238834], [-72.71542803976618, 41.8143289622194], [-72.71543334587818, 41.8143289622194], [-72.71543334587818, 41.8143189238834], [-72.71542803976618, 41.8143189238834]]], [[[-72.71459586453419, 41.8139291018354], [-72.71459586453419, 41.8139081886354], [-72.71460470805418, 41.8139081886354], [-72.71460470805418, 41.8139291018354], [-72.71459586453419, 41.8139291018354]]], [[[-72.71437919829418, 41.8138847658514], [-72.71437919829418, 41.8138630161234], [-72.71436947042218, 41.8138630161234], [-72.71436947042218, 41.8138847658514], [-72.71437919829418, 41.8138847658514]]], [[[-72.7147638914142, 41.8142335980274], [-72.7147638914142, 41.814212684827396], [-72.71477273493419, 41.814212684827396], [-72.71477273493419, 41.8142335980274], [-72.7147638914142, 41.8142335980274]]], [[[-72.71509640776618, 41.813955034203396], [-72.71508579554218, 41.813955034203396], [-72.71508579554218, 41.81396339948339], [-72.71509640776618, 41.81396339948339], [-72.71509640776618, 41.813955034203396]]], [[[-72.71530599919018, 41.8140805134034], [-72.71532722363817, 41.8140805134034], [-72.71532722363817, 41.8140897152114], [-72.71530599919018, 41.8140897152114], [-72.71530599919018, 41.8140805134034]]], [[[-72.7143685860702, 41.8137224794194], [-72.71436681736618, 41.8137224794194], [-72.71436681736618, 41.813734190811395], [-72.7143685860702, 41.813734190811395], [-72.7143685860702, 41.8137224794194]]], [[[-72.71456491221419, 41.81417253148339], [-72.71456491221419, 41.8141716949554], [-72.71457552443817, 41.8141716949554], [-72.71457552443817, 41.81417253148339], [-72.71456491221419, 41.81417253148339]]], [[[-72.71499559163817, 41.8139901683794], [-72.71499559163817, 41.81397762045939], [-72.71498940117418, 41.81397762045939], [-72.71498940117418, 41.8139901683794], [-72.71499559163817, 41.8139901683794]]], [[[-72.71538293781418, 41.814040360059394], [-72.7154032779102, 41.814040360059394], [-72.7154032779102, 41.8140345043634], [-72.71538293781418, 41.8140345043634], [-72.71538293781418, 41.814040360059394]]], [[[-72.71479661243819, 41.814001043243394], [-72.71480280290218, 41.814001043243394], [-72.71480280290218, 41.8139801300434], [-72.71479661243819, 41.8139801300434], [-72.71479661243819, 41.814001043243394]]], [[[-72.71576939963818, 41.814108955355394], [-72.71576939963818, 41.8140872056274], [-72.71575878741417, 41.8140872056274], [-72.71575878741417, 41.814108955355394], [-72.71576939963818, 41.814108955355394]]], [[[-72.71537409429419, 41.8143724616754], [-72.71539531874218, 41.8143724616754], [-72.71539531874218, 41.81436325986739], [-72.71537409429419, 41.81436325986739], [-72.71537409429419, 41.8143724616754]]], [[[-72.71567742703019, 41.814405922795395], [-72.71567742703019, 41.8144142880754], [-72.71569865147818, 41.8144142880754], [-72.71569865147818, 41.814405922795395], [-72.71567742703019, 41.814405922795395]]], [[[-72.71456491221419, 41.81420097343539], [-72.71456491221419, 41.8142001369074], [-72.71457552443817, 41.8142001369074], [-72.71457552443817, 41.81420097343539], [-72.71456491221419, 41.81420097343539]]], [[[-72.71445083080617, 41.81410477271539], [-72.71445083080617, 41.8141039361874], [-72.71443844987819, 41.8141039361874], [-72.71443844987819, 41.81410477271539], [-72.71445083080617, 41.81410477271539]]], [[[-72.71583041992618, 41.814183406347404], [-72.71583749474217, 41.814183406347404], [-72.71583749474217, 41.814168348843396], [-72.71583041992618, 41.814168348843396], [-72.71583041992618, 41.814183406347404]]], [[[-72.71491776866218, 41.813929938363394], [-72.71491776866218, 41.81390902516339], [-72.71491246255017, 41.81390902516339], [-72.71491246255017, 41.813929938363394], [-72.71491776866218, 41.813929938363394]]], [[[-72.71438096699819, 41.8138797466834], [-72.71438096699819, 41.81387807362739], [-72.71439334792619, 41.81387807362739], [-72.71439334792619, 41.8138797466834], [-72.71438096699819, 41.8138797466834]]], [[[-72.71499912904618, 41.8141056092434], [-72.71499912904618, 41.8140855325714], [-72.71499293858218, 41.8140855325714], [-72.71499293858218, 41.8141056092434], [-72.71499912904618, 41.8141056092434]]], [[[-72.71450919803817, 41.8138596700114], [-72.71450919803817, 41.813858833483394], [-72.71449681711017, 41.813858833483394], [-72.71449681711017, 41.8138596700114], [-72.71450919803817, 41.8138596700114]]], [[[-72.71520253000618, 41.8139951875474], [-72.71520253000618, 41.8139751108754], [-72.71519722389418, 41.8139751108754], [-72.71519722389418, 41.8139951875474], [-72.71520253000618, 41.8139951875474]]], [[[-72.71472497992619, 41.8142118482994], [-72.71472497992619, 41.8141917716274], [-72.71473117039018, 41.8141917716274], [-72.71473117039018, 41.8142118482994], [-72.71472497992619, 41.8142118482994]]], [[[-72.7152405571422, 41.8138111513874], [-72.71524674760617, 41.8138111513874], [-72.71524674760617, 41.8138036226354], [-72.7152405571422, 41.8138036226354], [-72.7152405571422, 41.8138111513874]]], [[[-72.7154359989342, 41.8141976273234], [-72.71545633903017, 41.8141976273234], [-72.71545633903017, 41.8142059926034], [-72.7154359989342, 41.8142059926034], [-72.7154359989342, 41.8141976273234]]], [[[-72.71480368725419, 41.8142118482994], [-72.71480368725419, 41.8141917716274], [-72.71479484373418, 41.8141917716274], [-72.71479484373418, 41.8142118482994], [-72.71480368725419, 41.8142118482994]]], [[[-72.71508667989417, 41.81434903889139], [-72.71506899285417, 41.81434903889139], [-72.71506899285417, 41.814354894587396], [-72.71508667989417, 41.814354894587396], [-72.71508667989417, 41.81434903889139]]], [[[-72.71559076053418, 41.81427542442739], [-72.71560933192617, 41.81427542442739], [-72.71560933192617, 41.81425534775539], [-72.71559076053418, 41.81425534775539], [-72.71559076053418, 41.81427542442739]]], [[[-72.71529184955818, 41.81389480418739], [-72.71529715567019, 41.81389480418739], [-72.71529715567019, 41.813888111963394], [-72.71529184955818, 41.813888111963394], [-72.71529184955818, 41.81389480418739]]], [[[-72.71437919829418, 41.814268732203395], [-72.71437919829418, 41.814246982475396], [-72.71436947042218, 41.814246982475396], [-72.71436947042218, 41.814268732203395], [-72.71437919829418, 41.814268732203395]]], [[[-72.71565531823018, 41.8139684186514], [-72.71565531823018, 41.813942486283395], [-72.71567035221418, 41.813942486283395], [-72.71567035221418, 41.8139684186514], [-72.71565531823018, 41.8139684186514]]], [[[-72.71484525179818, 41.8142394537234], [-72.71484525179818, 41.8142085021874], [-72.71485497967018, 41.8142085021874], [-72.71485497967018, 41.8142394537234], [-72.71484525179818, 41.8142394537234]]], [[[-72.71518484296618, 41.8141491086994], [-72.71518484296618, 41.81412819549939], [-72.71519103343017, 41.81412819549939], [-72.71519103343017, 41.8141491086994], [-72.71518484296618, 41.8141491086994]]], [[[-72.71475239483819, 41.8139533611474], [-72.71477008187817, 41.8139533611474], [-72.71477008187817, 41.8139617264274], [-72.71475239483819, 41.8139617264274], [-72.71475239483819, 41.8139533611474]]], [[[-72.71432525282218, 41.81416751231539], [-72.71432525282218, 41.81414408953139], [-72.71433586504618, 41.81414408953139], [-72.71433586504618, 41.81416751231539], [-72.71432525282218, 41.81416751231539]]], [[[-72.7148859319902, 41.8141348877234], [-72.7148859319902, 41.8141039361874], [-72.71489477551019, 41.8141039361874], [-72.71489477551019, 41.8141348877234], [-72.7148859319902, 41.8141348877234]]], [[[-72.71436416431018, 41.814268732203395], [-72.71436416431018, 41.814263713035395], [-72.71436947042218, 41.814263713035395], [-72.71436947042218, 41.814268732203395], [-72.71436416431018, 41.814268732203395]]], [[[-72.71438096699819, 41.8141967907954], [-72.71438096699819, 41.8141959542674], [-72.71439334792619, 41.8141959542674], [-72.71439334792619, 41.8141967907954], [-72.71438096699819, 41.8141967907954]]], [[[-72.71450919803817, 41.8140688020114], [-72.71450919803817, 41.8140470522834], [-72.71450035451818, 41.8140470522834], [-72.71450035451818, 41.8140688020114], [-72.71450919803817, 41.8140688020114]]], [[[-72.71468606843817, 41.814084696043395], [-72.71468606843817, 41.8140646193714], [-72.71469668066219, 41.8140646193714], [-72.71469668066219, 41.814084696043395], [-72.71468606843817, 41.814084696043395]]], [[[-72.7145613748062, 41.8137216428914], [-72.71455076258219, 41.8137216428914], [-72.71455076258219, 41.813731681227395], [-72.7145613748062, 41.813731681227395], [-72.7145613748062, 41.8137216428914]]], [[[-72.71445083080617, 41.814098080491405], [-72.71445083080617, 41.81409640743539], [-72.71446321173418, 41.81409640743539], [-72.71446321173418, 41.814098080491405], [-72.71445083080617, 41.814098080491405]]], [[[-72.71445083080617, 41.81407633076339], [-72.71445083080617, 41.8140754942354], [-72.71443844987819, 41.8140754942354], [-72.71443844987819, 41.81407633076339], [-72.71445083080617, 41.81407633076339]]], [[[-72.71514946888618, 41.8141290320274], [-72.71514946888618, 41.8141081188274], [-72.71515565935017, 41.8141081188274], [-72.71515565935017, 41.8141290320274], [-72.71514946888618, 41.8141290320274]]], [[[-72.71509640776618, 41.8139751108754], [-72.71508579554218, 41.8139751108754], [-72.71508579554218, 41.813984312683395], [-72.71509640776618, 41.813984312683395], [-72.71509640776618, 41.8139751108754]]], [[[-72.71581627029418, 41.8143958844594], [-72.71582688251819, 41.8143958844594], [-72.71582688251819, 41.814386682651396], [-72.71581627029418, 41.814386682651396], [-72.71581627029418, 41.8143958844594]]], [[[-72.71565708693417, 41.814224396219394], [-72.71567477397419, 41.814224396219394], [-72.71567477397419, 41.81420348301939], [-72.71565708693417, 41.81420348301939], [-72.71565708693417, 41.814224396219394]]], [[[-72.71500443515818, 41.814335654443404], [-72.71500443515818, 41.8143306352754], [-72.71500708821418, 41.8143306352754], [-72.71500708821418, 41.814335654443404], [-72.71500443515818, 41.814335654443404]]], [[[-72.71476300706219, 41.81427542442739], [-72.71476300706219, 41.81425534775539], [-72.71475239483819, 41.81425534775539], [-72.71475239483819, 41.81427542442739], [-72.71476300706219, 41.81427542442739]]], [[[-72.71575259695018, 41.8139684186514], [-72.71575259695018, 41.813942486283395], [-72.71573667861419, 41.813942486283395], [-72.71573667861419, 41.8139684186514], [-72.71575259695018, 41.8139684186514]]], [[[-72.71581627029418, 41.8143582406994], [-72.71582688251819, 41.8143582406994], [-72.71582688251819, 41.81434903889139], [-72.71581627029418, 41.81434903889139], [-72.71581627029418, 41.8143582406994]]], [[[-72.71484525179818, 41.814271241787395], [-72.71484525179818, 41.81424029025139], [-72.71485497967018, 41.81424029025139], [-72.71485497967018, 41.814271241787395], [-72.71484525179818, 41.814271241787395]]], [[[-72.71456491221419, 41.8142302519154], [-72.71456491221419, 41.8142285788594], [-72.71457552443817, 41.8142285788594], [-72.71457552443817, 41.8142302519154], [-72.71456491221419, 41.8142302519154]]], [[[-72.71579593019818, 41.81429466457139], [-72.71581361723817, 41.81429466457139], [-72.71581361723817, 41.8142745878994], [-72.71579593019818, 41.8142745878994], [-72.71579593019818, 41.81429466457139]]], [[[-72.71528300603819, 41.8138354106994], [-72.71529008085419, 41.8138354106994], [-72.71529008085419, 41.8138278819474], [-72.71528300603819, 41.8138278819474], [-72.71528300603819, 41.8138354106994]]], [[[-72.71503450312618, 41.8141064457714], [-72.71503450312618, 41.8140863690994], [-72.71504069359018, 41.8140863690994], [-72.71504069359018, 41.8141064457714], [-72.71503450312618, 41.8141064457714]]], [[[-72.71560137275819, 41.81404203311539], [-72.71560137275819, 41.814021119915395], [-72.71561198498217, 41.814021119915395], [-72.71561198498217, 41.81404203311539], [-72.71560137275819, 41.81404203311539]]], [[[-72.71554565858217, 41.814108955355394], [-72.71554565858217, 41.8140872056274], [-72.71555627080619, 41.8140872056274], [-72.71555627080619, 41.814108955355394], [-72.71554565858217, 41.814108955355394]]], [[[-72.71531218965418, 41.8139366305874], [-72.71531838011818, 41.8139366305874], [-72.71531838011818, 41.8139433228114], [-72.71531218965418, 41.8139433228114], [-72.71531218965418, 41.8139366305874]]], [[[-72.71499116987819, 41.813932447947394], [-72.71501150997418, 41.813932447947394], [-72.71501150997418, 41.8139240826674], [-72.71499116987819, 41.8139240826674], [-72.71499116987819, 41.813932447947394]]], [[[-72.71581627029418, 41.8143674425074], [-72.71582688251819, 41.8143674425074], [-72.71582688251819, 41.8143582406994], [-72.71581627029418, 41.8143582406994], [-72.71581627029418, 41.8143674425074]]], [[[-72.71507076155818, 41.8141491086994], [-72.71507076155818, 41.81412819549939], [-72.71506191803817, 41.81412819549939], [-72.71506191803817, 41.8141491086994], [-72.71507076155818, 41.8141491086994]]], [[[-72.7146126672222, 41.8140637828434], [-72.7146126672222, 41.8140437061714], [-72.71461885768618, 41.8140437061714], [-72.71461885768618, 41.8140637828434], [-72.7146126672222, 41.8140637828434]]], [[[-72.71567477397419, 41.8143607502834], [-72.71568096443818, 41.8143607502834], [-72.71568096443818, 41.81435154847539], [-72.71567477397419, 41.81435154847539], [-72.71567477397419, 41.8143607502834]]], [[[-72.71520429871018, 41.813932447947394], [-72.71520429871018, 41.8139115347474], [-72.71521314223018, 41.8139115347474], [-72.71521314223018, 41.813932447947394], [-72.71520429871018, 41.813932447947394]]], [[[-72.71471702075817, 41.813773507627396], [-72.71471702075817, 41.8137517578994], [-72.71473028603819, 41.8137517578994], [-72.71473028603819, 41.813773507627396], [-72.71471702075817, 41.813773507627396]]], [[[-72.7149549114462, 41.81432143346739], [-72.7149549114462, 41.8143164142994], [-72.71495137403818, 41.8143164142994], [-72.71495137403818, 41.81432143346739], [-72.7149549114462, 41.81432143346739]]], [[[-72.71504334664618, 41.813878910155395], [-72.71504334664618, 41.813857160427396], [-72.71503273442218, 41.813857160427396], [-72.71503273442218, 41.813878910155395], [-72.71504334664618, 41.813878910155395]]], [[[-72.71492484347819, 41.8140646193714], [-72.71492484347819, 41.8140437061714], [-72.71491599995818, 41.8140437061714], [-72.71491599995818, 41.8140646193714], [-72.71492484347819, 41.8140646193714]]], [[[-72.71459586453419, 41.8139073521074], [-72.71459586453419, 41.81388560237939], [-72.71460470805418, 41.81388560237939], [-72.71460470805418, 41.8139073521074], [-72.71459586453419, 41.8139073521074]]], [[[-72.71532810799019, 41.813871381403395], [-72.71532810799019, 41.813881419739396], [-72.7153192644702, 41.813881419739396], [-72.7153192644702, 41.813871381403395], [-72.71532810799019, 41.813871381403395]]], [[[-72.71505484322219, 41.8140018797714], [-72.71505484322219, 41.8139901683794], [-72.71504865275818, 41.8139901683794], [-72.71504865275818, 41.8140018797714], [-72.71505484322219, 41.8140018797714]]], [[[-72.71455783739817, 41.8143724616754], [-72.7145790618462, 41.8143724616754], [-72.7145790618462, 41.8143666059794], [-72.71455783739817, 41.8143666059794], [-72.71455783739817, 41.8143724616754]]], [[[-72.71484436744618, 41.8140662924274], [-72.71484436744618, 41.8140462157554], [-72.71483552392618, 41.8140462157554], [-72.71483552392618, 41.8140662924274], [-72.71484436744618, 41.8140662924274]]], [[[-72.71499028552617, 41.8140060624114], [-72.71500089775017, 41.8140060624114], [-72.71500089775017, 41.8140018797714], [-72.71499028552617, 41.8140018797714], [-72.71499028552617, 41.8140060624114]]], [[[-72.71529184955818, 41.813965072539396], [-72.71529804002218, 41.813965072539396], [-72.71529804002218, 41.8139592168434], [-72.71529184955818, 41.8139592168434], [-72.71529184955818, 41.813965072539396]]], [[[-72.71561021627818, 41.81385297778739], [-72.71561021627818, 41.813827045419394], [-72.71559695099818, 41.813827045419394], [-72.71559695099818, 41.81385297778739], [-72.71561021627818, 41.81385297778739]]], [[[-72.71479749679018, 41.814319760411394], [-72.71477715669417, 41.814319760411394], [-72.71477715669417, 41.8143247795794], [-72.71479749679018, 41.8143247795794], [-72.71479749679018, 41.814319760411394]]], [[[-72.7149549114462, 41.8143364909714], [-72.7149549114462, 41.8143314718034], [-72.71495137403818, 41.8143314718034], [-72.71495137403818, 41.8143364909714], [-72.7149549114462, 41.8143364909714]]], [[[-72.71582953557419, 41.814334817915395], [-72.71584722261417, 41.814334817915395], [-72.71584722261417, 41.8143147412434], [-72.71582953557419, 41.8143147412434], [-72.71582953557419, 41.814334817915395]]], [[[-72.71488416328619, 41.8138872754354], [-72.71488416328619, 41.8138663622354], [-72.71487443541419, 41.8138663622354], [-72.71487443541419, 41.8138872754354], [-72.71488416328619, 41.8138872754354]]], [[[-72.71563939989419, 41.8138379202834], [-72.71566593045418, 41.8138379202834], [-72.71566593045418, 41.8138538143154], [-72.71563939989419, 41.8138538143154], [-72.71563939989419, 41.8138379202834]]], [[[-72.71450919803817, 41.81383875681139], [-72.71450919803817, 41.8138370837554], [-72.71449681711017, 41.8138370837554], [-72.71449681711017, 41.81383875681139], [-72.71450919803817, 41.81383875681139]]], [[[-72.71484525179818, 41.8140771672914], [-72.71484525179818, 41.8140462157554], [-72.71485497967018, 41.8140462157554], [-72.71485497967018, 41.8140771672914], [-72.71484525179818, 41.8140771672914]]], [[[-72.71503450312618, 41.8142118482994], [-72.71503450312618, 41.8141917716274], [-72.71504069359018, 41.8141917716274], [-72.71504069359018, 41.8142118482994], [-72.71503450312618, 41.8142118482994]]], [[[-72.71495668015018, 41.8137944208274], [-72.71495668015018, 41.8137718345714], [-72.71496552367019, 41.8137718345714], [-72.71496552367019, 41.8137944208274], [-72.71495668015018, 41.8137944208274]]], [[[-72.71438096699819, 41.8138370837554], [-72.71438096699819, 41.8138354106994], [-72.71439334792619, 41.8138354106994], [-72.71439334792619, 41.8138370837554], [-72.71438096699819, 41.8138370837554]]], [[[-72.7154359989342, 41.813871381403395], [-72.7154359989342, 41.813852141259396], [-72.71544572680618, 41.813852141259396], [-72.71544572680618, 41.813871381403395], [-72.7154359989342, 41.813871381403395]]], [[[-72.71526443464617, 41.8140043893554], [-72.71527150946218, 41.8140043893554], [-72.71527150946218, 41.8139976971314], [-72.71526443464617, 41.8139976971314], [-72.71526443464617, 41.8140043893554]]], [[[-72.71523878843819, 41.81387556404339], [-72.71523878843819, 41.813854650843396], [-72.71524497890218, 41.813854650843396], [-72.71524497890218, 41.81387556404339], [-72.71523878843819, 41.81387556404339]]], [[[-72.71541389013419, 41.8140805134034], [-72.71543511458218, 41.8140805134034], [-72.71543511458218, 41.8140897152114], [-72.71541389013419, 41.8140897152114], [-72.71541389013419, 41.8140805134034]]], [[[-72.71529273391018, 41.8138111513874], [-72.71529892437418, 41.8138111513874], [-72.71529892437418, 41.8138036226354], [-72.71529273391018, 41.8138036226354], [-72.71529273391018, 41.8138111513874]]], [[[-72.71475151048618, 41.814001043243394], [-72.71475681659818, 41.814001043243394], [-72.71475681659818, 41.8139801300434], [-72.71475151048618, 41.8139801300434], [-72.71475151048618, 41.814001043243394]]], [[[-72.71477185058218, 41.814001043243394], [-72.71477715669417, 41.814001043243394], [-72.71477715669417, 41.8139801300434], [-72.71477185058218, 41.8139801300434], [-72.71477185058218, 41.814001043243394]]], [[[-72.71504865275818, 41.81396590906739], [-72.71504865275818, 41.8139533611474], [-72.71505484322219, 41.8139533611474], [-72.71505484322219, 41.81396590906739], [-72.71504865275818, 41.81396590906739]]], [[[-72.71438096699819, 41.8141106284114], [-72.71438096699819, 41.8141097918834], [-72.71439334792619, 41.8141097918834], [-72.71439334792619, 41.8141106284114], [-72.71438096699819, 41.8141106284114]]], [[[-72.71445083080617, 41.81418424287539], [-72.71445083080617, 41.814182569819394], [-72.71443844987819, 41.814182569819394], [-72.71443844987819, 41.81418424287539], [-72.71445083080617, 41.81418424287539]]], [[[-72.71445083080617, 41.81419846385139], [-72.71445083080617, 41.8141967907954], [-72.71443844987819, 41.8141967907954], [-72.71443844987819, 41.81419846385139], [-72.71445083080617, 41.81419846385139]]], [[[-72.71531838011818, 41.813991841435396], [-72.71532457058218, 41.813991841435396], [-72.71532457058218, 41.81398598573939], [-72.71531838011818, 41.81398598573939], [-72.71531838011818, 41.813991841435396]]], [[[-72.71529184955818, 41.813952524619395], [-72.71529804002218, 41.813952524619395], [-72.71529804002218, 41.8139458323954], [-72.71529184955818, 41.8139458323954], [-72.71529184955818, 41.813952524619395]]], [[[-72.71575790306218, 41.8143147412434], [-72.71577470575018, 41.8143147412434], [-72.71577470575018, 41.81429466457139], [-72.71575790306218, 41.81429466457139], [-72.71575790306218, 41.8143147412434]]], [[[-72.71451096674218, 41.813842102923395], [-72.71451096674218, 41.81382118972339], [-72.71452157896618, 41.81382118972339], [-72.71452157896618, 41.813842102923395], [-72.71451096674218, 41.813842102923395]]], [[[-72.71520253000618, 41.8139115347474], [-72.71520253000618, 41.813890621547394], [-72.71519722389418, 41.813890621547394], [-72.71519722389418, 41.8139115347474], [-72.71520253000618, 41.8139115347474]]], [[[-72.71465334741417, 41.814276260955396], [-72.71464008213418, 41.814276260955396], [-72.71464008213418, 41.8142821166514], [-72.71465334741417, 41.8142821166514], [-72.71465334741417, 41.814276260955396]]], [[[-72.71577205269418, 41.81404203311539], [-72.71577205269418, 41.814021119915395], [-72.71578266491818, 41.814021119915395], [-72.71578266491818, 41.81404203311539], [-72.71577205269418, 41.81404203311539]]], [[[-72.71464627259819, 41.8141491086994], [-72.71464627259819, 41.81412819549939], [-72.71464008213418, 41.81412819549939], [-72.71464008213418, 41.8141491086994], [-72.71464627259819, 41.8141491086994]]], [[[-72.71491776866218, 41.8138036226354], [-72.71491776866218, 41.8137827094354], [-72.71491246255017, 41.8137827094354], [-72.71491246255017, 41.8138036226354], [-72.71491776866218, 41.8138036226354]]], [[[-72.71445083080617, 41.8138111513874], [-72.71445083080617, 41.813810314859396], [-72.71443844987819, 41.813810314859396], [-72.71443844987819, 41.8138111513874], [-72.71445083080617, 41.8138111513874]]], [[[-72.71484436744618, 41.8137743441554], [-72.71484436744618, 41.8137525944274], [-72.71485409531819, 41.8137525944274], [-72.71485409531819, 41.8137743441554], [-72.71484436744618, 41.8137743441554]]], [[[-72.71577647445419, 41.8138379202834], [-72.71580300501418, 41.8138379202834], [-72.71580300501418, 41.8138538143154], [-72.71577647445419, 41.8138538143154], [-72.71577647445419, 41.8138379202834]]], [[[-72.71549967227818, 41.813969255179394], [-72.7155323933022, 41.813969255179394], [-72.7155323933022, 41.8139541976754], [-72.71549967227818, 41.8139541976754], [-72.71549967227818, 41.813969255179394]]], [[[-72.71432525282218, 41.8142603669234], [-72.71432525282218, 41.8142377806674], [-72.71433586504618, 41.8142377806674], [-72.71433586504618, 41.8142603669234], [-72.71432525282218, 41.8142603669234]]], [[[-72.71500178210218, 41.813900659883394], [-72.71500178210218, 41.813878910155395], [-72.71501239432618, 41.813878910155395], [-72.71501239432618, 41.813900659883394], [-72.71500178210218, 41.813900659883394]]], [[[-72.71537055688619, 41.8142369441394], [-72.71539178133419, 41.8142369441394], [-72.71539178133419, 41.8142277423314], [-72.71537055688619, 41.8142277423314], [-72.71537055688619, 41.8142369441394]]], [[[-72.71445083080617, 41.8139115347474], [-72.71445083080617, 41.813910698219395], [-72.71443844987819, 41.813910698219395], [-72.71443844987819, 41.8139115347474], [-72.71445083080617, 41.8139115347474]]], [[[-72.71523790408618, 41.8138964772434], [-72.71524409455019, 41.8138964772434], [-72.71524409455019, 41.81388978501939], [-72.71523790408618, 41.81388978501939], [-72.71523790408618, 41.8138964772434]]], [[[-72.7153466793822, 41.8137216428914], [-72.71532457058218, 41.8137216428914], [-72.71532457058218, 41.813731681227395], [-72.7153466793822, 41.813731681227395], [-72.7153466793822, 41.8137216428914]]], [[[-72.71581627029418, 41.814376644315395], [-72.71582688251819, 41.814376644315395], [-72.71582688251819, 41.81436827903539], [-72.71581627029418, 41.81436827903539], [-72.71581627029418, 41.814376644315395]]], [[[-72.71463477602218, 41.81379191124339], [-72.71463477602218, 41.81377016151539], [-72.71462504815018, 41.81377016151539], [-72.71462504815018, 41.81379191124339], [-72.71463477602218, 41.81379191124339]]], [[[-72.71526531899818, 41.813984312683395], [-72.71527150946218, 41.813984312683395], [-72.71527150946218, 41.81397762045939], [-72.71526531899818, 41.81397762045939], [-72.71526531899818, 41.813984312683395]]], [[[-72.71486736059818, 41.8137216428914], [-72.71484613615017, 41.8137216428914], [-72.71484613615017, 41.813731681227395], [-72.71486736059818, 41.813731681227395], [-72.71486736059818, 41.8137216428914]]], [[[-72.71432525282218, 41.81382118972339], [-72.71432525282218, 41.813800276523395], [-72.71433586504618, 41.813800276523395], [-72.71433586504618, 41.81382118972339], [-72.71432525282218, 41.81382118972339]]], [[[-72.71467457186219, 41.813827045419394], [-72.71467457186219, 41.813805295691395], [-72.71466572834217, 41.813805295691395], [-72.71466572834217, 41.813827045419394], [-72.71467457186219, 41.813827045419394]]], [[[-72.7145940958302, 41.8138186801394], [-72.7145940958302, 41.8137969304114], [-72.71458436795818, 41.8137969304114], [-72.71458436795818, 41.8138186801394], [-72.7145940958302, 41.8138186801394]]], [[[-72.71529273391018, 41.813827045419394], [-72.71529892437418, 41.813827045419394], [-72.71529892437418, 41.813819516667394], [-72.71529273391018, 41.813819516667394], [-72.71529273391018, 41.813827045419394]]], [[[-72.71438096699819, 41.813915717387395], [-72.71438096699819, 41.8139140443314], [-72.71439334792619, 41.8139140443314], [-72.71439334792619, 41.813915717387395], [-72.71438096699819, 41.813915717387395]]], [[[-72.71515300629417, 41.8137216428914], [-72.71513178184618, 41.8137216428914], [-72.71513178184618, 41.813731681227395], [-72.71515300629417, 41.813731681227395], [-72.71515300629417, 41.8137216428914]]], [[[-72.71549348181419, 41.814107282299396], [-72.71549348181419, 41.8140855325714], [-72.71550320968619, 41.8140855325714], [-72.71550320968619, 41.814107282299396], [-72.71549348181419, 41.814107282299396]]], [[[-72.71545368597418, 41.8143289622194], [-72.71545368597418, 41.8143390005554], [-72.71545899208618, 41.8143390005554], [-72.71545899208618, 41.8143289622194], [-72.71545368597418, 41.8143289622194]]], [[[-72.71528477474219, 41.813996860603396], [-72.71529096520618, 41.813996860603396], [-72.71529096520618, 41.8139901683794], [-72.71528477474219, 41.8139901683794], [-72.71528477474219, 41.813996860603396]]], [[[-72.71438096699819, 41.813815334027396], [-72.71438096699819, 41.8138136609714], [-72.71439334792619, 41.8138136609714], [-72.71439334792619, 41.813815334027396], [-72.71438096699819, 41.813815334027396]]], [[[-72.71532722363817, 41.8141959542674], [-72.71534844808617, 41.8141959542674], [-72.71534844808617, 41.8141875889874], [-72.71532722363817, 41.8141875889874], [-72.71532722363817, 41.8141959542674]]], [[[-72.7143535520862, 41.8137224794194], [-72.71435266773418, 41.8137224794194], [-72.71435266773418, 41.813734190811395], [-72.7143535520862, 41.813734190811395], [-72.7143535520862, 41.8137224794194]]], [[[-72.71474620437418, 41.814001043243394], [-72.71475151048618, 41.814001043243394], [-72.71475151048618, 41.8139801300434], [-72.71474620437418, 41.8139801300434], [-72.71474620437418, 41.814001043243394]]], [[[-72.71492661218218, 41.81427542442739], [-72.71492661218218, 41.8142335980274], [-72.71493545570218, 41.8142335980274], [-72.71493545570218, 41.81427542442739], [-72.71492661218218, 41.81427542442739]]], [[[-72.71484436744618, 41.814182569819394], [-72.71484436744618, 41.8141624931474], [-72.71483552392618, 41.8141624931474], [-72.71483552392618, 41.814182569819394], [-72.71484436744618, 41.814182569819394]]], [[[-72.71539443439018, 41.8139926779634], [-72.71539443439018, 41.8139684186514], [-72.71538824392618, 41.8139684186514], [-72.71538824392618, 41.8139926779634], [-72.71539443439018, 41.8139926779634]]], [[[-72.71576939963818, 41.81413070508339], [-72.71576939963818, 41.814108955355394], [-72.71575878741417, 41.814108955355394], [-72.71575878741417, 41.81413070508339], [-72.71576939963818, 41.81413070508339]]], [[[-72.71438096699819, 41.8140537445074], [-72.71438096699819, 41.8140520714514], [-72.71439334792619, 41.8140520714514], [-72.71439334792619, 41.8140537445074], [-72.71438096699819, 41.8140537445074]]], [[[-72.71464715695018, 41.8140955709074], [-72.71464715695018, 41.8140855325714], [-72.71465334741417, 41.8140855325714], [-72.71465334741417, 41.8140955709074], [-72.71464715695018, 41.8140955709074]]], [[[-72.71508667989417, 41.81385046820339], [-72.71508667989417, 41.8138287184754], [-72.71509552341418, 41.8138287184754], [-72.71509552341418, 41.81385046820339], [-72.71508667989417, 41.81385046820339]]], [[[-72.71439157922218, 41.8142478190034], [-72.71440219144618, 41.8142478190034], [-72.71440219144618, 41.8142277423314], [-72.71439157922218, 41.8142277423314], [-72.71439157922218, 41.8142478190034]]], [[[-72.71468518408619, 41.8142118482994], [-72.71468518408619, 41.8141917716274], [-72.71467457186219, 41.8141917716274], [-72.71467457186219, 41.8142118482994], [-72.71468518408619, 41.8142118482994]]], [[[-72.71580212066219, 41.8139684186514], [-72.71580212066219, 41.813942486283395], [-72.71578620232617, 41.813942486283395], [-72.71578620232617, 41.8139684186514], [-72.71580212066219, 41.8139684186514]]], [[[-72.71508402683818, 41.813985149211405], [-72.71507429896617, 41.813985149211405], [-72.71507429896617, 41.813994351019396], [-72.71508402683818, 41.813994351019396], [-72.71508402683818, 41.813985149211405]]], [[[-72.71504246229419, 41.81397762045939], [-72.71504246229419, 41.81396590906739], [-72.71504865275818, 41.81396590906739], [-72.71504865275818, 41.81397762045939], [-72.71504246229419, 41.81397762045939]]], [[[-72.71538735957417, 41.8139675821234], [-72.71538735957417, 41.8139617264274], [-72.71535286984619, 41.8139617264274], [-72.71535286984619, 41.8139675821234], [-72.71538735957417, 41.8139675821234]]], [[[-72.71580300501418, 41.8139416497554], [-72.71580300501418, 41.813915717387395], [-72.71581892335018, 41.813915717387395], [-72.71581892335018, 41.8139416497554], [-72.71580300501418, 41.8139416497554]]], [[[-72.71548729135019, 41.8139935144914], [-72.71548729135019, 41.8139726012914], [-72.71547667912618, 41.8139726012914], [-72.71547667912618, 41.8139935144914], [-72.71548729135019, 41.8139935144914]]], [[[-72.71529184955818, 41.81397762045939], [-72.71529804002218, 41.81397762045939], [-72.71529804002218, 41.813971764763394], [-72.71529184955818, 41.813971764763394], [-72.71529184955818, 41.81397762045939]]], [[[-72.71461532027818, 41.8143724616754], [-72.71463566037417, 41.8143724616754], [-72.71463566037417, 41.8143666059794], [-72.71461532027818, 41.8143666059794], [-72.71461532027818, 41.8143724616754]]], [[[-72.71461178287018, 41.8142335980274], [-72.71461178287018, 41.814212684827396], [-72.71460382370218, 41.814212684827396], [-72.71460382370218, 41.8142335980274], [-72.71461178287018, 41.8142335980274]]], [[[-72.71472497992619, 41.8141064457714], [-72.71472497992619, 41.8140863690994], [-72.71473117039018, 41.8140863690994], [-72.71473117039018, 41.8141064457714], [-72.71472497992619, 41.8141064457714]]], [[[-72.71445083080617, 41.814134051195396], [-72.71445083080617, 41.8141323781394], [-72.71446321173418, 41.8141323781394], [-72.71446321173418, 41.814134051195396], [-72.71445083080617, 41.814134051195396]]], [[[-72.7154359989342, 41.8141959542674], [-72.71545633903017, 41.8141959542674], [-72.71545633903017, 41.8141875889874], [-72.7154359989342, 41.8141875889874], [-72.7154359989342, 41.8141959542674]]], [[[-72.71479749679018, 41.8143482023634], [-72.71477715669417, 41.8143482023634], [-72.71477715669417, 41.8143532215314], [-72.71479749679018, 41.8143532215314], [-72.71479749679018, 41.8143482023634]]], [[[-72.71471613640618, 41.8138186801394], [-72.71471613640618, 41.8137969304114], [-72.71470729288619, 41.8137969304114], [-72.71470729288619, 41.8138186801394], [-72.71471613640618, 41.8138186801394]]], [[[-72.71445083080617, 41.8138262088914], [-72.71445083080617, 41.813824535835394], [-72.71443844987819, 41.813824535835394], [-72.71443844987819, 41.8138262088914], [-72.71445083080617, 41.8138262088914]]], [[[-72.71549525051817, 41.813974274347395], [-72.71552178107818, 41.813974274347395], [-72.71552178107818, 41.813984312683395], [-72.71549525051817, 41.813984312683395], [-72.71549525051817, 41.813974274347395]]], [[[-72.71531838011818, 41.8137718345714], [-72.71532457058218, 41.8137718345714], [-72.71532457058218, 41.813764305819404], [-72.71531838011818, 41.813764305819404], [-72.71531838011818, 41.8137718345714]]], [[[-72.71499912904618, 41.8141691853714], [-72.71499912904618, 41.8141491086994], [-72.71499293858218, 41.8141491086994], [-72.71499293858218, 41.8141691853714], [-72.71499912904618, 41.8141691853714]]], [[[-72.71484790485418, 41.8140060624114], [-72.71485851707818, 41.8140060624114], [-72.71485851707818, 41.814001043243394], [-72.71484790485418, 41.814001043243394], [-72.71484790485418, 41.8140060624114]]], [[[-72.71572341333419, 41.814224396219394], [-72.71574110037417, 41.814224396219394], [-72.71574110037417, 41.81420348301939], [-72.71572341333419, 41.81420348301939], [-72.71572341333419, 41.814224396219394]]], [[[-72.71445083080617, 41.81424112677939], [-72.71445083080617, 41.81424029025139], [-72.71446321173418, 41.81424029025139], [-72.71446321173418, 41.81424112677939], [-72.71445083080617, 41.81424112677939]]], [[[-72.71476300706219, 41.8141491086994], [-72.71476300706219, 41.81412819549939], [-72.71475239483819, 41.81412819549939], [-72.71475239483819, 41.8141491086994], [-72.71476300706219, 41.8141491086994]]], [[[-72.71508667989417, 41.813893967659396], [-72.71508667989417, 41.81387305445939], [-72.71509552341418, 41.81387305445939], [-72.71509552341418, 41.813893967659396], [-72.71508667989417, 41.813893967659396]]], [[[-72.71484436744618, 41.8141407434194], [-72.71484436744618, 41.814108955355394], [-72.71483552392618, 41.814108955355394], [-72.71483552392618, 41.8141407434194], [-72.71484436744618, 41.8141407434194]]], [[[-72.71445083080617, 41.8141909350994], [-72.71445083080617, 41.814190098571395], [-72.71446321173418, 41.814190098571395], [-72.71446321173418, 41.8141909350994], [-72.71445083080617, 41.8141909350994]]], [[[-72.71443137506218, 41.81431725082739], [-72.71442695330218, 41.81431725082739], [-72.71442695330218, 41.8143164142994], [-72.71443137506218, 41.8143164142994], [-72.71443137506218, 41.81431725082739]]], [[[-72.71450919803817, 41.8138094783314], [-72.71450919803817, 41.8138086418034], [-72.71449681711017, 41.8138086418034], [-72.71449681711017, 41.8138094783314], [-72.71450919803817, 41.8138094783314]]], [[[-72.71484348309417, 41.8139073521074], [-72.71484348309417, 41.81388560237939], [-72.71483287087018, 41.81388560237939], [-72.71483287087018, 41.8139073521074], [-72.71484348309417, 41.8139073521074]]], [[[-72.71548729135019, 41.813888111963394], [-72.71548729135019, 41.8138671987634], [-72.71547667912618, 41.8138671987634], [-72.71547667912618, 41.813888111963394], [-72.71548729135019, 41.813888111963394]]], [[[-72.71452069461418, 41.8141909350994], [-72.71452069461418, 41.8141691853714], [-72.71453130683818, 41.8141691853714], [-72.71453130683818, 41.8141909350994], [-72.71452069461418, 41.8141909350994]]], [[[-72.71484436744618, 41.8138404298674], [-72.71484436744618, 41.813819516667394], [-72.71485409531819, 41.813819516667394], [-72.71485409531819, 41.8138404298674], [-72.71484436744618, 41.8138404298674]]], [[[-72.71582953557419, 41.8142745878994], [-72.71584722261417, 41.8142745878994], [-72.71584722261417, 41.8142545112274], [-72.71582953557419, 41.8142545112274], [-72.71582953557419, 41.8142745878994]]], [[[-72.71450919803817, 41.8142327614994], [-72.71451981026219, 41.8142327614994], [-72.71451981026219, 41.814212684827396], [-72.71450919803817, 41.814212684827396], [-72.71450919803817, 41.8142327614994]]], [[[-72.71488504763818, 41.8138931311314], [-72.71488504763818, 41.8138722179314], [-72.71489123810218, 41.8138722179314], [-72.71489123810218, 41.8138931311314], [-72.71488504763818, 41.8138931311314]]], [[[-72.71520253000618, 41.8139533611474], [-72.71520253000618, 41.813933284475404], [-72.71519722389418, 41.813933284475404], [-72.71519722389418, 41.8139533611474], [-72.71520253000618, 41.8139533611474]]], [[[-72.71473470779819, 41.8143482023634], [-72.71471436770219, 41.8143482023634], [-72.71471436770219, 41.8143431831954], [-72.71473470779819, 41.8143431831954], [-72.71473470779819, 41.8143482023634]]], [[[-72.71438096699819, 41.814139070363396], [-72.71438096699819, 41.8141382338354], [-72.71439334792619, 41.8141382338354], [-72.71439334792619, 41.814139070363396], [-72.71438096699819, 41.814139070363396]]], [[[-72.7151114417502, 41.814320596939396], [-72.71509021730218, 41.814320596939396], [-72.71509021730218, 41.8143139047154], [-72.7151114417502, 41.8143139047154], [-72.7151114417502, 41.814320596939396]]], [[[-72.71530157743018, 41.8137216428914], [-72.71527946863019, 41.8137216428914], [-72.71527946863019, 41.813731681227395], [-72.71530157743018, 41.813731681227395], [-72.71530157743018, 41.8137216428914]]], [[[-72.71437919829418, 41.8141574739794], [-72.71437919829418, 41.814136560779396], [-72.71436947042218, 41.814136560779396], [-72.71436947042218, 41.8141574739794], [-72.71437919829418, 41.8141574739794]]], [[[-72.71456314351018, 41.8141206667474], [-72.71456314351018, 41.81409891701939], [-72.71455341563818, 41.81409891701939], [-72.71455341563818, 41.8141206667474], [-72.71456314351018, 41.8141206667474]]], [[[-72.71576055611817, 41.8143758077874], [-72.71576055611817, 41.8143607502834], [-72.71576674658219, 41.8143607502834], [-72.71576674658219, 41.8143758077874], [-72.71576055611817, 41.8143758077874]]], [[[-72.71523878843819, 41.8139901683794], [-72.71524497890218, 41.8139901683794], [-72.71524497890218, 41.813984312683395], [-72.71523878843819, 41.813984312683395], [-72.71523878843819, 41.8139901683794]]], [[[-72.71582688251819, 41.8140646193714], [-72.71582688251819, 41.814042869643394], [-72.71581627029418, 41.814042869643394], [-72.71581627029418, 41.8140646193714], [-72.71582688251819, 41.8140646193714]]], [[[-72.71528477474219, 41.813965072539396], [-72.71529096520618, 41.813965072539396], [-72.71529096520618, 41.8139592168434], [-72.71528477474219, 41.8139592168434], [-72.71528477474219, 41.813965072539396]]], [[[-72.71484790485418, 41.8139801300434], [-72.71485851707818, 41.8139801300434], [-72.71485851707818, 41.813974274347395], [-72.71484790485418, 41.813974274347395], [-72.71484790485418, 41.8139801300434]]], [[[-72.71569422971818, 41.8138379202834], [-72.71572076027817, 41.8138379202834], [-72.71572076027817, 41.8138538143154], [-72.71569422971818, 41.8138538143154], [-72.71569422971818, 41.8138379202834]]], [[[-72.71476566011819, 41.8138186801394], [-72.71476566011819, 41.8137969304114], [-72.71477185058218, 41.8137969304114], [-72.71477185058218, 41.8138186801394], [-72.71476566011819, 41.8138186801394]]], [[[-72.71455695304617, 41.81434234666739], [-72.71455164693417, 41.81434234666739], [-72.71455164693417, 41.8143314718034], [-72.71455695304617, 41.8143314718034], [-72.71455695304617, 41.81434234666739]]], [[[-72.71445083080617, 41.81419846385139], [-72.71445083080617, 41.8141967907954], [-72.71446321173418, 41.8141967907954], [-72.71446321173418, 41.81419846385139], [-72.71445083080617, 41.81419846385139]]], [[[-72.71468518408619, 41.81417002189939], [-72.71468518408619, 41.8141499452274], [-72.71467457186219, 41.8141499452274], [-72.71467457186219, 41.81417002189939], [-72.71468518408619, 41.81417002189939]]], [[[-72.71520253000618, 41.813932447947394], [-72.71520253000618, 41.8139115347474], [-72.71519722389418, 41.8139115347474], [-72.71519722389418, 41.813932447947394], [-72.71520253000618, 41.813932447947394]]], [[[-72.7154359989342, 41.813829555003394], [-72.7154359989342, 41.8138086418034], [-72.71544572680618, 41.8138086418034], [-72.71544572680618, 41.813829555003394], [-72.7154359989342, 41.813829555003394]]], [[[-72.71500443515818, 41.81432561610739], [-72.71500443515818, 41.814320596939396], [-72.71500708821418, 41.814320596939396], [-72.71500708821418, 41.81432561610739], [-72.71500443515818, 41.81432561610739]]], [[[-72.71514946888618, 41.8141499452274], [-72.71514946888618, 41.8141290320274], [-72.71515565935017, 41.8141290320274], [-72.71515565935017, 41.8141499452274], [-72.71514946888618, 41.8141499452274]]], [[[-72.71471613640618, 41.8138404298674], [-72.71471613640618, 41.813819516667394], [-72.71470729288619, 41.813819516667394], [-72.71470729288619, 41.8138404298674], [-72.71471613640618, 41.8138404298674]]], [[[-72.71531218965418, 41.8139592168434], [-72.71531838011818, 41.8139592168434], [-72.71531838011818, 41.8139541976754], [-72.71531218965418, 41.8139541976754], [-72.71531218965418, 41.8139592168434]]], [[[-72.71500178210218, 41.81396590906739], [-72.71500178210218, 41.8139533611474], [-72.71499559163817, 41.8139533611474], [-72.71499559163817, 41.81396590906739], [-72.71500178210218, 41.81396590906739]]], [[[-72.71445083080617, 41.8142486555314], [-72.71445083080617, 41.814246982475396], [-72.71443844987819, 41.814246982475396], [-72.71443844987819, 41.8142486555314], [-72.71445083080617, 41.8142486555314]]], [[[-72.71528477474219, 41.813971764763394], [-72.71529096520618, 41.813971764763394], [-72.71529096520618, 41.813965072539396], [-72.71528477474219, 41.813965072539396], [-72.71528477474219, 41.813971764763394]]], [[[-72.71451185109419, 41.814160820091395], [-72.71451185109419, 41.8141591470354], [-72.71449947016619, 41.8141591470354], [-72.71449947016619, 41.814160820091395], [-72.71451185109419, 41.814160820091395]]], [[[-72.71449858581418, 41.8137224794194], [-72.71449770146218, 41.8137224794194], [-72.71449770146218, 41.813734190811395], [-72.71449858581418, 41.813734190811395], [-72.71449858581418, 41.8137224794194]]], [[[-72.71512559138218, 41.813764305819404], [-72.71512559138218, 41.81376263276339], [-72.71511674786218, 41.81376263276339], [-72.71511674786218, 41.813764305819404], [-72.71512559138218, 41.813764305819404]]], [[[-72.71510790434218, 41.8141708584274], [-72.71510790434218, 41.814150781755394], [-72.71509906082218, 41.814150781755394], [-72.71509906082218, 41.8141708584274], [-72.71510790434218, 41.8141708584274]]], [[[-72.71548906005417, 41.8138872754354], [-72.71548906005417, 41.813871381403395], [-72.71549878792618, 41.813871381403395], [-72.71549878792618, 41.8138872754354], [-72.71548906005417, 41.8138872754354]]], [[[-72.71500443515818, 41.814320596939396], [-72.71500443515818, 41.814315577771396], [-72.71500708821418, 41.814315577771396], [-72.71500708821418, 41.814320596939396], [-72.71500443515818, 41.814320596939396]]], [[[-72.71438273570219, 41.8137224794194], [-72.71438185135018, 41.8137224794194], [-72.71438185135018, 41.813734190811395], [-72.71438273570219, 41.813734190811395], [-72.71438273570219, 41.8137224794194]]], [[[-72.71445259951017, 41.813817843611396], [-72.71445259951017, 41.81379609388339], [-72.71446321173418, 41.81379609388339], [-72.71446321173418, 41.813817843611396], [-72.71445259951017, 41.813817843611396]]], [[[-72.71518218991018, 41.8141491086994], [-72.71518218991018, 41.81412819549939], [-72.71517599944617, 41.81412819549939], [-72.71517599944617, 41.8141491086994], [-72.71518218991018, 41.8141491086994]]], [[[-72.71523878843819, 41.813952524619395], [-72.71524497890218, 41.813952524619395], [-72.71524497890218, 41.8139458323954], [-72.71523878843819, 41.8139458323954], [-72.71523878843819, 41.813952524619395]]], [[[-72.71445083080617, 41.814219377051394], [-72.71445083080617, 41.8142185405234], [-72.71443844987819, 41.8142185405234], [-72.71443844987819, 41.814219377051394], [-72.71445083080617, 41.814219377051394]]], [[[-72.71520253000618, 41.813974274347395], [-72.71520253000618, 41.8139541976754], [-72.71519722389418, 41.8139541976754], [-72.71519722389418, 41.813974274347395], [-72.71520253000618, 41.813974274347395]]], [[[-72.71445083080617, 41.814205156075396], [-72.71445083080617, 41.8142043195474], [-72.71443844987819, 41.8142043195474], [-72.71443844987819, 41.814205156075396], [-72.71445083080617, 41.814205156075396]]], [[[-72.71589055586219, 41.8144142880754], [-72.71589055586219, 41.8143925383474], [-72.71588082799018, 41.8143925383474], [-72.71588082799018, 41.8144142880754], [-72.71589055586219, 41.8144142880754]]], [[[-72.7149549114462, 41.81378187290739], [-72.7149549114462, 41.8137718345714], [-72.71494783663019, 41.8137718345714], [-72.71494783663019, 41.81378187290739], [-72.7149549114462, 41.81378187290739]]], [[[-72.71450919803817, 41.8139031694674], [-72.71450919803817, 41.8139014964114], [-72.71449681711017, 41.8139014964114], [-72.71449681711017, 41.8139031694674], [-72.71450919803817, 41.8139031694674]]], [[[-72.71543334587818, 41.8143189238834], [-72.71543334587818, 41.8143289622194], [-72.71543776763818, 41.8143289622194], [-72.71543776763818, 41.8143189238834], [-72.71543334587818, 41.8143189238834]]], [[[-72.71451096674218, 41.8139976971314], [-72.71451096674218, 41.8139759474034], [-72.71452157896618, 41.8139759474034], [-72.71452157896618, 41.8139976971314], [-72.71451096674218, 41.8139976971314]]], [[[-72.71579593019818, 41.81420348301939], [-72.71581361723817, 41.81420348301939], [-72.71581361723817, 41.814183406347404], [-72.71579593019818, 41.814183406347404], [-72.71579593019818, 41.81420348301939]]], [[[-72.71518484296618, 41.8140855325714], [-72.71518484296618, 41.814065455899396], [-72.71519103343017, 41.814065455899396], [-72.71519103343017, 41.8140855325714], [-72.71518484296618, 41.8140855325714]]], [[[-72.71528565909419, 41.8139014964114], [-72.71529096520618, 41.8139014964114], [-72.71529096520618, 41.81389480418739], [-72.71528565909419, 41.81389480418739], [-72.71528565909419, 41.8139014964114]]], [[[-72.71446409608618, 41.8139734378194], [-72.71446409608618, 41.8139642360114], [-72.71446321173418, 41.8139642360114], [-72.71446321173418, 41.8139734378194], [-72.71446409608618, 41.8139734378194]]], [[[-72.71568980795819, 41.81429466457139], [-72.7157066106462, 41.81429466457139], [-72.7157066106462, 41.8142745878994], [-72.71568980795819, 41.8142745878994], [-72.71568980795819, 41.81429466457139]]], [[[-72.71580300501418, 41.8139684186514], [-72.71580300501418, 41.813942486283395], [-72.71581892335018, 41.813942486283395], [-72.71581892335018, 41.8139684186514], [-72.71580300501418, 41.8139684186514]]], [[[-72.71445083080617, 41.8141265224434], [-72.71445083080617, 41.81412568591539], [-72.71443844987819, 41.81412568591539], [-72.71443844987819, 41.8141265224434], [-72.71445083080617, 41.8141265224434]]], [[[-72.71512647573418, 41.81387807362739], [-72.71512647573418, 41.8138579969554], [-72.71513620360618, 41.8138579969554], [-72.71513620360618, 41.81387807362739], [-72.71512647573418, 41.81387807362739]]], [[[-72.71559076053418, 41.814295501099394], [-72.71560933192617, 41.814295501099394], [-72.71560933192617, 41.81427542442739], [-72.71559076053418, 41.81427542442739], [-72.71559076053418, 41.814295501099394]]], [[[-72.71473470779819, 41.814319760411394], [-72.71471436770219, 41.814319760411394], [-72.71471436770219, 41.8143247795794], [-72.71473470779819, 41.8143247795794], [-72.71473470779819, 41.814319760411394]]], [[[-72.71537055688619, 41.8141574739794], [-72.71539178133419, 41.8141574739794], [-72.71539178133419, 41.8141474356434], [-72.71537055688619, 41.8141474356434], [-72.71537055688619, 41.8141574739794]]], [[[-72.71512647573418, 41.813857160427396], [-72.71512647573418, 41.81383624722739], [-72.71513620360618, 41.81383624722739], [-72.71513620360618, 41.813857160427396], [-72.71512647573418, 41.813857160427396]]], [[[-72.71504423099819, 41.81392324613939], [-72.71504423099819, 41.8139014964114], [-72.71505395887017, 41.8139014964114], [-72.71505395887017, 41.81392324613939], [-72.71504423099819, 41.81392324613939]]], [[[-72.71508402683818, 41.813965072539396], [-72.71507429896617, 41.813965072539396], [-72.71507429896617, 41.8139734378194], [-72.71508402683818, 41.8139734378194], [-72.71508402683818, 41.813965072539396]]], [[[-72.7152405571422, 41.8138354106994], [-72.71524674760617, 41.8138354106994], [-72.71524674760617, 41.8138278819474], [-72.7152405571422, 41.8138278819474], [-72.7152405571422, 41.8138354106994]]], [[[-72.71510790434218, 41.8141917716274], [-72.71510790434218, 41.8141716949554], [-72.71509906082218, 41.8141716949554], [-72.71509906082218, 41.8141917716274], [-72.71510790434218, 41.8141917716274]]], [[[-72.71452069461418, 41.8142536746994], [-72.71452069461418, 41.81423610761139], [-72.71453130683818, 41.81423610761139], [-72.71453130683818, 41.8142536746994], [-72.71452069461418, 41.8142536746994]]], [[[-72.71554300552619, 41.81404203311539], [-72.71554300552619, 41.814021119915395], [-72.7155323933022, 41.814021119915395], [-72.7155323933022, 41.81404203311539], [-72.71554300552619, 41.81404203311539]]], [[[-72.71510790434218, 41.81425534775539], [-72.71510790434218, 41.814234434555395], [-72.71509906082218, 41.814234434555395], [-72.71509906082218, 41.81425534775539], [-72.71510790434218, 41.81425534775539]]], [[[-72.71523878843819, 41.81397762045939], [-72.71524497890218, 41.81397762045939], [-72.71524497890218, 41.813971764763394], [-72.71523878843819, 41.813971764763394], [-72.71523878843819, 41.81397762045939]]], [[[-72.71545899208618, 41.8143390005554], [-72.7154483798622, 41.8143390005554], [-72.7154483798622, 41.8143440197234], [-72.71545899208618, 41.8143440197234], [-72.71545899208618, 41.8143390005554]]], [[[-72.71514946888618, 41.814234434555395], [-72.71514946888618, 41.8142135213554], [-72.71515565935017, 41.8142135213554], [-72.71515565935017, 41.814234434555395], [-72.71514946888618, 41.814234434555395]]], [[[-72.71445083080617, 41.81426956873139], [-72.71445083080617, 41.814268732203395], [-72.71446321173418, 41.814268732203395], [-72.71446321173418, 41.81426956873139], [-72.71445083080617, 41.81426956873139]]], [[[-72.71469668066219, 41.814276260955396], [-72.71467545621418, 41.814276260955396], [-72.71467545621418, 41.8142821166514], [-72.71469668066219, 41.8142821166514], [-72.71469668066219, 41.814276260955396]]], [[[-72.71451096674218, 41.8138203531954], [-72.71451096674218, 41.81379860346739], [-72.71452157896618, 41.81379860346739], [-72.71452157896618, 41.8138203531954], [-72.71451096674218, 41.8138203531954]]], [[[-72.71534933243818, 41.8142377806674], [-72.71537055688619, 41.8142377806674], [-72.71537055688619, 41.814246982475396], [-72.71534933243818, 41.814246982475396], [-72.71534933243818, 41.8142377806674]]], [[[-72.71491953736619, 41.8138036226354], [-72.71491953736619, 41.8137827094354], [-72.71492661218218, 41.8137827094354], [-72.71492661218218, 41.8138036226354], [-72.71491953736619, 41.8138036226354]]], [[[-72.71493545570218, 41.81404203311539], [-72.71491688431018, 41.81404203311539], [-72.71491688431018, 41.814036177419396], [-72.71493545570218, 41.814036177419396], [-72.71493545570218, 41.81404203311539]]], [[[-72.7148019185502, 41.8137743441554], [-72.7148019185502, 41.8137525944274], [-72.71479219067818, 41.8137525944274], [-72.71479219067818, 41.8137743441554], [-72.7148019185502, 41.8137743441554]]], [[[-72.71493457135018, 41.8143306352754], [-72.71493457135018, 41.81432561610739], [-72.71493191829418, 41.81432561610739], [-72.71493191829418, 41.8143306352754], [-72.71493457135018, 41.8143306352754]]], [[[-72.71480280290218, 41.81379609388339], [-72.71480280290218, 41.81377518068339], [-72.71481164642218, 41.81377518068339], [-72.71481164642218, 41.81379609388339], [-72.71480280290218, 41.81379609388339]]], [[[-72.7151901490782, 41.814277097483405], [-72.71517776815018, 41.814277097483405], [-72.71517776815018, 41.814282953179394], [-72.7151901490782, 41.814282953179394], [-72.7151901490782, 41.814277097483405]]], [[[-72.71582953557419, 41.8143147412434], [-72.71584722261417, 41.8143147412434], [-72.71584722261417, 41.81429466457139], [-72.71582953557419, 41.81429466457139], [-72.71582953557419, 41.8143147412434]]], [[[-72.71507164591019, 41.8141064457714], [-72.71507164591019, 41.8140863690994], [-72.71507783637418, 41.8140863690994], [-72.71507783637418, 41.8141064457714], [-72.71507164591019, 41.8141064457714]]], [[[-72.71549348181419, 41.8141290320274], [-72.71549348181419, 41.814107282299396], [-72.71550320968619, 41.814107282299396], [-72.71550320968619, 41.8141290320274], [-72.71549348181419, 41.8141290320274]]], [[[-72.71496375496618, 41.8140637828434], [-72.71496375496618, 41.814042869643394], [-72.71497259848617, 41.814042869643394], [-72.71497259848617, 41.8140637828434], [-72.71496375496618, 41.8140637828434]]], [[[-72.7146126672222, 41.8142545112274], [-72.7146126672222, 41.8142335980274], [-72.71461885768618, 41.8142335980274], [-72.71461885768618, 41.8142545112274], [-72.7146126672222, 41.8142545112274]]], [[[-72.71512205397418, 41.81400522588339], [-72.71512205397418, 41.8139951875474], [-72.71513089749418, 41.8139951875474], [-72.71513089749418, 41.81400522588339], [-72.71512205397418, 41.81400522588339]]], [[[-72.71514946888618, 41.81425534775539], [-72.71514946888618, 41.814234434555395], [-72.71515565935017, 41.814234434555395], [-72.71515565935017, 41.81425534775539], [-72.71514946888618, 41.81425534775539]]], [[[-72.71445083080617, 41.8141265224434], [-72.71445083080617, 41.81412568591539], [-72.71446321173418, 41.81412568591539], [-72.71446321173418, 41.8141265224434], [-72.71445083080617, 41.8141265224434]]], [[[-72.71459586453419, 41.8138404298674], [-72.71459586453419, 41.813819516667394], [-72.71460470805418, 41.813819516667394], [-72.71460470805418, 41.8138404298674], [-72.71459586453419, 41.8138404298674]]], [[[-72.71530953659817, 41.8138036226354], [-72.71531572706219, 41.8138036226354], [-72.71531572706219, 41.81379609388339], [-72.71530953659817, 41.81379609388339], [-72.71530953659817, 41.8138036226354]]], [[[-72.71484436744618, 41.8140872056274], [-72.71484436744618, 41.814067128955394], [-72.71483552392618, 41.814067128955394], [-72.71483552392618, 41.8140872056274], [-72.71484436744618, 41.8140872056274]]], [[[-72.7148019185502, 41.8139291018354], [-72.7148019185502, 41.8139081886354], [-72.71479219067818, 41.8139081886354], [-72.71479219067818, 41.8139291018354], [-72.7148019185502, 41.8139291018354]]], [[[-72.71463300731817, 41.81434234666739], [-72.71462770120618, 41.81434234666739], [-72.71462770120618, 41.8143314718034], [-72.71463300731817, 41.8143314718034], [-72.71463300731817, 41.81434234666739]]], [[[-72.71579593019818, 41.8143147412434], [-72.71581361723817, 41.8143147412434], [-72.71581361723817, 41.81429466457139], [-72.71579593019818, 41.81429466457139], [-72.71579593019818, 41.8143147412434]]], [[[-72.71504069359018, 41.814042869643394], [-72.71502831266217, 41.814042869643394], [-72.71502831266217, 41.8140370139474], [-72.71504069359018, 41.8140370139474], [-72.71504069359018, 41.814042869643394]]], [[[-72.71523171362219, 41.813827045419394], [-72.71523790408618, 41.813827045419394], [-72.71523790408618, 41.813819516667394], [-72.71523171362219, 41.813819516667394], [-72.71523171362219, 41.813827045419394]]], [[[-72.71488416328619, 41.814182569819394], [-72.71488416328619, 41.81416751231539], [-72.71487531976618, 41.81416751231539], [-72.71487531976618, 41.814182569819394], [-72.71488416328619, 41.814182569819394]]], [[[-72.71445083080617, 41.8139190634994], [-72.71445083080617, 41.81391739044339], [-72.71443844987819, 41.81391739044339], [-72.71443844987819, 41.8139190634994], [-72.71445083080617, 41.8139190634994]]], [[[-72.71507164591019, 41.8140646193714], [-72.71507164591019, 41.8140445426994], [-72.71507783637418, 41.8140445426994], [-72.71507783637418, 41.8140646193714], [-72.71507164591019, 41.8140646193714]]], [[[-72.71508402683818, 41.8138278819474], [-72.71508402683818, 41.813806132219405], [-72.71507429896617, 41.813806132219405], [-72.71507429896617, 41.8138278819474], [-72.71508402683818, 41.8138278819474]]], [[[-72.71509640776618, 41.813985149211405], [-72.71508579554218, 41.813985149211405], [-72.71508579554218, 41.813994351019396], [-72.71509640776618, 41.813994351019396], [-72.71509640776618, 41.813985149211405]]], [[[-72.71450919803817, 41.8141348877234], [-72.71450919803817, 41.81411313799539], [-72.71450035451818, 41.81411313799539], [-72.71450035451818, 41.8141348877234], [-72.71450919803817, 41.8141348877234]]], [[[-72.71468341538218, 41.8137684884594], [-72.71466749704618, 41.8137684884594], [-72.71466749704618, 41.813753430955394], [-72.71468341538218, 41.813753430955394], [-72.71468341538218, 41.8137684884594]]], [[[-72.71499912904618, 41.814190098571395], [-72.71499912904618, 41.81417002189939], [-72.71499293858218, 41.81417002189939], [-72.71499293858218, 41.814190098571395], [-72.71499912904618, 41.814190098571395]]], [[[-72.71471613640618, 41.8139291018354], [-72.71471613640618, 41.8139073521074], [-72.71470729288619, 41.8139073521074], [-72.71470729288619, 41.8139291018354], [-72.71471613640618, 41.8139291018354]]], [[[-72.71525912853419, 41.813893967659396], [-72.71526443464617, 41.813893967659396], [-72.71526443464617, 41.8138872754354], [-72.71525912853419, 41.8138872754354], [-72.71525912853419, 41.813893967659396]]], [[[-72.71541389013419, 41.8141591470354], [-72.71543511458218, 41.8141591470354], [-72.71543511458218, 41.81416751231539], [-72.71541389013419, 41.81416751231539], [-72.71541389013419, 41.8141591470354]]], [[[-72.71452069461418, 41.813998533659394], [-72.71450123887018, 41.813998533659394], [-72.71450123887018, 41.81400522588339], [-72.71452069461418, 41.81400522588339], [-72.71452069461418, 41.813998533659394]]], [[[-72.71438096699819, 41.8142043195474], [-72.71438096699819, 41.814202646491395], [-72.71439334792619, 41.814202646491395], [-72.71439334792619, 41.8142043195474], [-72.71438096699819, 41.8142043195474]]], [[[-72.71539708744619, 41.8143139047154], [-72.71539708744619, 41.8143222699954], [-72.71541742754218, 41.8143222699954], [-72.71541742754218, 41.8143139047154], [-72.71539708744619, 41.8143139047154]]], [[[-72.71492661218218, 41.8137601231794], [-72.71491334690218, 41.8137601231794], [-72.71491334690218, 41.8137525944274], [-72.71492661218218, 41.8137525944274], [-72.71492661218218, 41.8137601231794]]], [[[-72.71461178287018, 41.814180060235394], [-72.71461178287018, 41.8141599835634], [-72.71460382370218, 41.8141599835634], [-72.71460382370218, 41.814180060235394], [-72.71461178287018, 41.814180060235394]]], [[[-72.7145286537822, 41.8143557311154], [-72.7145286537822, 41.814335654443404], [-72.7145339598942, 41.814335654443404], [-72.7145339598942, 41.8143557311154], [-72.7145286537822, 41.8143557311154]]], [[[-72.71495668015018, 41.813927428779394], [-72.71495668015018, 41.8139056790514], [-72.71496552367019, 41.8139056790514], [-72.71496552367019, 41.813927428779394], [-72.71495668015018, 41.813927428779394]]], [[[-72.71492484347819, 41.81412819549939], [-72.71492484347819, 41.814107282299396], [-72.71491599995818, 41.814107282299396], [-72.71491599995818, 41.81412819549939], [-72.71492484347819, 41.81412819549939]]], [[[-72.71438096699819, 41.8137935842994], [-72.71438096699819, 41.8137927477714], [-72.71439334792619, 41.8137927477714], [-72.71439334792619, 41.8137935842994], [-72.71438096699819, 41.8137935842994]]], [[[-72.71530953659817, 41.81379609388339], [-72.71531572706219, 41.81379609388339], [-72.71531572706219, 41.8137885651314], [-72.71530953659817, 41.8137885651314], [-72.71530953659817, 41.81379609388339]]], [[[-72.71491953736619, 41.813929938363394], [-72.71491953736619, 41.81390902516339], [-72.71492661218218, 41.81390902516339], [-72.71492661218218, 41.813929938363394], [-72.71491953736619, 41.813929938363394]]], [[[-72.71432525282218, 41.8141206667474], [-72.71432525282218, 41.8141097918834], [-72.71433586504618, 41.8141097918834], [-72.71433586504618, 41.8141206667474], [-72.71432525282218, 41.8141206667474]]], [[[-72.71583837909418, 41.8141323781394], [-72.71581627029418, 41.8141323781394], [-72.71581627029418, 41.81414241647539], [-72.71583837909418, 41.81414241647539], [-72.71583837909418, 41.8141323781394]]], [[[-72.71484348309417, 41.81379609388339], [-72.71484348309417, 41.81377518068339], [-72.71483287087018, 41.81377518068339], [-72.71483287087018, 41.81379609388339], [-72.71484348309417, 41.81379609388339]]], [[[-72.71533872021418, 41.81376263276339], [-72.71533872021418, 41.81376765193139], [-72.71542803976618, 41.81376765193139], [-72.71542803976618, 41.81376263276339], [-72.71533872021418, 41.81376263276339]]], [[[-72.71447647701417, 41.8137224794194], [-72.71447559266218, 41.8137224794194], [-72.71447559266218, 41.813734190811395], [-72.71447647701417, 41.813734190811395], [-72.71447647701417, 41.8137224794194]]], [[[-72.71581627029418, 41.814386682651396], [-72.71582688251819, 41.814386682651396], [-72.71582688251819, 41.8143774808434], [-72.71581627029418, 41.8143774808434], [-72.71581627029418, 41.814386682651396]]], [[[-72.71526531899818, 41.813893967659396], [-72.71527062511018, 41.813893967659396], [-72.71527062511018, 41.8138872754354], [-72.71526531899818, 41.8138872754354], [-72.71526531899818, 41.813893967659396]]], [[[-72.71504334664618, 41.813856323899394], [-72.71504334664618, 41.8138345741714], [-72.71503273442218, 41.8138345741714], [-72.71503273442218, 41.813856323899394], [-72.71504334664618, 41.813856323899394]]], [[[-72.7147638914142, 41.8141491086994], [-72.7147638914142, 41.81412819549939], [-72.71477273493419, 41.81412819549939], [-72.71477273493419, 41.8141491086994], [-72.7147638914142, 41.8141491086994]]], [[[-72.71503450312618, 41.8140855325714], [-72.71503450312618, 41.814065455899396], [-72.71504069359018, 41.814065455899396], [-72.71504069359018, 41.8140855325714], [-72.71503450312618, 41.8140855325714]]], [[[-72.71589055586219, 41.814192608155395], [-72.71589055586219, 41.814182569819394], [-72.71588082799018, 41.814182569819394], [-72.71588082799018, 41.814192608155395], [-72.71589055586219, 41.814192608155395]]], [[[-72.71514770018219, 41.814234434555395], [-72.71514770018219, 41.8142135213554], [-72.7151388566622, 41.8142135213554], [-72.7151388566622, 41.814234434555395], [-72.71514770018219, 41.814234434555395]]], [[[-72.71526531899818, 41.813952524619395], [-72.71527150946218, 41.813952524619395], [-72.71527150946218, 41.8139458323954], [-72.71526531899818, 41.8139458323954], [-72.71526531899818, 41.813952524619395]]], [[[-72.71537055688619, 41.8142377806674], [-72.71539178133419, 41.8142377806674], [-72.71539178133419, 41.814246982475396], [-72.71537055688619, 41.814246982475396], [-72.71537055688619, 41.8142377806674]]], [[[-72.71456668091818, 41.8140646193714], [-72.71456668091818, 41.8140437061714], [-72.71457552443817, 41.8140437061714], [-72.71457552443817, 41.8140646193714], [-72.71456668091818, 41.8140646193714]]], [[[-72.71467634056619, 41.8138931311314], [-72.71467634056619, 41.8138722179314], [-72.71468518408619, 41.8138722179314], [-72.71468518408619, 41.8138931311314], [-72.71467634056619, 41.8138931311314]]], [[[-72.71535994466217, 41.8138697083474], [-72.7153643664222, 41.8138680352914], [-72.71535640725418, 41.813849631675396], [-72.7153519854942, 41.813852141259396], [-72.71535994466217, 41.8138697083474]]], [[[-72.71468606843817, 41.8141909350994], [-72.71468606843817, 41.8141708584274], [-72.71469668066219, 41.8141708584274], [-72.71469668066219, 41.8141909350994], [-72.71468606843817, 41.8141909350994]]], [[[-72.71464715695018, 41.814084696043395], [-72.71464715695018, 41.8140646193714], [-72.71465334741417, 41.8140646193714], [-72.71465334741417, 41.814084696043395], [-72.71464715695018, 41.814084696043395]]], [[[-72.71548906005417, 41.8139140443314], [-72.71548906005417, 41.8138872754354], [-72.71549878792618, 41.8138872754354], [-72.71549878792618, 41.8139140443314], [-72.71548906005417, 41.8139140443314]]], [[[-72.71523878843819, 41.813971764763394], [-72.71524497890218, 41.813971764763394], [-72.71524497890218, 41.813965072539396], [-72.71523878843819, 41.813965072539396], [-72.71523878843819, 41.813971764763394]]], [[[-72.71456491221419, 41.8142085021874], [-72.71456491221419, 41.81420682913139], [-72.71457552443817, 41.81420682913139], [-72.71457552443817, 41.8142085021874], [-72.71456491221419, 41.8142085021874]]], [[[-72.71572429768617, 41.814183406347404], [-72.71573137250218, 41.814183406347404], [-72.71573137250218, 41.814168348843396], [-72.71572429768617, 41.814168348843396], [-72.71572429768617, 41.814183406347404]]], [[[-72.71529184955818, 41.8139901683794], [-72.71529804002218, 41.8139901683794], [-72.71529804002218, 41.813984312683395], [-72.71529184955818, 41.813984312683395], [-72.71529184955818, 41.8139901683794]]], [[[-72.71510878869418, 41.81425534775539], [-72.71510878869418, 41.814234434555395], [-72.71511851656618, 41.814234434555395], [-72.71511851656618, 41.81425534775539], [-72.71510878869418, 41.81425534775539]]], [[[-72.71445083080617, 41.814118993691395], [-72.71445083080617, 41.8141181571634], [-72.71446321173418, 41.8141181571634], [-72.71446321173418, 41.814118993691395], [-72.71445083080617, 41.814118993691395]]], [[[-72.71468518408619, 41.81427542442739], [-72.71468518408619, 41.81425534775539], [-72.71467457186219, 41.81425534775539], [-72.71467457186219, 41.81427542442739], [-72.71468518408619, 41.81427542442739]]], [[[-72.71503361877417, 41.8140646193714], [-72.71503361877417, 41.8140445426994], [-72.7150274283102, 41.8140445426994], [-72.7150274283102, 41.8140646193714], [-72.71503361877417, 41.8140646193714]]], [[[-72.71473117039018, 41.81404203311539], [-72.71471878946218, 41.81404203311539], [-72.71471878946218, 41.814036177419396], [-72.71473117039018, 41.814036177419396], [-72.71473117039018, 41.81404203311539]]], [[[-72.71468518408619, 41.8140855325714], [-72.71468518408619, 41.814065455899396], [-72.71467457186219, 41.814065455899396], [-72.71467457186219, 41.8140855325714], [-72.71468518408619, 41.8140855325714]]], [[[-72.71480280290218, 41.8138186801394], [-72.71480280290218, 41.8137969304114], [-72.71481164642218, 41.8137969304114], [-72.71481164642218, 41.8138186801394], [-72.71480280290218, 41.8138186801394]]], [[[-72.71500001339818, 41.8139224096114], [-72.71500001339818, 41.813900659883394], [-72.71499116987819, 41.813900659883394], [-72.71499116987819, 41.8139224096114], [-72.71500001339818, 41.8139224096114]]], [[[-72.71445083080617, 41.814219377051394], [-72.71445083080617, 41.8142185405234], [-72.71446321173418, 41.8142185405234], [-72.71446321173418, 41.814219377051394], [-72.71445083080617, 41.814219377051394]]], [[[-72.71518484296618, 41.8142335980274], [-72.71518484296618, 41.814212684827396], [-72.71519103343017, 41.814212684827396], [-72.71519103343017, 41.8142335980274], [-72.71518484296618, 41.8142335980274]]], [[[-72.71523171362219, 41.8137718345714], [-72.71523790408618, 41.8137718345714], [-72.71523790408618, 41.813764305819404], [-72.71523171362219, 41.813764305819404], [-72.71523171362219, 41.8137718345714]]], [[[-72.71445083080617, 41.81380445916339], [-72.71445083080617, 41.813802786107395], [-72.71443844987819, 41.813802786107395], [-72.71443844987819, 41.81380445916339], [-72.71445083080617, 41.81380445916339]]], [[[-72.71491776866218, 41.814282953179394], [-72.71493368699817, 41.814282953179394], [-72.71493368699817, 41.814277097483405], [-72.71491776866218, 41.814277097483405], [-72.71491776866218, 41.814282953179394]]], [[[-72.71455429999018, 41.813776017211396], [-72.71455429999018, 41.8137542674834], [-72.71456314351018, 41.8137542674834], [-72.71456314351018, 41.813776017211396], [-72.71455429999018, 41.813776017211396]]], [[[-72.71484436744618, 41.8138186801394], [-72.71484436744618, 41.8137969304114], [-72.71485409531819, 41.8137969304114], [-72.71485409531819, 41.8138186801394], [-72.71484436744618, 41.8138186801394]]], [[[-72.71535994466217, 41.813815334027396], [-72.7153643664222, 41.81381282444339], [-72.71535552290219, 41.8137952573554], [-72.71535110114218, 41.8137977669394], [-72.71535994466217, 41.813815334027396]]], [[[-72.71561375368618, 41.814413451547395], [-72.71561375368618, 41.814391701819396], [-72.71560491016619, 41.814391701819396], [-72.71560491016619, 41.814413451547395], [-72.71561375368618, 41.814413451547395]]], [[[-72.71531661141418, 41.8141290320274], [-72.71532633928618, 41.8141290320274], [-72.71532633928618, 41.81412819549939], [-72.71531661141418, 41.81412819549939], [-72.71531661141418, 41.8141290320274]]], [[[-72.71506810850218, 41.81432143346739], [-72.71504688405417, 41.81432143346739], [-72.71504688405417, 41.8143272891634], [-72.71506810850218, 41.8143272891634], [-72.71506810850218, 41.81432143346739]]], [[[-72.71539620309417, 41.8143724616754], [-72.71541654319017, 41.8143724616754], [-72.71541654319017, 41.81436325986739], [-72.71539620309417, 41.81436325986739], [-72.71539620309417, 41.8143724616754]]], [[[-72.71451981026219, 41.814102263131396], [-72.71451981026219, 41.8140805134034], [-72.71451096674218, 41.8140805134034], [-72.71451096674218, 41.814102263131396], [-72.71451981026219, 41.814102263131396]]], [[[-72.71554300552619, 41.8140646193714], [-72.71554300552619, 41.814042869643394], [-72.7155323933022, 41.814042869643394], [-72.7155323933022, 41.8140646193714], [-72.71554300552619, 41.8140646193714]]], [[[-72.71476566011819, 41.8139291018354], [-72.71476566011819, 41.8139081886354], [-72.71477185058218, 41.8139081886354], [-72.71477185058218, 41.8139291018354], [-72.71476566011819, 41.8139291018354]]], [[[-72.71504334664618, 41.8138345741714], [-72.71504334664618, 41.81381282444339], [-72.71503273442218, 41.81381282444339], [-72.71503273442218, 41.8138345741714], [-72.71504334664618, 41.8138345741714]]], [[[-72.71589055586219, 41.8143699520914], [-72.71589055586219, 41.8143482023634], [-72.71588082799018, 41.8143482023634], [-72.71588082799018, 41.8143699520914], [-72.71589055586219, 41.8143699520914]]], [[[-72.71484348309417, 41.8138186801394], [-72.71484348309417, 41.8137969304114], [-72.71483287087018, 41.8137969304114], [-72.71483287087018, 41.8138186801394], [-72.71484348309417, 41.8138186801394]]], [[[-72.71495668015018, 41.8138830927954], [-72.71495668015018, 41.813861343067394], [-72.71496552367019, 41.813861343067394], [-72.71496552367019, 41.8138830927954], [-72.71495668015018, 41.8138830927954]]], [[[-72.71472321122218, 41.8143724616754], [-72.71474443567018, 41.8143724616754], [-72.71474443567018, 41.8143666059794], [-72.71472321122218, 41.8143666059794], [-72.71472321122218, 41.8143724616754]]], [[[-72.71438096699819, 41.8141181571634], [-72.71438096699819, 41.814116484107394], [-72.71439334792619, 41.814116484107394], [-72.71439334792619, 41.8141181571634], [-72.71438096699819, 41.8141181571634]]], [[[-72.71491953736619, 41.81390902516339], [-72.71491953736619, 41.813888111963394], [-72.71492661218218, 41.813888111963394], [-72.71492661218218, 41.81390902516339], [-72.71491953736619, 41.81390902516339]]], [[[-72.71445083080617, 41.81424112677939], [-72.71445083080617, 41.81424029025139], [-72.71443844987819, 41.81424029025139], [-72.71443844987819, 41.81424112677939], [-72.71445083080617, 41.81424112677939]]], [[[-72.71437919829418, 41.8139508515634], [-72.71437919829418, 41.813929938363394], [-72.71436947042218, 41.813929938363394], [-72.71436947042218, 41.8139508515634], [-72.71437919829418, 41.8139508515634]]], [[[-72.71455695304617, 41.8143523850034], [-72.71455164693417, 41.8143523850034], [-72.71455164693417, 41.81434234666739], [-72.71455695304617, 41.81434234666739], [-72.71455695304617, 41.8143523850034]]], [[[-72.71483552392618, 41.81420682913139], [-72.71485321096618, 41.81420682913139], [-72.71485321096618, 41.8142043195474], [-72.71483552392618, 41.8142043195474], [-72.71483552392618, 41.81420682913139]]], [[[-72.7147638914142, 41.8142545112274], [-72.7147638914142, 41.8142335980274], [-72.71477273493419, 41.8142335980274], [-72.71477273493419, 41.8142545112274], [-72.7147638914142, 41.8142545112274]]], [[[-72.71516538722219, 41.813827045419394], [-72.71516538722219, 41.813806132219405], [-72.7151565437022, 41.813806132219405], [-72.7151565437022, 41.813827045419394], [-72.71516538722219, 41.813827045419394]]], [[[-72.71455429999018, 41.813842102923395], [-72.71455429999018, 41.8138203531954], [-72.71456314351018, 41.8138203531954], [-72.71456314351018, 41.813842102923395], [-72.71455429999018, 41.813842102923395]]], [[[-72.71514770018219, 41.8140863690994], [-72.71514770018219, 41.8140662924274], [-72.7151388566622, 41.8140662924274], [-72.7151388566622, 41.8140863690994], [-72.71514770018219, 41.8140863690994]]], [[[-72.71477361928618, 41.813760959707395], [-72.71475239483819, 41.813760959707395], [-72.71475239483819, 41.8137525944274], [-72.71477361928618, 41.8137525944274], [-72.71477361928618, 41.813760959707395]]], [[[-72.71500178210218, 41.81387807362739], [-72.71500178210218, 41.813856323899394], [-72.71501239432618, 41.813856323899394], [-72.71501239432618, 41.81387807362739], [-72.71500178210218, 41.81387807362739]]], [[[-72.71514770018219, 41.814212684827396], [-72.71514770018219, 41.814192608155395], [-72.7151388566622, 41.814192608155395], [-72.7151388566622, 41.814212684827396], [-72.71514770018219, 41.814212684827396]]], [[[-72.71572341333419, 41.8143147412434], [-72.71574110037417, 41.8143147412434], [-72.71574110037417, 41.81429466457139], [-72.71572341333419, 41.81429466457139], [-72.71572341333419, 41.8143147412434]]], [[[-72.71570307323817, 41.8139684186514], [-72.71570307323817, 41.813942486283395], [-72.71568715490218, 41.813942486283395], [-72.71568715490218, 41.8139684186514], [-72.71570307323817, 41.8139684186514]]], [[[-72.71540062485418, 41.813760959707395], [-72.71542184930217, 41.813760959707395], [-72.71542184930217, 41.8137525944274], [-72.71540062485418, 41.8137525944274], [-72.71540062485418, 41.813760959707395]]], [[[-72.71510878869418, 41.8141499452274], [-72.71510878869418, 41.8141290320274], [-72.71511851656618, 41.8141290320274], [-72.71511851656618, 41.8141499452274], [-72.71510878869418, 41.8141499452274]]], [[[-72.71525735983019, 41.8137801998514], [-72.71526355029418, 41.8137801998514], [-72.71526355029418, 41.8137726710994], [-72.71525735983019, 41.8137726710994], [-72.71525735983019, 41.8137801998514]]], [[[-72.71457464008617, 41.814276260955396], [-72.71455429999018, 41.814276260955396], [-72.71455429999018, 41.8142821166514], [-72.71457464008617, 41.8142821166514], [-72.71457464008617, 41.814276260955396]]], [[[-72.71523082927017, 41.8139901683794], [-72.71523790408618, 41.8139901683794], [-72.71523790408618, 41.813984312683395], [-72.71523082927017, 41.813984312683395], [-72.71523082927017, 41.8139901683794]]], [[[-72.71488504763818, 41.8139140443314], [-72.71488504763818, 41.813893967659396], [-72.71489123810218, 41.813893967659396], [-72.71489123810218, 41.8139140443314], [-72.71488504763818, 41.8139140443314]]], [[[-72.71438096699819, 41.8141541278674], [-72.71438096699819, 41.8141524548114], [-72.71439334792619, 41.8141524548114], [-72.71439334792619, 41.8141541278674], [-72.71438096699819, 41.8141541278674]]], [[[-72.71549348181419, 41.8142394537234], [-72.71549348181419, 41.8142185405234], [-72.71550320968619, 41.8142185405234], [-72.71550320968619, 41.8142394537234], [-72.71549348181419, 41.8142394537234]]], [[[-72.71455253128619, 41.8138404298674], [-72.71455253128619, 41.813819516667394], [-72.71454280341418, 41.813819516667394], [-72.71454280341418, 41.8138404298674], [-72.71455253128619, 41.8138404298674]]], [[[-72.71488416328619, 41.8142394537234], [-72.71488416328619, 41.8142085021874], [-72.71487531976618, 41.8142085021874], [-72.71487531976618, 41.8142394537234], [-72.71488416328619, 41.8142394537234]]], [[[-72.71568980795819, 41.81420348301939], [-72.7157066106462, 41.81420348301939], [-72.7157066106462, 41.814183406347404], [-72.71568980795819, 41.814183406347404], [-72.71568980795819, 41.81420348301939]]], [[[-72.71484436744618, 41.8139291018354], [-72.71484436744618, 41.8139081886354], [-72.71485409531819, 41.8139081886354], [-72.71485409531819, 41.8139291018354], [-72.71484436744618, 41.8139291018354]]], [[[-72.71537055688619, 41.8141959542674], [-72.71539178133419, 41.8141959542674], [-72.71539178133419, 41.8141875889874], [-72.71537055688619, 41.8141875889874], [-72.71537055688619, 41.8141959542674]]], [[[-72.71489742856618, 41.814337327499395], [-72.71489742856618, 41.81431725082739], [-72.71490273467818, 41.81431725082739], [-72.71490273467818, 41.814337327499395], [-72.71489742856618, 41.814337327499395]]], [[[-72.71456491221419, 41.814266222619395], [-72.71456491221419, 41.8142645495634], [-72.71457552443817, 41.8142645495634], [-72.71457552443817, 41.814266222619395], [-72.71456491221419, 41.814266222619395]]], [[[-72.71477627234218, 41.8143189238834], [-72.71475593224618, 41.8143189238834], [-72.71475593224618, 41.8143139047154], [-72.71477627234218, 41.8143139047154], [-72.71477627234218, 41.8143189238834]]], [[[-72.71523171362219, 41.813819516667394], [-72.71523790408618, 41.813819516667394], [-72.71523790408618, 41.8138119879154], [-72.71523171362219, 41.8138119879154], [-72.71523171362219, 41.813819516667394]]], [[[-72.71575790306218, 41.8142745878994], [-72.71577470575018, 41.8142745878994], [-72.71577470575018, 41.8142545112274], [-72.71575790306218, 41.8142545112274], [-72.71575790306218, 41.8142745878994]]], [[[-72.71445083080617, 41.8138404298674], [-72.71445083080617, 41.81383875681139], [-72.71443844987819, 41.81383875681139], [-72.71443844987819, 41.8138404298674], [-72.71445083080617, 41.8138404298674]]], [[[-72.71582953557419, 41.814224396219394], [-72.71584722261417, 41.814224396219394], [-72.71584722261417, 41.81420348301939], [-72.71582953557419, 41.81420348301939], [-72.71582953557419, 41.814224396219394]]], [[[-72.7147638914142, 41.8137852190194], [-72.7147638914142, 41.813764305819404], [-72.71475151048618, 41.813764305819404], [-72.71475151048618, 41.8137852190194], [-72.7147638914142, 41.8137852190194]]], [[[-72.71456668091818, 41.814131541611395], [-72.71456668091818, 41.8141097918834], [-72.71457552443817, 41.8141097918834], [-72.71457552443817, 41.814131541611395], [-72.71456668091818, 41.814131541611395]]], [[[-72.71572429768617, 41.8142545112274], [-72.71573137250218, 41.8142545112274], [-72.71573137250218, 41.81423861719539], [-72.71572429768617, 41.81423861719539], [-72.71572429768617, 41.8142545112274]]], [[[-72.71464715695018, 41.8140637828434], [-72.71464715695018, 41.8140437061714], [-72.71465334741417, 41.8140437061714], [-72.71465334741417, 41.8140637828434], [-72.71464715695018, 41.8140637828434]]], [[[-72.71512559138218, 41.8137969304114], [-72.71512559138218, 41.81377518068339], [-72.71511674786218, 41.81377518068339], [-72.71511674786218, 41.8137969304114], [-72.71512559138218, 41.8137969304114]]], [[[-72.71450919803817, 41.813802786107395], [-72.71450919803817, 41.8138011130514], [-72.71449681711017, 41.8138011130514], [-72.71449681711017, 41.813802786107395], [-72.71450919803817, 41.813802786107395]]], [[[-72.71529184955818, 41.813971764763394], [-72.71529804002218, 41.813971764763394], [-72.71529804002218, 41.813965072539396], [-72.71529184955818, 41.813965072539396], [-72.71529184955818, 41.813971764763394]]], [[[-72.71464450389418, 41.81391739044339], [-72.71462681685418, 41.81391739044339], [-72.71462681685418, 41.813925755723396], [-72.71464450389418, 41.813925755723396], [-72.71464450389418, 41.81391739044339]]], [[[-72.71514770018219, 41.8141290320274], [-72.71514770018219, 41.8141081188274], [-72.7151388566622, 41.8141081188274], [-72.7151388566622, 41.8141290320274], [-72.71514770018219, 41.8141290320274]]], [[[-72.71500001339818, 41.813900659883394], [-72.71500001339818, 41.813878910155395], [-72.71499116987819, 41.813878910155395], [-72.71499116987819, 41.813900659883394], [-72.71500001339818, 41.813900659883394]]], [[[-72.71445083080617, 41.813890621547394], [-72.71445083080617, 41.8138889484914], [-72.71443844987819, 41.8138889484914], [-72.71443844987819, 41.813890621547394], [-72.71445083080617, 41.813890621547394]]], [[[-72.71508667989417, 41.8138722179314], [-72.71508667989417, 41.81385046820339], [-72.71509552341418, 41.81385046820339], [-72.71509552341418, 41.8138722179314], [-72.71508667989417, 41.8138722179314]]], [[[-72.71512647573418, 41.8139416497554], [-72.71512647573418, 41.813920736555396], [-72.71513620360618, 41.813920736555396], [-72.71513620360618, 41.8139416497554], [-72.71512647573418, 41.8139416497554]]], [[[-72.71482225864618, 41.8143557311154], [-72.71482225864618, 41.814335654443404], [-72.71482756475818, 41.814335654443404], [-72.71482756475818, 41.8143557311154], [-72.71482225864618, 41.8143557311154]]], [[[-72.71437919829418, 41.81390651557939], [-72.71437919829418, 41.81388560237939], [-72.71436947042218, 41.81388560237939], [-72.71436947042218, 41.81390651557939], [-72.71437919829418, 41.81390651557939]]], [[[-72.71562525026218, 41.8142545112274], [-72.71563232507819, 41.8142545112274], [-72.71563232507819, 41.81423861719539], [-72.71562525026218, 41.81423861719539], [-72.71562525026218, 41.8142545112274]]], [[[-72.71484436744618, 41.8142394537234], [-72.71484436744618, 41.8142085021874], [-72.71483552392618, 41.8142085021874], [-72.71483552392618, 41.8142394537234], [-72.71484436744618, 41.8142394537234]]], [[[-72.71510878869418, 41.814276260955396], [-72.71510878869418, 41.8142561842834], [-72.71511851656618, 41.8142561842834], [-72.71511851656618, 41.814276260955396], [-72.71510878869418, 41.814276260955396]]], [[[-72.71585164437418, 41.8139449958674], [-72.71585164437418, 41.8139190634994], [-72.71583572603818, 41.8139190634994], [-72.71583572603818, 41.8139449958674], [-72.71585164437418, 41.8139449958674]]], [[[-72.71468606843817, 41.8141056092434], [-72.71468606843817, 41.8140855325714], [-72.71469668066219, 41.8140855325714], [-72.71469668066219, 41.8141056092434], [-72.71468606843817, 41.8141056092434]]], [[[-72.71508402683818, 41.8139449958674], [-72.71507429896617, 41.8139449958674], [-72.71507429896617, 41.8139533611474], [-72.71508402683818, 41.8139533611474], [-72.71508402683818, 41.8139449958674]]], [[[-72.71523878843819, 41.813996860603396], [-72.71524497890218, 41.813996860603396], [-72.71524497890218, 41.8139901683794], [-72.71523878843819, 41.8139901683794], [-72.71523878843819, 41.813996860603396]]], [[[-72.71464981000618, 41.8143247795794], [-72.71464981000618, 41.8143147412434], [-72.71464450389418, 41.8143147412434], [-72.71464450389418, 41.8143247795794], [-72.71464981000618, 41.8143247795794]]], [[[-72.71518218991018, 41.8140646193714], [-72.71518218991018, 41.8140445426994], [-72.71517599944617, 41.8140445426994], [-72.71517599944617, 41.8140646193714], [-72.71518218991018, 41.8140646193714]]], [[[-72.71432525282218, 41.8139541976754], [-72.71432525282218, 41.813933284475404], [-72.71433586504618, 41.813933284475404], [-72.71433586504618, 41.8139541976754], [-72.71432525282218, 41.8139541976754]]], [[[-72.71552531848619, 41.813739209979396], [-72.71552531848619, 41.8137383734514], [-72.71552443413418, 41.8137383734514], [-72.71552354978219, 41.8137383734514], [-72.71552266543017, 41.8137383734514], [-72.71552266543017, 41.813739209979396], [-72.71552266543017, 41.81374004650739], [-72.71552266543017, 41.8137408830354], [-72.71552354978219, 41.8137408830354], [-72.71552443413418, 41.8137408830354], [-72.71552531848619, 41.8137408830354], [-72.71552531848619, 41.81374004650739], [-72.71552531848619, 41.813739209979396]]], [[[-72.71432879023017, 41.8143456927794], [-72.71432879023017, 41.814344856251395], [-72.71432790587818, 41.8143440197234], [-72.71432702152617, 41.8143440197234], [-72.71432613717418, 41.8143440197234], [-72.71432525282218, 41.8143440197234], [-72.71432525282218, 41.814344856251395], [-72.71432525282218, 41.8143456927794], [-72.71432525282218, 41.81434652930739], [-72.71432613717418, 41.81434652930739], [-72.71432702152617, 41.81434652930739], [-72.71432790587818, 41.81434652930739], [-72.71432879023017, 41.8143456927794]]], [[[-72.71462858555819, 41.81394415933939], [-72.71462770120618, 41.81394415933939], [-72.71462770120618, 41.8139433228114], [-72.71462770120618, 41.81394415933939], [-72.71462858555819, 41.81394415933939]]]]}}]}