{
  "type": "FeatureCollection",
  "features": [
    {
      "type": "Feature",
      "geometry": {
        "type": "MultiPolygon",
        "coordinates": [
          [
            [
              [
                -76.986631,
                39.827061
              ],
              [
                -76.986617,
                39.827061
              ],
              [
                -76.986617,
                39.826887
              ],
              [
                -76.986631,
                39.826887
              ],
              [
                -76.986631,
                39.827061
              ]
            ]
          ],
          [
            [
              [
                -76.98659,
                39.827056
              ],
              [
                -76.986576,
                39.827056
              ],
              [
                -76.986576,
                39.826939
              ],
              [
                -76.98659,
                39.826939
              ],
              [
                -76.98659,
                39.827056
              ]
            ]
          ],
          [
            [
              [
                -76.986618,
                39.826886
              ],
              [
                -76.986645,
                39.826886
              ],
              [
                -76.986645,
                39.82688
              ],
              [
                -76.986618,
                39.82688
              ],
              [
                -76.986618,
                39.826886
              ]
            ]
          ],
          [
            [
              [
                -76.986615,
                39.82688
              ],
              [
                -76.986615,
                39.826886
              ],
              [
                -76.986617,
                39.826886
              ],
              [
                -76.986617,
                39.82688
              ],
              [
                -76.986615,
                39.82688
              ]
            ]
          ],
          [
            [
              [
                -76.986715,
                39.826625
              ],
              [
                -76.986742,
                39.826625
              ],
              [
                -76.986742,
                39.826628
              ],
              [
                -76.986715,
                39.826628
              ],
              [
                -76.986715,
                39.826625
              ]
            ]
          ],
          [
            [
              [
                -76.986743,
                39.826625
              ],
              [
                -76.98677,
                39.826625
              ],
              [
                -76.98677,
                39.826628
              ],
              [
                -76.986743,
                39.826628
              ],
              [
                -76.986743,
                39.826625
              ]
            ]
          ],
          [
            [
              [
                -76.986478,
                39.827089
              ],
              [
                -76.986495,
                39.827089
              ],
              [
                -76.986495,
                39.827083
              ],
              [
                -76.986478,
                39.827083
              ],
              [
                -76.986478,
                39.827089
              ]
            ]
          ],
          [
            [
              [
                -76.986448,
                39.827089
              ],
              [
                -76.986477,
                39.827089
              ],
              [
                -76.986477,
                39.827083
              ],
              [
                -76.986448,
                39.827083
              ],
              [
                -76.986448,
                39.827089
              ]
            ]
          ],
          [
            [
              [
                -76.987011,
                39.826621
              ],
              [
                -76.987011,
                39.826624
              ],
              [
                -76.987018,
                39.826624
              ],
              [
                -76.987018,
                39.826621
              ],
              [
                -76.987011,
                39.826621
              ]
            ]
          ],
          [
            [
              [
                -76.986592,
                39.826917
              ],
              [
                -76.986578,
                39.826917
              ],
              [
                -76.986578,
                39.826915
              ],
              [
                -76.986592,
                39.826915
              ],
              [
                -76.986592,
                39.826917
              ]
            ]
          ],
          [
            [
              [
                -76.986592,
                39.826883
              ],
              [
                -76.986578,
                39.826883
              ],
              [
                -76.986578,
                39.82688
              ],
              [
                -76.986592,
                39.82688
              ],
              [
                -76.986592,
                39.826883
              ]
            ]
          ],
          [
            [
              [
                -76.986795,
                39.826754
              ],
              [
                -76.986795,
                39.826758
              ],
              [
                -76.986788,
                39.826758
              ],
              [
                -76.986788,
                39.826754
              ],
              [
                -76.986795,
                39.826754
              ]
            ]
          ],
          [
            [
              [
                -76.986593,
                39.826915
              ],
              [
                -76.986585,
                39.826915
              ],
              [
                -76.986585,
                39.826883
              ],
              [
                -76.986593,
                39.826883
              ],
              [
                -76.986593,
                39.826915
              ]
            ]
          ],
          [
            [
              [
                -76.986585,
                39.826915
              ],
              [
                -76.986576,
                39.826915
              ],
              [
                -76.986576,
                39.826883
              ],
              [
                -76.986585,
                39.826883
              ],
              [
                -76.986585,
                39.826915
              ]
            ]
          ],
          [
            [
              [
                -76.986137,
                39.827242
              ],
              [
                -76.986116,
                39.827242
              ],
              [
                -76.986116,
                39.827184
              ],
              [
                -76.986137,
                39.827184
              ],
              [
                -76.986137,
                39.827242
              ]
            ]
          ],
          [
            [
              [
                -76.98619,
                39.827184
              ],
              [
                -76.986154,
                39.827184
              ],
              [
                -76.986154,
                39.827159
              ],
              [
                -76.98619,
                39.827159
              ],
              [
                -76.98619,
                39.827184
              ]
            ]
          ],
          [
            [
              [
                -76.986897,
                39.826625
              ],
              [
                -76.98689,
                39.826625
              ],
              [
                -76.98689,
                39.826629
              ],
              [
                -76.986897,
                39.826629
              ],
              [
                -76.986897,
                39.826625
              ]
            ]
          ],
          [
            [
              [
                -76.986094,
                39.827242
              ],
              [
                -76.986073,
                39.827242
              ],
              [
                -76.986073,
                39.827126
              ],
              [
                -76.986094,
                39.827126
              ],
              [
                -76.986094,
                39.827242
              ]
            ]
          ],
          [
            [
              [
                -76.986088,
                39.82693
              ],
              [
                -76.986079,
                39.82693
              ],
              [
                -76.986079,
                39.826884
              ],
              [
                -76.986088,
                39.826884
              ],
              [
                -76.986088,
                39.82693
              ]
            ]
          ],
          [
            [
              [
                -76.986876,
                39.826625
              ],
              [
                -76.986869,
                39.826625
              ],
              [
                -76.986869,
                39.826629
              ],
              [
                -76.986876,
                39.826629
              ],
              [
                -76.986876,
                39.826625
              ]
            ]
          ],
          [
            [
              [
                -76.986153,
                39.827184
              ],
              [
                -76.986117,
                39.827184
              ],
              [
                -76.986117,
                39.827163
              ],
              [
                -76.986153,
                39.827163
              ],
              [
                -76.986153,
                39.827184
              ]
            ]
          ],
          [
            [
              [
                -76.986071,
                39.827242
              ],
              [
                -76.986051,
                39.827242
              ],
              [
                -76.986051,
                39.827126
              ],
              [
                -76.986071,
                39.827126
              ],
              [
                -76.986071,
                39.827242
              ]
            ]
          ],
          [
            [
              [
                -76.986476,
                39.82692
              ],
              [
                -76.986463,
                39.82692
              ],
              [
                -76.986463,
                39.826888
              ],
              [
                -76.986476,
                39.826888
              ],
              [
                -76.986476,
                39.82692
              ]
            ]
          ],
          [
            [
              [
                -76.98646,
                39.82692
              ],
              [
                -76.986446,
                39.82692
              ],
              [
                -76.986446,
                39.826888
              ],
              [
                -76.98646,
                39.826888
              ],
              [
                -76.98646,
                39.82692
              ]
            ]
          ],
          [
            [
              [
                -76.986028,
                39.827242
              ],
              [
                -76.986008,
                39.827242
              ],
              [
                -76.986008,
                39.827126
              ],
              [
                -76.986028,
                39.827126
              ],
              [
                -76.986028,
                39.827242
              ]
            ]
          ],
          [
            [
              [
                -76.986796,
                39.826634
              ],
              [
                -76.986789,
                39.826634
              ],
              [
                -76.986789,
                39.826608
              ],
              [
                -76.986796,
                39.826608
              ],
              [
                -76.986796,
                39.826634
              ]
            ]
          ],
          [
            [
              [
                -76.986467,
                39.82688
              ],
              [
                -76.986467,
                39.826887
              ],
              [
                -76.986455,
                39.826887
              ],
              [
                -76.986455,
                39.82688
              ],
              [
                -76.986467,
                39.82688
              ]
            ]
          ],
          [
            [
              [
                -76.986789,
                39.826634
              ],
              [
                -76.986782,
                39.826634
              ],
              [
                -76.986782,
                39.826608
              ],
              [
                -76.986789,
                39.826608
              ],
              [
                -76.986789,
                39.826634
              ]
            ]
          ],
          [
            [
              [
                -76.986006,
                39.827242
              ],
              [
                -76.985985,
                39.827242
              ],
              [
                -76.985985,
                39.827126
              ],
              [
                -76.986006,
                39.827126
              ],
              [
                -76.986006,
                39.827242
              ]
            ]
          ],
          [
            [
              [
                -76.986183,
                39.827092
              ],
              [
                -76.986147,
                39.827092
              ],
              [
                -76.986147,
                39.827102
              ],
              [
                -76.986183,
                39.827102
              ],
              [
                -76.986183,
                39.827092
              ]
            ]
          ],
          [
            [
              [
                -76.986409,
                39.826892
              ],
              [
                -76.986423,
                39.826892
              ],
              [
                -76.986423,
                39.826887
              ],
              [
                -76.986409,
                39.826887
              ],
              [
                -76.986409,
                39.826892
              ]
            ]
          ],
          [
            [
              [
                -76.986146,
                39.827092
              ],
              [
                -76.98611,
                39.827092
              ],
              [
                -76.98611,
                39.827102
              ],
              [
                -76.986146,
                39.827102
              ],
              [
                -76.986146,
                39.827092
              ]
            ]
          ],
          [
            [
              [
                -76.985963,
                39.827242
              ],
              [
                -76.985942,
                39.827242
              ],
              [
                -76.985942,
                39.827126
              ],
              [
                -76.985963,
                39.827126
              ],
              [
                -76.985963,
                39.827242
              ]
            ]
          ],
          [
            [
              [
                -76.986406,
                39.826892
              ],
              [
                -76.986393,
                39.826892
              ],
              [
                -76.986393,
                39.826887
              ],
              [
                -76.986406,
                39.826887
              ],
              [
                -76.986406,
                39.826892
              ]
            ]
          ],
          [
            [
              [
                -76.986414,
                39.826879
              ],
              [
                -76.986414,
                39.826885
              ],
              [
                -76.986402,
                39.826885
              ],
              [
                -76.986402,
                39.826879
              ],
              [
                -76.986414,
                39.826879
              ]
            ]
          ],
          [
            [
              [
                -76.98605,
                39.827125
              ],
              [
                -76.986093,
                39.827125
              ],
              [
                -76.986093,
                39.827118
              ],
              [
                -76.98605,
                39.827118
              ],
              [
                -76.98605,
                39.827125
              ]
            ]
          ],
          [
            [
              [
                -76.986245,
                39.82699
              ],
              [
                -76.986266,
                39.82699
              ],
              [
                -76.986266,
                39.826987
              ],
              [
                -76.986245,
                39.826987
              ],
              [
                -76.986245,
                39.82699
              ]
            ]
          ],
          [
            [
              [
                -76.98611,
                39.827102
              ],
              [
                -76.986074,
                39.827102
              ],
              [
                -76.986074,
                39.827092
              ],
              [
                -76.98611,
                39.827092
              ],
              [
                -76.98611,
                39.827102
              ]
            ]
          ],
          [
            [
              [
                -76.986096,
                39.827069
              ],
              [
                -76.986088,
                39.827069
              ],
              [
                -76.986088,
                39.827064
              ],
              [
                -76.986096,
                39.827064
              ],
              [
                -76.986096,
                39.827069
              ]
            ]
          ],
          [
            [
              [
                -76.985889,
                39.827242
              ],
              [
                -76.985917,
                39.827242
              ],
              [
                -76.985917,
                39.827239
              ],
              [
                -76.985889,
                39.827239
              ],
              [
                -76.985889,
                39.827242
              ]
            ]
          ],
          [
            [
              [
                -76.986028,
                39.827125
              ],
              [
                -76.986049,
                39.827125
              ],
              [
                -76.986049,
                39.827118
              ],
              [
                -76.986028,
                39.827118
              ],
              [
                -76.986028,
                39.827125
              ]
            ]
          ],
          [
            [
              [
                -76.986073,
                39.827092
              ],
              [
                -76.986037,
                39.827092
              ],
              [
                -76.986037,
                39.827102
              ],
              [
                -76.986073,
                39.827102
              ],
              [
                -76.986073,
                39.827092
              ]
            ]
          ],
          [
            [
              [
                -76.98586,
                39.827242
              ],
              [
                -76.985888,
                39.827242
              ],
              [
                -76.985888,
                39.827239
              ],
              [
                -76.98586,
                39.827239
              ],
              [
                -76.98586,
                39.827242
              ]
            ]
          ],
          [
            [
              [
                -76.986697,
                39.826605
              ],
              [
                -76.986685,
                39.826605
              ],
              [
                -76.986685,
                39.826607
              ],
              [
                -76.986697,
                39.826607
              ],
              [
                -76.986697,
                39.826605
              ]
            ]
          ],
          [
            [
              [
                -76.985985,
                39.827125
              ],
              [
                -76.986028,
                39.827125
              ],
              [
                -76.986028,
                39.827118
              ],
              [
                -76.985985,
                39.827118
              ],
              [
                -76.985985,
                39.827125
              ]
            ]
          ],
          [
            [
              [
                -76.986178,
                39.826999
              ],
              [
                -76.986178,
                39.827005
              ],
              [
                -76.986167,
                39.827005
              ],
              [
                -76.986167,
                39.826999
              ],
              [
                -76.986178,
                39.826999
              ]
            ]
          ],
          [
            [
              [
                -76.986213,
                39.826965
              ],
              [
                -76.98622,
                39.826965
              ],
              [
                -76.98622,
                39.826943
              ],
              [
                -76.986213,
                39.826943
              ],
              [
                -76.986213,
                39.826965
              ]
            ]
          ],
          [
            [
              [
                -76.986155,
                39.826999
              ],
              [
                -76.986155,
                39.827005
              ],
              [
                -76.986167,
                39.827005
              ],
              [
                -76.986167,
                39.826999
              ],
              [
                -76.986155,
                39.826999
              ]
            ]
          ],
          [
            [
              [
                -76.986084,
                39.827064
              ],
              [
                -76.986076,
                39.827064
              ],
              [
                -76.986076,
                39.827069
              ],
              [
                -76.986084,
                39.827069
              ],
              [
                -76.986084,
                39.827064
              ]
            ]
          ],
          [
            [
              [
                -76.986179,
                39.826969
              ],
              [
                -76.986212,
                39.826969
              ],
              [
                -76.986212,
                39.826965
              ],
              [
                -76.986179,
                39.826965
              ],
              [
                -76.986179,
                39.826969
              ]
            ]
          ],
          [
            [
              [
                -76.985831,
                39.827242
              ],
              [
                -76.985859,
                39.827242
              ],
              [
                -76.985859,
                39.827239
              ],
              [
                -76.985831,
                39.827239
              ],
              [
                -76.985831,
                39.827242
              ]
            ]
          ],
          [
            [
              [
                -76.986037,
                39.827092
              ],
              [
                -76.986001,
                39.827092
              ],
              [
                -76.986001,
                39.827102
              ],
              [
                -76.986037,
                39.827102
              ],
              [
                -76.986037,
                39.827092
              ]
            ]
          ],
          [
            [
              [
                -76.985897,
                39.82721
              ],
              [
                -76.985889,
                39.82721
              ],
              [
                -76.985889,
                39.827123
              ],
              [
                -76.985897,
                39.827123
              ],
              [
                -76.985897,
                39.82721
              ]
            ]
          ],
          [
            [
              [
                -76.985885,
                39.827207
              ],
              [
                -76.985873,
                39.827207
              ],
              [
                -76.985873,
                39.827123
              ],
              [
                -76.985885,
                39.827123
              ],
              [
                -76.985885,
                39.827207
              ]
            ]
          ],
          [
            [
              [
                -76.986133,
                39.827006
              ],
              [
                -76.986111,
                39.827006
              ],
              [
                -76.986111,
                39.827012
              ],
              [
                -76.986133,
                39.827012
              ],
              [
                -76.986133,
                39.827006
              ]
            ]
          ],
          [
            [
              [
                -76.986057,
                39.827064
              ],
              [
                -76.986049,
                39.827064
              ],
              [
                -76.986049,
                39.827069
              ],
              [
                -76.986057,
                39.827069
              ],
              [
                -76.986057,
                39.827064
              ]
            ]
          ],
          [
            [
              [
                -76.985963,
                39.827125
              ],
              [
                -76.985984,
                39.827125
              ],
              [
                -76.985984,
                39.827118
              ],
              [
                -76.985963,
                39.827118
              ],
              [
                -76.985963,
                39.827125
              ]
            ]
          ],
          [
            [
              [
                -76.986182,
                39.826956
              ],
              [
                -76.986194,
                39.826956
              ],
              [
                -76.986194,
                39.826944
              ],
              [
                -76.986182,
                39.826944
              ],
              [
                -76.986182,
                39.826956
              ]
            ]
          ],
          [
            [
              [
                -76.986045,
                39.827064
              ],
              [
                -76.986037,
                39.827064
              ],
              [
                -76.986037,
                39.827069
              ],
              [
                -76.986045,
                39.827069
              ],
              [
                -76.986045,
                39.827064
              ]
            ]
          ],
          [
            [
              [
                -76.98592,
                39.827125
              ],
              [
                -76.985962,
                39.827125
              ],
              [
                -76.985962,
                39.827118
              ],
              [
                -76.98592,
                39.827118
              ],
              [
                -76.98592,
                39.827125
              ]
            ]
          ],
          [
            [
              [
                -76.985996,
                39.827092
              ],
              [
                -76.98596,
                39.827092
              ],
              [
                -76.98596,
                39.827098
              ],
              [
                -76.985996,
                39.827098
              ],
              [
                -76.985996,
                39.827092
              ]
            ]
          ],
          [
            [
              [
                -76.986097,
                39.827007
              ],
              [
                -76.986074,
                39.827007
              ],
              [
                -76.986074,
                39.827012
              ],
              [
                -76.986097,
                39.827012
              ],
              [
                -76.986097,
                39.827007
              ]
            ]
          ],
          [
            [
              [
                -76.986147,
                39.826967
              ],
              [
                -76.986155,
                39.826967
              ],
              [
                -76.986155,
                39.826944
              ],
              [
                -76.986147,
                39.826944
              ],
              [
                -76.986147,
                39.826967
              ]
            ]
          ],
          [
            [
              [
                -76.986113,
                39.826971
              ],
              [
                -76.986146,
                39.826971
              ],
              [
                -76.986146,
                39.826967
              ],
              [
                -76.986113,
                39.826967
              ],
              [
                -76.986113,
                39.826971
              ]
            ]
          ],
          [
            [
              [
                -76.98596,
                39.827092
              ],
              [
                -76.985924,
                39.827092
              ],
              [
                -76.985924,
                39.827098
              ],
              [
                -76.98596,
                39.827098
              ],
              [
                -76.98596,
                39.827092
              ]
            ]
          ],
          [
            [
              [
                -76.986117,
                39.826957
              ],
              [
                -76.986129,
                39.826957
              ],
              [
                -76.986129,
                39.826946
              ],
              [
                -76.986117,
                39.826946
              ],
              [
                -76.986117,
                39.826957
              ]
            ]
          ],
          [
            [
              [
                -76.986057,
                39.827007
              ],
              [
                -76.986037,
                39.827007
              ],
              [
                -76.986037,
                39.827012
              ],
              [
                -76.986057,
                39.827012
              ],
              [
                -76.986057,
                39.827007
              ]
            ]
          ],
          [
            [
              [
                -76.985725,
                39.827242
              ],
              [
                -76.985761,
                39.827242
              ],
              [
                -76.985761,
                39.827236
              ],
              [
                -76.985725,
                39.827236
              ],
              [
                -76.985725,
                39.827242
              ]
            ]
          ],
          [
            [
              [
                -76.986157,
                39.826927
              ],
              [
                -76.986148,
                39.826927
              ],
              [
                -76.986148,
                39.826923
              ],
              [
                -76.986157,
                39.826923
              ],
              [
                -76.986157,
                39.826927
              ]
            ]
          ],
          [
            [
              [
                -76.986157,
                39.826884
              ],
              [
                -76.986148,
                39.826884
              ],
              [
                -76.986148,
                39.82688
              ],
              [
                -76.986157,
                39.82688
              ],
              [
                -76.986157,
                39.826884
              ]
            ]
          ],
          [
            [
              [
                -76.986156,
                39.826923
              ],
              [
                -76.986148,
                39.826923
              ],
              [
                -76.986148,
                39.826884
              ],
              [
                -76.986156,
                39.826884
              ],
              [
                -76.986156,
                39.826923
              ]
            ]
          ],
          [
            [
              [
                -76.986148,
                39.826927
              ],
              [
                -76.986139,
                39.826927
              ],
              [
                -76.986139,
                39.826923
              ],
              [
                -76.986148,
                39.826923
              ],
              [
                -76.986148,
                39.826927
              ]
            ]
          ],
          [
            [
              [
                -76.986148,
                39.826884
              ],
              [
                -76.986139,
                39.826884
              ],
              [
                -76.986139,
                39.82688
              ],
              [
                -76.986148,
                39.82688
              ],
              [
                -76.986148,
                39.826884
              ]
            ]
          ],
          [
            [
              [
                -76.985896,
                39.827122
              ],
              [
                -76.985875,
                39.827122
              ],
              [
                -76.985875,
                39.827118
              ],
              [
                -76.985896,
                39.827118
              ],
              [
                -76.985896,
                39.827122
              ]
            ]
          ],
          [
            [
              [
                -76.986148,
                39.826923
              ],
              [
                -76.98614,
                39.826923
              ],
              [
                -76.98614,
                39.826884
              ],
              [
                -76.986148,
                39.826884
              ],
              [
                -76.986148,
                39.826923
              ]
            ]
          ],
          [
            [
              [
                -76.985923,
                39.827092
              ],
              [
                -76.985887,
                39.827092
              ],
              [
                -76.985887,
                39.827098
              ],
              [
                -76.985923,
                39.827098
              ],
              [
                -76.985923,
                39.827092
              ]
            ]
          ],
          [
            [
              [
                -76.986122,
                39.82693
              ],
              [
                -76.986114,
                39.82693
              ],
              [
                -76.986114,
                39.826884
              ],
              [
                -76.986122,
                39.826884
              ],
              [
                -76.986122,
                39.82693
              ]
            ]
          ],
          [
            [
              [
                -76.986113,
                39.82693
              ],
              [
                -76.986104,
                39.82693
              ],
              [
                -76.986104,
                39.826884
              ],
              [
                -76.986113,
                39.826884
              ],
              [
                -76.986113,
                39.82693
              ]
            ]
          ],
          [
            [
              [
                -76.986053,
                39.826975
              ],
              [
                -76.986045,
                39.826975
              ],
              [
                -76.986045,
                39.826948
              ],
              [
                -76.986053,
                39.826948
              ],
              [
                -76.986053,
                39.826975
              ]
            ]
          ],
          [
            [
              [
                -76.986053,
                39.826889
              ],
              [
                -76.986045,
                39.826889
              ],
              [
                -76.986045,
                39.826884
              ],
              [
                -76.986053,
                39.826884
              ],
              [
                -76.986053,
                39.826889
              ]
            ]
          ],
          [
            [
              [
                -76.986044,
                39.826975
              ],
              [
                -76.986037,
                39.826975
              ],
              [
                -76.986037,
                39.826948
              ],
              [
                -76.986044,
                39.826948
              ],
              [
                -76.986044,
                39.826975
              ]
            ]
          ],
          [
            [
              [
                -76.985887,
                39.827092
              ],
              [
                -76.985851,
                39.827092
              ],
              [
                -76.985851,
                39.827098
              ],
              [
                -76.985887,
                39.827098
              ],
              [
                -76.985887,
                39.827092
              ]
            ]
          ],
          [
            [
              [
                -76.986078,
                39.82693
              ],
              [
                -76.98607,
                39.82693
              ],
              [
                -76.98607,
                39.826884
              ],
              [
                -76.986078,
                39.826884
              ],
              [
                -76.986078,
                39.82693
              ]
            ]
          ],
          [
            [
              [
                -76.98585,
                39.827092
              ],
              [
                -76.985814,
                39.827092
              ],
              [
                -76.985814,
                39.827098
              ],
              [
                -76.98585,
                39.827098
              ],
              [
                -76.98585,
                39.827092
              ]
            ]
          ],
          [
            [
              [
                -76.986429,
                39.826632
              ],
              [
                -76.986421,
                39.826632
              ],
              [
                -76.986421,
                39.826635
              ],
              [
                -76.986429,
                39.826635
              ],
              [
                -76.986429,
                39.826632
              ]
            ]
          ],
          [
            [
              [
                -76.986427,
                39.826632
              ],
              [
                -76.986423,
                39.826632
              ],
              [
                -76.986423,
                39.826628
              ],
              [
                -76.986427,
                39.826628
              ],
              [
                -76.986427,
                39.826632
              ]
            ]
          ],
          [
            [
              [
                -76.986427,
                39.826622
              ],
              [
                -76.986423,
                39.826622
              ],
              [
                -76.986423,
                39.826618
              ],
              [
                -76.986427,
                39.826618
              ],
              [
                -76.986427,
                39.826622
              ]
            ]
          ],
          [
            [
              [
                -76.985814,
                39.827092
              ],
              [
                -76.985778,
                39.827092
              ],
              [
                -76.985778,
                39.827098
              ],
              [
                -76.985814,
                39.827098
              ],
              [
                -76.985814,
                39.827092
              ]
            ]
          ],
          [
            [
              [
                -76.986005,
                39.826939
              ],
              [
                -76.985998,
                39.826939
              ],
              [
                -76.985998,
                39.826926
              ],
              [
                -76.986005,
                39.826926
              ],
              [
                -76.986005,
                39.826939
              ]
            ]
          ],
          [
            [
              [
                -76.986005,
                39.826915
              ],
              [
                -76.985998,
                39.826915
              ],
              [
                -76.985998,
                39.826909
              ],
              [
                -76.986005,
                39.826909
              ],
              [
                -76.986005,
                39.826915
              ]
            ]
          ],
          [
            [
              [
                -76.986005,
                39.826901
              ],
              [
                -76.985998,
                39.826901
              ],
              [
                -76.985998,
                39.826895
              ],
              [
                -76.986005,
                39.826895
              ],
              [
                -76.986005,
                39.826901
              ]
            ]
          ],
          [
            [
              [
                -76.986005,
                39.826888
              ],
              [
                -76.985998,
                39.826888
              ],
              [
                -76.985998,
                39.826881
              ],
              [
                -76.986005,
                39.826881
              ],
              [
                -76.986005,
                39.826888
              ]
            ]
          ],
          [
            [
              [
                -76.985997,
                39.826926
              ],
              [
                -76.98599,
                39.826926
              ],
              [
                -76.98599,
                39.826939
              ],
              [
                -76.985997,
                39.826939
              ],
              [
                -76.985997,
                39.826926
              ]
            ]
          ],
          [
            [
              [
                -76.986004,
                39.826922
              ],
              [
                -76.98599,
                39.826922
              ],
              [
                -76.98599,
                39.826926
              ],
              [
                -76.986004,
                39.826926
              ],
              [
                -76.986004,
                39.826922
              ]
            ]
          ],
          [
            [
              [
                -76.986384,
                39.826625
              ],
              [
                -76.986384,
                39.826622
              ],
              [
                -76.98637,
                39.826622
              ],
              [
                -76.98637,
                39.826625
              ],
              [
                -76.986384,
                39.826625
              ]
            ]
          ],
          [
            [
              [
                -76.985777,
                39.827092
              ],
              [
                -76.985741,
                39.827092
              ],
              [
                -76.985741,
                39.827098
              ],
              [
                -76.985777,
                39.827098
              ],
              [
                -76.985777,
                39.827092
              ]
            ]
          ],
          [
            [
              [
                -76.986043,
                39.826884
              ],
              [
                -76.986035,
                39.826884
              ],
              [
                -76.986035,
                39.826889
              ],
              [
                -76.986043,
                39.826889
              ],
              [
                -76.986043,
                39.826884
              ]
            ]
          ],
          [
            [
              [
                -76.986382,
                39.826618
              ],
              [
                -76.986382,
                39.826622
              ],
              [
                -76.986378,
                39.826622
              ],
              [
                -76.986378,
                39.826618
              ],
              [
                -76.986382,
                39.826618
              ]
            ]
          ],
          [
            [
              [
                -76.986372,
                39.826618
              ],
              [
                -76.986372,
                39.826622
              ],
              [
                -76.986376,
                39.826622
              ],
              [
                -76.986376,
                39.826618
              ],
              [
                -76.986372,
                39.826618
              ]
            ]
          ],
          [
            [
              [
                -76.985997,
                39.826916
              ],
              [
                -76.985969,
                39.826916
              ],
              [
                -76.985969,
                39.826908
              ],
              [
                -76.985997,
                39.826908
              ],
              [
                -76.985997,
                39.826916
              ]
            ]
          ],
          [
            [
              [
                -76.985997,
                39.826902
              ],
              [
                -76.985969,
                39.826902
              ],
              [
                -76.985969,
                39.826894
              ],
              [
                -76.985997,
                39.826894
              ],
              [
                -76.985997,
                39.826902
              ]
            ]
          ],
          [
            [
              [
                -76.985997,
                39.826888
              ],
              [
                -76.985969,
                39.826888
              ],
              [
                -76.985969,
                39.826881
              ],
              [
                -76.985997,
                39.826881
              ],
              [
                -76.985997,
                39.826888
              ]
            ]
          ],
          [
            [
              [
                -76.986335,
                39.826632
              ],
              [
                -76.986328,
                39.826632
              ],
              [
                -76.986328,
                39.826635
              ],
              [
                -76.986335,
                39.826635
              ],
              [
                -76.986335,
                39.826632
              ]
            ]
          ],
          [
            [
              [
                -76.985969,
                39.826915
              ],
              [
                -76.985962,
                39.826915
              ],
              [
                -76.985962,
                39.826909
              ],
              [
                -76.985969,
                39.826909
              ],
              [
                -76.985969,
                39.826915
              ]
            ]
          ],
          [
            [
              [
                -76.985969,
                39.826901
              ],
              [
                -76.985962,
                39.826901
              ],
              [
                -76.985962,
                39.826895
              ],
              [
                -76.985969,
                39.826895
              ],
              [
                -76.985969,
                39.826901
              ]
            ]
          ],
          [
            [
              [
                -76.985969,
                39.826888
              ],
              [
                -76.985962,
                39.826888
              ],
              [
                -76.985962,
                39.826881
              ],
              [
                -76.985969,
                39.826881
              ],
              [
                -76.985969,
                39.826888
              ]
            ]
          ],
          [
            [
              [
                -76.98633,
                39.826632
              ],
              [
                -76.986326,
                39.826632
              ],
              [
                -76.986326,
                39.826628
              ],
              [
                -76.98633,
                39.826628
              ],
              [
                -76.98633,
                39.826632
              ]
            ]
          ],
          [
            [
              [
                -76.98633,
                39.826622
              ],
              [
                -76.986326,
                39.826622
              ],
              [
                -76.986326,
                39.826618
              ],
              [
                -76.98633,
                39.826618
              ],
              [
                -76.98633,
                39.826622
              ]
            ]
          ],
          [
            [
              [
                -76.98629,
                39.826635
              ],
              [
                -76.98629,
                39.826632
              ],
              [
                -76.986304,
                39.826632
              ],
              [
                -76.986304,
                39.826635
              ],
              [
                -76.98629,
                39.826635
              ]
            ]
          ],
          [
            [
              [
                -76.986302,
                39.826632
              ],
              [
                -76.986298,
                39.826632
              ],
              [
                -76.986298,
                39.826619
              ],
              [
                -76.986302,
                39.826619
              ],
              [
                -76.986302,
                39.826632
              ]
            ]
          ],
          [
            [
              [
                -76.985698,
                39.827092
              ],
              [
                -76.98567,
                39.827092
              ],
              [
                -76.98567,
                39.827098
              ],
              [
                -76.985698,
                39.827098
              ],
              [
                -76.985698,
                39.827092
              ]
            ]
          ],
          [
            [
              [
                -76.986253,
                39.826635
              ],
              [
                -76.986253,
                39.826632
              ],
              [
                -76.986267,
                39.826632
              ],
              [
                -76.986267,
                39.826635
              ],
              [
                -76.986253,
                39.826635
              ]
            ]
          ],
          [
            [
              [
                -76.986265,
                39.826632
              ],
              [
                -76.986261,
                39.826632
              ],
              [
                -76.986261,
                39.826619
              ],
              [
                -76.986265,
                39.826619
              ],
              [
                -76.986265,
                39.826632
              ]
            ]
          ],
          [
            [
              [
                -76.986237,
                39.826633
              ],
              [
                -76.986209,
                39.826633
              ],
              [
                -76.986209,
                39.826624
              ],
              [
                -76.986237,
                39.826624
              ],
              [
                -76.986237,
                39.826633
              ]
            ]
          ],
          [
            [
              [
                -76.986237,
                39.82661
              ],
              [
                -76.986209,
                39.82661
              ],
              [
                -76.986209,
                39.826606
              ],
              [
                -76.986237,
                39.826606
              ],
              [
                -76.986237,
                39.82661
              ]
            ]
          ],
          [
            [
              [
                -76.986238,
                39.826619
              ],
              [
                -76.986238,
                39.826623
              ],
              [
                -76.986231,
                39.826623
              ],
              [
                -76.986231,
                39.826619
              ],
              [
                -76.986238,
                39.826619
              ]
            ]
          ],
          [
            [
              [
                -76.986208,
                39.826633
              ],
              [
                -76.98618,
                39.826633
              ],
              [
                -76.98618,
                39.826624
              ],
              [
                -76.986208,
                39.826624
              ],
              [
                -76.986208,
                39.826633
              ]
            ]
          ],
          [
            [
              [
                -76.986179,
                39.826633
              ],
              [
                -76.986151,
                39.826633
              ],
              [
                -76.986151,
                39.826624
              ],
              [
                -76.986179,
                39.826624
              ],
              [
                -76.986179,
                39.826633
              ]
            ]
          ],
          [
            [
              [
                -76.986184,
                39.82661
              ],
              [
                -76.986208,
                39.82661
              ],
              [
                -76.986208,
                39.826606
              ],
              [
                -76.986184,
                39.826606
              ],
              [
                -76.986184,
                39.82661
              ]
            ]
          ],
          [
            [
              [
                -76.986159,
                39.82661
              ],
              [
                -76.986183,
                39.82661
              ],
              [
                -76.986183,
                39.826606
              ],
              [
                -76.986159,
                39.826606
              ],
              [
                -76.986159,
                39.82661
              ]
            ]
          ],
          [
            [
              [
                -76.98615,
                39.826633
              ],
              [
                -76.986123,
                39.826633
              ],
              [
                -76.986123,
                39.826624
              ],
              [
                -76.98615,
                39.826624
              ],
              [
                -76.98615,
                39.826633
              ]
            ]
          ],
          [
            [
              [
                -76.986122,
                39.82661
              ],
              [
                -76.986158,
                39.82661
              ],
              [
                -76.986158,
                39.826606
              ],
              [
                -76.986122,
                39.826606
              ],
              [
                -76.986122,
                39.82661
              ]
            ]
          ],
          [
            [
              [
                -76.986122,
                39.826611
              ],
              [
                -76.986122,
                39.826621
              ],
              [
                -76.98613,
                39.826621
              ],
              [
                -76.98613,
                39.826611
              ],
              [
                -76.986122,
                39.826611
              ]
            ]
          ],
          [
            [
              [
                -76.98579,
                39.826633
              ],
              [
                -76.985762,
                39.826633
              ],
              [
                -76.985762,
                39.826616
              ],
              [
                -76.98579,
                39.826616
              ],
              [
                -76.98579,
                39.826633
              ]
            ]
          ],
          [
            [
              [
                -76.985776,
                39.826616
              ],
              [
                -76.98579,
                39.826616
              ],
              [
                -76.98579,
                39.826613
              ],
              [
                -76.985776,
                39.826613
              ],
              [
                -76.985776,
                39.826616
              ]
            ]
          ],
          [
            [
              [
                -76.985762,
                39.826616
              ],
              [
                -76.985776,
                39.826616
              ],
              [
                -76.985776,
                39.826613
              ],
              [
                -76.985762,
                39.826613
              ],
              [
                -76.985762,
                39.826616
              ]
            ]
          ],
          [
            [
              [
                -76.985748,
                39.826633
              ],
              [
                -76.985734,
                39.826633
              ],
              [
                -76.985734,
                39.826629
              ],
              [
                -76.985748,
                39.826629
              ],
              [
                -76.985748,
                39.826633
              ]
            ]
          ],
          [
            [
              [
                -76.985748,
                39.826616
              ],
              [
                -76.985734,
                39.826616
              ],
              [
                -76.985734,
                39.826613
              ],
              [
                -76.985748,
                39.826613
              ],
              [
                -76.985748,
                39.826616
              ]
            ]
          ],
          [
            [
              [
                -76.985748,
                39.826629
              ],
              [
                -76.985741,
                39.826629
              ],
              [
                -76.985741,
                39.826616
              ],
              [
                -76.985748,
                39.826616
              ],
              [
                -76.985748,
                39.826629
              ]
            ]
          ],
          [
            [
              [
                -76.985741,
                39.826629
              ],
              [
                -76.985734,
                39.826629
              ],
              [
                -76.985734,
                39.826616
              ],
              [
                -76.985741,
                39.826616
              ],
              [
                -76.985741,
                39.826629
              ]
            ]
          ],
          [
            [
              [
                -76.985721,
                39.826633
              ],
              [
                -76.985707,
                39.826633
              ],
              [
                -76.985707,
                39.826629
              ],
              [
                -76.985721,
                39.826629
              ],
              [
                -76.985721,
                39.826633
              ]
            ]
          ],
          [
            [
              [
                -76.985721,
                39.826616
              ],
              [
                -76.985707,
                39.826616
              ],
              [
                -76.985707,
                39.826613
              ],
              [
                -76.985721,
                39.826613
              ],
              [
                -76.985721,
                39.826616
              ]
            ]
          ],
          [
            [
              [
                -76.985721,
                39.826629
              ],
              [
                -76.985714,
                39.826629
              ],
              [
                -76.985714,
                39.826616
              ],
              [
                -76.985721,
                39.826616
              ],
              [
                -76.985721,
                39.826629
              ]
            ]
          ],
          [
            [
              [
                -76.985714,
                39.826629
              ],
              [
                -76.985707,
                39.826629
              ],
              [
                -76.985707,
                39.826616
              ],
              [
                -76.985714,
                39.826616
              ],
              [
                -76.985714,
                39.826629
              ]
            ]
          ],
          [
            [
              [
                -76.985383,
                39.826632
              ],
              [
                -76.985369,
                39.826632
              ],
              [
                -76.985369,
                39.82662
              ],
              [
                -76.985383,
                39.82662
              ],
              [
                -76.985383,
                39.826632
              ]
            ]
          ],
          [
            [
              [
                -76.986862,
                39.827062
              ],
              [
                -76.986849,
                39.827062
              ],
              [
                -76.986849,
                39.826887
              ],
              [
                -76.986862,
                39.826887
              ],
              [
                -76.986862,
                39.827062
              ]
            ]
          ],
          [
            [
              [
                -76.986818,
                39.827066
              ],
              [
                -76.986804,
                39.827066
              ],
              [
                -76.986804,
                39.82692
              ],
              [
                -76.986818,
                39.82692
              ],
              [
                -76.986818,
                39.827066
              ]
            ]
          ],
          [
            [
              [
                -76.986849,
                39.826886
              ],
              [
                -76.986878,
                39.826886
              ],
              [
                -76.986878,
                39.82688
              ],
              [
                -76.986849,
                39.82688
              ],
              [
                -76.986849,
                39.826886
              ]
            ]
          ],
          [
            [
              [
                -76.986847,
                39.82688
              ],
              [
                -76.986847,
                39.826886
              ],
              [
                -76.986849,
                39.826886
              ],
              [
                -76.986849,
                39.82688
              ],
              [
                -76.986847,
                39.82688
              ]
            ]
          ],
          [
            [
              [
                -76.986306,
                39.827069
              ],
              [
                -76.986293,
                39.827069
              ],
              [
                -76.986293,
                39.826887
              ],
              [
                -76.986306,
                39.826887
              ],
              [
                -76.986306,
                39.827069
              ]
            ]
          ],
          [
            [
              [
                -76.986268,
                39.827066
              ],
              [
                -76.986256,
                39.827066
              ],
              [
                -76.986256,
                39.826991
              ],
              [
                -76.986268,
                39.826991
              ],
              [
                -76.986268,
                39.827066
              ]
            ]
          ],
          [
            [
              [
                -76.986268,
                39.826969
              ],
              [
                -76.986254,
                39.826969
              ],
              [
                -76.986254,
                39.826886
              ],
              [
                -76.986268,
                39.826886
              ],
              [
                -76.986268,
                39.826969
              ]
            ]
          ],
          [
            [
              [
                -76.986294,
                39.826886
              ],
              [
                -76.986318,
                39.826886
              ],
              [
                -76.986318,
                39.82688
              ],
              [
                -76.986294,
                39.82688
              ],
              [
                -76.986294,
                39.826886
              ]
            ]
          ],
          [
            [
              [
                -76.986291,
                39.82688
              ],
              [
                -76.986291,
                39.826886
              ],
              [
                -76.986293,
                39.826886
              ],
              [
                -76.986293,
                39.82688
              ],
              [
                -76.986291,
                39.82688
              ]
            ]
          ],
          [
            [
              [
                -76.986253,
                39.826969
              ],
              [
                -76.986241,
                39.826969
              ],
              [
                -76.986241,
                39.826886
              ],
              [
                -76.986253,
                39.826886
              ],
              [
                -76.986253,
                39.826969
              ]
            ]
          ],
          [
            [
              [
                -76.986267,
                39.826885
              ],
              [
                -76.986242,
                39.826885
              ],
              [
                -76.986242,
                39.82688
              ],
              [
                -76.986267,
                39.82688
              ],
              [
                -76.986267,
                39.826885
              ]
            ]
          ],
          [
            [
              [
                -76.986407,
                39.82706
              ],
              [
                -76.986399,
                39.82706
              ],
              [
                -76.986399,
                39.826894
              ],
              [
                -76.986407,
                39.826894
              ],
              [
                -76.986407,
                39.82706
              ]
            ]
          ],
          [
            [
              [
                -76.986371,
                39.827067
              ],
              [
                -76.986359,
                39.827067
              ],
              [
                -76.986359,
                39.826901
              ],
              [
                -76.986371,
                39.826901
              ],
              [
                -76.986371,
                39.827067
              ]
            ]
          ],
          [
            [
              [
                -76.986357,
                39.827067
              ],
              [
                -76.986345,
                39.827067
              ],
              [
                -76.986345,
                39.826901
              ],
              [
                -76.986357,
                39.826901
              ],
              [
                -76.986357,
                39.827067
              ]
            ]
          ],
          [
            [
              [
                -76.986319,
                39.827067
              ],
              [
                -76.986307,
                39.827067
              ],
              [
                -76.986307,
                39.826887
              ],
              [
                -76.986319,
                39.826887
              ],
              [
                -76.986319,
                39.827067
              ]
            ]
          ],
          [
            [
              [
                -76.986574,
                39.827056
              ],
              [
                -76.986562,
                39.827056
              ],
              [
                -76.986562,
                39.826939
              ],
              [
                -76.986574,
                39.826939
              ],
              [
                -76.986574,
                39.827056
              ]
            ]
          ],
          [
            [
              [
                -76.986528,
                39.827056
              ],
              [
                -76.986515,
                39.827056
              ],
              [
                -76.986515,
                39.826939
              ],
              [
                -76.986528,
                39.826939
              ],
              [
                -76.986528,
                39.827056
              ]
            ]
          ],
          [
            [
              [
                -76.986218,
                39.826833
              ],
              [
                -76.9862,
                39.826833
              ],
              [
                -76.9862,
                39.826829
              ],
              [
                -76.986218,
                39.826829
              ],
              [
                -76.986218,
                39.826833
              ]
            ]
          ],
          [
            [
              [
                -76.986218,
                39.826661
              ],
              [
                -76.9862,
                39.826661
              ],
              [
                -76.9862,
                39.826657
              ],
              [
                -76.986218,
                39.826657
              ],
              [
                -76.986218,
                39.826661
              ]
            ]
          ],
          [
            [
              [
                -76.986209,
                39.826828
              ],
              [
                -76.9862,
                39.826828
              ],
              [
                -76.9862,
                39.826662
              ],
              [
                -76.986209,
                39.826662
              ],
              [
                -76.986209,
                39.826828
              ]
            ]
          ],
          [
            [
              [
                -76.986173,
                39.826856
              ],
              [
                -76.986165,
                39.826856
              ],
              [
                -76.986165,
                39.826717
              ],
              [
                -76.986173,
                39.826717
              ],
              [
                -76.986173,
                39.826856
              ]
            ]
          ],
          [
            [
              [
                -76.986001,
                39.827029
              ],
              [
                -76.986001,
                39.827037
              ],
              [
                -76.986009,
                39.827037
              ],
              [
                -76.986009,
                39.827029
              ],
              [
                -76.986001,
                39.827029
              ]
            ]
          ],
          [
            [
              [
                -76.985999,
                39.827033
              ],
              [
                -76.985726,
                39.827033
              ],
              [
                -76.985726,
                39.827029
              ],
              [
                -76.985999,
                39.827029
              ],
              [
                -76.985999,
                39.827033
              ]
            ]
          ],
          [
            [
              [
                -76.985999,
                39.827016
              ],
              [
                -76.985726,
                39.827016
              ],
              [
                -76.985726,
                39.827012
              ],
              [
                -76.985999,
                39.827012
              ],
              [
                -76.985999,
                39.827016
              ]
            ]
          ],
          [
            [
              [
                -76.985661,
                39.827156
              ],
              [
                -76.985644,
                39.827156
              ],
              [
                -76.985644,
                39.827131
              ],
              [
                -76.985661,
                39.827131
              ],
              [
                -76.985661,
                39.827156
              ]
            ]
          ],
          [
            [
              [
                -76.985662,
                39.827073
              ],
              [
                -76.985648,
                39.827073
              ],
              [
                -76.985648,
                39.826884
              ],
              [
                -76.985662,
                39.826884
              ],
              [
                -76.985662,
                39.827073
              ]
            ]
          ],
          [
            [
              [
                -76.98566,
                39.826858
              ],
              [
                -76.985648,
                39.826858
              ],
              [
                -76.985648,
                39.826657
              ],
              [
                -76.98566,
                39.826657
              ],
              [
                -76.98566,
                39.826858
              ]
            ]
          ],
          [
            [
              [
                -76.98566,
                39.826626
              ],
              [
                -76.985647,
                39.826626
              ],
              [
                -76.985647,
                39.826582
              ],
              [
                -76.98566,
                39.826582
              ],
              [
                -76.98566,
                39.826626
              ]
            ]
          ],
          [
            [
              [
                -76.987008,
                39.827075
              ],
              [
                -76.987006,
                39.827076
              ],
              [
                -76.986999,
                39.827068
              ],
              [
                -76.987001,
                39.827068
              ],
              [
                -76.987008,
                39.827075
              ]
            ]
          ],
          [
            [
              [
                -76.986999,
                39.827077
              ],
              [
                -76.986998,
                39.827078
              ],
              [
                -76.98699,
                39.827071
              ],
              [
                -76.986992,
                39.82707
              ],
              [
                -76.986999,
                39.827077
              ]
            ]
          ],
          [
            [
              [
                -76.986991,
                39.82708
              ],
              [
                -76.986989,
                39.82708
              ],
              [
                -76.986982,
                39.827073
              ],
              [
                -76.986983,
                39.827072
              ],
              [
                -76.986991,
                39.82708
              ]
            ]
          ],
          [
            [
              [
                -76.986982,
                39.827082
              ],
              [
                -76.98698,
                39.827082
              ],
              [
                -76.986973,
                39.827075
              ],
              [
                -76.986974,
                39.827074
              ],
              [
                -76.986982,
                39.827082
              ]
            ]
          ],
          [
            [
              [
                -76.986973,
                39.827084
              ],
              [
                -76.986972,
                39.827084
              ],
              [
                -76.986964,
                39.827077
              ],
              [
                -76.986966,
                39.827077
              ],
              [
                -76.986973,
                39.827084
              ]
            ]
          ],
          [
            [
              [
                -76.986848,
                39.827089
              ],
              [
                -76.986628,
                39.827089
              ],
              [
                -76.986628,
                39.827079
              ],
              [
                -76.986848,
                39.827079
              ],
              [
                -76.986848,
                39.827089
              ]
            ]
          ],
          [
            [
              [
                -76.986627,
                39.82709
              ],
              [
                -76.986567,
                39.82709
              ],
              [
                -76.986567,
                39.827079
              ],
              [
                -76.986627,
                39.827079
              ],
              [
                -76.986627,
                39.82709
              ]
            ]
          ],
          [
            [
              [
                -76.986548,
                39.82709
              ],
              [
                -76.986497,
                39.82709
              ],
              [
                -76.986497,
                39.827079
              ],
              [
                -76.986548,
                39.827079
              ],
              [
                -76.986548,
                39.82709
              ]
            ]
          ],
          [
            [
              [
                -76.986444,
                39.827089
              ],
              [
                -76.986443,
                39.827089
              ],
              [
                -76.986443,
                39.827083
              ],
              [
                -76.986444,
                39.827083
              ],
              [
                -76.986444,
                39.827089
              ]
            ]
          ],
          [
            [
              [
                -76.986435,
                39.827089
              ],
              [
                -76.986433,
                39.827089
              ],
              [
                -76.986433,
                39.827083
              ],
              [
                -76.986435,
                39.827083
              ],
              [
                -76.986435,
                39.827089
              ]
            ]
          ],
          [
            [
              [
                -76.986425,
                39.827089
              ],
              [
                -76.986423,
                39.827089
              ],
              [
                -76.986423,
                39.827083
              ],
              [
                -76.986425,
                39.827083
              ],
              [
                -76.986425,
                39.827089
              ]
            ]
          ],
          [
            [
              [
                -76.986415,
                39.827089
              ],
              [
                -76.986413,
                39.827089
              ],
              [
                -76.986413,
                39.827083
              ],
              [
                -76.986415,
                39.827083
              ],
              [
                -76.986415,
                39.827089
              ]
            ]
          ],
          [
            [
              [
                -76.986407,
                39.827089
              ],
              [
                -76.985741,
                39.827089
              ],
              [
                -76.985741,
                39.827083
              ],
              [
                -76.986407,
                39.827083
              ],
              [
                -76.986407,
                39.827089
              ]
            ]
          ],
          [
            [
              [
                -76.985697,
                39.827089
              ],
              [
                -76.985669,
                39.827089
              ],
              [
                -76.985669,
                39.827083
              ],
              [
                -76.985697,
                39.827083
              ],
              [
                -76.985697,
                39.827089
              ]
            ]
          ],
          [
            [
              [
                -76.985879,
                39.82675
              ],
              [
                -76.985867,
                39.82675
              ],
              [
                -76.985867,
                39.826737
              ],
              [
                -76.985879,
                39.826737
              ],
              [
                -76.985879,
                39.82675
              ]
            ]
          ],
          [
            [
              [
                -76.985719,
                39.82675
              ],
              [
                -76.985707,
                39.82675
              ],
              [
                -76.985707,
                39.826737
              ],
              [
                -76.985719,
                39.826737
              ],
              [
                -76.985719,
                39.82675
              ]
            ]
          ],
          [
            [
              [
                -76.985879,
                39.826736
              ],
              [
                -76.985867,
                39.826736
              ],
              [
                -76.985867,
                39.826737
              ],
              [
                -76.985879,
                39.826737
              ],
              [
                -76.985879,
                39.826736
              ]
            ]
          ],
          [
            [
              [
                -76.985865,
                39.826743
              ],
              [
                -76.985722,
                39.826743
              ],
              [
                -76.985722,
                39.826737
              ],
              [
                -76.985865,
                39.826737
              ],
              [
                -76.985865,
                39.826743
              ]
            ]
          ],
          [
            [
              [
                -76.985865,
                39.826723
              ],
              [
                -76.985722,
                39.826723
              ],
              [
                -76.985722,
                39.826716
              ],
              [
                -76.985865,
                39.826716
              ],
              [
                -76.985865,
                39.826723
              ]
            ]
          ],
          [
            [
              [
                -76.986974,
                39.827034
              ],
              [
                -76.986938,
                39.827034
              ],
              [
                -76.986938,
                39.827041
              ],
              [
                -76.986974,
                39.827041
              ],
              [
                -76.986974,
                39.827034
              ]
            ]
          ],
          [
            [
              [
                -76.986957,
                39.827031
              ],
              [
                -76.98694,
                39.827031
              ],
              [
                -76.98694,
                39.826889
              ],
              [
                -76.986957,
                39.826889
              ],
              [
                -76.986957,
                39.827031
              ]
            ]
          ],
          [
            [
              [
                -76.986881,
                39.827063
              ],
              [
                -76.986864,
                39.827063
              ],
              [
                -76.986864,
                39.826982
              ],
              [
                -76.986881,
                39.826982
              ],
              [
                -76.986881,
                39.827063
              ]
            ]
          ],
          [
            [
              [
                -76.986881,
                39.826956
              ],
              [
                -76.986864,
                39.826956
              ],
              [
                -76.986864,
                39.826889
              ],
              [
                -76.986881,
                39.826889
              ],
              [
                -76.986881,
                39.826956
              ]
            ]
          ],
          [
            [
              [
                -76.986867,
                39.826958
              ],
              [
                -76.986867,
                39.82698
              ],
              [
                -76.986881,
                39.82698
              ],
              [
                -76.986881,
                39.826958
              ],
              [
                -76.986867,
                39.826958
              ]
            ]
          ],
          [
            [
              [
                -76.986942,
                39.826886
              ],
              [
                -76.986971,
                39.826886
              ],
              [
                -76.986971,
                39.82688
              ],
              [
                -76.986942,
                39.82688
              ],
              [
                -76.986942,
                39.826886
              ]
            ]
          ],
          [
            [
              [
                -76.986939,
                39.82688
              ],
              [
                -76.986939,
                39.826886
              ],
              [
                -76.986941,
                39.826886
              ],
              [
                -76.986941,
                39.82688
              ],
              [
                -76.986939,
                39.82688
              ]
            ]
          ],
          [
            [
              [
                -76.987011,
                39.826802
              ],
              [
                -76.987011,
                39.826805
              ],
              [
                -76.987018,
                39.826805
              ],
              [
                -76.987018,
                39.826802
              ],
              [
                -76.987011,
                39.826802
              ]
            ]
          ],
          [
            [
              [
                -76.985683,
                39.827069
              ],
              [
                -76.985669,
                39.827069
              ],
              [
                -76.985669,
                39.826883
              ],
              [
                -76.985683,
                39.826883
              ],
              [
                -76.985683,
                39.827069
              ]
            ]
          ],
          [
            [
              [
                -76.985681,
                39.826859
              ],
              [
                -76.985669,
                39.826859
              ],
              [
                -76.985669,
                39.826651
              ],
              [
                -76.985681,
                39.826651
              ],
              [
                -76.985681,
                39.826859
              ]
            ]
          ],
          [
            [
              [
                -76.985681,
                39.826625
              ],
              [
                -76.985669,
                39.826625
              ],
              [
                -76.985669,
                39.826598
              ],
              [
                -76.985681,
                39.826598
              ],
              [
                -76.985681,
                39.826625
              ]
            ]
          ],
          [
            [
              [
                -76.986001,
                39.827006
              ],
              [
                -76.986001,
                39.827016
              ],
              [
                -76.986009,
                39.827016
              ],
              [
                -76.986009,
                39.827006
              ],
              [
                -76.986001,
                39.827006
              ]
            ]
          ],
          [
            [
              [
                -76.985999,
                39.827012
              ],
              [
                -76.985726,
                39.827012
              ],
              [
                -76.985726,
                39.827006
              ],
              [
                -76.985999,
                39.827006
              ],
              [
                -76.985999,
                39.827012
              ]
            ]
          ],
          [
            [
              [
                -76.985999,
                39.826993
              ],
              [
                -76.985728,
                39.826993
              ],
              [
                -76.985728,
                39.826987
              ],
              [
                -76.985999,
                39.826987
              ],
              [
                -76.985999,
                39.826993
              ]
            ]
          ],
          [
            [
              [
                -76.986773,
                39.826855
              ],
              [
                -76.986761,
                39.826855
              ],
              [
                -76.986761,
                39.826662
              ],
              [
                -76.986773,
                39.826662
              ],
              [
                -76.986773,
                39.826855
              ]
            ]
          ],
          [
            [
              [
                -76.986759,
                39.826862
              ],
              [
                -76.986759,
                39.826857
              ],
              [
                -76.986761,
                39.826857
              ],
              [
                -76.986761,
                39.826862
              ],
              [
                -76.986759,
                39.826862
              ]
            ]
          ],
          [
            [
              [
                -76.986731,
                39.826856
              ],
              [
                -76.986717,
                39.826856
              ],
              [
                -76.986717,
                39.826662
              ],
              [
                -76.986731,
                39.826662
              ],
              [
                -76.986731,
                39.826856
              ]
            ]
          ],
          [
            [
              [
                -76.98679,
                39.826661
              ],
              [
                -76.986762,
                39.826661
              ],
              [
                -76.986762,
                39.826657
              ],
              [
                -76.98679,
                39.826657
              ],
              [
                -76.98679,
                39.826661
              ]
            ]
          ],
          [
            [
              [
                -76.986072,
                39.826861
              ],
              [
                -76.986051,
                39.826861
              ],
              [
                -76.986051,
                39.826857
              ],
              [
                -76.986072,
                39.826857
              ],
              [
                -76.986072,
                39.826861
              ]
            ]
          ],
          [
            [
              [
                -76.986072,
                39.826661
              ],
              [
                -76.986051,
                39.826661
              ],
              [
                -76.986051,
                39.826657
              ],
              [
                -76.986072,
                39.826657
              ],
              [
                -76.986072,
                39.826661
              ]
            ]
          ],
          [
            [
              [
                -76.986062,
                39.826856
              ],
              [
                -76.98605,
                39.826856
              ],
              [
                -76.98605,
                39.826662
              ],
              [
                -76.986062,
                39.826662
              ],
              [
                -76.986062,
                39.826856
              ]
            ]
          ],
          [
            [
              [
                -76.986849,
                39.826855
              ],
              [
                -76.986879,
                39.826855
              ],
              [
                -76.986879,
                39.826861
              ],
              [
                -76.986849,
                39.826861
              ],
              [
                -76.986849,
                39.826855
              ]
            ]
          ],
          [
            [
              [
                -76.986864,
                39.826853
              ],
              [
                -76.986848,
                39.826853
              ],
              [
                -76.986848,
                39.826663
              ],
              [
                -76.986864,
                39.826663
              ],
              [
                -76.986864,
                39.826853
              ]
            ]
          ],
          [
            [
              [
                -76.986847,
                39.826861
              ],
              [
                -76.986847,
                39.826855
              ],
              [
                -76.986849,
                39.826855
              ],
              [
                -76.986849,
                39.826861
              ],
              [
                -76.986847,
                39.826861
              ]
            ]
          ],
          [
            [
              [
                -76.986761,
                39.826857
              ],
              [
                -76.986787,
                39.826857
              ],
              [
                -76.986787,
                39.826862
              ],
              [
                -76.986761,
                39.826862
              ],
              [
                -76.986761,
                39.826857
              ]
            ]
          ],
          [
            [
              [
                -76.986788,
                39.826855
              ],
              [
                -76.986775,
                39.826855
              ],
              [
                -76.986775,
                39.826754
              ],
              [
                -76.986788,
                39.826754
              ],
              [
                -76.986788,
                39.826855
              ]
            ]
          ],
          [
            [
              [
                -76.986788,
                39.826682
              ],
              [
                -76.986775,
                39.826682
              ],
              [
                -76.986775,
                39.826662
              ],
              [
                -76.986788,
                39.826662
              ],
              [
                -76.986788,
                39.826682
              ]
            ]
          ],
          [
            [
              [
                -76.986803,
                39.826752
              ],
              [
                -76.986789,
                39.826752
              ],
              [
                -76.986789,
                39.826662
              ],
              [
                -76.986803,
                39.826662
              ],
              [
                -76.986803,
                39.826752
              ]
            ]
          ],
          [
            [
              [
                -76.986788,
                39.826752
              ],
              [
                -76.986774,
                39.826752
              ],
              [
                -76.986774,
                39.826682
              ],
              [
                -76.986788,
                39.826682
              ],
              [
                -76.986788,
                39.826752
              ]
            ]
          ],
          [
            [
              [
                -76.986883,
                39.82666
              ],
              [
                -76.986881,
                39.82666
              ],
              [
                -76.986881,
                39.826655
              ],
              [
                -76.986883,
                39.826655
              ],
              [
                -76.986883,
                39.82666
              ]
            ]
          ],
          [
            [
              [
                -76.986873,
                39.82666
              ],
              [
                -76.986872,
                39.82666
              ],
              [
                -76.986872,
                39.826655
              ],
              [
                -76.986873,
                39.826655
              ],
              [
                -76.986873,
                39.82666
              ]
            ]
          ],
          [
            [
              [
                -76.986864,
                39.82666
              ],
              [
                -76.986862,
                39.82666
              ],
              [
                -76.986862,
                39.826655
              ],
              [
                -76.986864,
                39.826655
              ],
              [
                -76.986864,
                39.82666
              ]
            ]
          ],
          [
            [
              [
                -76.986854,
                39.82666
              ],
              [
                -76.986852,
                39.82666
              ],
              [
                -76.986852,
                39.826655
              ],
              [
                -76.986854,
                39.826655
              ],
              [
                -76.986854,
                39.82666
              ]
            ]
          ],
          [
            [
              [
                -76.986474,
                39.827057
              ],
              [
                -76.986449,
                39.827057
              ],
              [
                -76.986449,
                39.827063
              ],
              [
                -76.986474,
                39.827063
              ],
              [
                -76.986474,
                39.827057
              ]
            ]
          ],
          [
            [
              [
                -76.98646,
                39.827056
              ],
              [
                -76.986448,
                39.827056
              ],
              [
                -76.986448,
                39.826939
              ],
              [
                -76.98646,
                39.826939
              ],
              [
                -76.98646,
                39.827056
              ]
            ]
          ],
          [
            [
              [
                -76.986421,
                39.827061
              ],
              [
                -76.986408,
                39.827061
              ],
              [
                -76.986408,
                39.826894
              ],
              [
                -76.986421,
                39.826894
              ],
              [
                -76.986421,
                39.827061
              ]
            ]
          ],
          [
            [
              [
                -76.985889,
                39.827063
              ],
              [
                -76.985888,
                39.827063
              ],
              [
                -76.985888,
                39.827056
              ],
              [
                -76.985889,
                39.827056
              ],
              [
                -76.985889,
                39.827063
              ]
            ]
          ],
          [
            [
              [
                -76.98588,
                39.827063
              ],
              [
                -76.985878,
                39.827063
              ],
              [
                -76.985878,
                39.827056
              ],
              [
                -76.98588,
                39.827056
              ],
              [
                -76.98588,
                39.827063
              ]
            ]
          ],
          [
            [
              [
                -76.986449,
                39.826938
              ],
              [
                -76.986473,
                39.826938
              ],
              [
                -76.986473,
                39.826933
              ],
              [
                -76.986449,
                39.826933
              ],
              [
                -76.986449,
                39.826938
              ]
            ]
          ],
          [
            [
              [
                -76.98587,
                39.827063
              ],
              [
                -76.985868,
                39.827063
              ],
              [
                -76.985868,
                39.827056
              ],
              [
                -76.98587,
                39.827056
              ],
              [
                -76.98587,
                39.827063
              ]
            ]
          ],
          [
            [
              [
                -76.986972,
                39.827032
              ],
              [
                -76.986959,
                39.827032
              ],
              [
                -76.986959,
                39.826887
              ],
              [
                -76.986972,
                39.826887
              ],
              [
                -76.986972,
                39.827032
              ]
            ]
          ],
          [
            [
              [
                -76.98586,
                39.827063
              ],
              [
                -76.985858,
                39.827063
              ],
              [
                -76.985858,
                39.827056
              ],
              [
                -76.98586,
                39.827056
              ],
              [
                -76.98586,
                39.827063
              ]
            ]
          ],
          [
            [
              [
                -76.985962,
                39.826942
              ],
              [
                -76.985954,
                39.826942
              ],
              [
                -76.985954,
                39.826931
              ],
              [
                -76.985962,
                39.826931
              ],
              [
                -76.985962,
                39.826942
              ]
            ]
          ],
          [
            [
              [
                -76.985738,
                39.826942
              ],
              [
                -76.985725,
                39.826942
              ],
              [
                -76.985725,
                39.826931
              ],
              [
                -76.985738,
                39.826931
              ],
              [
                -76.985738,
                39.826942
              ]
            ]
          ],
          [
            [
              [
                -76.985952,
                39.826936
              ],
              [
                -76.985741,
                39.826936
              ],
              [
                -76.985741,
                39.826931
              ],
              [
                -76.985952,
                39.826931
              ],
              [
                -76.985952,
                39.826936
              ]
            ]
          ],
          [
            [
              [
                -76.98585,
                39.827063
              ],
              [
                -76.985848,
                39.827063
              ],
              [
                -76.985848,
                39.827056
              ],
              [
                -76.98585,
                39.827056
              ],
              [
                -76.98585,
                39.827063
              ]
            ]
          ],
          [
            [
              [
                -76.985922,
                39.826919
              ],
              [
                -76.985741,
                39.826919
              ],
              [
                -76.985741,
                39.826913
              ],
              [
                -76.985922,
                39.826913
              ],
              [
                -76.985922,
                39.826919
              ]
            ]
          ],
          [
            [
              [
                -76.98584,
                39.827063
              ],
              [
                -76.985839,
                39.827063
              ],
              [
                -76.985839,
                39.827056
              ],
              [
                -76.98584,
                39.827056
              ],
              [
                -76.98584,
                39.827063
              ]
            ]
          ],
          [
            [
              [
                -76.985936,
                39.826917
              ],
              [
                -76.985924,
                39.826917
              ],
              [
                -76.985924,
                39.826907
              ],
              [
                -76.985936,
                39.826907
              ],
              [
                -76.985936,
                39.826917
              ]
            ]
          ],
          [
            [
              [
                -76.985739,
                39.826917
              ],
              [
                -76.985727,
                39.826917
              ],
              [
                -76.985727,
                39.826906
              ],
              [
                -76.985739,
                39.826906
              ],
              [
                -76.985739,
                39.826917
              ]
            ]
          ],
          [
            [
              [
                -76.985831,
                39.827063
              ],
              [
                -76.985829,
                39.827063
              ],
              [
                -76.985829,
                39.827056
              ],
              [
                -76.985831,
                39.827056
              ],
              [
                -76.985831,
                39.827063
              ]
            ]
          ],
          [
            [
              [
                -76.985922,
                39.826911
              ],
              [
                -76.985741,
                39.826911
              ],
              [
                -76.985741,
                39.826905
              ],
              [
                -76.985922,
                39.826905
              ],
              [
                -76.985922,
                39.826911
              ]
            ]
          ],
          [
            [
              [
                -76.985821,
                39.827063
              ],
              [
                -76.985819,
                39.827063
              ],
              [
                -76.985819,
                39.827056
              ],
              [
                -76.985821,
                39.827056
              ],
              [
                -76.985821,
                39.827063
              ]
            ]
          ],
          [
            [
              [
                -76.985922,
                39.826892
              ],
              [
                -76.985741,
                39.826892
              ],
              [
                -76.985741,
                39.826884
              ],
              [
                -76.985922,
                39.826884
              ],
              [
                -76.985922,
                39.826892
              ]
            ]
          ],
          [
            [
              [
                -76.985811,
                39.827063
              ],
              [
                -76.985809,
                39.827063
              ],
              [
                -76.985809,
                39.827056
              ],
              [
                -76.985811,
                39.827056
              ],
              [
                -76.985811,
                39.827063
              ]
            ]
          ],
          [
            [
              [
                -76.985994,
                39.82683
              ],
              [
                -76.985982,
                39.82683
              ],
              [
                -76.985982,
                39.826818
              ],
              [
                -76.985994,
                39.826818
              ],
              [
                -76.985994,
                39.82683
              ]
            ]
          ],
          [
            [
              [
                -76.985798,
                39.827061
              ],
              [
                -76.985726,
                39.827061
              ],
              [
                -76.985726,
                39.827055
              ],
              [
                -76.985798,
                39.827055
              ],
              [
                -76.985798,
                39.827061
              ]
            ]
          ],
          [
            [
              [
                -76.986093,
                39.826976
              ],
              [
                -76.986085,
                39.826976
              ],
              [
                -76.986085,
                39.826953
              ],
              [
                -76.986093,
                39.826953
              ],
              [
                -76.986093,
                39.826976
              ]
            ]
          ],
          [
            [
              [
                -76.986085,
                39.826976
              ],
              [
                -76.986077,
                39.826976
              ],
              [
                -76.986077,
                39.826953
              ],
              [
                -76.986085,
                39.826953
              ],
              [
                -76.986085,
                39.826976
              ]
            ]
          ],
          [
            [
              [
                -76.986132,
                39.827069
              ],
              [
                -76.986124,
                39.827069
              ],
              [
                -76.986124,
                39.827017
              ],
              [
                -76.986132,
                39.827017
              ],
              [
                -76.986132,
                39.827069
              ]
            ]
          ],
          [
            [
              [
                -76.98612,
                39.827069
              ],
              [
                -76.986112,
                39.827069
              ],
              [
                -76.986112,
                39.827012
              ],
              [
                -76.98612,
                39.827012
              ],
              [
                -76.98612,
                39.827069
              ]
            ]
          ],
          [
            [
              [
                -76.985987,
                39.8266
              ],
              [
                -76.9857,
                39.8266
              ],
              [
                -76.9857,
                39.826594
              ],
              [
                -76.985987,
                39.826594
              ],
              [
                -76.985987,
                39.8266
              ]
            ]
          ],
          [
            [
              [
                -76.985719,
                39.82683
              ],
              [
                -76.985707,
                39.82683
              ],
              [
                -76.985707,
                39.826818
              ],
              [
                -76.985719,
                39.826818
              ],
              [
                -76.985719,
                39.82683
              ]
            ]
          ],
          [
            [
              [
                -76.985994,
                39.826817
              ],
              [
                -76.985982,
                39.826817
              ],
              [
                -76.985982,
                39.826816
              ],
              [
                -76.985994,
                39.826816
              ],
              [
                -76.985994,
                39.826817
              ]
            ]
          ],
          [
            [
              [
                -76.987032,
                39.827067
              ],
              [
                -76.987018,
                39.827067
              ],
              [
                -76.987018,
                39.826621
              ],
              [
                -76.987032,
                39.826621
              ],
              [
                -76.987032,
                39.827067
              ]
            ]
          ],
          [
            [
              [
                -76.98645,
                39.826858
              ],
              [
                -76.986477,
                39.826858
              ],
              [
                -76.986477,
                39.826862
              ],
              [
                -76.98645,
                39.826862
              ],
              [
                -76.98645,
                39.826858
              ]
            ]
          ],
          [
            [
              [
                -76.985719,
                39.826817
              ],
              [
                -76.985707,
                39.826817
              ],
              [
                -76.985707,
                39.826816
              ],
              [
                -76.985719,
                39.826816
              ],
              [
                -76.985719,
                39.826817
              ]
            ]
          ],
          [
            [
              [
                -76.986463,
                39.826856
              ],
              [
                -76.986449,
                39.826856
              ],
              [
                -76.986449,
                39.826662
              ],
              [
                -76.986463,
                39.826662
              ],
              [
                -76.986463,
                39.826856
              ]
            ]
          ],
          [
            [
              [
                -76.98598,
                39.826824
              ],
              [
                -76.985722,
                39.826824
              ],
              [
                -76.985722,
                39.826817
              ],
              [
                -76.98598,
                39.826817
              ],
              [
                -76.98598,
                39.826824
              ]
            ]
          ],
          [
            [
              [
                -76.986422,
                39.826834
              ],
              [
                -76.98641,
                39.826834
              ],
              [
                -76.98641,
                39.826724
              ],
              [
                -76.986422,
                39.826724
              ],
              [
                -76.986422,
                39.826834
              ]
            ]
          ],
          [
            [
              [
                -76.985865,
                39.826804
              ],
              [
                -76.985722,
                39.826804
              ],
              [
                -76.985722,
                39.826798
              ],
              [
                -76.985865,
                39.826798
              ],
              [
                -76.985865,
                39.826804
              ]
            ]
          ],
          [
            [
              [
                -76.986802,
                39.827065
              ],
              [
                -76.986788,
                39.827065
              ],
              [
                -76.986788,
                39.82692
              ],
              [
                -76.986802,
                39.82692
              ],
              [
                -76.986802,
                39.827065
              ]
            ]
          ],
          [
            [
              [
                -76.986422,
                39.826705
              ],
              [
                -76.98641,
                39.826705
              ],
              [
                -76.98641,
                39.826664
              ],
              [
                -76.986422,
                39.826664
              ],
              [
                -76.986422,
                39.826705
              ]
            ]
          ],
          [
            [
              [
                -76.986479,
                39.826657
              ],
              [
                -76.986449,
                39.826657
              ],
              [
                -76.986449,
                39.826661
              ],
              [
                -76.986479,
                39.826661
              ],
              [
                -76.986479,
                39.826657
              ]
            ]
          ],
          [
            [
              [
                -76.986506,
                39.826857
              ],
              [
                -76.986527,
                39.826857
              ],
              [
                -76.986527,
                39.826861
              ],
              [
                -76.986506,
                39.826861
              ],
              [
                -76.986506,
                39.826857
              ]
            ]
          ],
          [
            [
              [
                -76.986518,
                39.826843
              ],
              [
                -76.986506,
                39.826843
              ],
              [
                -76.986506,
                39.826662
              ],
              [
                -76.986518,
                39.826662
              ],
              [
                -76.986518,
                39.826843
              ]
            ]
          ],
          [
            [
              [
                -76.986479,
                39.826856
              ],
              [
                -76.986465,
                39.826856
              ],
              [
                -76.986465,
                39.826662
              ],
              [
                -76.986479,
                39.826662
              ],
              [
                -76.986479,
                39.826856
              ]
            ]
          ],
          [
            [
              [
                -76.986506,
                39.826661
              ],
              [
                -76.986527,
                39.826661
              ],
              [
                -76.986527,
                39.826657
              ],
              [
                -76.986506,
                39.826657
              ],
              [
                -76.986506,
                39.826661
              ]
            ]
          ],
          [
            [
              [
                -76.986001,
                39.826955
              ],
              [
                -76.986001,
                39.826967
              ],
              [
                -76.986009,
                39.826967
              ],
              [
                -76.986009,
                39.826955
              ],
              [
                -76.986001,
                39.826955
              ]
            ]
          ],
          [
            [
              [
                -76.985999,
                39.826961
              ],
              [
                -76.985728,
                39.826961
              ],
              [
                -76.985728,
                39.826955
              ],
              [
                -76.985999,
                39.826955
              ],
              [
                -76.985999,
                39.826961
              ]
            ]
          ],
          [
            [
              [
                -76.985952,
                39.826942
              ],
              [
                -76.985741,
                39.826942
              ],
              [
                -76.985741,
                39.826937
              ],
              [
                -76.985952,
                39.826937
              ],
              [
                -76.985952,
                39.826942
              ]
            ]
          ],
          [
            [
              [
                -76.986476,
                39.826619
              ],
              [
                -76.986476,
                39.826632
              ],
              [
                -76.98647,
                39.826632
              ],
              [
                -76.98647,
                39.826619
              ],
              [
                -76.986476,
                39.826619
              ]
            ]
          ],
          [
            [
              [
                -76.986476,
                39.826605
              ],
              [
                -76.986476,
                39.826618
              ],
              [
                -76.98647,
                39.826618
              ],
              [
                -76.98647,
                39.826605
              ],
              [
                -76.986476,
                39.826605
              ]
            ]
          ],
          [
            [
              [
                -76.986177,
                39.82703
              ],
              [
                -76.986177,
                39.827041
              ],
              [
                -76.986167,
                39.827041
              ],
              [
                -76.986167,
                39.82703
              ],
              [
                -76.986177,
                39.82703
              ]
            ]
          ],
          [
            [
              [
                -76.986178,
                39.82703
              ],
              [
                -76.986167,
                39.82703
              ],
              [
                -76.986167,
                39.827005
              ],
              [
                -76.986178,
                39.827005
              ],
              [
                -76.986178,
                39.82703
              ]
            ]
          ],
          [
            [
              [
                -76.986167,
                39.82703
              ],
              [
                -76.986155,
                39.82703
              ],
              [
                -76.986155,
                39.827005
              ],
              [
                -76.986167,
                39.827005
              ],
              [
                -76.986167,
                39.82703
              ]
            ]
          ],
          [
            [
              [
                -76.985582,
                39.826581
              ],
              [
                -76.985554,
                39.826581
              ],
              [
                -76.985554,
                39.826587
              ],
              [
                -76.985582,
                39.826587
              ],
              [
                -76.985582,
                39.826581
              ]
            ]
          ],
          [
            [
              [
                -76.986758,
                39.827054
              ],
              [
                -76.986746,
                39.827054
              ],
              [
                -76.986746,
                39.82692
              ],
              [
                -76.986758,
                39.82692
              ],
              [
                -76.986758,
                39.827054
              ]
            ]
          ],
          [
            [
              [
                -76.985553,
                39.826587
              ],
              [
                -76.985525,
                39.826587
              ],
              [
                -76.985525,
                39.826581
              ],
              [
                -76.985553,
                39.826581
              ],
              [
                -76.985553,
                39.826587
              ]
            ]
          ],
          [
            [
              [
                -76.986001,
                39.82705
              ],
              [
                -76.986001,
                39.827062
              ],
              [
                -76.986009,
                39.827062
              ],
              [
                -76.986009,
                39.82705
              ],
              [
                -76.986001,
                39.82705
              ]
            ]
          ],
          [
            [
              [
                -76.986789,
                39.826919
              ],
              [
                -76.986817,
                39.826919
              ],
              [
                -76.986817,
                39.826913
              ],
              [
                -76.986789,
                39.826913
              ],
              [
                -76.986789,
                39.826919
              ]
            ]
          ],
          [
            [
              [
                -76.985999,
                39.827055
              ],
              [
                -76.985726,
                39.827055
              ],
              [
                -76.985726,
                39.827051
              ],
              [
                -76.985999,
                39.827051
              ],
              [
                -76.985999,
                39.827055
              ]
            ]
          ],
          [
            [
              [
                -76.985999,
                39.827038
              ],
              [
                -76.985726,
                39.827038
              ],
              [
                -76.985726,
                39.827034
              ],
              [
                -76.985999,
                39.827034
              ],
              [
                -76.985999,
                39.827038
              ]
            ]
          ],
          [
            [
              [
                -76.986786,
                39.826913
              ],
              [
                -76.986786,
                39.826919
              ],
              [
                -76.986788,
                39.826919
              ],
              [
                -76.986788,
                39.826913
              ],
              [
                -76.986786,
                39.826913
              ]
            ]
          ],
          [
            [
              [
                -76.986124,
                39.826999
              ],
              [
                -76.986117,
                39.826999
              ],
              [
                -76.986117,
                39.826982
              ],
              [
                -76.986124,
                39.826982
              ],
              [
                -76.986124,
                39.826999
              ]
            ]
          ],
          [
            [
              [
                -76.985879,
                39.826722
              ],
              [
                -76.985867,
                39.826722
              ],
              [
                -76.985867,
                39.826709
              ],
              [
                -76.985879,
                39.826709
              ],
              [
                -76.985879,
                39.826722
              ]
            ]
          ],
          [
            [
              [
                -76.986116,
                39.826999
              ],
              [
                -76.986109,
                39.826999
              ],
              [
                -76.986109,
                39.826982
              ],
              [
                -76.986116,
                39.826982
              ],
              [
                -76.986116,
                39.826999
              ]
            ]
          ],
          [
            [
              [
                -76.98632,
                39.826859
              ],
              [
                -76.98632,
                39.826861
              ],
              [
                -76.986307,
                39.826861
              ],
              [
                -76.986307,
                39.826859
              ],
              [
                -76.98632,
                39.826859
              ]
            ]
          ],
          [
            [
              [
                -76.985719,
                39.826722
              ],
              [
                -76.985707,
                39.826722
              ],
              [
                -76.985707,
                39.826709
              ],
              [
                -76.985719,
                39.826709
              ],
              [
                -76.985719,
                39.826722
              ]
            ]
          ],
          [
            [
              [
                -76.98632,
                39.826859
              ],
              [
                -76.986307,
                39.826859
              ],
              [
                -76.986307,
                39.826839
              ],
              [
                -76.98632,
                39.826839
              ],
              [
                -76.98632,
                39.826859
              ]
            ]
          ],
          [
            [
              [
                -76.985879,
                39.826708
              ],
              [
                -76.985867,
                39.826708
              ],
              [
                -76.985867,
                39.826709
              ],
              [
                -76.985879,
                39.826709
              ],
              [
                -76.985879,
                39.826708
              ]
            ]
          ],
          [
            [
              [
                -76.986289,
                39.826859
              ],
              [
                -76.986282,
                39.826859
              ],
              [
                -76.986282,
                39.826839
              ],
              [
                -76.986289,
                39.826839
              ],
              [
                -76.986289,
                39.826859
              ]
            ]
          ],
          [
            [
              [
                -76.985865,
                39.826715
              ],
              [
                -76.985722,
                39.826715
              ],
              [
                -76.985722,
                39.826709
              ],
              [
                -76.985865,
                39.826709
              ],
              [
                -76.985865,
                39.826715
              ]
            ]
          ],
          [
            [
              [
                -76.98632,
                39.826835
              ],
              [
                -76.98632,
                39.826839
              ],
              [
                -76.986307,
                39.826839
              ],
              [
                -76.986307,
                39.826835
              ],
              [
                -76.98632,
                39.826835
              ]
            ]
          ],
          [
            [
              [
                -76.986674,
                39.826862
              ],
              [
                -76.986653,
                39.826862
              ],
              [
                -76.986653,
                39.826858
              ],
              [
                -76.986674,
                39.826858
              ],
              [
                -76.986674,
                39.826862
              ]
            ]
          ],
          [
            [
              [
                -76.985865,
                39.826695
              ],
              [
                -76.985722,
                39.826695
              ],
              [
                -76.985722,
                39.826688
              ],
              [
                -76.985865,
                39.826688
              ],
              [
                -76.985865,
                39.826695
              ]
            ]
          ],
          [
            [
              [
                -76.986674,
                39.826661
              ],
              [
                -76.986653,
                39.826661
              ],
              [
                -76.986653,
                39.826657
              ],
              [
                -76.986674,
                39.826657
              ],
              [
                -76.986674,
                39.826661
              ]
            ]
          ],
          [
            [
              [
                -76.986002,
                39.826857
              ],
              [
                -76.98599,
                39.826857
              ],
              [
                -76.98599,
                39.826845
              ],
              [
                -76.986002,
                39.826845
              ],
              [
                -76.986002,
                39.826857
              ]
            ]
          ],
          [
            [
              [
                -76.986661,
                39.826856
              ],
              [
                -76.986653,
                39.826856
              ],
              [
                -76.986653,
                39.826662
              ],
              [
                -76.986661,
                39.826662
              ],
              [
                -76.986661,
                39.826856
              ]
            ]
          ],
          [
            [
              [
                -76.985726,
                39.826857
              ],
              [
                -76.985714,
                39.826857
              ],
              [
                -76.985714,
                39.826845
              ],
              [
                -76.985726,
                39.826845
              ],
              [
                -76.985726,
                39.826857
              ]
            ]
          ],
          [
            [
              [
                -76.986624,
                39.826855
              ],
              [
                -76.986616,
                39.826855
              ],
              [
                -76.986616,
                39.826662
              ],
              [
                -76.986624,
                39.826662
              ],
              [
                -76.986624,
                39.826855
              ]
            ]
          ],
          [
            [
              [
                -76.986002,
                39.826844
              ],
              [
                -76.98599,
                39.826844
              ],
              [
                -76.98599,
                39.826845
              ],
              [
                -76.986002,
                39.826845
              ],
              [
                -76.986002,
                39.826844
              ]
            ]
          ],
          [
            [
              [
                -76.985987,
                39.826857
              ],
              [
                -76.98573,
                39.826857
              ],
              [
                -76.98573,
                39.826852
              ],
              [
                -76.985987,
                39.826852
              ],
              [
                -76.985987,
                39.826857
              ]
            ]
          ],
          [
            [
              [
                -76.985987,
                39.826851
              ],
              [
                -76.98573,
                39.826851
              ],
              [
                -76.98573,
                39.826845
              ],
              [
                -76.985987,
                39.826845
              ],
              [
                -76.985987,
                39.826851
              ]
            ]
          ],
          [
            [
              [
                -76.98598,
                39.826831
              ],
              [
                -76.985722,
                39.826831
              ],
              [
                -76.985722,
                39.826825
              ],
              [
                -76.98598,
                39.826825
              ],
              [
                -76.98598,
                39.826831
              ]
            ]
          ],
          [
            [
              [
                -76.985879,
                39.826777
              ],
              [
                -76.985867,
                39.826777
              ],
              [
                -76.985867,
                39.826765
              ],
              [
                -76.985879,
                39.826765
              ],
              [
                -76.985879,
                39.826777
              ]
            ]
          ],
          [
            [
              [
                -76.985719,
                39.826777
              ],
              [
                -76.985707,
                39.826777
              ],
              [
                -76.985707,
                39.826765
              ],
              [
                -76.985719,
                39.826765
              ],
              [
                -76.985719,
                39.826777
              ]
            ]
          ],
          [
            [
              [
                -76.985879,
                39.826764
              ],
              [
                -76.985867,
                39.826764
              ],
              [
                -76.985867,
                39.826765
              ],
              [
                -76.985879,
                39.826765
              ],
              [
                -76.985879,
                39.826764
              ]
            ]
          ],
          [
            [
              [
                -76.985865,
                39.82677
              ],
              [
                -76.985722,
                39.82677
              ],
              [
                -76.985722,
                39.826765
              ],
              [
                -76.985865,
                39.826765
              ],
              [
                -76.985865,
                39.82677
              ]
            ]
          ],
          [
            [
              [
                -76.985932,
                39.826892
              ],
              [
                -76.985924,
                39.826892
              ],
              [
                -76.985924,
                39.826878
              ],
              [
                -76.985932,
                39.826878
              ],
              [
                -76.985932,
                39.826892
              ]
            ]
          ],
          [
            [
              [
                -76.985865,
                39.826751
              ],
              [
                -76.985722,
                39.826751
              ],
              [
                -76.985722,
                39.826744
              ],
              [
                -76.985865,
                39.826744
              ],
              [
                -76.985865,
                39.826751
              ]
            ]
          ],
          [
            [
              [
                -76.985738,
                39.826892
              ],
              [
                -76.985725,
                39.826892
              ],
              [
                -76.985725,
                39.826878
              ],
              [
                -76.985738,
                39.826878
              ],
              [
                -76.985738,
                39.826892
              ]
            ]
          ],
          [
            [
              [
                -76.985879,
                39.826802
              ],
              [
                -76.985867,
                39.826802
              ],
              [
                -76.985867,
                39.826792
              ],
              [
                -76.985879,
                39.826792
              ],
              [
                -76.985879,
                39.826802
              ]
            ]
          ],
          [
            [
              [
                -76.985922,
                39.826883
              ],
              [
                -76.985741,
                39.826883
              ],
              [
                -76.985741,
                39.826877
              ],
              [
                -76.985922,
                39.826877
              ],
              [
                -76.985922,
                39.826883
              ]
            ]
          ],
          [
            [
              [
                -76.985719,
                39.826803
              ],
              [
                -76.985707,
                39.826803
              ],
              [
                -76.985707,
                39.826791
              ],
              [
                -76.985719,
                39.826791
              ],
              [
                -76.985719,
                39.826803
              ]
            ]
          ],
          [
            [
              [
                -76.986462,
                39.826633
              ],
              [
                -76.986476,
                39.826633
              ],
              [
                -76.986476,
                39.826636
              ],
              [
                -76.986462,
                39.826636
              ],
              [
                -76.986462,
                39.826633
              ]
            ]
          ],
          [
            [
              [
                -76.985879,
                39.826791
              ],
              [
                -76.985867,
                39.826791
              ],
              [
                -76.985867,
                39.826792
              ],
              [
                -76.985879,
                39.826792
              ],
              [
                -76.985879,
                39.826791
              ]
            ]
          ],
          [
            [
              [
                -76.986462,
                39.826619
              ],
              [
                -76.986462,
                39.826632
              ],
              [
                -76.986469,
                39.826632
              ],
              [
                -76.986469,
                39.826619
              ],
              [
                -76.986462,
                39.826619
              ]
            ]
          ],
          [
            [
              [
                -76.985865,
                39.826797
              ],
              [
                -76.985722,
                39.826797
              ],
              [
                -76.985722,
                39.826791
              ],
              [
                -76.985865,
                39.826791
              ],
              [
                -76.985865,
                39.826797
              ]
            ]
          ],
          [
            [
              [
                -76.986462,
                39.826605
              ],
              [
                -76.986462,
                39.826618
              ],
              [
                -76.986469,
                39.826618
              ],
              [
                -76.986469,
                39.826605
              ],
              [
                -76.986462,
                39.826605
              ]
            ]
          ],
          [
            [
              [
                -76.985865,
                39.826777
              ],
              [
                -76.985722,
                39.826777
              ],
              [
                -76.985722,
                39.826771
              ],
              [
                -76.985865,
                39.826771
              ],
              [
                -76.985865,
                39.826777
              ]
            ]
          ],
          [
            [
              [
                -76.986685,
                39.826636
              ],
              [
                -76.986697,
                39.826636
              ],
              [
                -76.986697,
                39.826635
              ],
              [
                -76.986685,
                39.826635
              ],
              [
                -76.986685,
                39.826636
              ]
            ]
          ],
          [
            [
              [
                -76.985707,
                39.82679
              ],
              [
                -76.985719,
                39.82679
              ],
              [
                -76.985719,
                39.826791
              ],
              [
                -76.985707,
                39.826791
              ],
              [
                -76.985707,
                39.82679
              ]
            ]
          ],
          [
            [
              [
                -76.986691,
                39.826634
              ],
              [
                -76.986684,
                39.826634
              ],
              [
                -76.986684,
                39.826608
              ],
              [
                -76.986691,
                39.826608
              ],
              [
                -76.986691,
                39.826634
              ]
            ]
          ],
          [
            [
              [
                -76.986295,
                39.826835
              ],
              [
                -76.986295,
                39.826839
              ],
              [
                -76.986282,
                39.826839
              ],
              [
                -76.986282,
                39.826835
              ],
              [
                -76.986295,
                39.826835
              ]
            ]
          ],
          [
            [
              [
                -76.986295,
                39.826839
              ],
              [
                -76.986295,
                39.826859
              ],
              [
                -76.986289,
                39.826859
              ],
              [
                -76.986289,
                39.826839
              ],
              [
                -76.986295,
                39.826839
              ]
            ]
          ],
          [
            [
              [
                -76.986295,
                39.826859
              ],
              [
                -76.986295,
                39.826861
              ],
              [
                -76.986282,
                39.826861
              ],
              [
                -76.986282,
                39.826859
              ],
              [
                -76.986295,
                39.826859
              ]
            ]
          ],
          [
            [
              [
                -76.986301,
                39.826828
              ],
              [
                -76.986291,
                39.826828
              ],
              [
                -76.986291,
                39.826662
              ],
              [
                -76.986301,
                39.826662
              ],
              [
                -76.986301,
                39.826828
              ]
            ]
          ],
          [
            [
              [
                -76.986265,
                39.826828
              ],
              [
                -76.986256,
                39.826828
              ],
              [
                -76.986256,
                39.826662
              ],
              [
                -76.986265,
                39.826662
              ],
              [
                -76.986265,
                39.826828
              ]
            ]
          ],
          [
            [
              [
                -76.986292,
                39.826661
              ],
              [
                -76.986313,
                39.826661
              ],
              [
                -76.986313,
                39.826657
              ],
              [
                -76.986292,
                39.826657
              ],
              [
                -76.986292,
                39.826661
              ]
            ]
          ],
          [
            [
              [
                -76.986783,
                39.826636
              ],
              [
                -76.986795,
                39.826636
              ],
              [
                -76.986795,
                39.826635
              ],
              [
                -76.986783,
                39.826635
              ],
              [
                -76.986783,
                39.826636
              ]
            ]
          ],
          [
            [
              [
                -76.986795,
                39.826605
              ],
              [
                -76.986783,
                39.826605
              ],
              [
                -76.986783,
                39.826607
              ],
              [
                -76.986795,
                39.826607
              ],
              [
                -76.986795,
                39.826605
              ]
            ]
          ],
          [
            [
              [
                -76.986172,
                39.826861
              ],
              [
                -76.986151,
                39.826861
              ],
              [
                -76.986151,
                39.826857
              ],
              [
                -76.986172,
                39.826857
              ],
              [
                -76.986172,
                39.826861
              ]
            ]
          ],
          [
            [
              [
                -76.986172,
                39.826716
              ],
              [
                -76.986151,
                39.826716
              ],
              [
                -76.986151,
                39.826712
              ],
              [
                -76.986172,
                39.826712
              ],
              [
                -76.986172,
                39.826716
              ]
            ]
          ],
          [
            [
              [
                -76.986163,
                39.826856
              ],
              [
                -76.986151,
                39.826856
              ],
              [
                -76.986151,
                39.826717
              ],
              [
                -76.986163,
                39.826717
              ],
              [
                -76.986163,
                39.826856
              ]
            ]
          ],
          [
            [
              [
                -76.986124,
                39.826856
              ],
              [
                -76.986111,
                39.826856
              ],
              [
                -76.986111,
                39.826717
              ],
              [
                -76.986124,
                39.826717
              ],
              [
                -76.986124,
                39.826856
              ]
            ]
          ],
          [
            [
              [
                -76.98537,
                39.827143
              ],
              [
                -76.985353,
                39.827143
              ],
              [
                -76.985353,
                39.827109
              ],
              [
                -76.98537,
                39.827109
              ],
              [
                -76.98537,
                39.827143
              ]
            ]
          ],
          [
            [
              [
                -76.985366,
                39.827107
              ],
              [
                -76.985352,
                39.827107
              ],
              [
                -76.985352,
                39.826932
              ],
              [
                -76.985366,
                39.826932
              ],
              [
                -76.985366,
                39.827107
              ]
            ]
          ],
          [
            [
              [
                -76.985373,
                39.826882
              ],
              [
                -76.985359,
                39.826882
              ],
              [
                -76.985359,
                39.826635
              ],
              [
                -76.985373,
                39.826635
              ],
              [
                -76.985373,
                39.826882
              ]
            ]
          ],
          [
            [
              [
                -76.986123,
                39.826861
              ],
              [
                -76.986102,
                39.826861
              ],
              [
                -76.986102,
                39.826857
              ],
              [
                -76.986123,
                39.826857
              ],
              [
                -76.986123,
                39.826861
              ]
            ]
          ],
          [
            [
              [
                -76.986123,
                39.826716
              ],
              [
                -76.986102,
                39.826716
              ],
              [
                -76.986102,
                39.826712
              ],
              [
                -76.986123,
                39.826712
              ],
              [
                -76.986123,
                39.826716
              ]
            ]
          ],
          [
            [
              [
                -76.98611,
                39.826856
              ],
              [
                -76.986102,
                39.826856
              ],
              [
                -76.986102,
                39.826717
              ],
              [
                -76.98611,
                39.826717
              ],
              [
                -76.98611,
                39.826856
              ]
            ]
          ],
          [
            [
              [
                -76.986074,
                39.826856
              ],
              [
                -76.986066,
                39.826856
              ],
              [
                -76.986066,
                39.826662
              ],
              [
                -76.986074,
                39.826662
              ],
              [
                -76.986074,
                39.826856
              ]
            ]
          ],
          [
            [
              [
                -76.986001,
                39.826981
              ],
              [
                -76.986001,
                39.826992
              ],
              [
                -76.986009,
                39.826992
              ],
              [
                -76.986009,
                39.826981
              ],
              [
                -76.986001,
                39.826981
              ]
            ]
          ],
          [
            [
              [
                -76.985999,
                39.826986
              ],
              [
                -76.985728,
                39.826986
              ],
              [
                -76.985728,
                39.826981
              ],
              [
                -76.985999,
                39.826981
              ],
              [
                -76.985999,
                39.826986
              ]
            ]
          ],
          [
            [
              [
                -76.985999,
                39.826968
              ],
              [
                -76.985728,
                39.826968
              ],
              [
                -76.985728,
                39.826962
              ],
              [
                -76.985999,
                39.826962
              ],
              [
                -76.985999,
                39.826968
              ]
            ]
          ],
          [
            [
              [
                -76.986367,
                39.826861
              ],
              [
                -76.986343,
                39.826861
              ],
              [
                -76.986343,
                39.826857
              ],
              [
                -76.986367,
                39.826857
              ],
              [
                -76.986367,
                39.826861
              ]
            ]
          ],
          [
            [
              [
                -76.98677,
                39.826625
              ],
              [
                -76.986715,
                39.826625
              ],
              [
                -76.986715,
                39.826621
              ],
              [
                -76.98677,
                39.826621
              ],
              [
                -76.98677,
                39.826625
              ]
            ]
          ],
          [
            [
              [
                -76.986367,
                39.826723
              ],
              [
                -76.986343,
                39.826723
              ],
              [
                -76.986343,
                39.826719
              ],
              [
                -76.986367,
                39.826719
              ],
              [
                -76.986367,
                39.826723
              ]
            ]
          ],
          [
            [
              [
                -76.98677,
                39.826614
              ],
              [
                -76.986715,
                39.826614
              ],
              [
                -76.986715,
                39.82661
              ],
              [
                -76.98677,
                39.82661
              ],
              [
                -76.98677,
                39.826614
              ]
            ]
          ],
          [
            [
              [
                -76.986367,
                39.826708
              ],
              [
                -76.986343,
                39.826708
              ],
              [
                -76.986343,
                39.826707
              ],
              [
                -76.986367,
                39.826707
              ],
              [
                -76.986367,
                39.826708
              ]
            ]
          ],
          [
            [
              [
                -76.98673,
                39.826861
              ],
              [
                -76.986702,
                39.826861
              ],
              [
                -76.986702,
                39.826858
              ],
              [
                -76.98673,
                39.826858
              ],
              [
                -76.98673,
                39.826861
              ]
            ]
          ],
          [
            [
              [
                -76.986367,
                39.826663
              ],
              [
                -76.986343,
                39.826663
              ],
              [
                -76.986343,
                39.826657
              ],
              [
                -76.986367,
                39.826657
              ],
              [
                -76.986367,
                39.826663
              ]
            ]
          ],
          [
            [
              [
                -76.98673,
                39.826661
              ],
              [
                -76.986702,
                39.826661
              ],
              [
                -76.986702,
                39.826657
              ],
              [
                -76.98673,
                39.826657
              ],
              [
                -76.98673,
                39.826661
              ]
            ]
          ],
          [
            [
              [
                -76.986354,
                39.826855
              ],
              [
                -76.986342,
                39.826855
              ],
              [
                -76.986342,
                39.826724
              ],
              [
                -76.986354,
                39.826724
              ],
              [
                -76.986354,
                39.826855
              ]
            ]
          ],
          [
            [
              [
                -76.986716,
                39.826856
              ],
              [
                -76.986702,
                39.826856
              ],
              [
                -76.986702,
                39.826662
              ],
              [
                -76.986716,
                39.826662
              ],
              [
                -76.986716,
                39.826856
              ]
            ]
          ],
          [
            [
              [
                -76.986354,
                39.826705
              ],
              [
                -76.986342,
                39.826705
              ],
              [
                -76.986342,
                39.826664
              ],
              [
                -76.986354,
                39.826664
              ],
              [
                -76.986354,
                39.826705
              ]
            ]
          ],
          [
            [
              [
                -76.986674,
                39.826856
              ],
              [
                -76.986662,
                39.826856
              ],
              [
                -76.986662,
                39.826662
              ],
              [
                -76.986674,
                39.826662
              ],
              [
                -76.986674,
                39.826856
              ]
            ]
          ],
          [
            [
              [
                -76.985879,
                39.826694
              ],
              [
                -76.985867,
                39.826694
              ],
              [
                -76.985867,
                39.826681
              ],
              [
                -76.985879,
                39.826681
              ],
              [
                -76.985879,
                39.826694
              ]
            ]
          ],
          [
            [
              [
                -76.986315,
                39.826828
              ],
              [
                -76.986303,
                39.826828
              ],
              [
                -76.986303,
                39.826662
              ],
              [
                -76.986315,
                39.826662
              ],
              [
                -76.986315,
                39.826828
              ]
            ]
          ],
          [
            [
              [
                -76.985719,
                39.826694
              ],
              [
                -76.985709,
                39.826694
              ],
              [
                -76.985709,
                39.826681
              ],
              [
                -76.985719,
                39.826681
              ],
              [
                -76.985719,
                39.826694
              ]
            ]
          ],
          [
            [
              [
                -76.98634,
                39.826657
              ],
              [
                -76.98634,
                39.826663
              ],
              [
                -76.986342,
                39.826663
              ],
              [
                -76.986342,
                39.826657
              ],
              [
                -76.98634,
                39.826657
              ]
            ]
          ],
          [
            [
              [
                -76.985865,
                39.826687
              ],
              [
                -76.985722,
                39.826687
              ],
              [
                -76.985722,
                39.826681
              ],
              [
                -76.985865,
                39.826681
              ],
              [
                -76.985865,
                39.826687
              ]
            ]
          ],
          [
            [
              [
                -76.986756,
                39.827055
              ],
              [
                -76.986735,
                39.827055
              ],
              [
                -76.986735,
                39.827065
              ],
              [
                -76.986756,
                39.827065
              ],
              [
                -76.986756,
                39.827055
              ]
            ]
          ],
          [
            [
              [
                -76.986814,
                39.826599
              ],
              [
                -76.986814,
                39.826612
              ],
              [
                -76.986808,
                39.826612
              ],
              [
                -76.986808,
                39.826599
              ],
              [
                -76.986814,
                39.826599
              ]
            ]
          ],
          [
            [
              [
                -76.986745,
                39.827053
              ],
              [
                -76.986733,
                39.827053
              ],
              [
                -76.986733,
                39.82692
              ],
              [
                -76.986745,
                39.82692
              ],
              [
                -76.986745,
                39.827053
              ]
            ]
          ],
          [
            [
              [
                -76.986822,
                39.826626
              ],
              [
                -76.986808,
                39.826626
              ],
              [
                -76.986808,
                39.82663
              ],
              [
                -76.986822,
                39.82663
              ],
              [
                -76.986822,
                39.826626
              ]
            ]
          ],
          [
            [
              [
                -76.986702,
                39.827053
              ],
              [
                -76.986689,
                39.827053
              ],
              [
                -76.986689,
                39.826949
              ],
              [
                -76.986702,
                39.826949
              ],
              [
                -76.986702,
                39.827053
              ]
            ]
          ],
          [
            [
              [
                -76.986814,
                39.826612
              ],
              [
                -76.986814,
                39.826625
              ],
              [
                -76.986808,
                39.826625
              ],
              [
                -76.986808,
                39.826612
              ],
              [
                -76.986814,
                39.826612
              ]
            ]
          ],
          [
            [
              [
                -76.986733,
                39.826919
              ],
              [
                -76.986757,
                39.826919
              ],
              [
                -76.986757,
                39.826913
              ],
              [
                -76.986733,
                39.826913
              ],
              [
                -76.986733,
                39.826919
              ]
            ]
          ],
          [
            [
              [
                -76.986637,
                39.826636
              ],
              [
                -76.986498,
                39.826636
              ],
              [
                -76.986498,
                39.826632
              ],
              [
                -76.986637,
                39.826632
              ],
              [
                -76.986637,
                39.826636
              ]
            ]
          ],
          [
            [
              [
                -76.986731,
                39.826913
              ],
              [
                -76.986731,
                39.826919
              ],
              [
                -76.986733,
                39.826919
              ],
              [
                -76.986733,
                39.826913
              ],
              [
                -76.986731,
                39.826913
              ]
            ]
          ],
          [
            [
              [
                -76.986408,
                39.826835
              ],
              [
                -76.986396,
                39.826835
              ],
              [
                -76.986396,
                39.826724
              ],
              [
                -76.986408,
                39.826724
              ],
              [
                -76.986408,
                39.826835
              ]
            ]
          ],
          [
            [
              [
                -76.986089,
                39.826999
              ],
              [
                -76.986082,
                39.826999
              ],
              [
                -76.986082,
                39.826982
              ],
              [
                -76.986089,
                39.826982
              ],
              [
                -76.986089,
                39.826999
              ]
            ]
          ],
          [
            [
              [
                -76.986408,
                39.826705
              ],
              [
                -76.986396,
                39.826705
              ],
              [
                -76.986396,
                39.826664
              ],
              [
                -76.986408,
                39.826664
              ],
              [
                -76.986408,
                39.826705
              ]
            ]
          ],
          [
            [
              [
                -76.986081,
                39.826999
              ],
              [
                -76.986074,
                39.826999
              ],
              [
                -76.986074,
                39.826982
              ],
              [
                -76.986081,
                39.826982
              ],
              [
                -76.986081,
                39.826999
              ]
            ]
          ],
          [
            [
              [
                -76.986368,
                39.826855
              ],
              [
                -76.986356,
                39.826855
              ],
              [
                -76.986356,
                39.826724
              ],
              [
                -76.986368,
                39.826724
              ],
              [
                -76.986368,
                39.826855
              ]
            ]
          ],
          [
            [
              [
                -76.98688,
                39.826598
              ],
              [
                -76.986823,
                39.826598
              ],
              [
                -76.986823,
                39.826594
              ],
              [
                -76.98688,
                39.826594
              ],
              [
                -76.98688,
                39.826598
              ]
            ]
          ],
          [
            [
              [
                -76.986368,
                39.826705
              ],
              [
                -76.986356,
                39.826705
              ],
              [
                -76.986356,
                39.826664
              ],
              [
                -76.986368,
                39.826664
              ],
              [
                -76.986368,
                39.826705
              ]
            ]
          ],
          [
            [
              [
                -76.986815,
                39.826612
              ],
              [
                -76.986815,
                39.826625
              ],
              [
                -76.986822,
                39.826625
              ],
              [
                -76.986822,
                39.826612
              ],
              [
                -76.986815,
                39.826612
              ]
            ]
          ],
          [
            [
              [
                -76.98642,
                39.826709
              ],
              [
                -76.986396,
                39.826709
              ],
              [
                -76.986396,
                39.826707
              ],
              [
                -76.98642,
                39.826707
              ],
              [
                -76.98642,
                39.826709
              ]
            ]
          ],
          [
            [
              [
                -76.986815,
                39.826599
              ],
              [
                -76.986815,
                39.826612
              ],
              [
                -76.986822,
                39.826612
              ],
              [
                -76.986822,
                39.826599
              ],
              [
                -76.986815,
                39.826599
              ]
            ]
          ],
          [
            [
              [
                -76.98642,
                39.826663
              ],
              [
                -76.986396,
                39.826663
              ],
              [
                -76.986396,
                39.826657
              ],
              [
                -76.98642,
                39.826657
              ],
              [
                -76.98642,
                39.826663
              ]
            ]
          ],
          [
            [
              [
                -76.98564,
                39.827165
              ],
              [
                -76.985638,
                39.827165
              ],
              [
                -76.985638,
                39.827157
              ],
              [
                -76.98564,
                39.827157
              ],
              [
                -76.98564,
                39.827165
              ]
            ]
          ],
          [
            [
              [
                -76.986394,
                39.826657
              ],
              [
                -76.986394,
                39.826663
              ],
              [
                -76.986396,
                39.826663
              ],
              [
                -76.986396,
                39.826657
              ],
              [
                -76.986394,
                39.826657
              ]
            ]
          ],
          [
            [
              [
                -76.98563,
                39.827165
              ],
              [
                -76.985628,
                39.827165
              ],
              [
                -76.985628,
                39.827157
              ],
              [
                -76.98563,
                39.827157
              ],
              [
                -76.98563,
                39.827165
              ]
            ]
          ],
          [
            [
              [
                -76.98562,
                39.827165
              ],
              [
                -76.985619,
                39.827165
              ],
              [
                -76.985619,
                39.827157
              ],
              [
                -76.98562,
                39.827157
              ],
              [
                -76.98562,
                39.827165
              ]
            ]
          ],
          [
            [
              [
                -76.986096,
                39.827064
              ],
              [
                -76.986088,
                39.827064
              ],
              [
                -76.986088,
                39.827012
              ],
              [
                -76.986096,
                39.827012
              ],
              [
                -76.986096,
                39.827064
              ]
            ]
          ],
          [
            [
              [
                -76.985614,
                39.827166
              ],
              [
                -76.985457,
                39.827166
              ],
              [
                -76.985457,
                39.827156
              ],
              [
                -76.985614,
                39.827156
              ],
              [
                -76.985614,
                39.827166
              ]
            ]
          ],
          [
            [
              [
                -76.986084,
                39.827064
              ],
              [
                -76.986076,
                39.827064
              ],
              [
                -76.986076,
                39.827012
              ],
              [
                -76.986084,
                39.827012
              ],
              [
                -76.986084,
                39.827064
              ]
            ]
          ],
          [
            [
              [
                -76.985453,
                39.827166
              ],
              [
                -76.985375,
                39.827166
              ],
              [
                -76.985375,
                39.827159
              ],
              [
                -76.985453,
                39.827159
              ],
              [
                -76.985453,
                39.827166
              ]
            ]
          ],
          [
            [
              [
                -76.985435,
                39.827132
              ],
              [
                -76.985421,
                39.827132
              ],
              [
                -76.985421,
                39.826986
              ],
              [
                -76.985435,
                39.826986
              ],
              [
                -76.985435,
                39.827132
              ]
            ]
          ],
          [
            [
              [
                -76.986973,
                39.826854
              ],
              [
                -76.986959,
                39.826854
              ],
              [
                -76.986959,
                39.826665
              ],
              [
                -76.986973,
                39.826665
              ],
              [
                -76.986973,
                39.826854
              ]
            ]
          ],
          [
            [
              [
                -76.986802,
                39.826598
              ],
              [
                -76.986451,
                39.826598
              ],
              [
                -76.986451,
                39.826594
              ],
              [
                -76.986802,
                39.826594
              ],
              [
                -76.986802,
                39.826598
              ]
            ]
          ],
          [
            [
              [
                -76.98677,
                39.82661
              ],
              [
                -76.986715,
                39.82661
              ],
              [
                -76.986715,
                39.826607
              ],
              [
                -76.98677,
                39.826607
              ],
              [
                -76.98677,
                39.82661
              ]
            ]
          ],
          [
            [
              [
                -76.986581,
                39.82661
              ],
              [
                -76.986498,
                39.82661
              ],
              [
                -76.986498,
                39.826607
              ],
              [
                -76.986581,
                39.826607
              ],
              [
                -76.986581,
                39.82661
              ]
            ]
          ],
          [
            [
              [
                -76.986497,
                39.826607
              ],
              [
                -76.986497,
                39.826615
              ],
              [
                -76.98649,
                39.826615
              ],
              [
                -76.98649,
                39.826607
              ],
              [
                -76.986497,
                39.826607
              ]
            ]
          ],
          [
            [
              [
                -76.986527,
                39.827058
              ],
              [
                -76.986503,
                39.827058
              ],
              [
                -76.986503,
                39.827064
              ],
              [
                -76.986527,
                39.827064
              ],
              [
                -76.986527,
                39.827058
              ]
            ]
          ],
          [
            [
              [
                -76.986514,
                39.827056
              ],
              [
                -76.986502,
                39.827056
              ],
              [
                -76.986502,
                39.826939
              ],
              [
                -76.986514,
                39.826939
              ],
              [
                -76.986514,
                39.827056
              ]
            ]
          ],
          [
            [
              [
                -76.986057,
                39.827064
              ],
              [
                -76.986049,
                39.827064
              ],
              [
                -76.986049,
                39.827012
              ],
              [
                -76.986057,
                39.827012
              ],
              [
                -76.986057,
                39.827064
              ]
            ]
          ],
          [
            [
              [
                -76.986474,
                39.827056
              ],
              [
                -76.986462,
                39.827056
              ],
              [
                -76.986462,
                39.826939
              ],
              [
                -76.986474,
                39.826939
              ],
              [
                -76.986474,
                39.827056
              ]
            ]
          ],
          [
            [
              [
                -76.986502,
                39.826938
              ],
              [
                -76.986526,
                39.826938
              ],
              [
                -76.986526,
                39.826933
              ],
              [
                -76.986502,
                39.826933
              ],
              [
                -76.986502,
                39.826938
              ]
            ]
          ],
          [
            [
              [
                -76.986589,
                39.827057
              ],
              [
                -76.986563,
                39.827057
              ],
              [
                -76.986563,
                39.827063
              ],
              [
                -76.986589,
                39.827063
              ],
              [
                -76.986589,
                39.827057
              ]
            ]
          ],
          [
            [
              [
                -76.986562,
                39.826938
              ],
              [
                -76.986588,
                39.826938
              ],
              [
                -76.986588,
                39.826933
              ],
              [
                -76.986562,
                39.826933
              ],
              [
                -76.986562,
                39.826938
              ]
            ]
          ],
          [
            [
              [
                -76.985586,
                39.827132
              ],
              [
                -76.985572,
                39.827132
              ],
              [
                -76.985572,
                39.826986
              ],
              [
                -76.985586,
                39.826986
              ],
              [
                -76.985586,
                39.827132
              ]
            ]
          ],
          [
            [
              [
                -76.986045,
                39.827064
              ],
              [
                -76.986037,
                39.827064
              ],
              [
                -76.986037,
                39.827012
              ],
              [
                -76.986045,
                39.827012
              ],
              [
                -76.986045,
                39.827064
              ]
            ]
          ],
          [
            [
              [
                -76.985527,
                39.827132
              ],
              [
                -76.985513,
                39.827132
              ],
              [
                -76.985513,
                39.826986
              ],
              [
                -76.985527,
                39.826986
              ],
              [
                -76.985527,
                39.827132
              ]
            ]
          ],
          [
            [
              [
                -76.985622,
                39.826854
              ],
              [
                -76.985599,
                39.826854
              ],
              [
                -76.985599,
                39.826783
              ],
              [
                -76.985622,
                39.826783
              ],
              [
                -76.985622,
                39.826854
              ]
            ]
          ],
          [
            [
              [
                -76.985528,
                39.826985
              ],
              [
                -76.985498,
                39.826985
              ],
              [
                -76.985498,
                39.826979
              ],
              [
                -76.985528,
                39.826979
              ],
              [
                -76.985528,
                39.826985
              ]
            ]
          ],
          [
            [
              [
                -76.986045,
                39.826987
              ],
              [
                -76.986045,
                39.827
              ],
              [
                -76.986037,
                39.827
              ],
              [
                -76.986037,
                39.826987
              ],
              [
                -76.986045,
                39.826987
              ]
            ]
          ],
          [
            [
              [
                -76.985622,
                39.826769
              ],
              [
                -76.985599,
                39.826769
              ],
              [
                -76.985599,
                39.826711
              ],
              [
                -76.985622,
                39.826711
              ],
              [
                -76.985622,
                39.826769
              ]
            ]
          ],
          [
            [
              [
                -76.986046,
                39.826987
              ],
              [
                -76.986046,
                39.827
              ],
              [
                -76.986054,
                39.827
              ],
              [
                -76.986054,
                39.826987
              ],
              [
                -76.986046,
                39.826987
              ]
            ]
          ],
          [
            [
              [
                -76.985622,
                39.826698
              ],
              [
                -76.985599,
                39.826698
              ],
              [
                -76.985599,
                39.826654
              ],
              [
                -76.985622,
                39.826654
              ],
              [
                -76.985622,
                39.826698
              ]
            ]
          ],
          [
            [
              [
                -76.986698,
                39.826634
              ],
              [
                -76.986691,
                39.826634
              ],
              [
                -76.986691,
                39.826608
              ],
              [
                -76.986698,
                39.826608
              ],
              [
                -76.986698,
                39.826634
              ]
            ]
          ],
          [
            [
              [
                -76.985581,
                39.826854
              ],
              [
                -76.985557,
                39.826854
              ],
              [
                -76.985557,
                39.826783
              ],
              [
                -76.985581,
                39.826783
              ],
              [
                -76.985581,
                39.826854
              ]
            ]
          ],
          [
            [
              [
                -76.985534,
                39.826854
              ],
              [
                -76.985527,
                39.826854
              ],
              [
                -76.985527,
                39.826857
              ],
              [
                -76.985534,
                39.826857
              ],
              [
                -76.985534,
                39.826854
              ]
            ]
          ],
          [
            [
              [
                -76.985534,
                39.826854
              ],
              [
                -76.985511,
                39.826854
              ],
              [
                -76.985511,
                39.82684
              ],
              [
                -76.985534,
                39.82684
              ],
              [
                -76.985534,
                39.826854
              ]
            ]
          ],
          [
            [
              [
                -76.985604,
                39.827132
              ],
              [
                -76.98559,
                39.827132
              ],
              [
                -76.98559,
                39.826986
              ],
              [
                -76.985604,
                39.826986
              ],
              [
                -76.985604,
                39.827132
              ]
            ]
          ],
          [
            [
              [
                -76.985604,
                39.826985
              ],
              [
                -76.985573,
                39.826985
              ],
              [
                -76.985573,
                39.826979
              ],
              [
                -76.985604,
                39.826979
              ],
              [
                -76.985604,
                39.826985
              ]
            ]
          ],
          [
            [
              [
                -76.985526,
                39.826857
              ],
              [
                -76.985519,
                39.826857
              ],
              [
                -76.985519,
                39.826854
              ],
              [
                -76.985526,
                39.826854
              ],
              [
                -76.985526,
                39.826857
              ]
            ]
          ],
          [
            [
              [
                -76.986246,
                39.827062
              ],
              [
                -76.986246,
                39.827058
              ],
              [
                -76.986162,
                39.827058
              ],
              [
                -76.986162,
                39.827062
              ],
              [
                -76.986246,
                39.827062
              ]
            ]
          ],
          [
            [
              [
                -76.985534,
                39.82684
              ],
              [
                -76.985511,
                39.82684
              ],
              [
                -76.985511,
                39.8268
              ],
              [
                -76.985534,
                39.8268
              ],
              [
                -76.985534,
                39.82684
              ]
            ]
          ],
          [
            [
              [
                -76.98594,
                39.827242
              ],
              [
                -76.98592,
                39.827242
              ],
              [
                -76.98592,
                39.827126
              ],
              [
                -76.98594,
                39.827126
              ],
              [
                -76.98594,
                39.827242
              ]
            ]
          ],
          [
            [
              [
                -76.985532,
                39.826787
              ],
              [
                -76.985512,
                39.826787
              ],
              [
                -76.985512,
                39.826783
              ],
              [
                -76.985532,
                39.826783
              ],
              [
                -76.985532,
                39.826787
              ]
            ]
          ],
          [
            [
              [
                -76.98689,
                39.826619
              ],
              [
                -76.986896,
                39.826619
              ],
              [
                -76.986896,
                39.826625
              ],
              [
                -76.98689,
                39.826625
              ],
              [
                -76.98689,
                39.826619
              ]
            ]
          ],
          [
            [
              [
                -76.985534,
                39.826698
              ],
              [
                -76.985511,
                39.826698
              ],
              [
                -76.985511,
                39.826658
              ],
              [
                -76.985534,
                39.826658
              ],
              [
                -76.985534,
                39.826698
              ]
            ]
          ],
          [
            [
              [
                -76.985517,
                39.826854
              ],
              [
                -76.985511,
                39.826854
              ],
              [
                -76.985511,
                39.826857
              ],
              [
                -76.985517,
                39.826857
              ],
              [
                -76.985517,
                39.826854
              ]
            ]
          ],
          [
            [
              [
                -76.985624,
                39.826769
              ],
              [
                -76.985611,
                39.826769
              ],
              [
                -76.985611,
                39.826773
              ],
              [
                -76.985624,
                39.826773
              ],
              [
                -76.985624,
                39.826769
              ]
            ]
          ],
          [
            [
              [
                -76.985611,
                39.826769
              ],
              [
                -76.985598,
                39.826769
              ],
              [
                -76.985598,
                39.826773
              ],
              [
                -76.985611,
                39.826773
              ],
              [
                -76.985611,
                39.826769
              ]
            ]
          ],
          [
            [
              [
                -76.985487,
                39.82686
              ],
              [
                -76.985474,
                39.82686
              ],
              [
                -76.985474,
                39.826854
              ],
              [
                -76.985487,
                39.826854
              ],
              [
                -76.985487,
                39.82686
              ]
            ]
          ],
          [
            [
              [
                -76.985487,
                39.826774
              ],
              [
                -76.985474,
                39.826774
              ],
              [
                -76.985474,
                39.826769
              ],
              [
                -76.985487,
                39.826769
              ],
              [
                -76.985487,
                39.826774
              ]
            ]
          ],
          [
            [
              [
                -76.985488,
                39.826854
              ],
              [
                -76.985465,
                39.826854
              ],
              [
                -76.985465,
                39.826787
              ],
              [
                -76.985488,
                39.826787
              ],
              [
                -76.985488,
                39.826854
              ]
            ]
          ],
          [
            [
              [
                -76.985488,
                39.826769
              ],
              [
                -76.985465,
                39.826769
              ],
              [
                -76.985465,
                39.826713
              ],
              [
                -76.985488,
                39.826713
              ],
              [
                -76.985488,
                39.826769
              ]
            ]
          ],
          [
            [
              [
                -76.985581,
                39.826773
              ],
              [
                -76.985569,
                39.826773
              ],
              [
                -76.985569,
                39.826769
              ],
              [
                -76.985581,
                39.826769
              ],
              [
                -76.985581,
                39.826773
              ]
            ]
          ],
          [
            [
              [
                -76.985581,
                39.826703
              ],
              [
                -76.985569,
                39.826703
              ],
              [
                -76.985569,
                39.826698
              ],
              [
                -76.985581,
                39.826698
              ],
              [
                -76.985581,
                39.826703
              ]
            ]
          ],
          [
            [
              [
                -76.985472,
                39.826857
              ],
              [
                -76.985465,
                39.826857
              ],
              [
                -76.985465,
                39.826854
              ],
              [
                -76.985472,
                39.826854
              ],
              [
                -76.985472,
                39.826857
              ]
            ]
          ],
          [
            [
              [
                -76.985472,
                39.826772
              ],
              [
                -76.985465,
                39.826772
              ],
              [
                -76.985465,
                39.826769
              ],
              [
                -76.985472,
                39.826769
              ],
              [
                -76.985472,
                39.826772
              ]
            ]
          ],
          [
            [
              [
                -76.985472,
                39.826702
              ],
              [
                -76.985465,
                39.826702
              ],
              [
                -76.985465,
                39.826698
              ],
              [
                -76.985472,
                39.826698
              ],
              [
                -76.985472,
                39.826702
              ]
            ]
          ],
          [
            [
              [
                -76.98558,
                39.826769
              ],
              [
                -76.985557,
                39.826769
              ],
              [
                -76.985557,
                39.826711
              ],
              [
                -76.98558,
                39.826711
              ],
              [
                -76.98558,
                39.826769
              ]
            ]
          ],
          [
            [
              [
                -76.98558,
                39.826698
              ],
              [
                -76.985557,
                39.826698
              ],
              [
                -76.985557,
                39.826654
              ],
              [
                -76.98558,
                39.826654
              ],
              [
                -76.98558,
                39.826698
              ]
            ]
          ],
          [
            [
              [
                -76.985569,
                39.826769
              ],
              [
                -76.985556,
                39.826769
              ],
              [
                -76.985556,
                39.826773
              ],
              [
                -76.985569,
                39.826773
              ],
              [
                -76.985569,
                39.826769
              ]
            ]
          ],
          [
            [
              [
                -76.985533,
                39.8268
              ],
              [
                -76.98551,
                39.8268
              ],
              [
                -76.98551,
                39.826787
              ],
              [
                -76.985533,
                39.826787
              ],
              [
                -76.985533,
                39.8268
              ]
            ]
          ],
          [
            [
              [
                -76.985533,
                39.826769
              ],
              [
                -76.98551,
                39.826769
              ],
              [
                -76.98551,
                39.826713
              ],
              [
                -76.985533,
                39.826713
              ],
              [
                -76.985533,
                39.826769
              ]
            ]
          ],
          [
            [
              [
                -76.985446,
                39.826854
              ],
              [
                -76.985439,
                39.826854
              ],
              [
                -76.985439,
                39.826857
              ],
              [
                -76.985446,
                39.826857
              ],
              [
                -76.985446,
                39.826854
              ]
            ]
          ],
          [
            [
              [
                -76.985446,
                39.826854
              ],
              [
                -76.985423,
                39.826854
              ],
              [
                -76.985423,
                39.826841
              ],
              [
                -76.985446,
                39.826841
              ],
              [
                -76.985446,
                39.826854
              ]
            ]
          ],
          [
            [
              [
                -76.985438,
                39.826857
              ],
              [
                -76.985431,
                39.826857
              ],
              [
                -76.985431,
                39.826854
              ],
              [
                -76.985438,
                39.826854
              ],
              [
                -76.985438,
                39.826857
              ]
            ]
          ],
          [
            [
              [
                -76.985446,
                39.826841
              ],
              [
                -76.985423,
                39.826841
              ],
              [
                -76.985423,
                39.826783
              ],
              [
                -76.985446,
                39.826783
              ],
              [
                -76.985446,
                39.826841
              ]
            ]
          ],
          [
            [
              [
                -76.985446,
                39.826769
              ],
              [
                -76.985423,
                39.826769
              ],
              [
                -76.985423,
                39.826713
              ],
              [
                -76.985446,
                39.826713
              ],
              [
                -76.985446,
                39.826769
              ]
            ]
          ],
          [
            [
              [
                -76.985446,
                39.826698
              ],
              [
                -76.985423,
                39.826698
              ],
              [
                -76.985423,
                39.826654
              ],
              [
                -76.985446,
                39.826654
              ],
              [
                -76.985446,
                39.826698
              ]
            ]
          ],
          [
            [
              [
                -76.98543,
                39.826854
              ],
              [
                -76.985423,
                39.826854
              ],
              [
                -76.985423,
                39.826857
              ],
              [
                -76.98543,
                39.826857
              ],
              [
                -76.98543,
                39.826854
              ]
            ]
          ],
          [
            [
              [
                -76.985535,
                39.826773
              ],
              [
                -76.985522,
                39.826773
              ],
              [
                -76.985522,
                39.826769
              ],
              [
                -76.985535,
                39.826769
              ],
              [
                -76.985535,
                39.826773
              ]
            ]
          ],
          [
            [
              [
                -76.985535,
                39.826703
              ],
              [
                -76.985522,
                39.826703
              ],
              [
                -76.985522,
                39.826698
              ],
              [
                -76.985535,
                39.826698
              ],
              [
                -76.985535,
                39.826703
              ]
            ]
          ],
          [
            [
              [
                -76.985623,
                39.826698
              ],
              [
                -76.985611,
                39.826698
              ],
              [
                -76.985611,
                39.826703
              ],
              [
                -76.985623,
                39.826703
              ],
              [
                -76.985623,
                39.826698
              ]
            ]
          ],
          [
            [
              [
                -76.985522,
                39.826769
              ],
              [
                -76.985509,
                39.826769
              ],
              [
                -76.985509,
                39.826773
              ],
              [
                -76.985522,
                39.826773
              ],
              [
                -76.985522,
                39.826769
              ]
            ]
          ],
          [
            [
              [
                -76.985611,
                39.826698
              ],
              [
                -76.985598,
                39.826698
              ],
              [
                -76.985598,
                39.826703
              ],
              [
                -76.985611,
                39.826703
              ],
              [
                -76.985611,
                39.826698
              ]
            ]
          ],
          [
            [
              [
                -76.985487,
                39.826787
              ],
              [
                -76.985466,
                39.826787
              ],
              [
                -76.985466,
                39.826783
              ],
              [
                -76.985487,
                39.826783
              ],
              [
                -76.985487,
                39.826787
              ]
            ]
          ],
          [
            [
              [
                -76.985488,
                39.826698
              ],
              [
                -76.985465,
                39.826698
              ],
              [
                -76.985465,
                39.826654
              ],
              [
                -76.985488,
                39.826654
              ],
              [
                -76.985488,
                39.826698
              ]
            ]
          ],
          [
            [
              [
                -76.985569,
                39.826698
              ],
              [
                -76.985556,
                39.826698
              ],
              [
                -76.985556,
                39.826703
              ],
              [
                -76.985569,
                39.826703
              ],
              [
                -76.985569,
                39.826698
              ]
            ]
          ],
          [
            [
              [
                -76.985447,
                39.826773
              ],
              [
                -76.985434,
                39.826773
              ],
              [
                -76.985434,
                39.826768
              ],
              [
                -76.985447,
                39.826768
              ],
              [
                -76.985447,
                39.826773
              ]
            ]
          ],
          [
            [
              [
                -76.985447,
                39.826703
              ],
              [
                -76.985434,
                39.826703
              ],
              [
                -76.985434,
                39.826698
              ],
              [
                -76.985447,
                39.826698
              ],
              [
                -76.985447,
                39.826703
              ]
            ]
          ],
          [
            [
              [
                -76.985434,
                39.826773
              ],
              [
                -76.985421,
                39.826773
              ],
              [
                -76.985421,
                39.826768
              ],
              [
                -76.985434,
                39.826768
              ],
              [
                -76.985434,
                39.826773
              ]
            ]
          ],
          [
            [
              [
                -76.985434,
                39.826703
              ],
              [
                -76.985422,
                39.826703
              ],
              [
                -76.985422,
                39.826698
              ],
              [
                -76.985434,
                39.826698
              ],
              [
                -76.985434,
                39.826703
              ]
            ]
          ],
          [
            [
              [
                -76.985522,
                39.826698
              ],
              [
                -76.985509,
                39.826698
              ],
              [
                -76.985509,
                39.826703
              ],
              [
                -76.985522,
                39.826703
              ],
              [
                -76.985522,
                39.826698
              ]
            ]
          ],
          [
            [
              [
                -76.985487,
                39.826698
              ],
              [
                -76.985474,
                39.826698
              ],
              [
                -76.985474,
                39.826704
              ],
              [
                -76.985487,
                39.826704
              ],
              [
                -76.985487,
                39.826698
              ]
            ]
          ],
          [
            [
              [
                -76.985595,
                39.826587
              ],
              [
                -76.985595,
                39.8266
              ],
              [
                -76.985583,
                39.8266
              ],
              [
                -76.985583,
                39.826587
              ],
              [
                -76.985595,
                39.826587
              ]
            ]
          ],
          [
            [
              [
                -76.985567,
                39.826619
              ],
              [
                -76.985539,
                39.826619
              ],
              [
                -76.985539,
                39.826596
              ],
              [
                -76.985567,
                39.826596
              ],
              [
                -76.985567,
                39.826619
              ]
            ]
          ],
          [
            [
              [
                -76.985518,
                39.826622
              ],
              [
                -76.985511,
                39.826622
              ],
              [
                -76.985511,
                39.826615
              ],
              [
                -76.985518,
                39.826615
              ],
              [
                -76.985518,
                39.826622
              ]
            ]
          ],
          [
            [
              [
                -76.985516,
                39.826614
              ],
              [
                -76.985511,
                39.826614
              ],
              [
                -76.985511,
                39.826601
              ],
              [
                -76.985516,
                39.826601
              ],
              [
                -76.985516,
                39.826614
              ]
            ]
          ],
          [
            [
              [
                -76.985502,
                39.826607
              ],
              [
                -76.985502,
                39.826617
              ],
              [
                -76.985494,
                39.826617
              ],
              [
                -76.985494,
                39.826607
              ],
              [
                -76.985502,
                39.826607
              ]
            ]
          ],
          [
            [
              [
                -76.985511,
                39.826586
              ],
              [
                -76.985511,
                39.8266
              ],
              [
                -76.985523,
                39.8266
              ],
              [
                -76.985523,
                39.826586
              ],
              [
                -76.985511,
                39.826586
              ]
            ]
          ],
          [
            [
              [
                -76.985444,
                39.826607
              ],
              [
                -76.985444,
                39.826617
              ],
              [
                -76.985452,
                39.826617
              ],
              [
                -76.985452,
                39.826607
              ],
              [
                -76.985444,
                39.826607
              ]
            ]
          ],
          [
            [
              [
                -76.985433,
                39.826607
              ],
              [
                -76.985433,
                39.826617
              ],
              [
                -76.985425,
                39.826617
              ],
              [
                -76.985425,
                39.826607
              ],
              [
                -76.985433,
                39.826607
              ]
            ]
          ],
          [
            [
              [
                -76.986646,
                39.826634
              ],
              [
                -76.986639,
                39.826634
              ],
              [
                -76.986639,
                39.826628
              ],
              [
                -76.986646,
                39.826628
              ],
              [
                -76.986646,
                39.826634
              ]
            ]
          ],
          [
            [
              [
                -76.986497,
                39.826634
              ],
              [
                -76.98649,
                39.826634
              ],
              [
                -76.98649,
                39.826628
              ],
              [
                -76.986497,
                39.826628
              ],
              [
                -76.986497,
                39.826634
              ]
            ]
          ],
          [
            [
              [
                -76.986637,
                39.826632
              ],
              [
                -76.986498,
                39.826632
              ],
              [
                -76.986498,
                39.826627
              ],
              [
                -76.986637,
                39.826627
              ],
              [
                -76.986637,
                39.826632
              ]
            ]
          ],
          [
            [
              [
                -76.986609,
                39.826615
              ],
              [
                -76.986498,
                39.826615
              ],
              [
                -76.986498,
                39.82661
              ],
              [
                -76.986609,
                39.82661
              ],
              [
                -76.986609,
                39.826615
              ]
            ]
          ],
          [
            [
              [
                -76.986699,
                39.827065
              ],
              [
                -76.986678,
                39.827065
              ],
              [
                -76.986678,
                39.827055
              ],
              [
                -76.986699,
                39.827055
              ],
              [
                -76.986699,
                39.827065
              ]
            ]
          ],
          [
            [
              [
                -76.986702,
                39.826948
              ],
              [
                -76.986676,
                39.826948
              ],
              [
                -76.986676,
                39.826946
              ],
              [
                -76.986702,
                39.826946
              ],
              [
                -76.986702,
                39.826948
              ]
            ]
          ],
          [
            [
              [
                -76.986687,
                39.827054
              ],
              [
                -76.986675,
                39.827054
              ],
              [
                -76.986675,
                39.826949
              ],
              [
                -76.986687,
                39.826949
              ],
              [
                -76.986687,
                39.827054
              ]
            ]
          ],
          [
            [
              [
                -76.986647,
                39.827061
              ],
              [
                -76.986633,
                39.827061
              ],
              [
                -76.986633,
                39.826887
              ],
              [
                -76.986647,
                39.826887
              ],
              [
                -76.986647,
                39.827061
              ]
            ]
          ],
          [
            [
              [
                -76.986603,
                39.826857
              ],
              [
                -76.986624,
                39.826857
              ],
              [
                -76.986624,
                39.826861
              ],
              [
                -76.986603,
                39.826861
              ],
              [
                -76.986603,
                39.826857
              ]
            ]
          ],
          [
            [
              [
                -76.986615,
                39.826855
              ],
              [
                -76.986603,
                39.826855
              ],
              [
                -76.986603,
                39.826662
              ],
              [
                -76.986615,
                39.826662
              ],
              [
                -76.986615,
                39.826855
              ]
            ]
          ],
          [
            [
              [
                -76.986575,
                39.826856
              ],
              [
                -76.986567,
                39.826856
              ],
              [
                -76.986567,
                39.826662
              ],
              [
                -76.986575,
                39.826662
              ],
              [
                -76.986575,
                39.826856
              ]
            ]
          ],
          [
            [
              [
                -76.986624,
                39.82666
              ],
              [
                -76.986603,
                39.82666
              ],
              [
                -76.986603,
                39.826657
              ],
              [
                -76.986624,
                39.826657
              ],
              [
                -76.986624,
                39.82666
              ]
            ]
          ],
          [
            [
              [
                -76.986254,
                39.826828
              ],
              [
                -76.986246,
                39.826828
              ],
              [
                -76.986246,
                39.826662
              ],
              [
                -76.986254,
                39.826662
              ],
              [
                -76.986254,
                39.826828
              ]
            ]
          ],
          [
            [
              [
                -76.986218,
                39.826828
              ],
              [
                -76.98621,
                39.826828
              ],
              [
                -76.98621,
                39.826662
              ],
              [
                -76.986218,
                39.826662
              ],
              [
                -76.986218,
                39.826828
              ]
            ]
          ],
          [
            [
              [
                -76.986053,
                39.82693
              ],
              [
                -76.986045,
                39.82693
              ],
              [
                -76.986045,
                39.826889
              ],
              [
                -76.986053,
                39.826889
              ],
              [
                -76.986053,
                39.82693
              ]
            ]
          ],
          [
            [
              [
                -76.986043,
                39.82693
              ],
              [
                -76.986035,
                39.82693
              ],
              [
                -76.986035,
                39.826889
              ],
              [
                -76.986043,
                39.826889
              ],
              [
                -76.986043,
                39.82693
              ]
            ]
          ],
          [
            [
              [
                -76.986157,
                39.82703
              ],
              [
                -76.986157,
                39.827041
              ],
              [
                -76.986167,
                39.827041
              ],
              [
                -76.986167,
                39.82703
              ],
              [
                -76.986157,
                39.82703
              ]
            ]
          ],
          [
            [
              [
                -76.986132,
                39.827012
              ],
              [
                -76.986124,
                39.827012
              ],
              [
                -76.986124,
                39.827017
              ],
              [
                -76.986132,
                39.827017
              ],
              [
                -76.986132,
                39.827012
              ]
            ]
          ],
          [
            [
              [
                -76.986122,
                39.826884
              ],
              [
                -76.986105,
                39.826884
              ],
              [
                -76.986105,
                39.826879
              ],
              [
                -76.986122,
                39.826879
              ],
              [
                -76.986122,
                39.826884
              ]
            ]
          ],
          [
            [
              [
                -76.986087,
                39.826884
              ],
              [
                -76.98607,
                39.826884
              ],
              [
                -76.98607,
                39.826879
              ],
              [
                -76.986087,
                39.826879
              ],
              [
                -76.986087,
                39.826884
              ]
            ]
          ],
          [
            [
              [
                -76.986053,
                39.826884
              ],
              [
                -76.986035,
                39.826884
              ],
              [
                -76.986035,
                39.826879
              ],
              [
                -76.986053,
                39.826879
              ],
              [
                -76.986053,
                39.826884
              ]
            ]
          ],
          [
            [
              [
                -76.986574,
                39.826862
              ],
              [
                -76.986553,
                39.826862
              ],
              [
                -76.986553,
                39.826858
              ],
              [
                -76.986574,
                39.826858
              ],
              [
                -76.986574,
                39.826862
              ]
            ]
          ],
          [
            [
              [
                -76.986574,
                39.826661
              ],
              [
                -76.986553,
                39.826661
              ],
              [
                -76.986553,
                39.826657
              ],
              [
                -76.986574,
                39.826657
              ],
              [
                -76.986574,
                39.826661
              ]
            ]
          ],
          [
            [
              [
                -76.986565,
                39.826856
              ],
              [
                -76.986553,
                39.826856
              ],
              [
                -76.986553,
                39.826662
              ],
              [
                -76.986565,
                39.826662
              ],
              [
                -76.986565,
                39.826856
              ]
            ]
          ],
          [
            [
              [
                -76.986528,
                39.826842
              ],
              [
                -76.986519,
                39.826842
              ],
              [
                -76.986519,
                39.826662
              ],
              [
                -76.986528,
                39.826662
              ],
              [
                -76.986528,
                39.826842
              ]
            ]
          ],
          [
            [
              [
                -76.985512,
                39.827132
              ],
              [
                -76.985498,
                39.827132
              ],
              [
                -76.985498,
                39.826986
              ],
              [
                -76.985512,
                39.826986
              ],
              [
                -76.985512,
                39.827132
              ]
            ]
          ],
          [
            [
              [
                -76.985453,
                39.827133
              ],
              [
                -76.985439,
                39.827133
              ],
              [
                -76.985439,
                39.826986
              ],
              [
                -76.985453,
                39.826986
              ],
              [
                -76.985453,
                39.827133
              ]
            ]
          ],
          [
            [
              [
                -76.985453,
                39.826985
              ],
              [
                -76.985422,
                39.826985
              ],
              [
                -76.985422,
                39.826979
              ],
              [
                -76.985453,
                39.826979
              ],
              [
                -76.985453,
                39.826985
              ]
            ]
          ],
          [
            [
              [
                -76.986942,
                39.826855
              ],
              [
                -76.986971,
                39.826855
              ],
              [
                -76.986971,
                39.826861
              ],
              [
                -76.986942,
                39.826861
              ],
              [
                -76.986942,
                39.826855
              ]
            ]
          ],
          [
            [
              [
                -76.986957,
                39.826852
              ],
              [
                -76.986941,
                39.826852
              ],
              [
                -76.986941,
                39.826667
              ],
              [
                -76.986957,
                39.826667
              ],
              [
                -76.986957,
                39.826852
              ]
            ]
          ],
          [
            [
              [
                -76.986881,
                39.826853
              ],
              [
                -76.986864,
                39.826853
              ],
              [
                -76.986864,
                39.826706
              ],
              [
                -76.986881,
                39.826706
              ],
              [
                -76.986881,
                39.826853
              ]
            ]
          ],
          [
            [
              [
                -76.986965,
                39.826664
              ],
              [
                -76.986963,
                39.826664
              ],
              [
                -76.986963,
                39.826656
              ],
              [
                -76.986965,
                39.826656
              ],
              [
                -76.986965,
                39.826664
              ]
            ]
          ],
          [
            [
              [
                -76.986955,
                39.826664
              ],
              [
                -76.986954,
                39.826664
              ],
              [
                -76.986954,
                39.826656
              ],
              [
                -76.986955,
                39.826656
              ],
              [
                -76.986955,
                39.826664
              ]
            ]
          ],
          [
            [
              [
                -76.986895,
                39.826703
              ],
              [
                -76.986881,
                39.826703
              ],
              [
                -76.986881,
                39.826662
              ],
              [
                -76.986895,
                39.826662
              ],
              [
                -76.986895,
                39.826703
              ]
            ]
          ],
          [
            [
              [
                -76.986946,
                39.826664
              ],
              [
                -76.986944,
                39.826664
              ],
              [
                -76.986944,
                39.826656
              ],
              [
                -76.986946,
                39.826656
              ],
              [
                -76.986946,
                39.826664
              ]
            ]
          ],
          [
            [
              [
                -76.98688,
                39.826703
              ],
              [
                -76.986867,
                39.826703
              ],
              [
                -76.986867,
                39.826662
              ],
              [
                -76.98688,
                39.826662
              ],
              [
                -76.98688,
                39.826703
              ]
            ]
          ],
          [
            [
              [
                -76.986253,
                39.827069
              ],
              [
                -76.986163,
                39.827069
              ],
              [
                -76.986163,
                39.827062
              ],
              [
                -76.986253,
                39.827062
              ],
              [
                -76.986253,
                39.827069
              ]
            ]
          ],
          [
            [
              [
                -76.985997,
                39.827063
              ],
              [
                -76.985995,
                39.827063
              ],
              [
                -76.985995,
                39.827056
              ],
              [
                -76.985997,
                39.827056
              ],
              [
                -76.985997,
                39.827063
              ]
            ]
          ],
          [
            [
              [
                -76.985987,
                39.827063
              ],
              [
                -76.985985,
                39.827063
              ],
              [
                -76.985985,
                39.827056
              ],
              [
                -76.985987,
                39.827056
              ],
              [
                -76.985987,
                39.827063
              ]
            ]
          ],
          [
            [
              [
                -76.985977,
                39.827063
              ],
              [
                -76.985976,
                39.827063
              ],
              [
                -76.985976,
                39.827056
              ],
              [
                -76.985977,
                39.827056
              ],
              [
                -76.985977,
                39.827063
              ]
            ]
          ],
          [
            [
              [
                -76.985968,
                39.827063
              ],
              [
                -76.985966,
                39.827063
              ],
              [
                -76.985966,
                39.827056
              ],
              [
                -76.985968,
                39.827056
              ],
              [
                -76.985968,
                39.827063
              ]
            ]
          ],
          [
            [
              [
                -76.985958,
                39.827063
              ],
              [
                -76.985956,
                39.827063
              ],
              [
                -76.985956,
                39.827056
              ],
              [
                -76.985958,
                39.827056
              ],
              [
                -76.985958,
                39.827063
              ]
            ]
          ],
          [
            [
              [
                -76.985948,
                39.827063
              ],
              [
                -76.985946,
                39.827063
              ],
              [
                -76.985946,
                39.827056
              ],
              [
                -76.985948,
                39.827056
              ],
              [
                -76.985948,
                39.827063
              ]
            ]
          ],
          [
            [
              [
                -76.985938,
                39.827063
              ],
              [
                -76.985936,
                39.827063
              ],
              [
                -76.985936,
                39.827056
              ],
              [
                -76.985938,
                39.827056
              ],
              [
                -76.985938,
                39.827063
              ]
            ]
          ],
          [
            [
              [
                -76.985928,
                39.827063
              ],
              [
                -76.985927,
                39.827063
              ],
              [
                -76.985927,
                39.827056
              ],
              [
                -76.985928,
                39.827056
              ],
              [
                -76.985928,
                39.827063
              ]
            ]
          ],
          [
            [
              [
                -76.985919,
                39.827063
              ],
              [
                -76.985917,
                39.827063
              ],
              [
                -76.985917,
                39.827056
              ],
              [
                -76.985919,
                39.827056
              ],
              [
                -76.985919,
                39.827063
              ]
            ]
          ],
          [
            [
              [
                -76.985909,
                39.827063
              ],
              [
                -76.985907,
                39.827063
              ],
              [
                -76.985907,
                39.827056
              ],
              [
                -76.985909,
                39.827056
              ],
              [
                -76.985909,
                39.827063
              ]
            ]
          ],
          [
            [
              [
                -76.985899,
                39.827063
              ],
              [
                -76.985897,
                39.827063
              ],
              [
                -76.985897,
                39.827056
              ],
              [
                -76.985899,
                39.827056
              ],
              [
                -76.985899,
                39.827063
              ]
            ]
          ],
          [
            [
              [
                -76.986212,
                39.82704
              ],
              [
                -76.986213,
                39.82704
              ],
              [
                -76.986213,
                39.827041
              ],
              [
                -76.986213,
                39.82704
              ],
              [
                -76.986212,
                39.82704
              ]
            ]
          ],
          [
            [
              [
                -76.985832,
                39.827231
              ],
              [
                -76.985832,
                39.827232
              ],
              [
                -76.985833,
                39.827232
              ],
              [
                -76.985834,
                39.827232
              ],
              [
                -76.985835,
                39.827232
              ],
              [
                -76.985835,
                39.827231
              ],
              [
                -76.985836,
                39.827231
              ],
              [
                -76.985836,
                39.82723
              ],
              [
                -76.985835,
                39.82723
              ],
              [
                -76.985834,
                39.82723
              ],
              [
                -76.985833,
                39.82723
              ],
              [
                -76.985832,
                39.82723
              ],
              [
                -76.985832,
                39.827231
              ]
            ]
          ],
          [
            [
              [
                -76.987027,
                39.826609
              ],
              [
                -76.987027,
                39.82661
              ],
              [
                -76.987028,
                39.82661
              ],
              [
                -76.987029,
                39.82661
              ],
              [
                -76.98703,
                39.82661
              ],
              [
                -76.987031,
                39.82661
              ],
              [
                -76.987031,
                39.826609
              ],
              [
                -76.987031,
                39.826608
              ],
              [
                -76.98703,
                39.826608
              ],
              [
                -76.987029,
                39.826608
              ],
              [
                -76.987028,
                39.826608
              ],
              [
                -76.987027,
                39.826608
              ],
              [
                -76.987027,
                39.826609
              ]
            ]
          ],
          [
            [
              [
                -76.987027,
                39.826611
              ],
              [
                -76.987027,
                39.826612
              ],
              [
                -76.987028,
                39.826612
              ],
              [
                -76.987029,
                39.826612
              ],
              [
                -76.98703,
                39.826612
              ],
              [
                -76.987031,
                39.826612
              ],
              [
                -76.987031,
                39.826611
              ],
              [
                -76.987031,
                39.82661
              ],
              [
                -76.98703,
                39.82661
              ],
              [
                -76.987029,
                39.82661
              ],
              [
                -76.987028,
                39.82661
              ],
              [
                -76.987027,
                39.82661
              ],
              [
                -76.987027,
                39.826611
              ]
            ]
          ],
          [
            [
              [
                -76.986212,
                39.827019
              ],
              [
                -76.986213,
                39.827019
              ],
              [
                -76.986213,
                39.827018
              ],
              [
                -76.986213,
                39.827019
              ],
              [
                -76.986212,
                39.827019
              ]
            ]
          ],
          [
            [
              [
                -76.987027,
                39.826607
              ],
              [
                -76.987028,
                39.826607
              ],
              [
                -76.987028,
                39.826608
              ],
              [
                -76.987029,
                39.826608
              ],
              [
                -76.98703,
                39.826608
              ],
              [
                -76.98703,
                39.826607
              ],
              [
                -76.987031,
                39.826607
              ],
              [
                -76.987031,
                39.826606
              ],
              [
                -76.98703,
                39.826606
              ],
              [
                -76.987029,
                39.826606
              ],
              [
                -76.987029,
                39.826605
              ],
              [
                -76.987029,
                39.826606
              ],
              [
                -76.987028,
                39.826606
              ],
              [
                -76.987027,
                39.826606
              ],
              [
                -76.987027,
                39.826607
              ]
            ]
          ]
        ]
      },
      "properties": {
        "fill": "#DCDEE2",
        "stroke-width": "0.5",
        "stroke": "#BBBBBB"
      }
    },
    {
      "type": "Feature",
      "geometry": {
        "type": "MultiLineString",
        "coordinates": [
          [
            [
              -76.985991,
              39.826842
            ],
            [
              -76.985984,
              39.826842
            ],
            [
              -76.985984,
              39.826845
            ],
            [
              -76.985991,
              39.826845
            ],
            [
              -76.985991,
              39.826842
            ]
          ],
          [
            [
              -76.986247,
              39.827049
            ],
            [
              -76.986247,
              39.827057
            ],
            [
              -76.986254,
              39.827057
            ],
            [
              -76.986254,
              39.827049
            ],
            [
              -76.986247,
              39.827049
            ]
          ],
          [
            [
              -76.986247,
              39.827057
            ],
            [
              -76.986244,
              39.827057
            ]
          ],
          [
            [
              -76.986244,
              39.827049
            ],
            [
              -76.986247,
              39.827049
            ]
          ],
          [
            [
              -76.986244,
              39.827057
            ],
            [
              -76.986244,
              39.827049
            ]
          ],
          [
            [
              -76.9862,
              39.826847
            ],
            [
              -76.9862,
              39.82686
            ],
            [
              -76.986219,
              39.82686
            ],
            [
              -76.986219,
              39.826847
            ],
            [
              -76.9862,
              39.826847
            ]
          ],
          [
            [
              -76.98621,
              39.826847
            ],
            [
              -76.98621,
              39.82686
            ]
          ],
          [
            [
              -76.985516,
              39.826607
            ],
            [
              -76.985511,
              39.826607
            ]
          ],
          [
            [
              -76.985511,
              39.826607
            ],
            [
              -76.985511,
              39.826601
            ]
          ],
          [
            [
              -76.985511,
              39.826601
            ],
            [
              -76.985516,
              39.826601
            ]
          ],
          [
            [
              -76.985516,
              39.826603
            ],
            [
              -76.985511,
              39.826603
            ]
          ],
          [
            [
              -76.985516,
              39.826605
            ],
            [
              -76.985511,
              39.826605
            ]
          ],
          [
            [
              -76.985516,
              39.826601
            ],
            [
              -76.985516,
              39.826607
            ]
          ],
          [
            [
              -76.986102,
              39.826744
            ],
            [
              -76.986102,
              39.826747
            ],
            [
              -76.986097,
              39.826747
            ],
            [
              -76.986097,
              39.826744
            ],
            [
              -76.986102,
              39.826744
            ]
          ],
          [
            [
              -76.986562,
              39.826966
            ],
            [
              -76.986562,
              39.826972
            ],
            [
              -76.986554,
              39.826972
            ],
            [
              -76.986554,
              39.826966
            ],
            [
              -76.986562,
              39.826966
            ]
          ],
          [
            [
              -76.98649,
              39.826636
            ],
            [
              -76.986497,
              39.826636
            ],
            [
              -76.986497,
              39.826635
            ],
            [
              -76.98649,
              39.826635
            ],
            [
              -76.98649,
              39.826636
            ]
          ],
          [
            [
              -76.986164,
              39.826668
            ],
            [
              -76.986159,
              39.826671
            ],
            [
              -76.986151,
              39.826667
            ],
            [
              -76.986124,
              39.826667
            ],
            [
              -76.986116,
              39.826671
            ],
            [
              -76.986111,
              39.826668
            ],
            [
              -76.986121,
              39.826664
            ],
            [
              -76.986155,
              39.826664
            ],
            [
              -76.986164,
              39.826668
            ]
          ],
          [
            [
              -76.986112,
              39.826673
            ],
            [
              -76.986111,
              39.826673
            ],
            [
              -76.986104,
              39.826673
            ],
            [
              -76.986104,
              39.826672
            ],
            [
              -76.986107,
              39.826671
            ],
            [
              -76.986112,
              39.826673
            ]
          ],
          [
            [
              -76.985803,
              39.826635
            ],
            [
              -76.985818,
              39.826635
            ],
            [
              -76.985818,
              39.826632
            ],
            [
              -76.985803,
              39.826632
            ],
            [
              -76.985803,
              39.826635
            ]
          ],
          [
            [
              -76.985805,
              39.826633
            ],
            [
              -76.985816,
              39.826633
            ]
          ],
          [
            [
              -76.985816,
              39.826633
            ],
            [
              -76.985816,
              39.826635
            ]
          ],
          [
            [
              -76.985816,
              39.826635
            ],
            [
              -76.985805,
              39.826635
            ]
          ],
          [
            [
              -76.985805,
              39.826635
            ],
            [
              -76.985805,
              39.826633
            ]
          ],
          [
            [
              -76.985816,
              39.826633
            ],
            [
              -76.985816,
              39.826632
            ]
          ],
          [
            [
              -76.985816,
              39.826632
            ],
            [
              -76.985818,
              39.826632
            ]
          ],
          [
            [
              -76.985818,
              39.826632
            ],
            [
              -76.985818,
              39.826633
            ]
          ],
          [
            [
              -76.985818,
              39.826633
            ],
            [
              -76.985816,
              39.826633
            ]
          ],
          [
            [
              -76.985805,
              39.826633
            ],
            [
              -76.985805,
              39.826632
            ]
          ],
          [
            [
              -76.985805,
              39.826632
            ],
            [
              -76.985803,
              39.826632
            ]
          ],
          [
            [
              -76.985803,
              39.826632
            ],
            [
              -76.985803,
              39.826633
            ]
          ],
          [
            [
              -76.985803,
              39.826633
            ],
            [
              -76.985805,
              39.826633
            ]
          ],
          [
            [
              -76.986715,
              39.826614
            ],
            [
              -76.986715,
              39.82661
            ],
            [
              -76.986713,
              39.82661
            ],
            [
              -76.986713,
              39.826614
            ],
            [
              -76.986715,
              39.826614
            ]
          ],
          [
            [
              -76.986889,
              39.826616
            ],
            [
              -76.986885,
              39.826616
            ],
            [
              -76.986885,
              39.826618
            ],
            [
              -76.986889,
              39.826618
            ],
            [
              -76.986889,
              39.826616
            ]
          ],
          [
            [
              -76.986075,
              39.827012
            ],
            [
              -76.986097,
              39.827012
            ]
          ],
          [
            [
              -76.986097,
              39.827012
            ],
            [
              -76.986097,
              39.827008
            ]
          ],
          [
            [
              -76.986097,
              39.827008
            ],
            [
              -76.986097,
              39.827012
            ]
          ],
          [
            [
              -76.986097,
              39.827012
            ],
            [
              -76.986075,
              39.827012
            ]
          ],
          [
            [
              -76.986075,
              39.827012
            ],
            [
              -76.986075,
              39.827008
            ]
          ],
          [
            [
              -76.986075,
              39.827008
            ],
            [
              -76.986075,
              39.827012
            ]
          ],
          [
            [
              -76.986097,
              39.827008
            ],
            [
              -76.986097,
              39.827007
            ]
          ],
          [
            [
              -76.986097,
              39.827007
            ],
            [
              -76.986075,
              39.827007
            ]
          ],
          [
            [
              -76.986075,
              39.827007
            ],
            [
              -76.986075,
              39.827008
            ]
          ],
          [
            [
              -76.986097,
              39.827008
            ],
            [
              -76.986097,
              39.827007
            ]
          ],
          [
            [
              -76.986097,
              39.827007
            ],
            [
              -76.986086,
              39.827007
            ]
          ],
          [
            [
              -76.986086,
              39.827007
            ],
            [
              -76.986086,
              39.827008
            ]
          ],
          [
            [
              -76.986086,
              39.827008
            ],
            [
              -76.986085,
              39.827008
            ]
          ],
          [
            [
              -76.986085,
              39.827008
            ],
            [
              -76.986085,
              39.827007
            ]
          ],
          [
            [
              -76.986085,
              39.827007
            ],
            [
              -76.986076,
              39.827007
            ]
          ],
          [
            [
              -76.986076,
              39.827007
            ],
            [
              -76.986076,
              39.827008
            ]
          ],
          [
            [
              -76.986076,
              39.827008
            ],
            [
              -76.986075,
              39.827008
            ]
          ],
          [
            [
              -76.986086,
              39.827008
            ],
            [
              -76.986086,
              39.827012
            ]
          ],
          [
            [
              -76.986076,
              39.827008
            ],
            [
              -76.986085,
              39.827008
            ]
          ],
          [
            [
              -76.986534,
              39.826933
            ],
            [
              -76.986534,
              39.826936
            ],
            [
              -76.986528,
              39.826936
            ],
            [
              -76.986528,
              39.826933
            ],
            [
              -76.986534,
              39.826933
            ]
          ],
          [
            [
              -76.986758,
              39.826898
            ],
            [
              -76.986758,
              39.826905
            ],
            [
              -76.986736,
              39.826905
            ],
            [
              -76.986735,
              39.826905
            ],
            [
              -76.986735,
              39.826904
            ],
            [
              -76.986734,
              39.826904
            ],
            [
              -76.986733,
              39.826904
            ],
            [
              -76.986732,
              39.826904
            ],
            [
              -76.986732,
              39.826903
            ],
            [
              -76.986731,
              39.826903
            ],
            [
              -76.986731,
              39.826902
            ],
            [
              -76.986731,
              39.826901
            ],
            [
              -76.986732,
              39.826901
            ],
            [
              -76.986733,
              39.8269
            ],
            [
              -76.986734,
              39.8269
            ],
            [
              -76.986735,
              39.8269
            ],
            [
              -76.986736,
              39.8269
            ],
            [
              -76.986741,
              39.8269
            ],
            [
              -76.986741,
              39.826898
            ],
            [
              -76.986758,
              39.826898
            ]
          ],
          [
            [
              -76.986755,
              39.8269
            ],
            [
              -76.986754,
              39.8269
            ],
            [
              -76.986755,
              39.8269
            ]
          ],
          [
            [
              -76.986741,
              39.8269
            ],
            [
              -76.986741,
              39.826905
            ]
          ],
          [
            [
              -76.986751,
              39.826905
            ],
            [
              -76.986751,
              39.826903
            ]
          ],
          [
            [
              -76.986751,
              39.826903
            ],
            [
              -76.986741,
              39.826903
            ]
          ],
          [
            [
              -76.986747,
              39.826895
            ],
            [
              -76.986747,
              39.826896
            ],
            [
              -76.986746,
              39.826896
            ],
            [
              -76.986745,
              39.826896
            ],
            [
              -76.986744,
              39.826896
            ],
            [
              -76.986743,
              39.826896
            ],
            [
              -76.986742,
              39.826896
            ],
            [
              -76.986742,
              39.826895
            ],
            [
              -76.986743,
              39.826895
            ],
            [
              -76.986743,
              39.826894
            ],
            [
              -76.986744,
              39.826894
            ],
            [
              -76.986745,
              39.826894
            ],
            [
              -76.986746,
              39.826894
            ],
            [
              -76.986746,
              39.826895
            ],
            [
              -76.986747,
              39.826895
            ]
          ],
          [
            [
              -76.986745,
              39.826896
            ],
            [
              -76.986744,
              39.826896
            ],
            [
              -76.986744,
              39.826895
            ],
            [
              -76.986744,
              39.826894
            ],
            [
              -76.986745,
              39.826894
            ],
            [
              -76.986745,
              39.826895
            ],
            [
              -76.986745,
              39.826896
            ]
          ],
          [
            [
              -76.986744,
              39.826896
            ],
            [
              -76.986745,
              39.826896
            ],
            [
              -76.986744,
              39.826896
            ]
          ],
          [
            [
              -76.986037,
              39.827012
            ],
            [
              -76.986057,
              39.827012
            ]
          ],
          [
            [
              -76.986057,
              39.827012
            ],
            [
              -76.986057,
              39.827009
            ]
          ],
          [
            [
              -76.986057,
              39.827009
            ],
            [
              -76.986057,
              39.827012
            ]
          ],
          [
            [
              -76.986057,
              39.827012
            ],
            [
              -76.986037,
              39.827012
            ]
          ],
          [
            [
              -76.986037,
              39.827012
            ],
            [
              -76.986037,
              39.827009
            ]
          ],
          [
            [
              -76.986037,
              39.827009
            ],
            [
              -76.986037,
              39.827012
            ]
          ],
          [
            [
              -76.986057,
              39.827009
            ],
            [
              -76.986057,
              39.827007
            ]
          ],
          [
            [
              -76.986057,
              39.827007
            ],
            [
              -76.986037,
              39.827007
            ]
          ],
          [
            [
              -76.986037,
              39.827007
            ],
            [
              -76.986037,
              39.827009
            ]
          ],
          [
            [
              -76.986057,
              39.827009
            ],
            [
              -76.986057,
              39.827007
            ]
          ],
          [
            [
              -76.986057,
              39.827007
            ],
            [
              -76.986047,
              39.827007
            ]
          ],
          [
            [
              -76.986047,
              39.827007
            ],
            [
              -76.986047,
              39.827009
            ]
          ],
          [
            [
              -76.986047,
              39.827009
            ],
            [
              -76.986046,
              39.827009
            ]
          ],
          [
            [
              -76.986046,
              39.827009
            ],
            [
              -76.986046,
              39.827008
            ]
          ],
          [
            [
              -76.986046,
              39.827008
            ],
            [
              -76.986037,
              39.827008
            ]
          ],
          [
            [
              -76.986037,
              39.827008
            ],
            [
              -76.986037,
              39.827009
            ]
          ],
          [
            [
              -76.986047,
              39.827009
            ],
            [
              -76.986047,
              39.827012
            ]
          ],
          [
            [
              -76.986037,
              39.827009
            ],
            [
              -76.986046,
              39.827009
            ]
          ],
          [
            [
              -76.986046,
              39.827009
            ],
            [
              -76.986046,
              39.827012
            ]
          ],
          [
            [
              -76.98679,
              39.826893
            ],
            [
              -76.986791,
              39.826894
            ],
            [
              -76.986803,
              39.82689
            ],
            [
              -76.986815,
              39.826894
            ],
            [
              -76.986816,
              39.826893
            ],
            [
              -76.986803,
              39.82689
            ],
            [
              -76.986803,
              39.826883
            ],
            [
              -76.986815,
              39.826886
            ],
            [
              -76.986816,
              39.826886
            ],
            [
              -76.986804,
              39.826882
            ],
            [
              -76.986802,
              39.826882
            ],
            [
              -76.98679,
              39.826886
            ],
            [
              -76.986791,
              39.826886
            ],
            [
              -76.986803,
              39.826883
            ],
            [
              -76.986803,
              39.82689
            ],
            [
              -76.98679,
              39.826893
            ]
          ],
          [
            [
              -76.986815,
              39.826885
            ],
            [
              -76.986816,
              39.826885
            ],
            [
              -76.986816,
              39.826886
            ]
          ],
          [
            [
              -76.986815,
              39.826886
            ],
            [
              -76.986814,
              39.826886
            ]
          ],
          [
            [
              -76.986792,
              39.826886
            ],
            [
              -76.986791,
              39.826886
            ]
          ],
          [
            [
              -76.98679,
              39.826886
            ],
            [
              -76.98679,
              39.826885
            ],
            [
              -76.986791,
              39.826885
            ]
          ],
          [
            [
              -76.986815,
              39.826892
            ],
            [
              -76.986816,
              39.826893
            ]
          ],
          [
            [
              -76.986815,
              39.826894
            ],
            [
              -76.986814,
              39.826893
            ]
          ],
          [
            [
              -76.986792,
              39.826893
            ],
            [
              -76.986791,
              39.826894
            ]
          ],
          [
            [
              -76.98679,
              39.826893
            ],
            [
              -76.986791,
              39.826892
            ]
          ],
          [
            [
              -76.986876,
              39.826612
            ],
            [
              -76.98687,
              39.826612
            ],
            [
              -76.98687,
              39.826619
            ],
            [
              -76.986896,
              39.826619
            ],
            [
              -76.986896,
              39.826612
            ],
            [
              -76.986891,
              39.826612
            ],
            [
              -76.986891,
              39.826614
            ],
            [
              -76.986876,
              39.826614
            ],
            [
              -76.986876,
              39.826612
            ]
          ],
          [
            [
              -76.986876,
              39.826615
            ],
            [
              -76.986891,
              39.826615
            ]
          ],
          [
            [
              -76.986895,
              39.82661
            ],
            [
              -76.986892,
              39.82661
            ],
            [
              -76.986892,
              39.826612
            ],
            [
              -76.986895,
              39.826612
            ],
            [
              -76.986895,
              39.82661
            ]
          ],
          [
            [
              -76.986891,
              39.826613
            ],
            [
              -76.986891,
              39.826614
            ],
            [
              -76.986892,
              39.826614
            ],
            [
              -76.986896,
              39.826614
            ],
            [
              -76.986896,
              39.826613
            ],
            [
              -76.986896,
              39.826612
            ],
            [
              -76.986892,
              39.826612
            ],
            [
              -76.986891,
              39.826612
            ],
            [
              -76.986891,
              39.826613
            ]
          ],
          [
            [
              -76.986891,
              39.826614
            ],
            [
              -76.986891,
              39.826619
            ]
          ],
          [
            [
              -76.986891,
              39.826618
            ],
            [
              -76.986876,
              39.826618
            ]
          ],
          [
            [
              -76.986891,
              39.826614
            ],
            [
              -76.986876,
              39.826614
            ],
            [
              -76.986876,
              39.826612
            ]
          ],
          [
            [
              -76.986872,
              39.82661
            ],
            [
              -76.986874,
              39.82661
            ],
            [
              -76.986875,
              39.82661
            ],
            [
              -76.986875,
              39.826612
            ],
            [
              -76.986871,
              39.826612
            ],
            [
              -76.986871,
              39.82661
            ],
            [
              -76.986872,
              39.82661
            ]
          ],
          [
            [
              -76.986875,
              39.826613
            ],
            [
              -76.986875,
              39.826614
            ],
            [
              -76.986871,
              39.826614
            ],
            [
              -76.986871,
              39.826613
            ],
            [
              -76.986871,
              39.826612
            ],
            [
              -76.986875,
              39.826612
            ],
            [
              -76.986875,
              39.826613
            ]
          ],
          [
            [
              -76.986876,
              39.826614
            ],
            [
              -76.986876,
              39.826619
            ]
          ],
          [
            [
              -76.986891,
              39.826619
            ],
            [
              -76.986876,
              39.826619
            ]
          ],
          [
            [
              -76.986223,
              39.826937
            ],
            [
              -76.986223,
              39.82697
            ]
          ],
          [
            [
              -76.986223,
              39.82697
            ],
            [
              -76.986174,
              39.82697
            ]
          ],
          [
            [
              -76.986174,
              39.82697
            ],
            [
              -76.986174,
              39.82696
            ]
          ],
          [
            [
              -76.986174,
              39.82696
            ],
            [
              -76.986201,
              39.82696
            ]
          ],
          [
            [
              -76.986201,
              39.82696
            ],
            [
              -76.986201,
              39.826937
            ]
          ],
          [
            [
              -76.986201,
              39.826937
            ],
            [
              -76.986223,
              39.826937
            ]
          ],
          [
            [
              -76.986177,
              39.826965
            ],
            [
              -76.986212,
              39.826965
            ]
          ],
          [
            [
              -76.986212,
              39.826965
            ],
            [
              -76.986212,
              39.826938
            ]
          ],
          [
            [
              -76.986212,
              39.826938
            ],
            [
              -76.986213,
              39.826938
            ]
          ],
          [
            [
              -76.986213,
              39.826938
            ],
            [
              -76.986213,
              39.826965
            ]
          ],
          [
            [
              -76.986213,
              39.826965
            ],
            [
              -76.986222,
              39.826965
            ]
          ],
          [
            [
              -76.986222,
              39.826965
            ],
            [
              -76.986177,
              39.826965
            ]
          ],
          [
            [
              -76.986179,
              39.826965
            ],
            [
              -76.986179,
              39.826969
            ]
          ],
          [
            [
              -76.986194,
              39.826944
            ],
            [
              -76.986182,
              39.826944
            ]
          ],
          [
            [
              -76.986212,
              39.826943
            ],
            [
              -76.986205,
              39.826943
            ]
          ],
          [
            [
              -76.98622,
              39.826965
            ],
            [
              -76.98622,
              39.826943
            ]
          ],
          [
            [
              -76.986182,
              39.826944
            ],
            [
              -76.986182,
              39.826956
            ]
          ],
          [
            [
              -76.986182,
              39.826956
            ],
            [
              -76.986194,
              39.826956
            ]
          ],
          [
            [
              -76.986194,
              39.826956
            ],
            [
              -76.986194,
              39.826944
            ]
          ],
          [
            [
              -76.986179,
              39.826969
            ],
            [
              -76.986212,
              39.826969
            ]
          ],
          [
            [
              -76.986212,
              39.826969
            ],
            [
              -76.986212,
              39.826965
            ]
          ],
          [
            [
              -76.98622,
              39.826943
            ],
            [
              -76.986213,
              39.826943
            ]
          ],
          [
            [
              -76.986179,
              39.826961
            ],
            [
              -76.986179,
              39.826965
            ]
          ],
          [
            [
              -76.986205,
              39.826961
            ],
            [
              -76.986179,
              39.826961
            ]
          ],
          [
            [
              -76.986205,
              39.826943
            ],
            [
              -76.986205,
              39.826961
            ]
          ],
          [
            [
              -76.986088,
              39.827069
            ],
            [
              -76.986088,
              39.827064
            ]
          ],
          [
            [
              -76.986088,
              39.827064
            ],
            [
              -76.986096,
              39.827064
            ]
          ],
          [
            [
              -76.986084,
              39.827069
            ],
            [
              -76.986084,
              39.827064
            ]
          ],
          [
            [
              -76.986084,
              39.827064
            ],
            [
              -76.986076,
              39.827064
            ]
          ],
          [
            [
              -76.986096,
              39.827064
            ],
            [
              -76.986088,
              39.827064
            ]
          ],
          [
            [
              -76.986088,
              39.827064
            ],
            [
              -76.986088,
              39.827059
            ]
          ],
          [
            [
              -76.986088,
              39.827059
            ],
            [
              -76.986096,
              39.827059
            ]
          ],
          [
            [
              -76.986076,
              39.827064
            ],
            [
              -76.986084,
              39.827064
            ]
          ],
          [
            [
              -76.986084,
              39.827064
            ],
            [
              -76.986084,
              39.827059
            ]
          ],
          [
            [
              -76.986084,
              39.827059
            ],
            [
              -76.986076,
              39.827059
            ]
          ],
          [
            [
              -76.986096,
              39.827059
            ],
            [
              -76.986088,
              39.827059
            ]
          ],
          [
            [
              -76.986088,
              39.827059
            ],
            [
              -76.986088,
              39.827054
            ]
          ],
          [
            [
              -76.986088,
              39.827054
            ],
            [
              -76.986096,
              39.827054
            ]
          ],
          [
            [
              -76.986076,
              39.827059
            ],
            [
              -76.986084,
              39.827059
            ]
          ],
          [
            [
              -76.986084,
              39.827059
            ],
            [
              -76.986084,
              39.827054
            ]
          ],
          [
            [
              -76.986084,
              39.827054
            ],
            [
              -76.986076,
              39.827054
            ]
          ],
          [
            [
              -76.986096,
              39.827053
            ],
            [
              -76.986088,
              39.827053
            ]
          ],
          [
            [
              -76.986088,
              39.827053
            ],
            [
              -76.986088,
              39.827048
            ]
          ],
          [
            [
              -76.986088,
              39.827048
            ],
            [
              -76.986096,
              39.827048
            ]
          ],
          [
            [
              -76.986076,
              39.827053
            ],
            [
              -76.986084,
              39.827053
            ]
          ],
          [
            [
              -76.986084,
              39.827053
            ],
            [
              -76.986084,
              39.827048
            ]
          ],
          [
            [
              -76.986084,
              39.827048
            ],
            [
              -76.986076,
              39.827048
            ]
          ],
          [
            [
              -76.986096,
              39.827048
            ],
            [
              -76.986088,
              39.827048
            ]
          ],
          [
            [
              -76.986088,
              39.827048
            ],
            [
              -76.986088,
              39.827043
            ]
          ],
          [
            [
              -76.986088,
              39.827043
            ],
            [
              -76.986096,
              39.827043
            ]
          ],
          [
            [
              -76.986076,
              39.827048
            ],
            [
              -76.986084,
              39.827048
            ]
          ],
          [
            [
              -76.986084,
              39.827048
            ],
            [
              -76.986084,
              39.827043
            ]
          ],
          [
            [
              -76.986084,
              39.827043
            ],
            [
              -76.986076,
              39.827043
            ]
          ],
          [
            [
              -76.986096,
              39.827043
            ],
            [
              -76.986088,
              39.827043
            ]
          ],
          [
            [
              -76.986088,
              39.827043
            ],
            [
              -76.986088,
              39.827038
            ]
          ],
          [
            [
              -76.986088,
              39.827038
            ],
            [
              -76.986096,
              39.827038
            ]
          ],
          [
            [
              -76.986076,
              39.827043
            ],
            [
              -76.986084,
              39.827043
            ]
          ],
          [
            [
              -76.986084,
              39.827043
            ],
            [
              -76.986084,
              39.827038
            ]
          ],
          [
            [
              -76.986084,
              39.827038
            ],
            [
              -76.986076,
              39.827038
            ]
          ],
          [
            [
              -76.986096,
              39.827038
            ],
            [
              -76.986088,
              39.827038
            ]
          ],
          [
            [
              -76.986088,
              39.827038
            ],
            [
              -76.986088,
              39.827033
            ]
          ],
          [
            [
              -76.986088,
              39.827033
            ],
            [
              -76.986096,
              39.827033
            ]
          ],
          [
            [
              -76.986076,
              39.827038
            ],
            [
              -76.986084,
              39.827038
            ]
          ],
          [
            [
              -76.986084,
              39.827038
            ],
            [
              -76.986084,
              39.827033
            ]
          ],
          [
            [
              -76.986084,
              39.827033
            ],
            [
              -76.986076,
              39.827033
            ]
          ],
          [
            [
              -76.986096,
              39.827033
            ],
            [
              -76.986088,
              39.827033
            ]
          ],
          [
            [
              -76.986088,
              39.827033
            ],
            [
              -76.986088,
              39.827028
            ]
          ],
          [
            [
              -76.986088,
              39.827028
            ],
            [
              -76.986096,
              39.827028
            ]
          ],
          [
            [
              -76.986076,
              39.827033
            ],
            [
              -76.986084,
              39.827033
            ]
          ],
          [
            [
              -76.986084,
              39.827033
            ],
            [
              -76.986084,
              39.827028
            ]
          ],
          [
            [
              -76.986084,
              39.827028
            ],
            [
              -76.986076,
              39.827028
            ]
          ],
          [
            [
              -76.986096,
              39.827027
            ],
            [
              -76.986088,
              39.827027
            ]
          ],
          [
            [
              -76.986088,
              39.827027
            ],
            [
              -76.986088,
              39.827022
            ]
          ],
          [
            [
              -76.986088,
              39.827022
            ],
            [
              -76.986096,
              39.827022
            ]
          ],
          [
            [
              -76.986076,
              39.827027
            ],
            [
              -76.986084,
              39.827027
            ]
          ],
          [
            [
              -76.986084,
              39.827027
            ],
            [
              -76.986084,
              39.827022
            ]
          ],
          [
            [
              -76.986084,
              39.827022
            ],
            [
              -76.986076,
              39.827022
            ]
          ],
          [
            [
              -76.986096,
              39.827022
            ],
            [
              -76.986088,
              39.827022
            ]
          ],
          [
            [
              -76.986088,
              39.827022
            ],
            [
              -76.986088,
              39.827017
            ]
          ],
          [
            [
              -76.986088,
              39.827017
            ],
            [
              -76.986096,
              39.827017
            ]
          ],
          [
            [
              -76.986076,
              39.827022
            ],
            [
              -76.986084,
              39.827022
            ]
          ],
          [
            [
              -76.986084,
              39.827022
            ],
            [
              -76.986084,
              39.827017
            ]
          ],
          [
            [
              -76.986084,
              39.827017
            ],
            [
              -76.986076,
              39.827017
            ]
          ],
          [
            [
              -76.986088,
              39.827012
            ],
            [
              -76.986088,
              39.827017
            ]
          ],
          [
            [
              -76.986088,
              39.827017
            ],
            [
              -76.986096,
              39.827017
            ]
          ],
          [
            [
              -76.986084,
              39.827012
            ],
            [
              -76.986084,
              39.827017
            ]
          ],
          [
            [
              -76.986084,
              39.827017
            ],
            [
              -76.986076,
              39.827017
            ]
          ],
          [
            [
              -76.986096,
              39.827069
            ],
            [
              -76.986076,
              39.827069
            ]
          ],
          [
            [
              -76.986076,
              39.827069
            ],
            [
              -76.986076,
              39.827012
            ]
          ],
          [
            [
              -76.986076,
              39.827012
            ],
            [
              -76.986096,
              39.827012
            ]
          ],
          [
            [
              -76.986096,
              39.827012
            ],
            [
              -76.986096,
              39.827069
            ]
          ],
          [
            [
              -76.986574,
              39.826956
            ],
            [
              -76.986553,
              39.826956
            ],
            [
              -76.986574,
              39.826956
            ]
          ],
          [
            [
              -76.986882,
              39.826616
            ],
            [
              -76.986877,
              39.826616
            ],
            [
              -76.986877,
              39.826618
            ],
            [
              -76.986882,
              39.826618
            ],
            [
              -76.986882,
              39.826616
            ]
          ],
          [
            [
              -76.986474,
              39.827063
            ],
            [
              -76.986474,
              39.827059
            ],
            [
              -76.986477,
              39.827059
            ],
            [
              -76.986477,
              39.827063
            ],
            [
              -76.986474,
              39.827063
            ]
          ],
          [
            [
              -76.985375,
              39.826613
            ],
            [
              -76.985375,
              39.826607
            ],
            [
              -76.985383,
              39.826607
            ],
            [
              -76.985383,
              39.826613
            ],
            [
              -76.985375,
              39.826613
            ]
          ],
          [
            [
              -76.985522,
              39.826769
            ],
            [
              -76.985509,
              39.826769
            ]
          ],
          [
            [
              -76.985509,
              39.826769
            ],
            [
              -76.985509,
              39.826773
            ]
          ],
          [
            [
              -76.985509,
              39.826773
            ],
            [
              -76.985522,
              39.826773
            ]
          ],
          [
            [
              -76.985522,
              39.826773
            ],
            [
              -76.985522,
              39.826769
            ]
          ],
          [
            [
              -76.986447,
              39.826862
            ],
            [
              -76.986447,
              39.826858
            ],
            [
              -76.986449,
              39.826858
            ],
            [
              -76.986449,
              39.826862
            ],
            [
              -76.986447,
              39.826862
            ]
          ],
          [
            [
              -76.986049,
              39.826861
            ],
            [
              -76.986049,
              39.826858
            ],
            [
              -76.986051,
              39.826858
            ],
            [
              -76.986051,
              39.826861
            ],
            [
              -76.986049,
              39.826861
            ]
          ],
          [
            [
              -76.986009,
              39.827028
            ],
            [
              -76.986002,
              39.827028
            ],
            [
              -76.986002,
              39.827029
            ],
            [
              -76.986009,
              39.827029
            ],
            [
              -76.986009,
              39.827028
            ]
          ],
          [
            [
              -76.986551,
              39.826657
            ],
            [
              -76.986551,
              39.82666
            ],
            [
              -76.986553,
              39.82666
            ],
            [
              -76.986553,
              39.826657
            ],
            [
              -76.986551,
              39.826657
            ]
          ],
          [
            [
              -76.985994,
              39.826816
            ],
            [
              -76.985994,
              39.826817
            ]
          ],
          [
            [
              -76.985994,
              39.826817
            ],
            [
              -76.985982,
              39.826817
            ]
          ],
          [
            [
              -76.985982,
              39.826817
            ],
            [
              -76.985982,
              39.826816
            ]
          ],
          [
            [
              -76.985994,
              39.826816
            ],
            [
              -76.985982,
              39.826816
            ]
          ],
          [
            [
              -76.98634,
              39.826657
            ],
            [
              -76.986342,
              39.826657
            ]
          ],
          [
            [
              -76.986342,
              39.826657
            ],
            [
              -76.986342,
              39.826663
            ]
          ],
          [
            [
              -76.986342,
              39.826663
            ],
            [
              -76.98634,
              39.826663
            ]
          ],
          [
            [
              -76.98634,
              39.826657
            ],
            [
              -76.98634,
              39.826663
            ]
          ],
          [
            [
              -76.986847,
              39.826861
            ],
            [
              -76.986849,
              39.826861
            ]
          ],
          [
            [
              -76.986849,
              39.826861
            ],
            [
              -76.986849,
              39.826855
            ]
          ],
          [
            [
              -76.986849,
              39.826855
            ],
            [
              -76.986847,
              39.826855
            ]
          ],
          [
            [
              -76.986847,
              39.826861
            ],
            [
              -76.986847,
              39.826855
            ]
          ],
          [
            [
              -76.986582,
              39.82673
            ],
            [
              -76.986582,
              39.826733
            ],
            [
              -76.986575,
              39.826733
            ],
            [
              -76.986575,
              39.82673
            ],
            [
              -76.986582,
              39.82673
            ]
          ],
          [
            [
              -76.986765,
              39.826976
            ],
            [
              -76.986765,
              39.82698
            ],
            [
              -76.986758,
              39.82698
            ],
            [
              -76.986758,
              39.826976
            ],
            [
              -76.986765,
              39.826976
            ]
          ],
          [
            [
              -76.986582,
              39.826674
            ],
            [
              -76.986582,
              39.826677
            ],
            [
              -76.986575,
              39.826677
            ],
            [
              -76.986575,
              39.826674
            ],
            [
              -76.986582,
              39.826674
            ]
          ],
          [
            [
              -76.986754,
              39.826752
            ],
            [
              -76.986754,
              39.826755
            ],
            [
              -76.986761,
              39.826755
            ],
            [
              -76.986761,
              39.826752
            ],
            [
              -76.986754,
              39.826752
            ]
          ],
          [
            [
              -76.985936,
              39.826906
            ],
            [
              -76.985928,
              39.826906
            ],
            [
              -76.985936,
              39.826906
            ]
          ],
          [
            [
              -76.986287,
              39.826743
            ],
            [
              -76.986287,
              39.826747
            ],
            [
              -76.986291,
              39.826747
            ],
            [
              -76.986291,
              39.826743
            ],
            [
              -76.986287,
              39.826743
            ]
          ],
          [
            [
              -76.986885,
              39.826653
            ],
            [
              -76.986879,
              39.826653
            ],
            [
              -76.986879,
              39.82665
            ],
            [
              -76.986885,
              39.82665
            ],
            [
              -76.986885,
              39.826653
            ]
          ],
          [
            [
              -76.985895,
              39.826929
            ],
            [
              -76.985888,
              39.826929
            ],
            [
              -76.985888,
              39.826931
            ],
            [
              -76.985895,
              39.826931
            ],
            [
              -76.985895,
              39.826929
            ]
          ],
          [
            [
              -76.986991,
              39.826621
            ],
            [
              -76.986999,
              39.826621
            ],
            [
              -76.986999,
              39.826624
            ],
            [
              -76.986991,
              39.826624
            ],
            [
              -76.986991,
              39.826621
            ]
          ],
          [
            [
              -76.985515,
              39.826658
            ],
            [
              -76.985515,
              39.826652
            ],
            [
              -76.985529,
              39.826652
            ],
            [
              -76.985529,
              39.826658
            ],
            [
              -76.985515,
              39.826658
            ]
          ],
          [
            [
              -76.986673,
              39.826886
            ],
            [
              -76.986675,
              39.826886
            ],
            [
              -76.986675,
              39.826882
            ],
            [
              -76.986681,
              39.826882
            ],
            [
              -76.986673,
              39.826882
            ],
            [
              -76.986673,
              39.826886
            ]
          ],
          [
            [
              -76.986674,
              39.8269
            ],
            [
              -76.986674,
              39.826909
            ],
            [
              -76.986693,
              39.826909
            ],
            [
              -76.986693,
              39.82691
            ],
            [
              -76.986673,
              39.82691
            ],
            [
              -76.986673,
              39.8269
            ],
            [
              -76.986674,
              39.8269
            ]
          ],
          [
            [
              -76.986704,
              39.826892
            ],
            [
              -76.986704,
              39.826882
            ],
            [
              -76.986692,
              39.826882
            ],
            [
              -76.986703,
              39.826882
            ],
            [
              -76.986703,
              39.826892
            ],
            [
              -76.986704,
              39.826892
            ]
          ],
          [
            [
              -76.986704,
              39.82691
            ],
            [
              -76.986704,
              39.8269
            ],
            [
              -76.986692,
              39.8269
            ],
            [
              -76.986703,
              39.8269
            ],
            [
              -76.986703,
              39.82691
            ],
            [
              -76.986704,
              39.82691
            ]
          ],
          [
            [
              -76.986671,
              39.82691
            ],
            [
              -76.986671,
              39.826911
            ],
            [
              -76.986672,
              39.826911
            ],
            [
              -76.986673,
              39.826911
            ],
            [
              -76.986672,
              39.826911
            ],
            [
              -76.986671,
              39.826911
            ],
            [
              -76.986671,
              39.82691
            ]
          ],
          [
            [
              -76.986671,
              39.82691
            ],
            [
              -76.986672,
              39.82691
            ],
            [
              -76.986672,
              39.826911
            ]
          ],
          [
            [
              -76.986672,
              39.826911
            ],
            [
              -76.986673,
              39.826911
            ]
          ],
          [
            [
              -76.986671,
              39.826882
            ],
            [
              -76.986671,
              39.826881
            ],
            [
              -76.986672,
              39.826881
            ],
            [
              -76.986673,
              39.826881
            ],
            [
              -76.986672,
              39.826881
            ],
            [
              -76.986671,
              39.826881
            ],
            [
              -76.986671,
              39.826882
            ]
          ],
          [
            [
              -76.986671,
              39.826882
            ],
            [
              -76.986672,
              39.826881
            ]
          ],
          [
            [
              -76.986672,
              39.826881
            ],
            [
              -76.986673,
              39.826881
            ]
          ],
          [
            [
              -76.985879,
              39.826805
            ],
            [
              -76.985867,
              39.826805
            ],
            [
              -76.985867,
              39.826803
            ],
            [
              -76.985879,
              39.826803
            ],
            [
              -76.985879,
              39.826805
            ]
          ],
          [
            [
              -76.986422,
              39.826838
            ],
            [
              -76.98641,
              39.826838
            ],
            [
              -76.98641,
              39.826835
            ],
            [
              -76.986422,
              39.826835
            ],
            [
              -76.986422,
              39.826838
            ]
          ],
          [
            [
              -76.986818,
              39.826881
            ],
            [
              -76.986818,
              39.82688
            ],
            [
              -76.986817,
              39.82688
            ],
            [
              -76.986816,
              39.82688
            ],
            [
              -76.986817,
              39.82688
            ],
            [
              -76.986818,
              39.82688
            ],
            [
              -76.986818,
              39.826881
            ]
          ],
          [
            [
              -76.986818,
              39.826881
            ],
            [
              -76.986817,
              39.826881
            ],
            [
              -76.986817,
              39.82688
            ]
          ],
          [
            [
              -76.986817,
              39.82688
            ],
            [
              -76.986816,
              39.82688
            ]
          ],
          [
            [
              -76.986818,
              39.826893
            ],
            [
              -76.986818,
              39.826894
            ],
            [
              -76.986817,
              39.826894
            ],
            [
              -76.986816,
              39.826894
            ],
            [
              -76.986817,
              39.826894
            ],
            [
              -76.986818,
              39.826894
            ],
            [
              -76.986818,
              39.826893
            ]
          ],
          [
            [
              -76.986818,
              39.826893
            ],
            [
              -76.986817,
              39.826894
            ]
          ],
          [
            [
              -76.986817,
              39.826894
            ],
            [
              -76.986816,
              39.826894
            ]
          ],
          [
            [
              -76.985572,
              39.826987
            ],
            [
              -76.985565,
              39.826987
            ]
          ],
          [
            [
              -76.985565,
              39.826986
            ],
            [
              -76.985565,
              39.826991
            ],
            [
              -76.985572,
              39.826991
            ],
            [
              -76.985572,
              39.826986
            ],
            [
              -76.985565,
              39.826986
            ]
          ],
          [
            [
              -76.985645,
              39.826657
            ],
            [
              -76.98566,
              39.826657
            ],
            [
              -76.98566,
              39.826653
            ],
            [
              -76.985645,
              39.826653
            ],
            [
              -76.985645,
              39.826657
            ]
          ],
          [
            [
              -76.985647,
              39.826656
            ],
            [
              -76.985658,
              39.826656
            ]
          ],
          [
            [
              -76.985658,
              39.826653
            ],
            [
              -76.985658,
              39.826656
            ]
          ],
          [
            [
              -76.985647,
              39.826656
            ],
            [
              -76.985647,
              39.826657
            ]
          ],
          [
            [
              -76.985645,
              39.826653
            ],
            [
              -76.98566,
              39.826653
            ],
            [
              -76.98566,
              39.826657
            ],
            [
              -76.985645,
              39.826657
            ],
            [
              -76.985645,
              39.826653
            ]
          ],
          [
            [
              -76.985647,
              39.826657
            ],
            [
              -76.985645,
              39.826657
            ]
          ],
          [
            [
              -76.985645,
              39.826657
            ],
            [
              -76.985645,
              39.826653
            ]
          ],
          [
            [
              -76.985645,
              39.826653
            ],
            [
              -76.985647,
              39.826653
            ]
          ],
          [
            [
              -76.985647,
              39.826653
            ],
            [
              -76.985658,
              39.826653
            ]
          ],
          [
            [
              -76.985658,
              39.826653
            ],
            [
              -76.98566,
              39.826653
            ]
          ],
          [
            [
              -76.98566,
              39.826653
            ],
            [
              -76.98566,
              39.826656
            ]
          ],
          [
            [
              -76.98566,
              39.826656
            ],
            [
              -76.985658,
              39.826656
            ]
          ],
          [
            [
              -76.985647,
              39.826653
            ],
            [
              -76.985647,
              39.826656
            ]
          ],
          [
            [
              -76.986796,
              39.826608
            ],
            [
              -76.986796,
              39.826634
            ]
          ],
          [
            [
              -76.986796,
              39.826634
            ],
            [
              -76.986782,
              39.826634
            ]
          ],
          [
            [
              -76.986782,
              39.826634
            ],
            [
              -76.986782,
              39.826608
            ]
          ],
          [
            [
              -76.986782,
              39.826608
            ],
            [
              -76.986796,
              39.826608
            ]
          ],
          [
            [
              -76.986788,
              39.826608
            ],
            [
              -76.986788,
              39.826634
            ]
          ],
          [
            [
              -76.986789,
              39.826608
            ],
            [
              -76.986789,
              39.826634
            ]
          ],
          [
            [
              -76.986782,
              39.826628
            ],
            [
              -76.986796,
              39.826628
            ]
          ],
          [
            [
              -76.986782,
              39.826621
            ],
            [
              -76.986796,
              39.826621
            ]
          ],
          [
            [
              -76.986782,
              39.826614
            ],
            [
              -76.986796,
              39.826614
            ]
          ],
          [
            [
              -76.986396,
              39.826722
            ],
            [
              -76.986405,
              39.826722
            ],
            [
              -76.986405,
              39.826723
            ],
            [
              -76.986396,
              39.826723
            ],
            [
              -76.986396,
              39.826722
            ]
          ],
          [
            [
              -76.98649,
              39.826626
            ],
            [
              -76.986497,
              39.826626
            ],
            [
              -76.986497,
              39.826627
            ],
            [
              -76.98649,
              39.826627
            ],
            [
              -76.98649,
              39.826626
            ]
          ],
          [
            [
              -76.985727,
              39.826905
            ],
            [
              -76.985735,
              39.826905
            ],
            [
              -76.985727,
              39.826905
            ]
          ],
          [
            [
              -76.986474,
              39.826933
            ],
            [
              -76.986474,
              39.826938
            ],
            [
              -76.986474,
              39.826933
            ]
          ],
          [
            [
              -76.985999,
              39.826952
            ],
            [
              -76.985992,
              39.826952
            ],
            [
              -76.985992,
              39.826955
            ],
            [
              -76.985999,
              39.826955
            ],
            [
              -76.985999,
              39.826952
            ]
          ],
          [
            [
              -76.986044,
              39.826799
            ],
            [
              -76.98605,
              39.826799
            ],
            [
              -76.98605,
              39.826802
            ],
            [
              -76.986044,
              39.826802
            ],
            [
              -76.986044,
              39.826799
            ]
          ],
          [
            [
              -76.98688,
              39.826883
            ],
            [
              -76.98688,
              39.826886
            ],
            [
              -76.986885,
              39.826886
            ],
            [
              -76.986885,
              39.826883
            ],
            [
              -76.98688,
              39.826883
            ]
          ],
          [
            [
              -76.986403,
              39.827083
            ],
            [
              -76.986409,
              39.827083
            ],
            [
              -76.986409,
              39.82708
            ],
            [
              -76.986403,
              39.82708
            ],
            [
              -76.986403,
              39.827083
            ]
          ],
          [
            [
              -76.986574,
              39.826941
            ],
            [
              -76.986553,
              39.826941
            ],
            [
              -76.986553,
              39.826942
            ],
            [
              -76.986574,
              39.826942
            ],
            [
              -76.986574,
              39.826941
            ]
          ],
          [
            [
              -76.986167,
              39.827024
            ],
            [
              -76.986167,
              39.827017
            ]
          ],
          [
            [
              -76.986167,
              39.827017
            ],
            [
              -76.986178,
              39.827017
            ]
          ],
          [
            [
              -76.986178,
              39.827017
            ],
            [
              -76.986178,
              39.827024
            ]
          ],
          [
            [
              -76.986178,
              39.827024
            ],
            [
              -76.986167,
              39.827024
            ]
          ],
          [
            [
              -76.986171,
              39.827024
            ],
            [
              -76.986171,
              39.827017
            ]
          ],
          [
            [
              -76.985972,
              39.826952
            ],
            [
              -76.985965,
              39.826952
            ],
            [
              -76.985965,
              39.826955
            ],
            [
              -76.985972,
              39.826955
            ],
            [
              -76.985972,
              39.826952
            ]
          ],
          [
            [
              -76.985852,
              39.826952
            ],
            [
              -76.985844,
              39.826952
            ],
            [
              -76.985844,
              39.826955
            ],
            [
              -76.985852,
              39.826955
            ],
            [
              -76.985852,
              39.826952
            ]
          ],
          [
            [
              -76.985822,
              39.826952
            ],
            [
              -76.985814,
              39.826952
            ],
            [
              -76.985814,
              39.826955
            ],
            [
              -76.985822,
              39.826955
            ],
            [
              -76.985822,
              39.826952
            ]
          ],
          [
            [
              -76.985761,
              39.826952
            ],
            [
              -76.985754,
              39.826952
            ],
            [
              -76.985754,
              39.826955
            ],
            [
              -76.985761,
              39.826955
            ],
            [
              -76.985761,
              39.826952
            ]
          ],
          [
            [
              -76.986158,
              39.827058
            ],
            [
              -76.986158,
              39.827068
            ],
            [
              -76.986162,
              39.827068
            ],
            [
              -76.986162,
              39.827058
            ],
            [
              -76.986158,
              39.827058
            ]
          ],
          [
            [
              -76.98694,
              39.826892
            ],
            [
              -76.98694,
              39.826896
            ],
            [
              -76.986934,
              39.826896
            ],
            [
              -76.986934,
              39.826892
            ],
            [
              -76.98694,
              39.826892
            ]
          ],
          [
            [
              -76.986881,
              39.826892
            ],
            [
              -76.986881,
              39.826896
            ],
            [
              -76.986887,
              39.826896
            ],
            [
              -76.986887,
              39.826892
            ],
            [
              -76.986881,
              39.826892
            ]
          ],
          [
            [
              -76.986049,
              39.826657
            ],
            [
              -76.986049,
              39.82666
            ],
            [
              -76.986051,
              39.82666
            ],
            [
              -76.986051,
              39.826657
            ],
            [
              -76.986049,
              39.826657
            ]
          ],
          [
            [
              -76.986152,
              39.826936
            ],
            [
              -76.986141,
              39.826936
            ],
            [
              -76.986141,
              39.82694
            ],
            [
              -76.986152,
              39.82694
            ],
            [
              -76.986152,
              39.826936
            ]
          ],
          [
            [
              -76.986941,
              39.826861
            ],
            [
              -76.986941,
              39.826855
            ],
            [
              -76.986938,
              39.826855
            ],
            [
              -76.986938,
              39.826861
            ],
            [
              -76.986941,
              39.826861
            ]
          ],
          [
            [
              -76.986134,
              39.826923
            ],
            [
              -76.986134,
              39.826927
            ],
            [
              -76.986139,
              39.826927
            ],
            [
              -76.986139,
              39.826923
            ],
            [
              -76.986134,
              39.826923
            ]
          ],
          [
            [
              -76.98687,
              39.826619
            ],
            [
              -76.98687,
              39.826625
            ],
            [
              -76.986876,
              39.826625
            ],
            [
              -76.986876,
              39.826619
            ],
            [
              -76.98687,
              39.826619
            ]
          ],
          [
            [
              -76.986623,
              39.827083
            ],
            [
              -76.986623,
              39.82708
            ]
          ],
          [
            [
              -76.986623,
              39.82708
            ],
            [
              -76.986571,
              39.82708
            ]
          ],
          [
            [
              -76.986571,
              39.82708
            ],
            [
              -76.986571,
              39.827083
            ]
          ],
          [
            [
              -76.986623,
              39.827086
            ],
            [
              -76.986623,
              39.827089
            ]
          ],
          [
            [
              -76.986623,
              39.827089
            ],
            [
              -76.986571,
              39.827089
            ]
          ],
          [
            [
              -76.986571,
              39.827089
            ],
            [
              -76.986571,
              39.827086
            ]
          ],
          [
            [
              -76.986567,
              39.827087
            ],
            [
              -76.986568,
              39.827087
            ]
          ],
          [
            [
              -76.986568,
              39.827087
            ],
            [
              -76.986568,
              39.827082
            ]
          ],
          [
            [
              -76.986568,
              39.827082
            ],
            [
              -76.986567,
              39.827082
            ]
          ],
          [
            [
              -76.986568,
              39.827087
            ],
            [
              -76.986571,
              39.827087
            ]
          ],
          [
            [
              -76.986568,
              39.827082
            ],
            [
              -76.986571,
              39.827082
            ]
          ],
          [
            [
              -76.986627,
              39.827087
            ],
            [
              -76.986626,
              39.827087
            ]
          ],
          [
            [
              -76.986626,
              39.827087
            ],
            [
              -76.986626,
              39.827082
            ]
          ],
          [
            [
              -76.986626,
              39.827082
            ],
            [
              -76.986627,
              39.827082
            ]
          ],
          [
            [
              -76.986626,
              39.827087
            ],
            [
              -76.986623,
              39.827087
            ]
          ],
          [
            [
              -76.986626,
              39.827082
            ],
            [
              -76.986623,
              39.827082
            ]
          ],
          [
            [
              -76.986627,
              39.827079
            ],
            [
              -76.986567,
              39.827079
            ]
          ],
          [
            [
              -76.986567,
              39.827079
            ],
            [
              -76.986567,
              39.82709
            ]
          ],
          [
            [
              -76.986567,
              39.82709
            ],
            [
              -76.986627,
              39.82709
            ]
          ],
          [
            [
              -76.986627,
              39.82709
            ],
            [
              -76.986627,
              39.827079
            ]
          ],
          [
            [
              -76.986623,
              39.827086
            ],
            [
              -76.986571,
              39.827086
            ]
          ],
          [
            [
              -76.986571,
              39.827086
            ],
            [
              -76.986571,
              39.827083
            ]
          ],
          [
            [
              -76.986571,
              39.827083
            ],
            [
              -76.986623,
              39.827083
            ]
          ],
          [
            [
              -76.986623,
              39.827083
            ],
            [
              -76.986623,
              39.827086
            ]
          ],
          [
            [
              -76.986623,
              39.827084
            ],
            [
              -76.986626,
              39.827084
            ]
          ],
          [
            [
              -76.986571,
              39.827084
            ],
            [
              -76.986568,
              39.827084
            ]
          ],
          [
            [
              -76.986627,
              39.82709
            ],
            [
              -76.986567,
              39.82709
            ]
          ],
          [
            [
              -76.986571,
              39.827087
            ],
            [
              -76.986568,
              39.827087
            ]
          ],
          [
            [
              -76.986568,
              39.827085
            ],
            [
              -76.986571,
              39.827085
            ]
          ],
          [
            [
              -76.986571,
              39.827082
            ],
            [
              -76.986568,
              39.827082
            ]
          ],
          [
            [
              -76.986623,
              39.827087
            ],
            [
              -76.986626,
              39.827087
            ]
          ],
          [
            [
              -76.986626,
              39.827085
            ],
            [
              -76.986623,
              39.827085
            ]
          ],
          [
            [
              -76.986623,
              39.827082
            ],
            [
              -76.986626,
              39.827082
            ]
          ],
          [
            [
              -76.986612,
              39.827088
            ],
            [
              -76.986611,
              39.827088
            ]
          ],
          [
            [
              -76.986611,
              39.827088
            ],
            [
              -76.986611,
              39.827087
            ]
          ],
          [
            [
              -76.986609,
              39.827088
            ],
            [
              -76.98661,
              39.827088
            ]
          ],
          [
            [
              -76.98661,
              39.827088
            ],
            [
              -76.986609,
              39.827088
            ]
          ],
          [
            [
              -76.986609,
              39.827088
            ],
            [
              -76.986609,
              39.827087
            ]
          ],
          [
            [
              -76.986609,
              39.827087
            ],
            [
              -76.98661,
              39.827087
            ]
          ],
          [
            [
              -76.986604,
              39.827088
            ],
            [
              -76.986605,
              39.827088
            ]
          ],
          [
            [
              -76.986605,
              39.827088
            ],
            [
              -76.986606,
              39.827088
            ]
          ],
          [
            [
              -76.986606,
              39.827088
            ],
            [
              -76.986606,
              39.827087
            ]
          ],
          [
            [
              -76.986606,
              39.827087
            ],
            [
              -76.986605,
              39.827087
            ]
          ],
          [
            [
              -76.986605,
              39.827087
            ],
            [
              -76.986604,
              39.827087
            ]
          ],
          [
            [
              -76.986604,
              39.827087
            ],
            [
              -76.986603,
              39.827088
            ]
          ],
          [
            [
              -76.986603,
              39.827088
            ],
            [
              -76.986603,
              39.827087
            ]
          ],
          [
            [
              -76.986604,
              39.827087
            ],
            [
              -76.986603,
              39.827087
            ]
          ],
          [
            [
              -76.986602,
              39.827087
            ],
            [
              -76.986602,
              39.827088
            ]
          ],
          [
            [
              -76.986602,
              39.827088
            ],
            [
              -76.986601,
              39.827088
            ]
          ],
          [
            [
              -76.986601,
              39.827088
            ],
            [
              -76.986602,
              39.827088
            ]
          ],
          [
            [
              -76.986602,
              39.827088
            ],
            [
              -76.986601,
              39.827087
            ]
          ],
          [
            [
              -76.9866,
              39.827087
            ],
            [
              -76.9866,
              39.827088
            ]
          ],
          [
            [
              -76.9866,
              39.827088
            ],
            [
              -76.986599,
              39.827088
            ]
          ],
          [
            [
              -76.986599,
              39.827088
            ],
            [
              -76.9866,
              39.827088
            ]
          ],
          [
            [
              -76.986597,
              39.827087
            ],
            [
              -76.986599,
              39.827087
            ]
          ],
          [
            [
              -76.986599,
              39.827087
            ],
            [
              -76.986599,
              39.827088
            ]
          ],
          [
            [
              -76.986599,
              39.827088
            ],
            [
              -76.986597,
              39.827088
            ]
          ],
          [
            [
              -76.986598,
              39.827088
            ],
            [
              -76.986599,
              39.827088
            ]
          ],
          [
            [
              -76.986597,
              39.827088
            ],
            [
              -76.986596,
              39.827088
            ]
          ],
          [
            [
              -76.986597,
              39.827088
            ],
            [
              -76.986597,
              39.827087
            ]
          ],
          [
            [
              -76.986594,
              39.827087
            ],
            [
              -76.986594,
              39.827088
            ]
          ],
          [
            [
              -76.986594,
              39.827088
            ],
            [
              -76.986593,
              39.827087
            ]
          ],
          [
            [
              -76.986593,
              39.827087
            ],
            [
              -76.986592,
              39.827088
            ]
          ],
          [
            [
              -76.986592,
              39.827088
            ],
            [
              -76.986592,
              39.827087
            ]
          ],
          [
            [
              -76.986592,
              39.827087
            ],
            [
              -76.986591,
              39.827088
            ]
          ],
          [
            [
              -76.986591,
              39.827088
            ],
            [
              -76.98659,
              39.827087
            ]
          ],
          [
            [
              -76.986592,
              39.827087
            ],
            [
              -76.986591,
              39.827087
            ]
          ],
          [
            [
              -76.986589,
              39.827088
            ],
            [
              -76.98659,
              39.827088
            ]
          ],
          [
            [
              -76.98659,
              39.827088
            ],
            [
              -76.98659,
              39.827087
            ]
          ],
          [
            [
              -76.98659,
              39.827087
            ],
            [
              -76.986589,
              39.827087
            ]
          ],
          [
            [
              -76.986586,
              39.827088
            ],
            [
              -76.986586,
              39.827087
            ]
          ],
          [
            [
              -76.986586,
              39.827087
            ],
            [
              -76.986586,
              39.827088
            ]
          ],
          [
            [
              -76.986586,
              39.827088
            ],
            [
              -76.986584,
              39.827087
            ]
          ],
          [
            [
              -76.986584,
              39.827087
            ],
            [
              -76.986584,
              39.827088
            ]
          ],
          [
            [
              -76.986582,
              39.827087
            ],
            [
              -76.986584,
              39.827087
            ]
          ],
          [
            [
              -76.986584,
              39.827087
            ],
            [
              -76.986584,
              39.827088
            ]
          ],
          [
            [
              -76.986584,
              39.827088
            ],
            [
              -76.986582,
              39.827088
            ]
          ],
          [
            [
              -76.986583,
              39.827088
            ],
            [
              -76.986584,
              39.827088
            ]
          ],
          [
            [
              -76.986588,
              39.827088
            ],
            [
              -76.986588,
              39.827087
            ]
          ],
          [
            [
              -76.986588,
              39.827088
            ],
            [
              -76.986587,
              39.827088
            ]
          ],
          [
            [
              -76.986587,
              39.827088
            ],
            [
              -76.986587,
              39.827087
            ]
          ],
          [
            [
              -76.986265,
              39.826657
            ],
            [
              -76.986246,
              39.826657
            ],
            [
              -76.986246,
              39.826661
            ],
            [
              -76.986265,
              39.826661
            ],
            [
              -76.986265,
              39.826657
            ]
          ],
          [
            [
              -76.986095,
              39.826633
            ],
            [
              -76.986095,
              39.826632
            ],
            [
              -76.98608,
              39.826632
            ],
            [
              -76.98608,
              39.826633
            ],
            [
              -76.986095,
              39.826633
            ]
          ],
          [
            [
              -76.986095,
              39.826633
            ],
            [
              -76.986093,
              39.826633
            ]
          ],
          [
            [
              -76.986095,
              39.826632
            ],
            [
              -76.986093,
              39.826632
            ]
          ],
          [
            [
              -76.986094,
              39.826633
            ],
            [
              -76.986094,
              39.826632
            ]
          ],
          [
            [
              -76.98608,
              39.826633
            ],
            [
              -76.986082,
              39.826633
            ]
          ],
          [
            [
              -76.98608,
              39.826632
            ],
            [
              -76.986082,
              39.826632
            ]
          ],
          [
            [
              -76.986081,
              39.826633
            ],
            [
              -76.986081,
              39.826632
            ]
          ],
          [
            [
              -76.986479,
              39.826661
            ],
            [
              -76.986464,
              39.826661
            ]
          ],
          [
            [
              -76.986464,
              39.826661
            ],
            [
              -76.986449,
              39.826661
            ]
          ],
          [
            [
              -76.986449,
              39.826661
            ],
            [
              -76.986449,
              39.826657
            ]
          ],
          [
            [
              -76.986449,
              39.826657
            ],
            [
              -76.986479,
              39.826657
            ]
          ],
          [
            [
              -76.986479,
              39.826657
            ],
            [
              -76.986479,
              39.826661
            ]
          ],
          [
            [
              -76.986479,
              39.826659
            ],
            [
              -76.986475,
              39.826659
            ]
          ],
          [
            [
              -76.986475,
              39.826659
            ],
            [
              -76.986475,
              39.826661
            ]
          ],
          [
            [
              -76.986449,
              39.826659
            ],
            [
              -76.986452,
              39.826659
            ]
          ],
          [
            [
              -76.986452,
              39.826659
            ],
            [
              -76.986452,
              39.826661
            ]
          ],
          [
            [
              -76.986116,
              39.826632
            ],
            [
              -76.986116,
              39.826625
            ],
            [
              -76.986116,
              39.826618
            ],
            [
              -76.986116,
              39.826611
            ],
            [
              -76.986121,
              39.826611
            ]
          ],
          [
            [
              -76.986121,
              39.826606
            ],
            [
              -76.986106,
              39.826606
            ],
            [
              -76.986121,
              39.826606
            ]
          ],
          [
            [
              -76.986121,
              39.826633
            ],
            [
              -76.986106,
              39.826633
            ],
            [
              -76.986106,
              39.826632
            ],
            [
              -76.986121,
              39.826632
            ]
          ],
          [
            [
              -76.986116,
              39.826618
            ],
            [
              -76.986121,
              39.826618
            ]
          ],
          [
            [
              -76.986116,
              39.826625
            ],
            [
              -76.986121,
              39.826625
            ]
          ],
          [
            [
              -76.986121,
              39.826606
            ],
            [
              -76.986121,
              39.826633
            ],
            [
              -76.986121,
              39.826606
            ]
          ],
          [
            [
              -76.986239,
              39.826619
            ],
            [
              -76.986239,
              39.826633
            ],
            [
              -76.986239,
              39.826619
            ]
          ],
          [
            [
              -76.986239,
              39.826612
            ],
            [
              -76.986239,
              39.826606
            ],
            [
              -76.986239,
              39.826612
            ]
          ],
          [
            [
              -76.986121,
              39.826606
            ],
            [
              -76.986239,
              39.826606
            ]
          ],
          [
            [
              -76.986239,
              39.826633
            ],
            [
              -76.986121,
              39.826633
            ]
          ],
          [
            [
              -76.986844,
              39.826655
            ],
            [
              -76.986844,
              39.826659
            ],
            [
              -76.986848,
              39.82666
            ],
            [
              -76.986848,
              39.826655
            ],
            [
              -76.986844,
              39.826655
            ]
          ],
          [
            [
              -76.986843,
              39.82666
            ],
            [
              -76.986843,
              39.826663
            ],
            [
              -76.986848,
              39.826663
            ],
            [
              -76.986848,
              39.82666
            ],
            [
              -76.986843,
              39.82666
            ]
          ],
          [
            [
              -76.986417,
              39.826886
            ],
            [
              -76.986417,
              39.826893
            ]
          ],
          [
            [
              -76.986408,
              39.826886
            ],
            [
              -76.986408,
              39.826893
            ]
          ],
          [
            [
              -76.986407,
              39.826886
            ],
            [
              -76.986407,
              39.826893
            ]
          ],
          [
            [
              -76.986415,
              39.826882
            ],
            [
              -76.986415,
              39.826886
            ]
          ],
          [
            [
              -76.986415,
              39.826886
            ],
            [
              -76.986401,
              39.826886
            ]
          ],
          [
            [
              -76.986401,
              39.826886
            ],
            [
              -76.986407,
              39.826886
            ]
          ],
          [
            [
              -76.986408,
              39.826893
            ],
            [
              -76.986407,
              39.826893
            ]
          ],
          [
            [
              -76.986408,
              39.826893
            ],
            [
              -76.986417,
              39.826893
            ]
          ],
          [
            [
              -76.986407,
              39.826893
            ],
            [
              -76.986399,
              39.826893
            ]
          ],
          [
            [
              -76.986399,
              39.826886
            ],
            [
              -76.986399,
              39.826893
            ]
          ],
          [
            [
              -76.986417,
              39.826886
            ],
            [
              -76.986415,
              39.826886
            ]
          ],
          [
            [
              -76.986401,
              39.826886
            ],
            [
              -76.986399,
              39.826886
            ]
          ],
          [
            [
              -76.986408,
              39.826886
            ],
            [
              -76.986415,
              39.826886
            ]
          ],
          [
            [
              -76.986401,
              39.826882
            ],
            [
              -76.986401,
              39.826886
            ]
          ],
          [
            [
              -76.986415,
              39.826882
            ],
            [
              -76.986401,
              39.826882
            ]
          ],
          [
            [
              -76.98641,
              39.826893
            ],
            [
              -76.986408,
              39.826893
            ]
          ],
          [
            [
              -76.98641,
              39.826893
            ],
            [
              -76.986408,
              39.826893
            ]
          ],
          [
            [
              -76.986405,
              39.826893
            ],
            [
              -76.986407,
              39.826893
            ]
          ],
          [
            [
              -76.986405,
              39.826893
            ],
            [
              -76.986407,
              39.826893
            ]
          ],
          [
            [
              -76.986415,
              39.826886
            ],
            [
              -76.986415,
              39.826885
            ]
          ],
          [
            [
              -76.986415,
              39.826885
            ],
            [
              -76.986414,
              39.826885
            ]
          ],
          [
            [
              -76.986414,
              39.826885
            ],
            [
              -76.986414,
              39.826886
            ]
          ],
          [
            [
              -76.986401,
              39.826886
            ],
            [
              -76.986401,
              39.826885
            ]
          ],
          [
            [
              -76.986401,
              39.826885
            ],
            [
              -76.986401,
              39.826886
            ]
          ],
          [
            [
              -76.986179,
              39.826961
            ],
            [
              -76.986179,
              39.826965
            ],
            [
              -76.986212,
              39.826965
            ],
            [
              -76.986212,
              39.826943
            ],
            [
              -76.986205,
              39.826943
            ],
            [
              -76.986205,
              39.826961
            ],
            [
              -76.986179,
              39.826961
            ]
          ],
          [
            [
              -76.986339,
              39.826708
            ],
            [
              -76.986339,
              39.826706
            ],
            [
              -76.986342,
              39.826706
            ],
            [
              -76.986342,
              39.826708
            ],
            [
              -76.986339,
              39.826708
            ]
          ],
          [
            [
              -76.98644,
              39.827063
            ],
            [
              -76.98644,
              39.827058
            ],
            [
              -76.986448,
              39.827058
            ],
            [
              -76.986448,
              39.827063
            ],
            [
              -76.98644,
              39.827063
            ]
          ],
          [
            [
              -76.98644,
              39.82706
            ],
            [
              -76.986447,
              39.82706
            ]
          ],
          [
            [
              -76.98644,
              39.827059
            ],
            [
              -76.986447,
              39.827059
            ]
          ],
          [
            [
              -76.98644,
              39.827059
            ],
            [
              -76.986447,
              39.827059
            ]
          ],
          [
            [
              -76.98644,
              39.82706
            ],
            [
              -76.986447,
              39.82706
            ]
          ],
          [
            [
              -76.98644,
              39.82706
            ],
            [
              -76.986447,
              39.82706
            ]
          ],
          [
            [
              -76.986444,
              39.827059
            ],
            [
              -76.986444,
              39.827058
            ]
          ],
          [
            [
              -76.986447,
              39.827063
            ],
            [
              -76.986447,
              39.827058
            ]
          ],
          [
            [
              -76.986328,
              39.826625
            ],
            [
              -76.986332,
              39.826625
            ]
          ],
          [
            [
              -76.986327,
              39.826625
            ],
            [
              -76.986327,
              39.826622
            ],
            [
              -76.986334,
              39.826622
            ],
            [
              -76.986334,
              39.826625
            ],
            [
              -76.986327,
              39.826625
            ]
          ],
          [
            [
              -76.986331,
              39.826625
            ],
            [
              -76.986331,
              39.826622
            ]
          ],
          [
            [
              -76.986331,
              39.826625
            ],
            [
              -76.986334,
              39.826625
            ]
          ],
          [
            [
              -76.986331,
              39.826625
            ],
            [
              -76.986334,
              39.826625
            ]
          ],
          [
            [
              -76.986331,
              39.826624
            ],
            [
              -76.986334,
              39.826624
            ]
          ],
          [
            [
              -76.986334,
              39.826622
            ],
            [
              -76.986331,
              39.826622
            ]
          ],
          [
            [
              -76.986332,
              39.826625
            ],
            [
              -76.986332,
              39.826624
            ]
          ],
          [
            [
              -76.986333,
              39.826625
            ],
            [
              -76.986333,
              39.826624
            ]
          ],
          [
            [
              -76.986331,
              39.826625
            ],
            [
              -76.986334,
              39.826625
            ]
          ],
          [
            [
              -76.986331,
              39.826624
            ],
            [
              -76.986334,
              39.826624
            ]
          ],
          [
            [
              -76.986331,
              39.826624
            ],
            [
              -76.986334,
              39.826624
            ]
          ],
          [
            [
              -76.986331,
              39.826625
            ],
            [
              -76.986331,
              39.826624
            ]
          ],
          [
            [
              -76.986331,
              39.826623
            ],
            [
              -76.986334,
              39.826623
            ]
          ],
          [
            [
              -76.986331,
              39.826623
            ],
            [
              -76.986334,
              39.826623
            ]
          ],
          [
            [
              -76.986331,
              39.826623
            ],
            [
              -76.986334,
              39.826623
            ]
          ],
          [
            [
              -76.986331,
              39.826623
            ],
            [
              -76.986334,
              39.826623
            ]
          ],
          [
            [
              -76.986331,
              39.826623
            ],
            [
              -76.986334,
              39.826624
            ]
          ],
          [
            [
              -76.986331,
              39.826624
            ],
            [
              -76.986334,
              39.826624
            ]
          ],
          [
            [
              -76.986332,
              39.826625
            ],
            [
              -76.986332,
              39.826624
            ]
          ],
          [
            [
              -76.986334,
              39.826625
            ],
            [
              -76.986334,
              39.826623
            ]
          ],
          [
            [
              -76.986334,
              39.826623
            ],
            [
              -76.986334,
              39.826622
            ]
          ],
          [
            [
              -76.986333,
              39.826622
            ],
            [
              -76.986328,
              39.826622
            ]
          ],
          [
            [
              -76.986328,
              39.826615
            ],
            [
              -76.986332,
              39.826615
            ]
          ],
          [
            [
              -76.986327,
              39.826615
            ],
            [
              -76.986327,
              39.826612
            ],
            [
              -76.986334,
              39.826612
            ],
            [
              -76.986334,
              39.826615
            ],
            [
              -76.986327,
              39.826615
            ]
          ],
          [
            [
              -76.986331,
              39.826615
            ],
            [
              -76.986331,
              39.826612
            ]
          ],
          [
            [
              -76.986331,
              39.826615
            ],
            [
              -76.986334,
              39.826615
            ]
          ],
          [
            [
              -76.986331,
              39.826615
            ],
            [
              -76.986334,
              39.826615
            ]
          ],
          [
            [
              -76.986331,
              39.826614
            ],
            [
              -76.986334,
              39.826614
            ]
          ],
          [
            [
              -76.986334,
              39.826612
            ],
            [
              -76.986331,
              39.826612
            ]
          ],
          [
            [
              -76.986332,
              39.826615
            ],
            [
              -76.986332,
              39.826614
            ]
          ],
          [
            [
              -76.986333,
              39.826615
            ],
            [
              -76.986333,
              39.826614
            ]
          ],
          [
            [
              -76.986331,
              39.826615
            ],
            [
              -76.986334,
              39.826615
            ]
          ],
          [
            [
              -76.986331,
              39.826614
            ],
            [
              -76.986334,
              39.826614
            ]
          ],
          [
            [
              -76.986331,
              39.826614
            ],
            [
              -76.986334,
              39.826614
            ]
          ],
          [
            [
              -76.986331,
              39.826615
            ],
            [
              -76.986331,
              39.826614
            ]
          ],
          [
            [
              -76.986331,
              39.826613
            ],
            [
              -76.986334,
              39.826613
            ]
          ],
          [
            [
              -76.986331,
              39.826613
            ],
            [
              -76.986334,
              39.826613
            ]
          ],
          [
            [
              -76.986331,
              39.826613
            ],
            [
              -76.986334,
              39.826613
            ]
          ],
          [
            [
              -76.986331,
              39.826613
            ],
            [
              -76.986334,
              39.826613
            ]
          ],
          [
            [
              -76.986331,
              39.826613
            ],
            [
              -76.986334,
              39.826614
            ]
          ],
          [
            [
              -76.986331,
              39.826614
            ],
            [
              -76.986334,
              39.826614
            ]
          ],
          [
            [
              -76.986332,
              39.826615
            ],
            [
              -76.986332,
              39.826614
            ]
          ],
          [
            [
              -76.986334,
              39.826615
            ],
            [
              -76.986334,
              39.826613
            ]
          ],
          [
            [
              -76.986334,
              39.826613
            ],
            [
              -76.986334,
              39.826612
            ]
          ],
          [
            [
              -76.986333,
              39.826612
            ],
            [
              -76.986328,
              39.826612
            ]
          ],
          [
            [
              -76.987125,
              39.826414
            ],
            [
              -76.987125,
              39.826415
            ]
          ],
          [
            [
              -76.987123,
              39.826414
            ],
            [
              -76.987123,
              39.826415
            ]
          ],
          [
            [
              -76.987124,
              39.826415
            ],
            [
              -76.987125,
              39.826415
            ]
          ],
          [
            [
              -76.987124,
              39.826414
            ],
            [
              -76.987125,
              39.826414
            ]
          ],
          [
            [
              -76.987124,
              39.826415
            ],
            [
              -76.987123,
              39.826415
            ]
          ],
          [
            [
              -76.986448,
              39.826598
            ],
            [
              -76.986448,
              39.826599
            ]
          ],
          [
            [
              -76.986446,
              39.826598
            ],
            [
              -76.986446,
              39.826599
            ]
          ],
          [
            [
              -76.986447,
              39.826599
            ],
            [
              -76.986448,
              39.826599
            ]
          ],
          [
            [
              -76.986447,
              39.826598
            ],
            [
              -76.986448,
              39.826598
            ]
          ],
          [
            [
              -76.986447,
              39.826598
            ],
            [
              -76.986446,
              39.826598
            ]
          ],
          [
            [
              -76.986447,
              39.826598
            ],
            [
              -76.986446,
              39.826598
            ]
          ],
          [
            [
              -76.986448,
              39.826605
            ],
            [
              -76.986448,
              39.826604
            ]
          ],
          [
            [
              -76.986446,
              39.826605
            ],
            [
              -76.986446,
              39.826604
            ]
          ],
          [
            [
              -76.986447,
              39.826604
            ],
            [
              -76.986448,
              39.826604
            ]
          ],
          [
            [
              -76.986447,
              39.826605
            ],
            [
              -76.986448,
              39.826605
            ]
          ],
          [
            [
              -76.986447,
              39.826605
            ],
            [
              -76.986446,
              39.826605
            ]
          ],
          [
            [
              -76.986446,
              39.826592
            ],
            [
              -76.986446,
              39.826605
            ],
            [
              -76.986447,
              39.826605
            ],
            [
              -76.986447,
              39.826592
            ]
          ],
          [
            [
              -76.986447,
              39.826592
            ],
            [
              -76.986447,
              39.826591
            ],
            [
              -76.986446,
              39.826591
            ],
            [
              -76.986446,
              39.826592
            ]
          ],
          [
            [
              -76.986447,
              39.826592
            ],
            [
              -76.986447,
              39.826591
            ],
            [
              -76.986446,
              39.826591
            ],
            [
              -76.986446,
              39.826592
            ]
          ],
          [
            [
              -76.986289,
              39.826632
            ],
            [
              -76.986289,
              39.826631
            ]
          ],
          [
            [
              -76.986287,
              39.826632
            ],
            [
              -76.986287,
              39.826631
            ]
          ],
          [
            [
              -76.986289,
              39.826632
            ],
            [
              -76.986287,
              39.826632
            ]
          ],
          [
            [
              -76.986289,
              39.826626
            ],
            [
              -76.986289,
              39.826625
            ]
          ],
          [
            [
              -76.986287,
              39.826626
            ],
            [
              -76.986287,
              39.826625
            ]
          ],
          [
            [
              -76.986289,
              39.826625
            ],
            [
              -76.986287,
              39.826625
            ]
          ],
          [
            [
              -76.986289,
              39.826625
            ],
            [
              -76.986287,
              39.826625
            ]
          ],
          [
            [
              -76.986289,
              39.826619
            ],
            [
              -76.986289,
              39.826618
            ]
          ],
          [
            [
              -76.986287,
              39.826619
            ],
            [
              -76.986287,
              39.826618
            ]
          ],
          [
            [
              -76.986289,
              39.826618
            ],
            [
              -76.986287,
              39.826618
            ]
          ],
          [
            [
              -76.986289,
              39.826612
            ],
            [
              -76.986289,
              39.826613
            ]
          ],
          [
            [
              -76.986287,
              39.826612
            ],
            [
              -76.986287,
              39.826613
            ]
          ],
          [
            [
              -76.986289,
              39.826619
            ],
            [
              -76.986287,
              39.826619
            ]
          ],
          [
            [
              -76.986289,
              39.826612
            ],
            [
              -76.986287,
              39.826612
            ]
          ],
          [
            [
              -76.986289,
              39.826632
            ],
            [
              -76.986287,
              39.826632
            ]
          ],
          [
            [
              -76.986287,
              39.826632
            ],
            [
              -76.986287,
              39.826612
            ],
            [
              -76.986289,
              39.826612
            ],
            [
              -76.986289,
              39.826632
            ]
          ],
          [
            [
              -76.986048,
              39.826632
            ],
            [
              -76.986048,
              39.826626
            ]
          ],
          [
            [
              -76.986047,
              39.826632
            ],
            [
              -76.986047,
              39.826633
            ],
            [
              -76.986048,
              39.826633
            ]
          ],
          [
            [
              -76.986048,
              39.826633
            ],
            [
              -76.986062,
              39.826633
            ]
          ],
          [
            [
              -76.986047,
              39.826626
            ],
            [
              -76.986047,
              39.826632
            ]
          ],
          [
            [
              -76.986048,
              39.826625
            ],
            [
              -76.986048,
              39.826619
            ]
          ],
          [
            [
              -76.986047,
              39.826619
            ],
            [
              -76.986047,
              39.826625
            ]
          ],
          [
            [
              -76.986048,
              39.826619
            ],
            [
              -76.986048,
              39.826613
            ]
          ],
          [
            [
              -76.986047,
              39.826613
            ],
            [
              -76.986047,
              39.826619
            ]
          ],
          [
            [
              -76.986048,
              39.826612
            ],
            [
              -76.986048,
              39.826606
            ]
          ],
          [
            [
              -76.986062,
              39.826632
            ],
            [
              -76.986048,
              39.826632
            ]
          ],
          [
            [
              -76.986062,
              39.826633
            ],
            [
              -76.986063,
              39.826633
            ],
            [
              -76.986063,
              39.826632
            ],
            [
              -76.986062,
              39.826632
            ]
          ],
          [
            [
              -76.986047,
              39.826606
            ],
            [
              -76.986047,
              39.826612
            ]
          ],
          [
            [
              -76.986048,
              39.826605
            ],
            [
              -76.986048,
              39.826599
            ]
          ],
          [
            [
              -76.986047,
              39.826599
            ],
            [
              -76.986047,
              39.826605
            ]
          ],
          [
            [
              -76.986048,
              39.826599
            ],
            [
              -76.986048,
              39.826594
            ]
          ],
          [
            [
              -76.986047,
              39.826594
            ],
            [
              -76.986047,
              39.826599
            ]
          ],
          [
            [
              -76.986048,
              39.826595
            ],
            [
              -76.986048,
              39.826594
            ],
            [
              -76.986047,
              39.826594
            ],
            [
              -76.986047,
              39.826595
            ]
          ],
          [
            [
              -76.986046,
              39.826594
            ],
            [
              -76.986046,
              39.826595
            ]
          ],
          [
            [
              -76.986048,
              39.826594
            ],
            [
              -76.986048,
              39.826595
            ]
          ],
          [
            [
              -76.986047,
              39.826595
            ],
            [
              -76.986046,
              39.826595
            ]
          ],
          [
            [
              -76.986047,
              39.826594
            ],
            [
              -76.986046,
              39.826594
            ]
          ],
          [
            [
              -76.986047,
              39.826595
            ],
            [
              -76.986048,
              39.826595
            ]
          ],
          [
            [
              -76.986047,
              39.826619
            ],
            [
              -76.986046,
              39.826619
            ]
          ],
          [
            [
              -76.986047,
              39.826619
            ],
            [
              -76.986046,
              39.826619
            ]
          ],
          [
            [
              -76.986047,
              39.826619
            ],
            [
              -76.986048,
              39.826619
            ]
          ],
          [
            [
              -76.986047,
              39.826619
            ],
            [
              -76.986048,
              39.826619
            ]
          ],
          [
            [
              -76.986048,
              39.826613
            ],
            [
              -76.986048,
              39.826612
            ]
          ],
          [
            [
              -76.986047,
              39.826612
            ],
            [
              -76.986047,
              39.826613
            ]
          ],
          [
            [
              -76.986046,
              39.826612
            ],
            [
              -76.986046,
              39.826613
            ]
          ],
          [
            [
              -76.986048,
              39.826612
            ],
            [
              -76.986048,
              39.826613
            ]
          ],
          [
            [
              -76.986047,
              39.826613
            ],
            [
              -76.986046,
              39.826613
            ]
          ],
          [
            [
              -76.986047,
              39.826612
            ],
            [
              -76.986046,
              39.826612
            ]
          ],
          [
            [
              -76.986047,
              39.826612
            ],
            [
              -76.986048,
              39.826612
            ]
          ],
          [
            [
              -76.986047,
              39.826613
            ],
            [
              -76.986048,
              39.826613
            ]
          ],
          [
            [
              -76.986048,
              39.826606
            ],
            [
              -76.986048,
              39.826605
            ]
          ],
          [
            [
              -76.986047,
              39.826605
            ],
            [
              -76.986047,
              39.826606
            ]
          ],
          [
            [
              -76.986046,
              39.826605
            ],
            [
              -76.986046,
              39.826606
            ]
          ],
          [
            [
              -76.986048,
              39.826605
            ],
            [
              -76.986048,
              39.826606
            ]
          ],
          [
            [
              -76.986047,
              39.826606
            ],
            [
              -76.986046,
              39.826606
            ]
          ],
          [
            [
              -76.986047,
              39.826605
            ],
            [
              -76.986046,
              39.826605
            ]
          ],
          [
            [
              -76.986047,
              39.826605
            ],
            [
              -76.986048,
              39.826605
            ]
          ],
          [
            [
              -76.986047,
              39.826606
            ],
            [
              -76.986048,
              39.826606
            ]
          ],
          [
            [
              -76.986047,
              39.826599
            ],
            [
              -76.986046,
              39.826599
            ],
            [
              -76.986047,
              39.826599
            ]
          ],
          [
            [
              -76.986047,
              39.826599
            ],
            [
              -76.986048,
              39.826599
            ]
          ],
          [
            [
              -76.986047,
              39.826599
            ],
            [
              -76.986048,
              39.826599
            ]
          ],
          [
            [
              -76.986048,
              39.826626
            ],
            [
              -76.986048,
              39.826625
            ]
          ],
          [
            [
              -76.986047,
              39.826625
            ],
            [
              -76.986047,
              39.826626
            ]
          ],
          [
            [
              -76.986046,
              39.826625
            ],
            [
              -76.986046,
              39.826626
            ]
          ],
          [
            [
              -76.986048,
              39.826625
            ],
            [
              -76.986048,
              39.826626
            ]
          ],
          [
            [
              -76.986047,
              39.826626
            ],
            [
              -76.986046,
              39.826626
            ]
          ],
          [
            [
              -76.986047,
              39.826625
            ],
            [
              -76.986046,
              39.826625
            ]
          ],
          [
            [
              -76.986047,
              39.826625
            ],
            [
              -76.986048,
              39.826625
            ]
          ],
          [
            [
              -76.986047,
              39.826626
            ],
            [
              -76.986048,
              39.826626
            ]
          ],
          [
            [
              -76.986061,
              39.826633
            ],
            [
              -76.986063,
              39.826633
            ]
          ],
          [
            [
              -76.986061,
              39.826632
            ],
            [
              -76.986063,
              39.826632
            ]
          ],
          [
            [
              -76.986062,
              39.826632
            ],
            [
              -76.986062,
              39.826633
            ]
          ],
          [
            [
              -76.986047,
              39.826632
            ],
            [
              -76.986046,
              39.826632
            ],
            [
              -76.986046,
              39.826633
            ],
            [
              -76.986048,
              39.826633
            ]
          ],
          [
            [
              -76.986048,
              39.826632
            ],
            [
              -76.986048,
              39.826633
            ]
          ],
          [
            [
              -76.986048,
              39.826632
            ],
            [
              -76.986047,
              39.826632
            ]
          ],
          [
            [
              -76.986429,
              39.826605
            ],
            [
              -76.986429,
              39.826611
            ]
          ],
          [
            [
              -76.986428,
              39.826611
            ],
            [
              -76.986428,
              39.826605
            ]
          ],
          [
            [
              -76.986428,
              39.826605
            ],
            [
              -76.986428,
              39.826604
            ],
            [
              -76.986429,
              39.826604
            ]
          ],
          [
            [
              -76.986428,
              39.826605
            ],
            [
              -76.986427,
              39.826605
            ],
            [
              -76.986427,
              39.826604
            ],
            [
              -76.986429,
              39.826604
            ]
          ],
          [
            [
              -76.986429,
              39.826605
            ],
            [
              -76.986429,
              39.826604
            ]
          ],
          [
            [
              -76.986429,
              39.826605
            ],
            [
              -76.986428,
              39.826605
            ]
          ],
          [
            [
              -76.986429,
              39.826611
            ],
            [
              -76.986429,
              39.826612
            ]
          ],
          [
            [
              -76.986428,
              39.826612
            ],
            [
              -76.986428,
              39.826611
            ]
          ],
          [
            [
              -76.986429,
              39.826612
            ],
            [
              -76.986429,
              39.826611
            ]
          ],
          [
            [
              -76.986428,
              39.826612
            ],
            [
              -76.986427,
              39.826612
            ],
            [
              -76.986427,
              39.826611
            ],
            [
              -76.986428,
              39.826611
            ]
          ],
          [
            [
              -76.986428,
              39.826612
            ],
            [
              -76.986429,
              39.826612
            ]
          ],
          [
            [
              -76.986428,
              39.826611
            ],
            [
              -76.986429,
              39.826611
            ]
          ],
          [
            [
              -76.986429,
              39.826604
            ],
            [
              -76.986442,
              39.826604
            ]
          ],
          [
            [
              -76.986429,
              39.826605
            ],
            [
              -76.986442,
              39.826605
            ]
          ],
          [
            [
              -76.986443,
              39.826604
            ],
            [
              -76.986447,
              39.826604
            ]
          ],
          [
            [
              -76.986447,
              39.826604
            ],
            [
              -76.986448,
              39.826604
            ],
            [
              -76.986448,
              39.826605
            ],
            [
              -76.986447,
              39.826605
            ]
          ],
          [
            [
              -76.986447,
              39.826605
            ],
            [
              -76.986443,
              39.826605
            ]
          ],
          [
            [
              -76.986446,
              39.826605
            ],
            [
              -76.986448,
              39.826605
            ]
          ],
          [
            [
              -76.986446,
              39.826604
            ],
            [
              -76.986448,
              39.826604
            ]
          ],
          [
            [
              -76.986447,
              39.826605
            ],
            [
              -76.986447,
              39.826604
            ]
          ],
          [
            [
              -76.986442,
              39.826604
            ],
            [
              -76.986443,
              39.826604
            ]
          ],
          [
            [
              -76.986443,
              39.826605
            ],
            [
              -76.986442,
              39.826605
            ]
          ],
          [
            [
              -76.986444,
              39.826604
            ],
            [
              -76.986442,
              39.826604
            ]
          ],
          [
            [
              -76.986444,
              39.826605
            ],
            [
              -76.986442,
              39.826605
            ]
          ],
          [
            [
              -76.986443,
              39.826605
            ],
            [
              -76.986443,
              39.826604
            ]
          ],
          [
            [
              -76.986442,
              39.826605
            ],
            [
              -76.986442,
              39.826604
            ]
          ],
          [
            [
              -76.986429,
              39.826612
            ],
            [
              -76.986429,
              39.826613
            ]
          ],
          [
            [
              -76.986428,
              39.826613
            ],
            [
              -76.986428,
              39.826612
            ]
          ],
          [
            [
              -76.986429,
              39.826613
            ],
            [
              -76.986429,
              39.826614
            ],
            [
              -76.986428,
              39.826614
            ],
            [
              -76.986428,
              39.826613
            ]
          ],
          [
            [
              -76.986427,
              39.826614
            ],
            [
              -76.986427,
              39.826613
            ]
          ],
          [
            [
              -76.986429,
              39.826614
            ],
            [
              -76.986429,
              39.826613
            ]
          ],
          [
            [
              -76.986428,
              39.826613
            ],
            [
              -76.986427,
              39.826613
            ]
          ],
          [
            [
              -76.986428,
              39.826614
            ],
            [
              -76.986427,
              39.826614
            ]
          ],
          [
            [
              -76.986428,
              39.826613
            ],
            [
              -76.986429,
              39.826613
            ]
          ],
          [
            [
              -76.986095,
              39.826605
            ],
            [
              -76.986095,
              39.826606
            ],
            [
              -76.98608,
              39.826606
            ],
            [
              -76.98608,
              39.826605
            ],
            [
              -76.986095,
              39.826605
            ]
          ],
          [
            [
              -76.986095,
              39.826605
            ],
            [
              -76.986093,
              39.826605
            ]
          ],
          [
            [
              -76.986095,
              39.826606
            ],
            [
              -76.986093,
              39.826606
            ]
          ],
          [
            [
              -76.986094,
              39.826605
            ],
            [
              -76.986094,
              39.826606
            ]
          ],
          [
            [
              -76.98608,
              39.826605
            ],
            [
              -76.986082,
              39.826605
            ]
          ],
          [
            [
              -76.98608,
              39.826606
            ],
            [
              -76.986082,
              39.826606
            ]
          ],
          [
            [
              -76.986081,
              39.826605
            ],
            [
              -76.986081,
              39.826606
            ]
          ],
          [
            [
              -76.986848,
              39.826667
            ],
            [
              -76.986848,
              39.82667
            ],
            [
              -76.986842,
              39.82667
            ],
            [
              -76.986842,
              39.826667
            ],
            [
              -76.986848,
              39.826667
            ]
          ],
          [
            [
              -76.98638,
              39.826616
            ],
            [
              -76.98638,
              39.826615
            ]
          ],
          [
            [
              -76.98638,
              39.826614
            ],
            [
              -76.98638,
              39.826615
            ]
          ],
          [
            [
              -76.986384,
              39.826616
            ],
            [
              -76.986382,
              39.826616
            ]
          ],
          [
            [
              -76.986384,
              39.826616
            ],
            [
              -76.986384,
              39.826614
            ]
          ],
          [
            [
              -76.986378,
              39.826614
            ],
            [
              -76.98638,
              39.826614
            ]
          ],
          [
            [
              -76.98638,
              39.826614
            ],
            [
              -76.98638,
              39.826615
            ]
          ],
          [
            [
              -76.986378,
              39.826614
            ],
            [
              -76.986378,
              39.826613
            ]
          ],
          [
            [
              -76.986378,
              39.826616
            ],
            [
              -76.986378,
              39.826615
            ]
          ],
          [
            [
              -76.986379,
              39.826616
            ],
            [
              -76.986379,
              39.826615
            ]
          ],
          [
            [
              -76.98638,
              39.826614
            ],
            [
              -76.98638,
              39.826613
            ]
          ],
          [
            [
              -76.98638,
              39.826613
            ],
            [
              -76.986379,
              39.826613
            ]
          ],
          [
            [
              -76.986379,
              39.826613
            ],
            [
              -76.986379,
              39.826612
            ]
          ],
          [
            [
              -76.986379,
              39.826612
            ],
            [
              -76.986381,
              39.826612
            ]
          ],
          [
            [
              -76.986381,
              39.826612
            ],
            [
              -76.986381,
              39.826613
            ]
          ],
          [
            [
              -76.986381,
              39.826613
            ],
            [
              -76.98638,
              39.826613
            ]
          ],
          [
            [
              -76.98638,
              39.826613
            ],
            [
              -76.98638,
              39.826614
            ]
          ],
          [
            [
              -76.986379,
              39.826612
            ],
            [
              -76.98638,
              39.826612
            ]
          ],
          [
            [
              -76.98638,
              39.826612
            ],
            [
              -76.98638,
              39.826613
            ]
          ],
          [
            [
              -76.98638,
              39.826613
            ],
            [
              -76.98638,
              39.826612
            ]
          ],
          [
            [
              -76.986378,
              39.826615
            ],
            [
              -76.986378,
              39.826614
            ]
          ],
          [
            [
              -76.98638,
              39.826615
            ],
            [
              -76.98638,
              39.826616
            ]
          ],
          [
            [
              -76.98638,
              39.826615
            ],
            [
              -76.98638,
              39.826616
            ]
          ],
          [
            [
              -76.98638,
              39.826615
            ],
            [
              -76.98638,
              39.826614
            ]
          ],
          [
            [
              -76.986382,
              39.826615
            ],
            [
              -76.986382,
              39.826613
            ]
          ],
          [
            [
              -76.986382,
              39.826613
            ],
            [
              -76.98638,
              39.826613
            ]
          ],
          [
            [
              -76.98638,
              39.826613
            ],
            [
              -76.98638,
              39.826614
            ]
          ],
          [
            [
              -76.986382,
              39.826615
            ],
            [
              -76.986382,
              39.826616
            ]
          ],
          [
            [
              -76.986382,
              39.826616
            ],
            [
              -76.98638,
              39.826616
            ]
          ],
          [
            [
              -76.986382,
              39.826614
            ],
            [
              -76.986384,
              39.826614
            ]
          ],
          [
            [
              -76.98638,
              39.826616
            ],
            [
              -76.986378,
              39.826616
            ]
          ],
          [
            [
              -76.98638,
              39.826614
            ],
            [
              -76.98638,
              39.826615
            ]
          ],
          [
            [
              -76.986379,
              39.826615
            ],
            [
              -76.986379,
              39.826614
            ]
          ],
          [
            [
              -76.986382,
              39.826614
            ],
            [
              -76.986381,
              39.826614
            ]
          ],
          [
            [
              -76.986382,
              39.826614
            ],
            [
              -76.986381,
              39.826614
            ]
          ],
          [
            [
              -76.986382,
              39.826613
            ],
            [
              -76.986382,
              39.826615
            ]
          ],
          [
            [
              -76.986381,
              39.826614
            ],
            [
              -76.986381,
              39.826615
            ]
          ],
          [
            [
              -76.986382,
              39.826616
            ],
            [
              -76.986381,
              39.826616
            ]
          ],
          [
            [
              -76.986382,
              39.826616
            ],
            [
              -76.986381,
              39.826616
            ]
          ],
          [
            [
              -76.986382,
              39.826615
            ],
            [
              -76.986382,
              39.826616
            ]
          ],
          [
            [
              -76.986381,
              39.826615
            ],
            [
              -76.986381,
              39.826616
            ]
          ],
          [
            [
              -76.986378,
              39.826615
            ],
            [
              -76.986383,
              39.826615
            ]
          ],
          [
            [
              -76.986378,
              39.826615
            ],
            [
              -76.986383,
              39.826615
            ]
          ],
          [
            [
              -76.986382,
              39.826615
            ],
            [
              -76.986382,
              39.826616
            ]
          ],
          [
            [
              -76.986382,
              39.826614
            ],
            [
              -76.986382,
              39.826615
            ]
          ],
          [
            [
              -76.986378,
              39.826617
            ],
            [
              -76.986378,
              39.826616
            ]
          ],
          [
            [
              -76.986378,
              39.826613
            ],
            [
              -76.986378,
              39.826615
            ],
            [
              -76.986378,
              39.826617
            ]
          ],
          [
            [
              -76.986378,
              39.826613
            ],
            [
              -76.986378,
              39.826612
            ],
            [
              -76.986384,
              39.826612
            ],
            [
              -76.986384,
              39.826614
            ]
          ],
          [
            [
              -76.986384,
              39.826616
            ],
            [
              -76.986384,
              39.826618
            ],
            [
              -76.986378,
              39.826618
            ],
            [
              -76.986378,
              39.826617
            ]
          ],
          [
            [
              -76.986425,
              39.826613
            ],
            [
              -76.986425,
              39.826615
            ]
          ],
          [
            [
              -76.986425,
              39.826616
            ],
            [
              -76.986425,
              39.826615
            ]
          ],
          [
            [
              -76.986422,
              39.826614
            ],
            [
              -76.986423,
              39.826614
            ]
          ],
          [
            [
              -76.986421,
              39.826614
            ],
            [
              -76.986421,
              39.826616
            ]
          ],
          [
            [
              -76.986427,
              39.826616
            ],
            [
              -76.986425,
              39.826616
            ]
          ],
          [
            [
              -76.986425,
              39.826616
            ],
            [
              -76.986425,
              39.826615
            ]
          ],
          [
            [
              -76.986427,
              39.826616
            ],
            [
              -76.986427,
              39.826617
            ]
          ],
          [
            [
              -76.986427,
              39.826614
            ],
            [
              -76.986427,
              39.826615
            ]
          ],
          [
            [
              -76.986426,
              39.826614
            ],
            [
              -76.986426,
              39.826615
            ]
          ],
          [
            [
              -76.986425,
              39.826616
            ],
            [
              -76.986426,
              39.826616
            ]
          ],
          [
            [
              -76.986426,
              39.826616
            ],
            [
              -76.986426,
              39.826617
            ]
          ],
          [
            [
              -76.986426,
              39.826617
            ],
            [
              -76.986424,
              39.826617
            ]
          ],
          [
            [
              -76.986424,
              39.826616
            ],
            [
              -76.986425,
              39.826616
            ]
          ],
          [
            [
              -76.986426,
              39.826617
            ],
            [
              -76.986425,
              39.826617
            ]
          ],
          [
            [
              -76.986425,
              39.826617
            ],
            [
              -76.986425,
              39.826616
            ]
          ],
          [
            [
              -76.986425,
              39.826616
            ],
            [
              -76.986425,
              39.826617
            ]
          ],
          [
            [
              -76.986424,
              39.826617
            ],
            [
              -76.986424,
              39.826616
            ]
          ],
          [
            [
              -76.986427,
              39.826615
            ],
            [
              -76.986427,
              39.826616
            ]
          ],
          [
            [
              -76.986425,
              39.826615
            ],
            [
              -76.986425,
              39.826614
            ]
          ],
          [
            [
              -76.986425,
              39.826615
            ],
            [
              -76.986425,
              39.826614
            ]
          ],
          [
            [
              -76.986425,
              39.826615
            ],
            [
              -76.986425,
              39.826616
            ]
          ],
          [
            [
              -76.986423,
              39.826615
            ],
            [
              -76.986423,
              39.826616
            ]
          ],
          [
            [
              -76.986423,
              39.826616
            ],
            [
              -76.986425,
              39.826616
            ]
          ],
          [
            [
              -76.986423,
              39.826615
            ],
            [
              -76.986423,
              39.826613
            ]
          ],
          [
            [
              -76.986423,
              39.826613
            ],
            [
              -76.986425,
              39.826613
            ]
          ],
          [
            [
              -76.986423,
              39.826616
            ],
            [
              -76.986422,
              39.826616
            ]
          ],
          [
            [
              -76.986425,
              39.826614
            ],
            [
              -76.986427,
              39.826614
            ]
          ],
          [
            [
              -76.986425,
              39.826616
            ],
            [
              -76.986425,
              39.826615
            ]
          ],
          [
            [
              -76.986426,
              39.826615
            ],
            [
              -76.986426,
              39.826616
            ]
          ],
          [
            [
              -76.986423,
              39.826616
            ],
            [
              -76.986424,
              39.826616
            ]
          ],
          [
            [
              -76.986423,
              39.826616
            ],
            [
              -76.986424,
              39.826616
            ]
          ],
          [
            [
              -76.986423,
              39.826616
            ],
            [
              -76.986423,
              39.826615
            ]
          ],
          [
            [
              -76.986425,
              39.826616
            ],
            [
              -76.986425,
              39.826615
            ]
          ],
          [
            [
              -76.986423,
              39.826614
            ],
            [
              -76.986424,
              39.826614
            ]
          ],
          [
            [
              -76.986423,
              39.826614
            ],
            [
              -76.986424,
              39.826614
            ]
          ],
          [
            [
              -76.986425,
              39.826613
            ],
            [
              -76.986425,
              39.826614
            ]
          ],
          [
            [
              -76.986423,
              39.826613
            ],
            [
              -76.986423,
              39.826614
            ]
          ],
          [
            [
              -76.986423,
              39.826615
            ],
            [
              -76.986423,
              39.826613
            ]
          ],
          [
            [
              -76.986425,
              39.826615
            ],
            [
              -76.986425,
              39.826613
            ]
          ],
          [
            [
              -76.986427,
              39.826615
            ],
            [
              -76.986423,
              39.826615
            ]
          ],
          [
            [
              -76.986427,
              39.826615
            ],
            [
              -76.986423,
              39.826615
            ]
          ],
          [
            [
              -76.986423,
              39.826615
            ],
            [
              -76.986423,
              39.826614
            ]
          ],
          [
            [
              -76.986423,
              39.826616
            ],
            [
              -76.986423,
              39.826615
            ]
          ],
          [
            [
              -76.986427,
              39.826613
            ],
            [
              -76.986427,
              39.826614
            ]
          ],
          [
            [
              -76.986427,
              39.826617
            ],
            [
              -76.986427,
              39.826616
            ],
            [
              -76.986427,
              39.826615
            ],
            [
              -76.986428,
              39.826615
            ],
            [
              -76.986427,
              39.826615
            ],
            [
              -76.986427,
              39.826613
            ]
          ],
          [
            [
              -76.986427,
              39.826617
            ],
            [
              -76.986427,
              39.826618
            ],
            [
              -76.986422,
              39.826618
            ],
            [
              -76.986421,
              39.826618
            ],
            [
              -76.986421,
              39.826616
            ],
            [
              -76.986422,
              39.826616
            ]
          ],
          [
            [
              -76.986422,
              39.826614
            ],
            [
              -76.986421,
              39.826614
            ],
            [
              -76.986421,
              39.826612
            ],
            [
              -76.986422,
              39.826612
            ],
            [
              -76.986427,
              39.826612
            ],
            [
              -76.986427,
              39.826613
            ]
          ],
          [
            [
              -76.986329,
              39.826618
            ],
            [
              -76.986329,
              39.826616
            ]
          ],
          [
            [
              -76.986329,
              39.826615
            ],
            [
              -76.986329,
              39.826616
            ]
          ],
          [
            [
              -76.986333,
              39.826617
            ],
            [
              -76.986331,
              39.826617
            ]
          ],
          [
            [
              -76.986333,
              39.826617
            ],
            [
              -76.986333,
              39.826615
            ]
          ],
          [
            [
              -76.986327,
              39.826615
            ],
            [
              -76.986329,
              39.826615
            ]
          ],
          [
            [
              -76.986329,
              39.826615
            ],
            [
              -76.986329,
              39.826616
            ]
          ],
          [
            [
              -76.986327,
              39.826615
            ],
            [
              -76.986327,
              39.826614
            ]
          ],
          [
            [
              -76.986327,
              39.826617
            ],
            [
              -76.986327,
              39.826616
            ]
          ],
          [
            [
              -76.986328,
              39.826617
            ],
            [
              -76.986328,
              39.826616
            ]
          ],
          [
            [
              -76.986329,
              39.826615
            ],
            [
              -76.986328,
              39.826615
            ]
          ],
          [
            [
              -76.986328,
              39.826615
            ],
            [
              -76.986328,
              39.826614
            ]
          ],
          [
            [
              -76.986328,
              39.826614
            ],
            [
              -76.98633,
              39.826614
            ]
          ],
          [
            [
              -76.98633,
              39.826615
            ],
            [
              -76.986329,
              39.826615
            ]
          ],
          [
            [
              -76.986328,
              39.826614
            ],
            [
              -76.986329,
              39.826614
            ]
          ],
          [
            [
              -76.986329,
              39.826614
            ],
            [
              -76.986329,
              39.826615
            ]
          ],
          [
            [
              -76.986329,
              39.826615
            ],
            [
              -76.986329,
              39.826614
            ]
          ],
          [
            [
              -76.98633,
              39.826614
            ],
            [
              -76.98633,
              39.826615
            ]
          ],
          [
            [
              -76.986327,
              39.826616
            ],
            [
              -76.986327,
              39.826615
            ]
          ],
          [
            [
              -76.986329,
              39.826616
            ],
            [
              -76.986329,
              39.826617
            ]
          ],
          [
            [
              -76.986329,
              39.826616
            ],
            [
              -76.986329,
              39.826617
            ]
          ],
          [
            [
              -76.986329,
              39.826616
            ],
            [
              -76.986329,
              39.826615
            ]
          ],
          [
            [
              -76.986331,
              39.826616
            ],
            [
              -76.986331,
              39.826615
            ]
          ],
          [
            [
              -76.986331,
              39.826615
            ],
            [
              -76.986329,
              39.826615
            ]
          ],
          [
            [
              -76.986331,
              39.826616
            ],
            [
              -76.986331,
              39.826618
            ]
          ],
          [
            [
              -76.986331,
              39.826618
            ],
            [
              -76.986329,
              39.826618
            ]
          ],
          [
            [
              -76.986331,
              39.826615
            ],
            [
              -76.986333,
              39.826615
            ]
          ],
          [
            [
              -76.986329,
              39.826617
            ],
            [
              -76.986327,
              39.826617
            ]
          ],
          [
            [
              -76.986329,
              39.826615
            ],
            [
              -76.986329,
              39.826616
            ]
          ],
          [
            [
              -76.986328,
              39.826616
            ],
            [
              -76.986328,
              39.826615
            ]
          ],
          [
            [
              -76.986331,
              39.826615
            ],
            [
              -76.98633,
              39.826615
            ]
          ],
          [
            [
              -76.986331,
              39.826615
            ],
            [
              -76.98633,
              39.826615
            ]
          ],
          [
            [
              -76.986331,
              39.826615
            ],
            [
              -76.986331,
              39.826616
            ]
          ],
          [
            [
              -76.98633,
              39.826615
            ],
            [
              -76.98633,
              39.826616
            ]
          ],
          [
            [
              -76.986331,
              39.826617
            ],
            [
              -76.98633,
              39.826617
            ]
          ],
          [
            [
              -76.986331,
              39.826617
            ],
            [
              -76.98633,
              39.826617
            ]
          ],
          [
            [
              -76.98633,
              39.826618
            ],
            [
              -76.98633,
              39.826617
            ]
          ],
          [
            [
              -76.986331,
              39.826618
            ],
            [
              -76.986331,
              39.826617
            ]
          ],
          [
            [
              -76.986331,
              39.826616
            ],
            [
              -76.986331,
              39.826618
            ]
          ],
          [
            [
              -76.98633,
              39.826616
            ],
            [
              -76.98633,
              39.826618
            ]
          ],
          [
            [
              -76.986327,
              39.826616
            ],
            [
              -76.986332,
              39.826616
            ]
          ],
          [
            [
              -76.986327,
              39.826616
            ],
            [
              -76.986332,
              39.826616
            ]
          ],
          [
            [
              -76.986331,
              39.826616
            ],
            [
              -76.986331,
              39.826617
            ]
          ],
          [
            [
              -76.986331,
              39.826615
            ],
            [
              -76.986331,
              39.826616
            ]
          ],
          [
            [
              -76.986327,
              39.826618
            ],
            [
              -76.986327,
              39.826617
            ]
          ],
          [
            [
              -76.986327,
              39.826614
            ],
            [
              -76.986327,
              39.826615
            ],
            [
              -76.986327,
              39.826616
            ],
            [
              -76.986326,
              39.826616
            ],
            [
              -76.986327,
              39.826616
            ],
            [
              -76.986327,
              39.826618
            ]
          ],
          [
            [
              -76.986327,
              39.826615
            ],
            [
              -76.986329,
              39.826615
            ],
            [
              -76.986328,
              39.826615
            ],
            [
              -76.986328,
              39.826614
            ],
            [
              -76.98633,
              39.826614
            ],
            [
              -76.98633,
              39.826615
            ],
            [
              -76.986331,
              39.826615
            ],
            [
              -76.986333,
              39.826615
            ]
          ],
          [
            [
              -76.986333,
              39.826617
            ],
            [
              -76.986331,
              39.826617
            ],
            [
              -76.986331,
              39.826618
            ],
            [
              -76.986329,
              39.826618
            ],
            [
              -76.986329,
              39.826617
            ],
            [
              -76.986327,
              39.826617
            ]
          ],
          [
            [
              -76.986329,
              39.826628
            ],
            [
              -76.986329,
              39.826626
            ]
          ],
          [
            [
              -76.986329,
              39.826625
            ],
            [
              -76.986329,
              39.826626
            ]
          ],
          [
            [
              -76.986333,
              39.826627
            ],
            [
              -76.986331,
              39.826627
            ]
          ],
          [
            [
              -76.986333,
              39.826627
            ],
            [
              -76.986333,
              39.826625
            ]
          ],
          [
            [
              -76.986327,
              39.826625
            ],
            [
              -76.986329,
              39.826625
            ]
          ],
          [
            [
              -76.986329,
              39.826625
            ],
            [
              -76.986329,
              39.826626
            ]
          ],
          [
            [
              -76.986327,
              39.826625
            ],
            [
              -76.986327,
              39.826624
            ]
          ],
          [
            [
              -76.986327,
              39.826627
            ],
            [
              -76.986327,
              39.826626
            ]
          ],
          [
            [
              -76.986328,
              39.826627
            ],
            [
              -76.986328,
              39.826626
            ]
          ],
          [
            [
              -76.986329,
              39.826625
            ],
            [
              -76.986328,
              39.826625
            ]
          ],
          [
            [
              -76.986328,
              39.826625
            ],
            [
              -76.986328,
              39.826624
            ]
          ],
          [
            [
              -76.986328,
              39.826624
            ],
            [
              -76.98633,
              39.826624
            ]
          ],
          [
            [
              -76.98633,
              39.826625
            ],
            [
              -76.986329,
              39.826625
            ]
          ],
          [
            [
              -76.986328,
              39.826624
            ],
            [
              -76.986329,
              39.826624
            ]
          ],
          [
            [
              -76.986329,
              39.826624
            ],
            [
              -76.986329,
              39.826625
            ]
          ],
          [
            [
              -76.986329,
              39.826625
            ],
            [
              -76.986329,
              39.826624
            ]
          ],
          [
            [
              -76.98633,
              39.826624
            ],
            [
              -76.98633,
              39.826625
            ]
          ],
          [
            [
              -76.986327,
              39.826626
            ],
            [
              -76.986327,
              39.826625
            ]
          ],
          [
            [
              -76.986329,
              39.826626
            ],
            [
              -76.986329,
              39.826627
            ]
          ],
          [
            [
              -76.986329,
              39.826626
            ],
            [
              -76.986329,
              39.826627
            ]
          ],
          [
            [
              -76.986329,
              39.826626
            ],
            [
              -76.986329,
              39.826625
            ]
          ],
          [
            [
              -76.986331,
              39.826626
            ],
            [
              -76.986331,
              39.826625
            ]
          ],
          [
            [
              -76.986331,
              39.826625
            ],
            [
              -76.986329,
              39.826625
            ]
          ],
          [
            [
              -76.986331,
              39.826626
            ],
            [
              -76.986331,
              39.826628
            ]
          ],
          [
            [
              -76.986331,
              39.826628
            ],
            [
              -76.986329,
              39.826628
            ]
          ],
          [
            [
              -76.986331,
              39.826625
            ],
            [
              -76.986333,
              39.826625
            ]
          ],
          [
            [
              -76.986329,
              39.826627
            ],
            [
              -76.986327,
              39.826627
            ]
          ],
          [
            [
              -76.986329,
              39.826625
            ],
            [
              -76.986329,
              39.826626
            ]
          ],
          [
            [
              -76.986328,
              39.826626
            ],
            [
              -76.986328,
              39.826625
            ]
          ],
          [
            [
              -76.986331,
              39.826625
            ],
            [
              -76.98633,
              39.826625
            ]
          ],
          [
            [
              -76.986331,
              39.826625
            ],
            [
              -76.98633,
              39.826625
            ]
          ],
          [
            [
              -76.986331,
              39.826625
            ],
            [
              -76.986331,
              39.826626
            ]
          ],
          [
            [
              -76.98633,
              39.826625
            ],
            [
              -76.98633,
              39.826626
            ]
          ],
          [
            [
              -76.986331,
              39.826627
            ],
            [
              -76.98633,
              39.826627
            ]
          ],
          [
            [
              -76.986331,
              39.826627
            ],
            [
              -76.98633,
              39.826627
            ]
          ],
          [
            [
              -76.98633,
              39.826628
            ],
            [
              -76.98633,
              39.826627
            ]
          ],
          [
            [
              -76.986331,
              39.826628
            ],
            [
              -76.986331,
              39.826627
            ]
          ],
          [
            [
              -76.986331,
              39.826626
            ],
            [
              -76.986331,
              39.826628
            ]
          ],
          [
            [
              -76.98633,
              39.826626
            ],
            [
              -76.98633,
              39.826628
            ]
          ],
          [
            [
              -76.986327,
              39.826626
            ],
            [
              -76.986332,
              39.826626
            ]
          ],
          [
            [
              -76.986327,
              39.826626
            ],
            [
              -76.986332,
              39.826626
            ]
          ],
          [
            [
              -76.986331,
              39.826626
            ],
            [
              -76.986331,
              39.826627
            ]
          ],
          [
            [
              -76.986331,
              39.826625
            ],
            [
              -76.986331,
              39.826626
            ]
          ],
          [
            [
              -76.986327,
              39.826628
            ],
            [
              -76.986327,
              39.826627
            ]
          ],
          [
            [
              -76.986327,
              39.826624
            ],
            [
              -76.986327,
              39.826625
            ],
            [
              -76.986327,
              39.826626
            ],
            [
              -76.986326,
              39.826626
            ],
            [
              -76.986327,
              39.826626
            ],
            [
              -76.986327,
              39.826628
            ]
          ],
          [
            [
              -76.986327,
              39.826625
            ],
            [
              -76.986329,
              39.826625
            ],
            [
              -76.986328,
              39.826625
            ],
            [
              -76.986328,
              39.826624
            ],
            [
              -76.98633,
              39.826624
            ],
            [
              -76.98633,
              39.826625
            ],
            [
              -76.986331,
              39.826625
            ],
            [
              -76.986333,
              39.826625
            ]
          ],
          [
            [
              -76.986333,
              39.826627
            ],
            [
              -76.986331,
              39.826627
            ],
            [
              -76.986331,
              39.826628
            ],
            [
              -76.986329,
              39.826628
            ],
            [
              -76.986329,
              39.826627
            ],
            [
              -76.986327,
              39.826627
            ]
          ],
          [
            [
              -76.986373,
              39.826613
            ],
            [
              -76.986373,
              39.826615
            ]
          ],
          [
            [
              -76.986373,
              39.826616
            ],
            [
              -76.986373,
              39.826615
            ]
          ],
          [
            [
              -76.98637,
              39.826614
            ],
            [
              -76.986372,
              39.826614
            ]
          ],
          [
            [
              -76.98637,
              39.826614
            ],
            [
              -76.98637,
              39.826616
            ]
          ],
          [
            [
              -76.986376,
              39.826616
            ],
            [
              -76.986373,
              39.826616
            ]
          ],
          [
            [
              -76.986373,
              39.826616
            ],
            [
              -76.986373,
              39.826615
            ]
          ],
          [
            [
              -76.986376,
              39.826616
            ],
            [
              -76.986376,
              39.826617
            ]
          ],
          [
            [
              -76.986376,
              39.826614
            ],
            [
              -76.986376,
              39.826615
            ]
          ],
          [
            [
              -76.986374,
              39.826614
            ],
            [
              -76.986374,
              39.826615
            ]
          ],
          [
            [
              -76.986374,
              39.826616
            ],
            [
              -76.986374,
              39.826618
            ]
          ],
          [
            [
              -76.986374,
              39.826618
            ],
            [
              -76.986372,
              39.826618
            ]
          ],
          [
            [
              -76.986372,
              39.826618
            ],
            [
              -76.986372,
              39.826617
            ]
          ],
          [
            [
              -76.986372,
              39.826616
            ],
            [
              -76.986373,
              39.826616
            ]
          ],
          [
            [
              -76.986374,
              39.826617
            ],
            [
              -76.986374,
              39.826616
            ]
          ],
          [
            [
              -76.986374,
              39.826616
            ],
            [
              -76.986373,
              39.826616
            ]
          ],
          [
            [
              -76.986373,
              39.826616
            ],
            [
              -76.986373,
              39.826617
            ]
          ],
          [
            [
              -76.986373,
              39.826617
            ],
            [
              -76.986374,
              39.826617
            ]
          ],
          [
            [
              -76.986373,
              39.826617
            ],
            [
              -76.986372,
              39.826617
            ]
          ],
          [
            [
              -76.986373,
              39.826617
            ],
            [
              -76.986372,
              39.826617
            ]
          ],
          [
            [
              -76.986372,
              39.826617
            ],
            [
              -76.986372,
              39.826616
            ]
          ],
          [
            [
              -76.986376,
              39.826615
            ],
            [
              -76.986376,
              39.826616
            ]
          ],
          [
            [
              -76.986373,
              39.826615
            ],
            [
              -76.986373,
              39.826614
            ]
          ],
          [
            [
              -76.986374,
              39.826615
            ],
            [
              -76.986374,
              39.826614
            ]
          ],
          [
            [
              -76.986373,
              39.826615
            ],
            [
              -76.986373,
              39.826616
            ]
          ],
          [
            [
              -76.986372,
              39.826615
            ],
            [
              -76.986372,
              39.826616
            ]
          ],
          [
            [
              -76.986372,
              39.826616
            ],
            [
              -76.986373,
              39.826616
            ]
          ],
          [
            [
              -76.986372,
              39.826615
            ],
            [
              -76.986372,
              39.826613
            ]
          ],
          [
            [
              -76.986372,
              39.826613
            ],
            [
              -76.986373,
              39.826613
            ]
          ],
          [
            [
              -76.986372,
              39.826616
            ],
            [
              -76.98637,
              39.826616
            ]
          ],
          [
            [
              -76.986373,
              39.826614
            ],
            [
              -76.986376,
              39.826614
            ]
          ],
          [
            [
              -76.986374,
              39.826616
            ],
            [
              -76.986374,
              39.826615
            ]
          ],
          [
            [
              -76.986374,
              39.826615
            ],
            [
              -76.986374,
              39.826616
            ]
          ],
          [
            [
              -76.986372,
              39.826616
            ],
            [
              -76.986373,
              39.826616
            ]
          ],
          [
            [
              -76.986372,
              39.826616
            ],
            [
              -76.986373,
              39.826616
            ]
          ],
          [
            [
              -76.986372,
              39.826616
            ],
            [
              -76.986372,
              39.826615
            ]
          ],
          [
            [
              -76.986373,
              39.826616
            ],
            [
              -76.986373,
              39.826615
            ]
          ],
          [
            [
              -76.986372,
              39.826614
            ],
            [
              -76.986373,
              39.826614
            ]
          ],
          [
            [
              -76.986372,
              39.826614
            ],
            [
              -76.986373,
              39.826614
            ]
          ],
          [
            [
              -76.986372,
              39.826615
            ],
            [
              -76.986372,
              39.826614
            ]
          ],
          [
            [
              -76.986373,
              39.826615
            ],
            [
              -76.986373,
              39.826614
            ]
          ],
          [
            [
              -76.986376,
              39.826615
            ],
            [
              -76.986371,
              39.826615
            ]
          ],
          [
            [
              -76.986376,
              39.826615
            ],
            [
              -76.986371,
              39.826615
            ]
          ],
          [
            [
              -76.986372,
              39.826615
            ],
            [
              -76.986372,
              39.826614
            ]
          ],
          [
            [
              -76.986372,
              39.826616
            ],
            [
              -76.986372,
              39.826615
            ]
          ],
          [
            [
              -76.986376,
              39.826613
            ],
            [
              -76.986376,
              39.826614
            ]
          ],
          [
            [
              -76.986376,
              39.826617
            ],
            [
              -76.986376,
              39.826615
            ],
            [
              -76.986376,
              39.826613
            ]
          ],
          [
            [
              -76.986376,
              39.826617
            ],
            [
              -76.986376,
              39.826618
            ],
            [
              -76.98637,
              39.826618
            ],
            [
              -76.98637,
              39.826616
            ]
          ],
          [
            [
              -76.98637,
              39.826614
            ],
            [
              -76.98637,
              39.826612
            ],
            [
              -76.986376,
              39.826612
            ],
            [
              -76.986376,
              39.826613
            ]
          ],
          [
            [
              -76.986425,
              39.826623
            ],
            [
              -76.986425,
              39.826625
            ]
          ],
          [
            [
              -76.986425,
              39.826626
            ],
            [
              -76.986425,
              39.826625
            ]
          ],
          [
            [
              -76.986422,
              39.826624
            ],
            [
              -76.986423,
              39.826624
            ]
          ],
          [
            [
              -76.986421,
              39.826624
            ],
            [
              -76.986421,
              39.826626
            ]
          ],
          [
            [
              -76.986427,
              39.826626
            ],
            [
              -76.986425,
              39.826626
            ]
          ],
          [
            [
              -76.986425,
              39.826626
            ],
            [
              -76.986425,
              39.826625
            ]
          ],
          [
            [
              -76.986427,
              39.826626
            ],
            [
              -76.986427,
              39.826627
            ]
          ],
          [
            [
              -76.986427,
              39.826624
            ],
            [
              -76.986427,
              39.826625
            ]
          ],
          [
            [
              -76.986426,
              39.826624
            ],
            [
              -76.986426,
              39.826625
            ]
          ],
          [
            [
              -76.986425,
              39.826626
            ],
            [
              -76.986426,
              39.826626
            ]
          ],
          [
            [
              -76.986426,
              39.826626
            ],
            [
              -76.986426,
              39.826627
            ]
          ],
          [
            [
              -76.986426,
              39.826627
            ],
            [
              -76.986424,
              39.826627
            ]
          ],
          [
            [
              -76.986424,
              39.826626
            ],
            [
              -76.986425,
              39.826626
            ]
          ],
          [
            [
              -76.986426,
              39.826627
            ],
            [
              -76.986425,
              39.826627
            ]
          ],
          [
            [
              -76.986425,
              39.826627
            ],
            [
              -76.986425,
              39.826626
            ]
          ],
          [
            [
              -76.986425,
              39.826626
            ],
            [
              -76.986425,
              39.826627
            ]
          ],
          [
            [
              -76.986424,
              39.826627
            ],
            [
              -76.986424,
              39.826626
            ]
          ],
          [
            [
              -76.986427,
              39.826625
            ],
            [
              -76.986427,
              39.826626
            ]
          ],
          [
            [
              -76.986425,
              39.826625
            ],
            [
              -76.986425,
              39.826624
            ]
          ],
          [
            [
              -76.986425,
              39.826625
            ],
            [
              -76.986425,
              39.826624
            ]
          ],
          [
            [
              -76.986425,
              39.826625
            ],
            [
              -76.986425,
              39.826626
            ]
          ],
          [
            [
              -76.986423,
              39.826625
            ],
            [
              -76.986423,
              39.826626
            ]
          ],
          [
            [
              -76.986423,
              39.826626
            ],
            [
              -76.986425,
              39.826626
            ]
          ],
          [
            [
              -76.986423,
              39.826625
            ],
            [
              -76.986423,
              39.826623
            ]
          ],
          [
            [
              -76.986423,
              39.826623
            ],
            [
              -76.986425,
              39.826623
            ]
          ],
          [
            [
              -76.986423,
              39.826626
            ],
            [
              -76.986422,
              39.826626
            ]
          ],
          [
            [
              -76.986425,
              39.826624
            ],
            [
              -76.986427,
              39.826624
            ]
          ],
          [
            [
              -76.986425,
              39.826626
            ],
            [
              -76.986425,
              39.826625
            ]
          ],
          [
            [
              -76.986426,
              39.826625
            ],
            [
              -76.986426,
              39.826626
            ]
          ],
          [
            [
              -76.986423,
              39.826626
            ],
            [
              -76.986424,
              39.826626
            ]
          ],
          [
            [
              -76.986423,
              39.826626
            ],
            [
              -76.986424,
              39.826626
            ]
          ],
          [
            [
              -76.986423,
              39.826626
            ],
            [
              -76.986423,
              39.826625
            ]
          ],
          [
            [
              -76.986425,
              39.826626
            ],
            [
              -76.986425,
              39.826625
            ]
          ],
          [
            [
              -76.986423,
              39.826624
            ],
            [
              -76.986424,
              39.826624
            ]
          ],
          [
            [
              -76.986423,
              39.826624
            ],
            [
              -76.986424,
              39.826624
            ]
          ],
          [
            [
              -76.986423,
              39.826625
            ],
            [
              -76.986423,
              39.826624
            ]
          ],
          [
            [
              -76.986425,
              39.826625
            ],
            [
              -76.986425,
              39.826624
            ]
          ],
          [
            [
              -76.986427,
              39.826625
            ],
            [
              -76.986423,
              39.826625
            ]
          ],
          [
            [
              -76.986427,
              39.826625
            ],
            [
              -76.986423,
              39.826625
            ]
          ],
          [
            [
              -76.986423,
              39.826625
            ],
            [
              -76.986423,
              39.826624
            ]
          ],
          [
            [
              -76.986423,
              39.826626
            ],
            [
              -76.986423,
              39.826625
            ]
          ],
          [
            [
              -76.986427,
              39.826623
            ],
            [
              -76.986427,
              39.826624
            ]
          ],
          [
            [
              -76.986427,
              39.826627
            ],
            [
              -76.986427,
              39.826626
            ],
            [
              -76.986427,
              39.826625
            ],
            [
              -76.986428,
              39.826625
            ],
            [
              -76.986427,
              39.826625
            ],
            [
              -76.986427,
              39.826623
            ]
          ],
          [
            [
              -76.986427,
              39.826627
            ],
            [
              -76.986427,
              39.826628
            ],
            [
              -76.986422,
              39.826628
            ],
            [
              -76.986421,
              39.826628
            ],
            [
              -76.986421,
              39.826626
            ],
            [
              -76.986422,
              39.826626
            ]
          ],
          [
            [
              -76.986422,
              39.826624
            ],
            [
              -76.986421,
              39.826624
            ],
            [
              -76.986421,
              39.826622
            ],
            [
              -76.986422,
              39.826622
            ],
            [
              -76.986427,
              39.826622
            ],
            [
              -76.986427,
              39.826623
            ]
          ],
          [
            [
              -76.986301,
              39.826611
            ],
            [
              -76.986301,
              39.826609
            ],
            [
              -76.986304,
              39.826609
            ],
            [
              -76.986304,
              39.826611
            ]
          ],
          [
            [
              -76.986306,
              39.826611
            ],
            [
              -76.986299,
              39.826611
            ],
            [
              -76.986299,
              39.826618
            ],
            [
              -76.986306,
              39.826618
            ],
            [
              -76.986306,
              39.826611
            ]
          ],
          [
            [
              -76.986263,
              39.826611
            ],
            [
              -76.986263,
              39.826609
            ],
            [
              -76.986267,
              39.826609
            ],
            [
              -76.986267,
              39.826611
            ]
          ],
          [
            [
              -76.986268,
              39.826611
            ],
            [
              -76.986261,
              39.826611
            ],
            [
              -76.986261,
              39.826618
            ],
            [
              -76.986268,
              39.826618
            ],
            [
              -76.986268,
              39.826611
            ]
          ],
          [
            [
              -76.986297,
              39.826618
            ],
            [
              -76.986298,
              39.826618
            ]
          ],
          [
            [
              -76.986298,
              39.826618
            ],
            [
              -76.986297,
              39.826618
            ]
          ],
          [
            [
              -76.986297,
              39.826622
            ],
            [
              -76.986297,
              39.826621
            ]
          ],
          [
            [
              -76.986298,
              39.826622
            ],
            [
              -76.986298,
              39.826621
            ]
          ],
          [
            [
              -76.986297,
              39.826622
            ],
            [
              -76.986298,
              39.826622
            ]
          ],
          [
            [
              -76.986297,
              39.826622
            ],
            [
              -76.986298,
              39.826622
            ]
          ],
          [
            [
              -76.986297,
              39.826626
            ],
            [
              -76.986297,
              39.826625
            ]
          ],
          [
            [
              -76.986298,
              39.826626
            ],
            [
              -76.986298,
              39.826625
            ]
          ],
          [
            [
              -76.986297,
              39.826625
            ],
            [
              -76.986298,
              39.826625
            ]
          ],
          [
            [
              -76.986297,
              39.826625
            ],
            [
              -76.986298,
              39.826625
            ]
          ],
          [
            [
              -76.986298,
              39.826618
            ],
            [
              -76.986297,
              39.826618
            ]
          ],
          [
            [
              -76.986304,
              39.826618
            ],
            [
              -76.986306,
              39.826618
            ]
          ],
          [
            [
              -76.986304,
              39.826618
            ],
            [
              -76.986306,
              39.826618
            ]
          ],
          [
            [
              -76.986297,
              39.826625
            ],
            [
              -76.986298,
              39.826625
            ]
          ],
          [
            [
              -76.986297,
              39.826625
            ],
            [
              -76.986297,
              39.826622
            ]
          ],
          [
            [
              -76.986298,
              39.826622
            ],
            [
              -76.986298,
              39.826625
            ]
          ],
          [
            [
              -76.986297,
              39.826622
            ],
            [
              -76.986297,
              39.826618
            ]
          ],
          [
            [
              -76.986298,
              39.826618
            ],
            [
              -76.986298,
              39.826622
            ]
          ],
          [
            [
              -76.986298,
              39.826618
            ],
            [
              -76.986305,
              39.826618
            ]
          ],
          [
            [
              -76.986305,
              39.826618
            ],
            [
              -76.986298,
              39.826618
            ]
          ],
          [
            [
              -76.986305,
              39.826618
            ],
            [
              -76.986306,
              39.826618
            ],
            [
              -76.986305,
              39.826618
            ]
          ],
          [
            [
              -76.986297,
              39.826632
            ],
            [
              -76.986298,
              39.826632
            ]
          ],
          [
            [
              -76.986298,
              39.826629
            ],
            [
              -76.986298,
              39.826632
            ]
          ],
          [
            [
              -76.986298,
              39.826632
            ],
            [
              -76.986297,
              39.826632
            ]
          ],
          [
            [
              -76.986297,
              39.826632
            ],
            [
              -76.986297,
              39.826629
            ]
          ],
          [
            [
              -76.986297,
              39.826632
            ],
            [
              -76.986297,
              39.826631
            ]
          ],
          [
            [
              -76.986298,
              39.826632
            ],
            [
              -76.986298,
              39.826631
            ]
          ],
          [
            [
              -76.986298,
              39.826625
            ],
            [
              -76.986298,
              39.826628
            ]
          ],
          [
            [
              -76.986298,
              39.826628
            ],
            [
              -76.986298,
              39.826629
            ]
          ],
          [
            [
              -76.986297,
              39.826629
            ],
            [
              -76.986297,
              39.826628
            ]
          ],
          [
            [
              -76.986297,
              39.826628
            ],
            [
              -76.986297,
              39.826625
            ]
          ],
          [
            [
              -76.986297,
              39.826629
            ],
            [
              -76.986297,
              39.826628
            ]
          ],
          [
            [
              -76.986298,
              39.826629
            ],
            [
              -76.986298,
              39.826628
            ]
          ],
          [
            [
              -76.986297,
              39.826629
            ],
            [
              -76.986298,
              39.826629
            ]
          ],
          [
            [
              -76.986297,
              39.826628
            ],
            [
              -76.986298,
              39.826628
            ]
          ],
          [
            [
              -76.986259,
              39.826618
            ],
            [
              -76.986261,
              39.826618
            ]
          ],
          [
            [
              -76.986261,
              39.826618
            ],
            [
              -76.986259,
              39.826618
            ]
          ],
          [
            [
              -76.986259,
              39.826622
            ],
            [
              -76.986259,
              39.826621
            ]
          ],
          [
            [
              -76.986261,
              39.826622
            ],
            [
              -76.986261,
              39.826621
            ]
          ],
          [
            [
              -76.986259,
              39.826622
            ],
            [
              -76.986261,
              39.826622
            ]
          ],
          [
            [
              -76.986259,
              39.826622
            ],
            [
              -76.986261,
              39.826622
            ]
          ],
          [
            [
              -76.986259,
              39.826626
            ],
            [
              -76.986259,
              39.826625
            ]
          ],
          [
            [
              -76.986261,
              39.826626
            ],
            [
              -76.986261,
              39.826625
            ]
          ],
          [
            [
              -76.986259,
              39.826625
            ],
            [
              -76.986261,
              39.826625
            ]
          ],
          [
            [
              -76.986259,
              39.826625
            ],
            [
              -76.986261,
              39.826625
            ]
          ],
          [
            [
              -76.986261,
              39.826618
            ],
            [
              -76.986259,
              39.826618
            ]
          ],
          [
            [
              -76.986266,
              39.826618
            ],
            [
              -76.986268,
              39.826618
            ]
          ],
          [
            [
              -76.986266,
              39.826618
            ],
            [
              -76.986268,
              39.826618
            ]
          ],
          [
            [
              -76.986259,
              39.826625
            ],
            [
              -76.986261,
              39.826625
            ]
          ],
          [
            [
              -76.986259,
              39.826625
            ],
            [
              -76.986259,
              39.826622
            ]
          ],
          [
            [
              -76.986261,
              39.826622
            ],
            [
              -76.986261,
              39.826625
            ]
          ],
          [
            [
              -76.986259,
              39.826622
            ],
            [
              -76.986259,
              39.826618
            ]
          ],
          [
            [
              -76.986261,
              39.826618
            ],
            [
              -76.986261,
              39.826622
            ]
          ],
          [
            [
              -76.986261,
              39.826618
            ],
            [
              -76.986267,
              39.826618
            ]
          ],
          [
            [
              -76.986267,
              39.826618
            ],
            [
              -76.986261,
              39.826618
            ]
          ],
          [
            [
              -76.986267,
              39.826618
            ],
            [
              -76.986268,
              39.826618
            ],
            [
              -76.986267,
              39.826618
            ]
          ],
          [
            [
              -76.986259,
              39.826632
            ],
            [
              -76.986261,
              39.826632
            ]
          ],
          [
            [
              -76.986261,
              39.826629
            ],
            [
              -76.986261,
              39.826632
            ]
          ],
          [
            [
              -76.986261,
              39.826632
            ],
            [
              -76.986259,
              39.826632
            ]
          ],
          [
            [
              -76.986259,
              39.826632
            ],
            [
              -76.986259,
              39.826629
            ]
          ],
          [
            [
              -76.986259,
              39.826632
            ],
            [
              -76.986259,
              39.826631
            ]
          ],
          [
            [
              -76.986261,
              39.826632
            ],
            [
              -76.986261,
              39.826631
            ]
          ],
          [
            [
              -76.986261,
              39.826625
            ],
            [
              -76.986261,
              39.826628
            ]
          ],
          [
            [
              -76.986261,
              39.826628
            ],
            [
              -76.986261,
              39.826629
            ]
          ],
          [
            [
              -76.986259,
              39.826629
            ],
            [
              -76.986259,
              39.826628
            ]
          ],
          [
            [
              -76.986259,
              39.826628
            ],
            [
              -76.986259,
              39.826625
            ]
          ],
          [
            [
              -76.986259,
              39.826629
            ],
            [
              -76.986259,
              39.826628
            ]
          ],
          [
            [
              -76.986261,
              39.826629
            ],
            [
              -76.986261,
              39.826628
            ]
          ],
          [
            [
              -76.986259,
              39.826629
            ],
            [
              -76.986261,
              39.826629
            ]
          ],
          [
            [
              -76.986259,
              39.826628
            ],
            [
              -76.986261,
              39.826628
            ]
          ],
          [
            [
              -76.986378,
              39.826619
            ],
            [
              -76.986378,
              39.826618
            ]
          ],
          [
            [
              -76.986376,
              39.826619
            ],
            [
              -76.986376,
              39.826618
            ]
          ],
          [
            [
              -76.986378,
              39.826618
            ],
            [
              -76.986376,
              39.826618
            ]
          ],
          [
            [
              -76.986378,
              39.826618
            ],
            [
              -76.986376,
              39.826618
            ]
          ],
          [
            [
              -76.986378,
              39.826611
            ],
            [
              -76.986376,
              39.826611
            ],
            [
              -76.986376,
              39.826622
            ],
            [
              -76.986378,
              39.826622
            ],
            [
              -76.986378,
              39.826611
            ]
          ],
          [
            [
              -76.986378,
              39.826622
            ],
            [
              -76.986378,
              39.826621
            ]
          ],
          [
            [
              -76.986376,
              39.826622
            ],
            [
              -76.986376,
              39.826621
            ]
          ],
          [
            [
              -76.986378,
              39.826621
            ],
            [
              -76.986376,
              39.826621
            ]
          ],
          [
            [
              -76.986378,
              39.826611
            ],
            [
              -76.986378,
              39.826612
            ]
          ],
          [
            [
              -76.986376,
              39.826611
            ],
            [
              -76.986376,
              39.826612
            ]
          ],
          [
            [
              -76.986378,
              39.826612
            ],
            [
              -76.986376,
              39.826612
            ]
          ],
          [
            [
              -76.986326,
              39.826628
            ],
            [
              -76.986325,
              39.826628
            ]
          ],
          [
            [
              -76.986326,
              39.826622
            ],
            [
              -76.986326,
              39.826621
            ]
          ],
          [
            [
              -76.986324,
              39.826622
            ],
            [
              -76.986324,
              39.826621
            ]
          ],
          [
            [
              -76.986324,
              39.826621
            ],
            [
              -76.986325,
              39.826621
            ]
          ],
          [
            [
              -76.986324,
              39.826622
            ],
            [
              -76.986325,
              39.826622
            ]
          ],
          [
            [
              -76.986326,
              39.826622
            ],
            [
              -76.986325,
              39.826622
            ]
          ],
          [
            [
              -76.986326,
              39.826621
            ],
            [
              -76.986325,
              39.826621
            ]
          ],
          [
            [
              -76.986326,
              39.826619
            ],
            [
              -76.986326,
              39.826618
            ]
          ],
          [
            [
              -76.986324,
              39.826619
            ],
            [
              -76.986324,
              39.826618
            ]
          ],
          [
            [
              -76.986324,
              39.826618
            ],
            [
              -76.986325,
              39.826618
            ]
          ],
          [
            [
              -76.986324,
              39.826619
            ],
            [
              -76.986325,
              39.826619
            ]
          ],
          [
            [
              -76.986326,
              39.826618
            ],
            [
              -76.986325,
              39.826618
            ]
          ],
          [
            [
              -76.986326,
              39.826618
            ],
            [
              -76.986325,
              39.826618
            ]
          ],
          [
            [
              -76.986326,
              39.826611
            ],
            [
              -76.986325,
              39.826611
            ],
            [
              -76.986325,
              39.826632
            ],
            [
              -76.986326,
              39.826632
            ],
            [
              -76.986326,
              39.826611
            ]
          ],
          [
            [
              -76.986326,
              39.826632
            ],
            [
              -76.986326,
              39.826631
            ]
          ],
          [
            [
              -76.986324,
              39.826632
            ],
            [
              -76.986324,
              39.826631
            ]
          ],
          [
            [
              -76.986324,
              39.826631
            ],
            [
              -76.986325,
              39.826631
            ]
          ],
          [
            [
              -76.986324,
              39.826632
            ],
            [
              -76.986325,
              39.826632
            ]
          ],
          [
            [
              -76.986326,
              39.826631
            ],
            [
              -76.986325,
              39.826631
            ]
          ],
          [
            [
              -76.986326,
              39.826629
            ],
            [
              -76.986326,
              39.826628
            ]
          ],
          [
            [
              -76.986324,
              39.826629
            ],
            [
              -76.986324,
              39.826628
            ]
          ],
          [
            [
              -76.986324,
              39.826628
            ],
            [
              -76.986325,
              39.826628
            ]
          ],
          [
            [
              -76.986324,
              39.826629
            ],
            [
              -76.986325,
              39.826629
            ]
          ],
          [
            [
              -76.986326,
              39.826628
            ],
            [
              -76.986325,
              39.826628
            ]
          ],
          [
            [
              -76.986326,
              39.826628
            ],
            [
              -76.986325,
              39.826628
            ]
          ],
          [
            [
              -76.986326,
              39.826611
            ],
            [
              -76.986326,
              39.826612
            ]
          ],
          [
            [
              -76.986324,
              39.826611
            ],
            [
              -76.986324,
              39.826612
            ]
          ],
          [
            [
              -76.986324,
              39.826612
            ],
            [
              -76.986325,
              39.826612
            ]
          ],
          [
            [
              -76.986324,
              39.826611
            ],
            [
              -76.986325,
              39.826611
            ]
          ],
          [
            [
              -76.986326,
              39.826612
            ],
            [
              -76.986325,
              39.826612
            ]
          ],
          [
            [
              -76.986429,
              39.826628
            ],
            [
              -76.986428,
              39.826628
            ]
          ],
          [
            [
              -76.986429,
              39.826622
            ],
            [
              -76.986429,
              39.826621
            ]
          ],
          [
            [
              -76.986427,
              39.826622
            ],
            [
              -76.986427,
              39.826621
            ]
          ],
          [
            [
              -76.986427,
              39.826621
            ],
            [
              -76.986428,
              39.826621
            ]
          ],
          [
            [
              -76.986427,
              39.826622
            ],
            [
              -76.986428,
              39.826622
            ]
          ],
          [
            [
              -76.986429,
              39.826622
            ],
            [
              -76.986428,
              39.826622
            ]
          ],
          [
            [
              -76.986429,
              39.826621
            ],
            [
              -76.986428,
              39.826621
            ]
          ],
          [
            [
              -76.986429,
              39.826619
            ],
            [
              -76.986429,
              39.826618
            ]
          ],
          [
            [
              -76.986427,
              39.826619
            ],
            [
              -76.986427,
              39.826618
            ]
          ],
          [
            [
              -76.986427,
              39.826618
            ],
            [
              -76.986428,
              39.826618
            ]
          ],
          [
            [
              -76.986427,
              39.826619
            ],
            [
              -76.986428,
              39.826619
            ]
          ],
          [
            [
              -76.986429,
              39.826618
            ],
            [
              -76.986428,
              39.826618
            ]
          ],
          [
            [
              -76.986429,
              39.826618
            ],
            [
              -76.986428,
              39.826618
            ]
          ],
          [
            [
              -76.986429,
              39.826611
            ],
            [
              -76.986428,
              39.826611
            ],
            [
              -76.986428,
              39.826632
            ],
            [
              -76.986429,
              39.826632
            ],
            [
              -76.986429,
              39.826611
            ]
          ],
          [
            [
              -76.986429,
              39.826632
            ],
            [
              -76.986429,
              39.826631
            ]
          ],
          [
            [
              -76.986427,
              39.826632
            ],
            [
              -76.986427,
              39.826631
            ]
          ],
          [
            [
              -76.986427,
              39.826631
            ],
            [
              -76.986428,
              39.826631
            ]
          ],
          [
            [
              -76.986427,
              39.826632
            ],
            [
              -76.986428,
              39.826632
            ]
          ],
          [
            [
              -76.986429,
              39.826631
            ],
            [
              -76.986428,
              39.826631
            ]
          ],
          [
            [
              -76.986429,
              39.826629
            ],
            [
              -76.986429,
              39.826628
            ]
          ],
          [
            [
              -76.986427,
              39.826629
            ],
            [
              -76.986427,
              39.826628
            ]
          ],
          [
            [
              -76.986427,
              39.826628
            ],
            [
              -76.986428,
              39.826628
            ]
          ],
          [
            [
              -76.986427,
              39.826629
            ],
            [
              -76.986428,
              39.826629
            ]
          ],
          [
            [
              -76.986429,
              39.826628
            ],
            [
              -76.986428,
              39.826628
            ]
          ],
          [
            [
              -76.986429,
              39.826628
            ],
            [
              -76.986428,
              39.826628
            ]
          ],
          [
            [
              -76.986429,
              39.826611
            ],
            [
              -76.986429,
              39.826612
            ]
          ],
          [
            [
              -76.986427,
              39.826611
            ],
            [
              -76.986427,
              39.826612
            ]
          ],
          [
            [
              -76.986427,
              39.826612
            ],
            [
              -76.986428,
              39.826612
            ]
          ],
          [
            [
              -76.986427,
              39.826611
            ],
            [
              -76.986428,
              39.826611
            ]
          ],
          [
            [
              -76.986429,
              39.826612
            ],
            [
              -76.986428,
              39.826612
            ]
          ],
          [
            [
              -76.986183,
              39.82661
            ],
            [
              -76.986173,
              39.82661
            ],
            [
              -76.986173,
              39.826606
            ],
            [
              -76.986183,
              39.826606
            ],
            [
              -76.986183,
              39.82661
            ]
          ],
          [
            [
              -76.986083,
              39.826613
            ],
            [
              -76.986083,
              39.82662
            ],
            [
              -76.986091,
              39.82662
            ],
            [
              -76.986091,
              39.826613
            ],
            [
              -76.986083,
              39.826613
            ]
          ],
          [
            [
              -76.986083,
              39.826606
            ],
            [
              -76.986083,
              39.826613
            ],
            [
              -76.986091,
              39.826613
            ],
            [
              -76.986091,
              39.826606
            ],
            [
              -76.986083,
              39.826606
            ]
          ],
          [
            [
              -76.986083,
              39.826625
            ],
            [
              -76.986083,
              39.826632
            ],
            [
              -76.986091,
              39.826632
            ],
            [
              -76.986091,
              39.826625
            ],
            [
              -76.986083,
              39.826625
            ]
          ],
          [
            [
              -76.986304,
              39.826632
            ],
            [
              -76.986304,
              39.826634
            ]
          ],
          [
            [
              -76.98629,
              39.826632
            ],
            [
              -76.98629,
              39.826634
            ]
          ],
          [
            [
              -76.98629,
              39.826632
            ],
            [
              -76.986304,
              39.826632
            ],
            [
              -76.98629,
              39.826632
            ]
          ],
          [
            [
              -76.98637,
              39.826622
            ],
            [
              -76.98637,
              39.826624
            ]
          ],
          [
            [
              -76.986384,
              39.826622
            ],
            [
              -76.986384,
              39.826624
            ]
          ],
          [
            [
              -76.986384,
              39.826622
            ],
            [
              -76.98637,
              39.826622
            ],
            [
              -76.986384,
              39.826622
            ]
          ],
          [
            [
              -76.986267,
              39.826632
            ],
            [
              -76.986267,
              39.826634
            ]
          ],
          [
            [
              -76.986253,
              39.826632
            ],
            [
              -76.986253,
              39.826634
            ]
          ],
          [
            [
              -76.986253,
              39.826632
            ],
            [
              -76.986267,
              39.826632
            ],
            [
              -76.986253,
              39.826632
            ]
          ],
          [
            [
              -76.986327,
              39.826632
            ],
            [
              -76.986327,
              39.826634
            ]
          ],
          [
            [
              -76.986335,
              39.826632
            ],
            [
              -76.986335,
              39.826634
            ]
          ],
          [
            [
              -76.986335,
              39.826632
            ],
            [
              -76.986327,
              39.826632
            ],
            [
              -76.986335,
              39.826632
            ]
          ],
          [
            [
              -76.986421,
              39.826632
            ],
            [
              -76.986421,
              39.826634
            ]
          ],
          [
            [
              -76.986429,
              39.826632
            ],
            [
              -76.986429,
              39.826634
            ]
          ],
          [
            [
              -76.986429,
              39.826632
            ],
            [
              -76.986421,
              39.826632
            ],
            [
              -76.986429,
              39.826632
            ]
          ],
          [
            [
              -76.986429,
              39.826635
            ],
            [
              -76.986421,
              39.826635
            ]
          ],
          [
            [
              -76.986421,
              39.826635
            ],
            [
              -76.986421,
              39.826632
            ]
          ],
          [
            [
              -76.986421,
              39.826632
            ],
            [
              -76.986429,
              39.826632
            ]
          ],
          [
            [
              -76.986429,
              39.826632
            ],
            [
              -76.986429,
              39.826635
            ]
          ],
          [
            [
              -76.986335,
              39.826635
            ],
            [
              -76.986328,
              39.826635
            ]
          ],
          [
            [
              -76.986328,
              39.826635
            ],
            [
              -76.986328,
              39.826632
            ]
          ],
          [
            [
              -76.986328,
              39.826632
            ],
            [
              -76.986335,
              39.826632
            ]
          ],
          [
            [
              -76.986335,
              39.826632
            ],
            [
              -76.986335,
              39.826635
            ]
          ],
          [
            [
              -76.986384,
              39.826622
            ],
            [
              -76.98637,
              39.826622
            ]
          ],
          [
            [
              -76.98637,
              39.826622
            ],
            [
              -76.98637,
              39.826625
            ]
          ],
          [
            [
              -76.98637,
              39.826625
            ],
            [
              -76.986384,
              39.826625
            ]
          ],
          [
            [
              -76.986384,
              39.826625
            ],
            [
              -76.986384,
              39.826622
            ]
          ],
          [
            [
              -76.986172,
              39.826614
            ],
            [
              -76.986177,
              39.826614
            ],
            [
              -76.986177,
              39.826612
            ],
            [
              -76.986172,
              39.826612
            ],
            [
              -76.986172,
              39.826614
            ]
          ],
          [
            [
              -76.986429,
              39.826632
            ],
            [
              -76.986436,
              39.826632
            ],
            [
              -76.986436,
              39.826635
            ],
            [
              -76.986429,
              39.826635
            ],
            [
              -76.986429,
              39.826632
            ]
          ],
          [
            [
              -76.986146,
              39.826606
            ],
            [
              -76.986158,
              39.826606
            ],
            [
              -76.986158,
              39.826609
            ],
            [
              -76.986146,
              39.826609
            ],
            [
              -76.986146,
              39.826606
            ]
          ],
          [
            [
              -76.986123,
              39.826606
            ],
            [
              -76.986135,
              39.826606
            ],
            [
              -76.986135,
              39.826609
            ],
            [
              -76.986123,
              39.826609
            ],
            [
              -76.986123,
              39.826606
            ]
          ],
          [
            [
              -76.986135,
              39.826606
            ],
            [
              -76.986146,
              39.826606
            ],
            [
              -76.986146,
              39.826609
            ],
            [
              -76.986135,
              39.826609
            ],
            [
              -76.986135,
              39.826606
            ]
          ],
          [
            [
              -76.986304,
              39.826615
            ],
            [
              -76.986304,
              39.826617
            ],
            [
              -76.986299,
              39.826617
            ],
            [
              -76.986299,
              39.826615
            ],
            [
              -76.986304,
              39.826615
            ]
          ],
          [
            [
              -76.986266,
              39.826615
            ],
            [
              -76.986266,
              39.826617
            ],
            [
              -76.986262,
              39.826617
            ],
            [
              -76.986262,
              39.826615
            ],
            [
              -76.986266,
              39.826615
            ]
          ],
          [
            [
              -76.986308,
              39.826594
            ],
            [
              -76.986294,
              39.826594
            ],
            [
              -76.986294,
              39.826598
            ],
            [
              -76.986308,
              39.826598
            ],
            [
              -76.986308,
              39.826594
            ]
          ],
          [
            [
              -76.986091,
              39.826611
            ],
            [
              -76.986091,
              39.82661
            ]
          ],
          [
            [
              -76.98609,
              39.826612
            ],
            [
              -76.98609,
              39.826611
            ]
          ],
          [
            [
              -76.98609,
              39.826611
            ],
            [
              -76.98609,
              39.82661
            ]
          ],
          [
            [
              -76.98609,
              39.826611
            ],
            [
              -76.98609,
              39.82661
            ]
          ],
          [
            [
              -76.986091,
              39.826611
            ],
            [
              -76.986091,
              39.82661
            ]
          ],
          [
            [
              -76.98609,
              39.82661
            ],
            [
              -76.98609,
              39.826611
            ]
          ],
          [
            [
              -76.986091,
              39.826611
            ],
            [
              -76.986091,
              39.826612
            ]
          ],
          [
            [
              -76.98609,
              39.826612
            ],
            [
              -76.98609,
              39.82661
            ],
            [
              -76.986091,
              39.82661
            ],
            [
              -76.986091,
              39.826609
            ],
            [
              -76.986085,
              39.826609
            ],
            [
              -76.986085,
              39.826612
            ],
            [
              -76.986091,
              39.826612
            ],
            [
              -76.98609,
              39.826612
            ]
          ],
          [
            [
              -76.986091,
              39.826612
            ],
            [
              -76.986091,
              39.826609
            ]
          ],
          [
            [
              -76.98609,
              39.826616
            ],
            [
              -76.98609,
              39.826615
            ]
          ],
          [
            [
              -76.98609,
              39.826616
            ],
            [
              -76.98609,
              39.826615
            ]
          ],
          [
            [
              -76.98609,
              39.826616
            ],
            [
              -76.98609,
              39.826615
            ]
          ],
          [
            [
              -76.986091,
              39.826615
            ],
            [
              -76.986091,
              39.826616
            ]
          ],
          [
            [
              -76.98609,
              39.826616
            ],
            [
              -76.98609,
              39.826614
            ],
            [
              -76.986091,
              39.826614
            ],
            [
              -76.986085,
              39.826614
            ],
            [
              -76.986085,
              39.826616
            ],
            [
              -76.986091,
              39.826616
            ],
            [
              -76.98609,
              39.826616
            ]
          ],
          [
            [
              -76.986091,
              39.826616
            ],
            [
              -76.986091,
              39.826614
            ]
          ],
          [
            [
              -76.98609,
              39.826631
            ],
            [
              -76.98609,
              39.82663
            ]
          ],
          [
            [
              -76.98609,
              39.826631
            ],
            [
              -76.98609,
              39.82663
            ]
          ],
          [
            [
              -76.98609,
              39.826631
            ],
            [
              -76.98609,
              39.82663
            ]
          ],
          [
            [
              -76.986091,
              39.82663
            ],
            [
              -76.986091,
              39.826631
            ]
          ],
          [
            [
              -76.98609,
              39.826631
            ],
            [
              -76.98609,
              39.826629
            ],
            [
              -76.986091,
              39.826629
            ],
            [
              -76.986085,
              39.826629
            ],
            [
              -76.986085,
              39.826631
            ],
            [
              -76.986091,
              39.826631
            ],
            [
              -76.98609,
              39.826631
            ]
          ],
          [
            [
              -76.986091,
              39.826631
            ],
            [
              -76.986091,
              39.826629
            ]
          ],
          [
            [
              -76.986425,
              39.826626
            ],
            [
              -76.986425,
              39.826625
            ]
          ],
          [
            [
              -76.986424,
              39.826626
            ],
            [
              -76.986426,
              39.826626
            ]
          ],
          [
            [
              -76.986426,
              39.826626
            ],
            [
              -76.986426,
              39.826627
            ]
          ],
          [
            [
              -76.986426,
              39.826627
            ],
            [
              -76.986424,
              39.826627
            ]
          ],
          [
            [
              -76.986424,
              39.826627
            ],
            [
              -76.986424,
              39.826626
            ]
          ],
          [
            [
              -76.986423,
              39.826626
            ],
            [
              -76.986425,
              39.826626
            ]
          ],
          [
            [
              -76.986423,
              39.826623
            ],
            [
              -76.986425,
              39.826623
            ]
          ],
          [
            [
              -76.986423,
              39.826626
            ],
            [
              -76.986423,
              39.826625
            ]
          ],
          [
            [
              -76.986423,
              39.826624
            ],
            [
              -76.986423,
              39.826623
            ]
          ],
          [
            [
              -76.986425,
              39.826624
            ],
            [
              -76.986425,
              39.826623
            ]
          ],
          [
            [
              -76.986373,
              39.826616
            ],
            [
              -76.986373,
              39.826615
            ]
          ],
          [
            [
              -76.986372,
              39.826616
            ],
            [
              -76.986374,
              39.826616
            ]
          ],
          [
            [
              -76.986374,
              39.826616
            ],
            [
              -76.986374,
              39.826618
            ]
          ],
          [
            [
              -76.986374,
              39.826618
            ],
            [
              -76.986372,
              39.826618
            ]
          ],
          [
            [
              -76.986372,
              39.826618
            ],
            [
              -76.986372,
              39.826617
            ]
          ],
          [
            [
              -76.986373,
              39.826617
            ],
            [
              -76.986372,
              39.826617
            ]
          ],
          [
            [
              -76.986373,
              39.826617
            ],
            [
              -76.986372,
              39.826617
            ]
          ],
          [
            [
              -76.986372,
              39.826617
            ],
            [
              -76.986372,
              39.826616
            ]
          ],
          [
            [
              -76.986372,
              39.826616
            ],
            [
              -76.986373,
              39.826616
            ]
          ],
          [
            [
              -76.986372,
              39.826613
            ],
            [
              -76.986373,
              39.826613
            ]
          ],
          [
            [
              -76.986372,
              39.826616
            ],
            [
              -76.986372,
              39.826615
            ]
          ],
          [
            [
              -76.986372,
              39.826614
            ],
            [
              -76.986372,
              39.826613
            ]
          ],
          [
            [
              -76.986373,
              39.826614
            ],
            [
              -76.986373,
              39.826613
            ]
          ],
          [
            [
              -76.986329,
              39.826625
            ],
            [
              -76.986329,
              39.826626
            ]
          ],
          [
            [
              -76.98633,
              39.826625
            ],
            [
              -76.986328,
              39.826625
            ]
          ],
          [
            [
              -76.986328,
              39.826625
            ],
            [
              -76.986328,
              39.826624
            ]
          ],
          [
            [
              -76.986328,
              39.826624
            ],
            [
              -76.98633,
              39.826624
            ]
          ],
          [
            [
              -76.98633,
              39.826624
            ],
            [
              -76.98633,
              39.826625
            ]
          ],
          [
            [
              -76.986331,
              39.826625
            ],
            [
              -76.986329,
              39.826625
            ]
          ],
          [
            [
              -76.986331,
              39.826628
            ],
            [
              -76.986329,
              39.826628
            ]
          ],
          [
            [
              -76.986331,
              39.826625
            ],
            [
              -76.986331,
              39.826626
            ]
          ],
          [
            [
              -76.986331,
              39.826627
            ],
            [
              -76.986331,
              39.826628
            ]
          ],
          [
            [
              -76.986329,
              39.826627
            ],
            [
              -76.986329,
              39.826628
            ]
          ],
          [
            [
              -76.986425,
              39.826616
            ],
            [
              -76.986425,
              39.826615
            ]
          ],
          [
            [
              -76.986424,
              39.826616
            ],
            [
              -76.986426,
              39.826616
            ]
          ],
          [
            [
              -76.986426,
              39.826616
            ],
            [
              -76.986426,
              39.826617
            ]
          ],
          [
            [
              -76.986426,
              39.826617
            ],
            [
              -76.986424,
              39.826617
            ]
          ],
          [
            [
              -76.986424,
              39.826617
            ],
            [
              -76.986424,
              39.826616
            ]
          ],
          [
            [
              -76.986423,
              39.826616
            ],
            [
              -76.986425,
              39.826616
            ]
          ],
          [
            [
              -76.986423,
              39.826613
            ],
            [
              -76.986425,
              39.826613
            ]
          ],
          [
            [
              -76.986423,
              39.826616
            ],
            [
              -76.986423,
              39.826615
            ]
          ],
          [
            [
              -76.986423,
              39.826614
            ],
            [
              -76.986423,
              39.826613
            ]
          ],
          [
            [
              -76.986425,
              39.826614
            ],
            [
              -76.986425,
              39.826613
            ]
          ],
          [
            [
              -76.986381,
              39.826613
            ],
            [
              -76.986379,
              39.826613
            ]
          ],
          [
            [
              -76.986379,
              39.826613
            ],
            [
              -76.986379,
              39.826612
            ]
          ],
          [
            [
              -76.986379,
              39.826612
            ],
            [
              -76.986381,
              39.826612
            ]
          ],
          [
            [
              -76.986381,
              39.826612
            ],
            [
              -76.986381,
              39.826613
            ]
          ],
          [
            [
              -76.986382,
              39.826613
            ],
            [
              -76.98638,
              39.826613
            ]
          ],
          [
            [
              -76.98638,
              39.826613
            ],
            [
              -76.98638,
              39.826614
            ]
          ],
          [
            [
              -76.986382,
              39.826616
            ],
            [
              -76.98638,
              39.826616
            ]
          ],
          [
            [
              -76.986382,
              39.826613
            ],
            [
              -76.986382,
              39.826614
            ]
          ],
          [
            [
              -76.986382,
              39.826615
            ],
            [
              -76.986382,
              39.826616
            ]
          ],
          [
            [
              -76.98638,
              39.826615
            ],
            [
              -76.98638,
              39.826616
            ]
          ],
          [
            [
              -76.986329,
              39.826615
            ],
            [
              -76.986329,
              39.826616
            ]
          ],
          [
            [
              -76.98633,
              39.826615
            ],
            [
              -76.986328,
              39.826615
            ]
          ],
          [
            [
              -76.986328,
              39.826615
            ],
            [
              -76.986328,
              39.826614
            ]
          ],
          [
            [
              -76.986328,
              39.826614
            ],
            [
              -76.98633,
              39.826614
            ]
          ],
          [
            [
              -76.98633,
              39.826614
            ],
            [
              -76.98633,
              39.826615
            ]
          ],
          [
            [
              -76.986331,
              39.826615
            ],
            [
              -76.986329,
              39.826615
            ]
          ],
          [
            [
              -76.986331,
              39.826618
            ],
            [
              -76.986329,
              39.826618
            ]
          ],
          [
            [
              -76.986331,
              39.826615
            ],
            [
              -76.986331,
              39.826616
            ]
          ],
          [
            [
              -76.986331,
              39.826617
            ],
            [
              -76.986331,
              39.826618
            ]
          ],
          [
            [
              -76.986329,
              39.826617
            ],
            [
              -76.986329,
              39.826618
            ]
          ],
          [
            [
              -76.986302,
              39.826629
            ],
            [
              -76.986302,
              39.826632
            ]
          ],
          [
            [
              -76.986302,
              39.826632
            ],
            [
              -76.986298,
              39.826632
            ]
          ],
          [
            [
              -76.986298,
              39.826632
            ],
            [
              -76.986298,
              39.826629
            ]
          ],
          [
            [
              -76.986298,
              39.826629
            ],
            [
              -76.986302,
              39.826629
            ]
          ],
          [
            [
              -76.986302,
              39.826622
            ],
            [
              -76.986302,
              39.826625
            ]
          ],
          [
            [
              -76.986302,
              39.826625
            ],
            [
              -76.986298,
              39.826625
            ]
          ],
          [
            [
              -76.986298,
              39.826625
            ],
            [
              -76.986298,
              39.826622
            ]
          ],
          [
            [
              -76.986298,
              39.826622
            ],
            [
              -76.986302,
              39.826622
            ]
          ],
          [
            [
              -76.986265,
              39.826625
            ],
            [
              -76.986265,
              39.826629
            ]
          ],
          [
            [
              -76.986265,
              39.826629
            ],
            [
              -76.986261,
              39.826629
            ]
          ],
          [
            [
              -76.986261,
              39.826629
            ],
            [
              -76.986261,
              39.826625
            ]
          ],
          [
            [
              -76.986261,
              39.826625
            ],
            [
              -76.986265,
              39.826625
            ]
          ],
          [
            [
              -76.986372,
              39.826618
            ],
            [
              -76.986372,
              39.826622
            ]
          ],
          [
            [
              -76.986372,
              39.826622
            ],
            [
              -76.986376,
              39.826622
            ]
          ],
          [
            [
              -76.986376,
              39.826622
            ],
            [
              -76.986376,
              39.826618
            ]
          ],
          [
            [
              -76.986376,
              39.826618
            ],
            [
              -76.986372,
              39.826618
            ]
          ],
          [
            [
              -76.986265,
              39.826622
            ],
            [
              -76.986265,
              39.826625
            ]
          ],
          [
            [
              -76.986265,
              39.826625
            ],
            [
              -76.986261,
              39.826625
            ]
          ],
          [
            [
              -76.986261,
              39.826625
            ],
            [
              -76.986261,
              39.826622
            ]
          ],
          [
            [
              -76.986261,
              39.826622
            ],
            [
              -76.986265,
              39.826622
            ]
          ],
          [
            [
              -76.986302,
              39.826625
            ],
            [
              -76.986302,
              39.826629
            ]
          ],
          [
            [
              -76.986302,
              39.826629
            ],
            [
              -76.986298,
              39.826629
            ]
          ],
          [
            [
              -76.986298,
              39.826629
            ],
            [
              -76.986298,
              39.826625
            ]
          ],
          [
            [
              -76.986298,
              39.826625
            ],
            [
              -76.986302,
              39.826625
            ]
          ],
          [
            [
              -76.986265,
              39.826619
            ],
            [
              -76.986265,
              39.826622
            ]
          ],
          [
            [
              -76.986265,
              39.826622
            ],
            [
              -76.986261,
              39.826622
            ]
          ],
          [
            [
              -76.986261,
              39.826622
            ],
            [
              -76.986261,
              39.826619
            ]
          ],
          [
            [
              -76.986261,
              39.826619
            ],
            [
              -76.986265,
              39.826619
            ]
          ],
          [
            [
              -76.986302,
              39.826619
            ],
            [
              -76.986302,
              39.826622
            ]
          ],
          [
            [
              -76.986302,
              39.826622
            ],
            [
              -76.986298,
              39.826622
            ]
          ],
          [
            [
              -76.986298,
              39.826622
            ],
            [
              -76.986298,
              39.826619
            ]
          ],
          [
            [
              -76.986298,
              39.826619
            ],
            [
              -76.986302,
              39.826619
            ]
          ],
          [
            [
              -76.986306,
              39.826632
            ],
            [
              -76.986306,
              39.826635
            ],
            [
              -76.986304,
              39.826635
            ],
            [
              -76.986304,
              39.826632
            ],
            [
              -76.986306,
              39.826632
            ]
          ],
          [
            [
              -76.986386,
              39.826622
            ],
            [
              -76.986386,
              39.826625
            ],
            [
              -76.986384,
              39.826625
            ],
            [
              -76.986384,
              39.826622
            ],
            [
              -76.986386,
              39.826622
            ]
          ],
          [
            [
              -76.98627,
              39.826632
            ],
            [
              -76.98627,
              39.826635
            ],
            [
              -76.986267,
              39.826635
            ],
            [
              -76.986267,
              39.826632
            ],
            [
              -76.98627,
              39.826632
            ]
          ],
          [
            [
              -76.986176,
              39.826609
            ],
            [
              -76.986181,
              39.826609
            ],
            [
              -76.986181,
              39.826607
            ],
            [
              -76.986176,
              39.826607
            ],
            [
              -76.986176,
              39.826609
            ]
          ],
          [
            [
              -76.986543,
              39.827083
            ],
            [
              -76.986543,
              39.82708
            ]
          ],
          [
            [
              -76.986543,
              39.82708
            ],
            [
              -76.986502,
              39.82708
            ]
          ],
          [
            [
              -76.986502,
              39.82708
            ],
            [
              -76.986502,
              39.827083
            ]
          ],
          [
            [
              -76.986543,
              39.827086
            ],
            [
              -76.986543,
              39.827089
            ]
          ],
          [
            [
              -76.986543,
              39.827089
            ],
            [
              -76.986502,
              39.827089
            ]
          ],
          [
            [
              -76.986502,
              39.827089
            ],
            [
              -76.986502,
              39.827086
            ]
          ],
          [
            [
              -76.986497,
              39.827087
            ],
            [
              -76.986499,
              39.827087
            ]
          ],
          [
            [
              -76.986499,
              39.827087
            ],
            [
              -76.986499,
              39.827082
            ]
          ],
          [
            [
              -76.986499,
              39.827082
            ],
            [
              -76.986497,
              39.827082
            ]
          ],
          [
            [
              -76.986499,
              39.827087
            ],
            [
              -76.986502,
              39.827087
            ]
          ],
          [
            [
              -76.986499,
              39.827082
            ],
            [
              -76.986502,
              39.827082
            ]
          ],
          [
            [
              -76.986548,
              39.827087
            ],
            [
              -76.986546,
              39.827087
            ]
          ],
          [
            [
              -76.986546,
              39.827087
            ],
            [
              -76.986546,
              39.827082
            ]
          ],
          [
            [
              -76.986546,
              39.827082
            ],
            [
              -76.986548,
              39.827082
            ]
          ],
          [
            [
              -76.986546,
              39.827087
            ],
            [
              -76.986543,
              39.827087
            ]
          ],
          [
            [
              -76.986546,
              39.827082
            ],
            [
              -76.986543,
              39.827082
            ]
          ],
          [
            [
              -76.986548,
              39.827079
            ],
            [
              -76.986497,
              39.827079
            ]
          ],
          [
            [
              -76.986497,
              39.827079
            ],
            [
              -76.986497,
              39.82709
            ]
          ],
          [
            [
              -76.986497,
              39.82709
            ],
            [
              -76.986548,
              39.82709
            ]
          ],
          [
            [
              -76.986548,
              39.82709
            ],
            [
              -76.986548,
              39.827079
            ]
          ],
          [
            [
              -76.986543,
              39.827086
            ],
            [
              -76.986502,
              39.827086
            ]
          ],
          [
            [
              -76.986502,
              39.827086
            ],
            [
              -76.986502,
              39.827083
            ]
          ],
          [
            [
              -76.986502,
              39.827083
            ],
            [
              -76.986543,
              39.827083
            ]
          ],
          [
            [
              -76.986543,
              39.827083
            ],
            [
              -76.986543,
              39.827086
            ]
          ],
          [
            [
              -76.986543,
              39.827084
            ],
            [
              -76.986546,
              39.827084
            ]
          ],
          [
            [
              -76.986502,
              39.827084
            ],
            [
              -76.986499,
              39.827084
            ]
          ],
          [
            [
              -76.986548,
              39.82709
            ],
            [
              -76.986497,
              39.82709
            ]
          ],
          [
            [
              -76.986502,
              39.827087
            ],
            [
              -76.986499,
              39.827087
            ]
          ],
          [
            [
              -76.986499,
              39.827085
            ],
            [
              -76.986502,
              39.827085
            ]
          ],
          [
            [
              -76.986502,
              39.827082
            ],
            [
              -76.986499,
              39.827082
            ]
          ],
          [
            [
              -76.986543,
              39.827087
            ],
            [
              -76.986546,
              39.827087
            ]
          ],
          [
            [
              -76.986546,
              39.827085
            ],
            [
              -76.986543,
              39.827085
            ]
          ],
          [
            [
              -76.986543,
              39.827082
            ],
            [
              -76.986546,
              39.827082
            ]
          ],
          [
            [
              -76.986537,
              39.827088
            ],
            [
              -76.986537,
              39.827087
            ]
          ],
          [
            [
              -76.98653,
              39.827088
            ],
            [
              -76.986531,
              39.827088
            ]
          ],
          [
            [
              -76.986531,
              39.827088
            ],
            [
              -76.986531,
              39.827087
            ]
          ],
          [
            [
              -76.986531,
              39.827087
            ],
            [
              -76.98653,
              39.827087
            ]
          ],
          [
            [
              -76.986529,
              39.827087
            ],
            [
              -76.986529,
              39.827088
            ]
          ],
          [
            [
              -76.986529,
              39.827088
            ],
            [
              -76.986528,
              39.827087
            ]
          ],
          [
            [
              -76.986529,
              39.827087
            ],
            [
              -76.986528,
              39.827087
            ]
          ],
          [
            [
              -76.986528,
              39.827087
            ],
            [
              -76.986528,
              39.827088
            ]
          ],
          [
            [
              -76.986528,
              39.827088
            ],
            [
              -76.986527,
              39.827088
            ]
          ],
          [
            [
              -76.986527,
              39.827088
            ],
            [
              -76.986526,
              39.827088
            ]
          ],
          [
            [
              -76.986526,
              39.827088
            ],
            [
              -76.986527,
              39.827088
            ]
          ],
          [
            [
              -76.986527,
              39.827088
            ],
            [
              -76.986528,
              39.827088
            ]
          ],
          [
            [
              -76.986527,
              39.827088
            ],
            [
              -76.986526,
              39.827087
            ]
          ],
          [
            [
              -76.986526,
              39.827087
            ],
            [
              -76.986526,
              39.827088
            ]
          ],
          [
            [
              -76.986526,
              39.827088
            ],
            [
              -76.986525,
              39.827088
            ]
          ],
          [
            [
              -76.986525,
              39.827088
            ],
            [
              -76.986524,
              39.827088
            ]
          ],
          [
            [
              -76.986524,
              39.827088
            ],
            [
              -76.986525,
              39.827088
            ]
          ],
          [
            [
              -76.986525,
              39.827088
            ],
            [
              -76.986526,
              39.827088
            ]
          ],
          [
            [
              -76.986523,
              39.827087
            ],
            [
              -76.986524,
              39.827087
            ]
          ],
          [
            [
              -76.986524,
              39.827087
            ],
            [
              -76.986524,
              39.827088
            ]
          ],
          [
            [
              -76.986524,
              39.827088
            ],
            [
              -76.986523,
              39.827088
            ]
          ],
          [
            [
              -76.986523,
              39.827088
            ],
            [
              -76.986524,
              39.827088
            ]
          ],
          [
            [
              -76.986522,
              39.827088
            ],
            [
              -76.986521,
              39.827088
            ]
          ],
          [
            [
              -76.986522,
              39.827088
            ],
            [
              -76.986522,
              39.827087
            ]
          ],
          [
            [
              -76.986519,
              39.827087
            ],
            [
              -76.986519,
              39.827088
            ]
          ],
          [
            [
              -76.986519,
              39.827088
            ],
            [
              -76.986518,
              39.827087
            ]
          ],
          [
            [
              -76.986518,
              39.827087
            ],
            [
              -76.986518,
              39.827088
            ]
          ],
          [
            [
              -76.986518,
              39.827088
            ],
            [
              -76.986518,
              39.827087
            ]
          ],
          [
            [
              -76.986517,
              39.827087
            ],
            [
              -76.986516,
              39.827088
            ]
          ],
          [
            [
              -76.986516,
              39.827088
            ],
            [
              -76.986516,
              39.827087
            ]
          ],
          [
            [
              -76.986517,
              39.827087
            ],
            [
              -76.986516,
              39.827087
            ]
          ],
          [
            [
              -76.986514,
              39.827088
            ],
            [
              -76.986515,
              39.827088
            ]
          ],
          [
            [
              -76.986515,
              39.827088
            ],
            [
              -76.986515,
              39.827087
            ]
          ],
          [
            [
              -76.986515,
              39.827087
            ],
            [
              -76.986514,
              39.827087
            ]
          ],
          [
            [
              -76.986512,
              39.827088
            ],
            [
              -76.986512,
              39.827087
            ]
          ],
          [
            [
              -76.986511,
              39.827087
            ],
            [
              -76.986511,
              39.827088
            ]
          ],
          [
            [
              -76.986511,
              39.827088
            ],
            [
              -76.98651,
              39.827087
            ]
          ],
          [
            [
              -76.98651,
              39.827087
            ],
            [
              -76.98651,
              39.827088
            ]
          ],
          [
            [
              -76.986508,
              39.827087
            ],
            [
              -76.986509,
              39.827087
            ]
          ],
          [
            [
              -76.986509,
              39.827087
            ],
            [
              -76.986509,
              39.827088
            ]
          ],
          [
            [
              -76.986509,
              39.827088
            ],
            [
              -76.986508,
              39.827088
            ]
          ],
          [
            [
              -76.986508,
              39.827088
            ],
            [
              -76.986509,
              39.827088
            ]
          ],
          [
            [
              -76.986513,
              39.827088
            ],
            [
              -76.986513,
              39.827087
            ]
          ],
          [
            [
              -76.986513,
              39.827088
            ],
            [
              -76.986512,
              39.827088
            ]
          ],
          [
            [
              -76.986512,
              39.827088
            ],
            [
              -76.986512,
              39.827087
            ]
          ],
          [
            [
              -76.986534,
              39.827087
            ],
            [
              -76.986536,
              39.827087
            ]
          ],
          [
            [
              -76.986536,
              39.827087
            ],
            [
              -76.986535,
              39.827088
            ]
          ],
          [
            [
              -76.986535,
              39.827088
            ],
            [
              -76.986534,
              39.827088
            ]
          ],
          [
            [
              -76.986534,
              39.827088
            ],
            [
              -76.986535,
              39.827088
            ]
          ],
          [
            [
              -76.986423,
              39.826717
            ],
            [
              -76.98634,
              39.826657
            ]
          ],
          [
            [
              -76.98634,
              39.826717
            ],
            [
              -76.986423,
              39.826657
            ]
          ],
          [
            [
              -76.986423,
              39.826657
            ],
            [
              -76.98634,
              39.826657
            ],
            [
              -76.98634,
              39.826717
            ],
            [
              -76.986423,
              39.826717
            ],
            [
              -76.986423,
              39.826657
            ]
          ],
          [
            [
              -76.986053,
              39.826948
            ],
            [
              -76.986053,
              39.826975
            ]
          ],
          [
            [
              -76.986053,
              39.826975
            ],
            [
              -76.986037,
              39.826975
            ]
          ],
          [
            [
              -76.986037,
              39.826975
            ],
            [
              -76.986037,
              39.826948
            ]
          ],
          [
            [
              -76.986037,
              39.826948
            ],
            [
              -76.986053,
              39.826948
            ]
          ],
          [
            [
              -76.986045,
              39.826952
            ],
            [
              -76.986053,
              39.826952
            ]
          ],
          [
            [
              -76.986045,
              39.826957
            ],
            [
              -76.986053,
              39.826957
            ]
          ],
          [
            [
              -76.986045,
              39.826951
            ],
            [
              -76.986045,
              39.826975
            ]
          ],
          [
            [
              -76.986045,
              39.826961
            ],
            [
              -76.986053,
              39.826961
            ]
          ],
          [
            [
              -76.986045,
              39.826966
            ],
            [
              -76.986053,
              39.826966
            ]
          ],
          [
            [
              -76.986045,
              39.82697
            ],
            [
              -76.986053,
              39.82697
            ]
          ],
          [
            [
              -76.986044,
              39.826952
            ],
            [
              -76.986037,
              39.826952
            ]
          ],
          [
            [
              -76.986044,
              39.826957
            ],
            [
              -76.986037,
              39.826957
            ]
          ],
          [
            [
              -76.986044,
              39.826951
            ],
            [
              -76.986044,
              39.826975
            ]
          ],
          [
            [
              -76.986044,
              39.826961
            ],
            [
              -76.986037,
              39.826961
            ]
          ],
          [
            [
              -76.986044,
              39.826966
            ],
            [
              -76.986037,
              39.826966
            ]
          ],
          [
            [
              -76.986044,
              39.82697
            ],
            [
              -76.986037,
              39.82697
            ]
          ],
          [
            [
              -76.986146,
              39.826674
            ],
            [
              -76.986146,
              39.826678
            ],
            [
              -76.986138,
              39.826678
            ],
            [
              -76.986138,
              39.826674
            ],
            [
              -76.986146,
              39.826674
            ]
          ],
          [
            [
              -76.986138,
              39.826674
            ],
            [
              -76.986138,
              39.826678
            ],
            [
              -76.986129,
              39.826678
            ],
            [
              -76.986129,
              39.826674
            ],
            [
              -76.986138,
              39.826674
            ]
          ],
          [
            [
              -76.986138,
              39.826679
            ],
            [
              -76.986138,
              39.826682
            ],
            [
              -76.986129,
              39.826682
            ],
            [
              -76.986129,
              39.826679
            ],
            [
              -76.986138,
              39.826679
            ]
          ],
          [
            [
              -76.986141,
              39.826693
            ],
            [
              -76.986134,
              39.826693
            ],
            [
              -76.986134,
              39.826696
            ],
            [
              -76.986141,
              39.826696
            ],
            [
              -76.986141,
              39.826693
            ]
          ],
          [
            [
              -76.986773,
              39.826628
            ],
            [
              -76.986773,
              39.826624
            ],
            [
              -76.986771,
              39.826624
            ],
            [
              -76.986771,
              39.826628
            ],
            [
              -76.986773,
              39.826628
            ]
          ],
          [
            [
              -76.985447,
              39.826769
            ],
            [
              -76.985434,
              39.826769
            ]
          ],
          [
            [
              -76.985434,
              39.826769
            ],
            [
              -76.985434,
              39.826773
            ]
          ],
          [
            [
              -76.985434,
              39.826773
            ],
            [
              -76.985447,
              39.826773
            ]
          ],
          [
            [
              -76.985447,
              39.826773
            ],
            [
              -76.985447,
              39.826769
            ]
          ],
          [
            [
              -76.985522,
              39.826698
            ],
            [
              -76.985509,
              39.826698
            ]
          ],
          [
            [
              -76.985509,
              39.826698
            ],
            [
              -76.985509,
              39.826703
            ]
          ],
          [
            [
              -76.985509,
              39.826703
            ],
            [
              -76.985522,
              39.826703
            ]
          ],
          [
            [
              -76.985522,
              39.826703
            ],
            [
              -76.985522,
              39.826698
            ]
          ],
          [
            [
              -76.985434,
              39.826698
            ],
            [
              -76.985422,
              39.826698
            ]
          ],
          [
            [
              -76.985422,
              39.826698
            ],
            [
              -76.985422,
              39.826703
            ]
          ],
          [
            [
              -76.985422,
              39.826703
            ],
            [
              -76.985434,
              39.826703
            ]
          ],
          [
            [
              -76.985434,
              39.826703
            ],
            [
              -76.985434,
              39.826698
            ]
          ],
          [
            [
              -76.985434,
              39.826769
            ],
            [
              -76.985421,
              39.826769
            ]
          ],
          [
            [
              -76.985421,
              39.826769
            ],
            [
              -76.985421,
              39.826773
            ]
          ],
          [
            [
              -76.985421,
              39.826773
            ],
            [
              -76.985434,
              39.826773
            ]
          ],
          [
            [
              -76.985434,
              39.826773
            ],
            [
              -76.985434,
              39.826769
            ]
          ],
          [
            [
              -76.985611,
              39.826769
            ],
            [
              -76.985598,
              39.826769
            ]
          ],
          [
            [
              -76.985598,
              39.826769
            ],
            [
              -76.985598,
              39.826773
            ]
          ],
          [
            [
              -76.985598,
              39.826773
            ],
            [
              -76.985611,
              39.826773
            ]
          ],
          [
            [
              -76.985611,
              39.826773
            ],
            [
              -76.985611,
              39.826769
            ]
          ],
          [
            [
              -76.986893,
              39.826655
            ],
            [
              -76.986897,
              39.826656
            ],
            [
              -76.986897,
              39.826659
            ],
            [
              -76.986893,
              39.82666
            ],
            [
              -76.986893,
              39.826655
            ]
          ],
          [
            [
              -76.986974,
              39.827035
            ],
            [
              -76.986938,
              39.827035
            ]
          ],
          [
            [
              -76.986974,
              39.827041
            ],
            [
              -76.986974,
              39.827046
            ]
          ],
          [
            [
              -76.986938,
              39.827041
            ],
            [
              -76.986938,
              39.827046
            ]
          ],
          [
            [
              -76.986939,
              39.827046
            ],
            [
              -76.986973,
              39.827046
            ]
          ],
          [
            [
              -76.986973,
              39.827046
            ],
            [
              -76.986973,
              39.827047
            ]
          ],
          [
            [
              -76.986973,
              39.827047
            ],
            [
              -76.986974,
              39.827047
            ]
          ],
          [
            [
              -76.986974,
              39.827047
            ],
            [
              -76.986975,
              39.827047
            ]
          ],
          [
            [
              -76.986975,
              39.827047
            ],
            [
              -76.986975,
              39.827046
            ]
          ],
          [
            [
              -76.986975,
              39.827046
            ],
            [
              -76.986974,
              39.827046
            ]
          ],
          [
            [
              -76.986974,
              39.827046
            ],
            [
              -76.986973,
              39.827046
            ]
          ],
          [
            [
              -76.986937,
              39.827046
            ],
            [
              -76.986937,
              39.827047
            ]
          ],
          [
            [
              -76.986937,
              39.827047
            ],
            [
              -76.986938,
              39.827047
            ]
          ],
          [
            [
              -76.986938,
              39.827047
            ],
            [
              -76.986939,
              39.827047
            ]
          ],
          [
            [
              -76.986939,
              39.827047
            ],
            [
              -76.986939,
              39.827046
            ]
          ],
          [
            [
              -76.986939,
              39.827046
            ],
            [
              -76.986938,
              39.827046
            ]
          ],
          [
            [
              -76.986938,
              39.827046
            ],
            [
              -76.986937,
              39.827046
            ]
          ],
          [
            [
              -76.986974,
              39.827041
            ],
            [
              -76.986938,
              39.827041
            ]
          ],
          [
            [
              -76.986938,
              39.827041
            ],
            [
              -76.986938,
              39.827034
            ]
          ],
          [
            [
              -76.986938,
              39.827034
            ],
            [
              -76.986974,
              39.827034
            ]
          ],
          [
            [
              -76.986974,
              39.827034
            ],
            [
              -76.986974,
              39.827041
            ]
          ],
          [
            [
              -76.986847,
              39.82688
            ],
            [
              -76.986849,
              39.82688
            ]
          ],
          [
            [
              -76.986849,
              39.82688
            ],
            [
              -76.986849,
              39.826886
            ]
          ],
          [
            [
              -76.986849,
              39.826886
            ],
            [
              -76.986847,
              39.826886
            ]
          ],
          [
            [
              -76.986847,
              39.82688
            ],
            [
              -76.986847,
              39.826886
            ]
          ],
          [
            [
              -76.985879,
              39.826791
            ],
            [
              -76.985879,
              39.826792
            ]
          ],
          [
            [
              -76.985879,
              39.826792
            ],
            [
              -76.985867,
              39.826792
            ]
          ],
          [
            [
              -76.985867,
              39.826792
            ],
            [
              -76.985867,
              39.826791
            ]
          ],
          [
            [
              -76.985879,
              39.826791
            ],
            [
              -76.985867,
              39.826791
            ]
          ],
          [
            [
              -76.986759,
              39.826862
            ],
            [
              -76.986761,
              39.826862
            ]
          ],
          [
            [
              -76.986761,
              39.826862
            ],
            [
              -76.986761,
              39.826857
            ]
          ],
          [
            [
              -76.986761,
              39.826857
            ],
            [
              -76.986759,
              39.826857
            ]
          ],
          [
            [
              -76.986759,
              39.826862
            ],
            [
              -76.986759,
              39.826857
            ]
          ],
          [
            [
              -76.985879,
              39.826708
            ],
            [
              -76.985879,
              39.826709
            ]
          ],
          [
            [
              -76.985879,
              39.826709
            ],
            [
              -76.985867,
              39.826709
            ]
          ],
          [
            [
              -76.985867,
              39.826709
            ],
            [
              -76.985867,
              39.826708
            ]
          ],
          [
            [
              -76.985879,
              39.826708
            ],
            [
              -76.985867,
              39.826708
            ]
          ],
          [
            [
              -76.985707,
              39.826816
            ],
            [
              -76.985707,
              39.826817
            ]
          ],
          [
            [
              -76.985707,
              39.826817
            ],
            [
              -76.985719,
              39.826817
            ]
          ],
          [
            [
              -76.985719,
              39.826817
            ],
            [
              -76.985719,
              39.826816
            ]
          ],
          [
            [
              -76.985707,
              39.826816
            ],
            [
              -76.985719,
              39.826816
            ]
          ],
          [
            [
              -76.986773,
              39.826624
            ],
            [
              -76.986773,
              39.826621
            ],
            [
              -76.986771,
              39.826621
            ],
            [
              -76.986771,
              39.826624
            ],
            [
              -76.986773,
              39.826624
            ]
          ],
          [
            [
              -76.985421,
              39.826979
            ],
            [
              -76.985421,
              39.826985
            ],
            [
              -76.985416,
              39.826985
            ],
            [
              -76.985416,
              39.826979
            ],
            [
              -76.985421,
              39.826979
            ]
          ],
          [
            [
              -76.986562,
              39.826933
            ],
            [
              -76.986562,
              39.826938
            ],
            [
              -76.986562,
              39.826933
            ]
          ],
          [
            [
              -76.985452,
              39.826598
            ],
            [
              -76.985447,
              39.826598
            ],
            [
              -76.985447,
              39.826603
            ],
            [
              -76.985452,
              39.826603
            ],
            [
              -76.985452,
              39.826598
            ]
          ],
          [
            [
              -76.985449,
              39.826603
            ],
            [
              -76.985448,
              39.826603
            ],
            [
              -76.985449,
              39.826603
            ]
          ],
          [
            [
              -76.985451,
              39.826596
            ],
            [
              -76.985448,
              39.826596
            ],
            [
              -76.985448,
              39.826598
            ],
            [
              -76.985451,
              39.826598
            ],
            [
              -76.985451,
              39.826596
            ]
          ],
          [
            [
              -76.985425,
              39.826598
            ],
            [
              -76.98543,
              39.826598
            ],
            [
              -76.98543,
              39.826603
            ],
            [
              -76.985425,
              39.826603
            ],
            [
              -76.985425,
              39.826598
            ]
          ],
          [
            [
              -76.985428,
              39.826603
            ],
            [
              -76.985429,
              39.826603
            ],
            [
              -76.985428,
              39.826603
            ]
          ],
          [
            [
              -76.985426,
              39.826596
            ],
            [
              -76.985429,
              39.826596
            ],
            [
              -76.985429,
              39.826598
            ],
            [
              -76.985425,
              39.826598
            ],
            [
              -76.985425,
              39.826596
            ],
            [
              -76.985426,
              39.826596
            ]
          ],
          [
            [
              -76.986371,
              39.8269
            ],
            [
              -76.986363,
              39.8269
            ],
            [
              -76.986363,
              39.826901
            ],
            [
              -76.986371,
              39.826901
            ],
            [
              -76.986371,
              39.8269
            ]
          ],
          [
            [
              -76.986502,
              39.827064
            ],
            [
              -76.986502,
              39.827057
            ]
          ],
          [
            [
              -76.986498,
              39.82706
            ],
            [
              -76.986498,
              39.827062
            ],
            [
              -76.986502,
              39.827062
            ],
            [
              -76.986502,
              39.827059
            ],
            [
              -76.986501,
              39.827059
            ],
            [
              -76.986501,
              39.82706
            ],
            [
              -76.986498,
              39.82706
            ]
          ],
          [
            [
              -76.985936,
              39.82692
            ],
            [
              -76.985924,
              39.82692
            ],
            [
              -76.985924,
              39.826917
            ],
            [
              -76.985936,
              39.826917
            ],
            [
              -76.985936,
              39.82692
            ]
          ],
          [
            [
              -76.986272,
              39.826771
            ],
            [
              -76.986272,
              39.826775
            ],
            [
              -76.986265,
              39.826775
            ],
            [
              -76.986265,
              39.826771
            ],
            [
              -76.986272,
              39.826771
            ]
          ],
          [
            [
              -76.985962,
              39.826929
            ],
            [
              -76.985955,
              39.826929
            ],
            [
              -76.985955,
              39.826931
            ],
            [
              -76.985962,
              39.826931
            ],
            [
              -76.985962,
              39.826929
            ]
          ],
          [
            [
              -76.98679,
              39.826657
            ],
            [
              -76.98679,
              39.826661
            ],
            [
              -76.986796,
              39.826661
            ],
            [
              -76.986796,
              39.826657
            ],
            [
              -76.98679,
              39.826657
            ]
          ],
          [
            [
              -76.98659,
              39.827039
            ],
            [
              -76.98659,
              39.827044
            ],
            [
              -76.986597,
              39.827044
            ],
            [
              -76.986597,
              39.827039
            ],
            [
              -76.98659,
              39.827039
            ]
          ],
          [
            [
              -76.986007,
              39.826968
            ],
            [
              -76.985999,
              39.826968
            ],
            [
              -76.986007,
              39.826968
            ]
          ],
          [
            [
              -76.986009,
              39.826968
            ],
            [
              -76.985997,
              39.826968
            ]
          ],
          [
            [
              -76.986239,
              39.82688
            ],
            [
              -76.986239,
              39.826883
            ],
            [
              -76.986241,
              39.826883
            ],
            [
              -76.986241,
              39.82688
            ],
            [
              -76.986239,
              39.82688
            ]
          ],
          [
            [
              -76.9866,
              39.826657
            ],
            [
              -76.9866,
              39.82666
            ],
            [
              -76.986602,
              39.82666
            ],
            [
              -76.986602,
              39.826657
            ],
            [
              -76.9866,
              39.826657
            ]
          ],
          [
            [
              -76.985786,
              39.827038
            ],
            [
              -76.985779,
              39.827038
            ],
            [
              -76.985779,
              39.827042
            ],
            [
              -76.985786,
              39.827042
            ],
            [
              -76.985786,
              39.827038
            ]
          ],
          [
            [
              -76.986526,
              39.826884
            ],
            [
              -76.986526,
              39.826885
            ],
            [
              -76.986521,
              39.826886
            ],
            [
              -76.98652,
              39.826886
            ],
            [
              -76.986515,
              39.826885
            ],
            [
              -76.986515,
              39.826884
            ],
            [
              -76.986517,
              39.826882
            ],
            [
              -76.986518,
              39.826881
            ],
            [
              -76.986523,
              39.826881
            ],
            [
              -76.986524,
              39.826882
            ],
            [
              -76.986526,
              39.826884
            ]
          ],
          [
            [
              -76.986646,
              39.826636
            ],
            [
              -76.986639,
              39.826636
            ],
            [
              -76.986639,
              39.826635
            ],
            [
              -76.986646,
              39.826635
            ],
            [
              -76.986646,
              39.826636
            ]
          ],
          [
            [
              -76.98629,
              39.826657
            ],
            [
              -76.98629,
              39.82666
            ],
            [
              -76.986292,
              39.82666
            ],
            [
              -76.986292,
              39.826657
            ],
            [
              -76.98629,
              39.826657
            ]
          ],
          [
            [
              -76.986469,
              39.826604
            ],
            [
              -76.986462,
              39.826604
            ],
            [
              -76.986462,
              39.826605
            ],
            [
              -76.986469,
              39.826605
            ],
            [
              -76.986469,
              39.826604
            ]
          ],
          [
            [
              -76.986476,
              39.826604
            ],
            [
              -76.98647,
              39.826604
            ],
            [
              -76.98647,
              39.826605
            ],
            [
              -76.986476,
              39.826605
            ],
            [
              -76.986476,
              39.826604
            ]
          ],
          [
            [
              -76.986287,
              39.826632
            ],
            [
              -76.986287,
              39.826635
            ],
            [
              -76.98629,
              39.826635
            ],
            [
              -76.98629,
              39.826632
            ],
            [
              -76.986287,
              39.826632
            ]
          ],
          [
            [
              -76.986124,
              39.826757
            ],
            [
              -76.986124,
              39.826761
            ],
            [
              -76.986129,
              39.826761
            ],
            [
              -76.986129,
              39.826757
            ],
            [
              -76.986124,
              39.826757
            ]
          ],
          [
            [
              -76.986125,
              39.826757
            ],
            [
              -76.986125,
              39.826761
            ]
          ],
          [
            [
              -76.986208,
              39.827044
            ],
            [
              -76.986207,
              39.827044
            ]
          ],
          [
            [
              -76.986207,
              39.827044
            ],
            [
              -76.986208,
              39.827044
            ]
          ],
          [
            [
              -76.986201,
              39.827043
            ],
            [
              -76.986213,
              39.827035
            ]
          ],
          [
            [
              -76.986214,
              39.827035
            ],
            [
              -76.986222,
              39.827037
            ]
          ],
          [
            [
              -76.986222,
              39.827038
            ],
            [
              -76.986211,
              39.827046
            ]
          ],
          [
            [
              -76.986211,
              39.827046
            ],
            [
              -76.986201,
              39.827043
            ]
          ],
          [
            [
              -76.986247,
              39.826842
            ],
            [
              -76.986251,
              39.826842
            ]
          ],
          [
            [
              -76.986256,
              39.826845
            ],
            [
              -76.986255,
              39.826845
            ],
            [
              -76.986255,
              39.826846
            ],
            [
              -76.986256,
              39.826846
            ],
            [
              -76.986256,
              39.826845
            ]
          ],
          [
            [
              -76.986264,
              39.826842
            ],
            [
              -76.986261,
              39.826842
            ]
          ],
          [
            [
              -76.986249,
              39.826847
            ],
            [
              -76.986263,
              39.826847
            ]
          ],
          [
            [
              -76.986249,
              39.826847
            ],
            [
              -76.986249,
              39.826854
            ],
            [
              -76.98625,
              39.826854
            ],
            [
              -76.98625,
              39.826855
            ],
            [
              -76.986251,
              39.826855
            ],
            [
              -76.98626,
              39.826855
            ],
            [
              -76.986261,
              39.826855
            ],
            [
              -76.986262,
              39.826854
            ],
            [
              -76.986263,
              39.826854
            ],
            [
              -76.986263,
              39.826847
            ],
            [
              -76.986265,
              39.826847
            ],
            [
              -76.986266,
              39.826847
            ],
            [
              -76.986266,
              39.826846
            ],
            [
              -76.986266,
              39.826843
            ],
            [
              -76.986265,
              39.826842
            ],
            [
              -76.986246,
              39.826842
            ],
            [
              -76.986246,
              39.826843
            ],
            [
              -76.986245,
              39.826843
            ],
            [
              -76.986245,
              39.826846
            ],
            [
              -76.986245,
              39.826847
            ],
            [
              -76.986246,
              39.826847
            ],
            [
              -76.986249,
              39.826847
            ]
          ],
          [
            [
              -76.986136,
              39.826971
            ],
            [
              -76.986137,
              39.826971
            ],
            [
              -76.986137,
              39.826967
            ],
            [
              -76.986136,
              39.826967
            ],
            [
              -76.986136,
              39.826971
            ]
          ],
          [
            [
              -76.986585,
              39.826899
            ],
            [
              -76.986585,
              39.826907
            ]
          ],
          [
            [
              -76.986585,
              39.826907
            ],
            [
              -76.986576,
              39.826907
            ]
          ],
          [
            [
              -76.986576,
              39.826907
            ],
            [
              -76.986576,
              39.826899
            ]
          ],
          [
            [
              -76.986576,
              39.826899
            ],
            [
              -76.986585,
              39.826899
            ]
          ],
          [
            [
              -76.986585,
              39.826899
            ],
            [
              -76.986585,
              39.826907
            ]
          ],
          [
            [
              -76.986585,
              39.826907
            ],
            [
              -76.986593,
              39.826907
            ]
          ],
          [
            [
              -76.986593,
              39.826907
            ],
            [
              -76.986593,
              39.826899
            ]
          ],
          [
            [
              -76.986593,
              39.826899
            ],
            [
              -76.986585,
              39.826899
            ]
          ],
          [
            [
              -76.986593,
              39.826899
            ],
            [
              -76.986593,
              39.826907
            ]
          ],
          [
            [
              -76.986593,
              39.826907
            ],
            [
              -76.986585,
              39.826907
            ]
          ],
          [
            [
              -76.986585,
              39.826907
            ],
            [
              -76.986585,
              39.826899
            ]
          ],
          [
            [
              -76.986585,
              39.826899
            ],
            [
              -76.986593,
              39.826899
            ]
          ],
          [
            [
              -76.986576,
              39.826899
            ],
            [
              -76.986576,
              39.826907
            ]
          ],
          [
            [
              -76.986576,
              39.826907
            ],
            [
              -76.986585,
              39.826907
            ]
          ],
          [
            [
              -76.986585,
              39.826907
            ],
            [
              -76.986585,
              39.826899
            ]
          ],
          [
            [
              -76.986585,
              39.826899
            ],
            [
              -76.986576,
              39.826899
            ]
          ],
          [
            [
              -76.985492,
              39.826603
            ],
            [
              -76.985492,
              39.826607
            ],
            [
              -76.985499,
              39.826607
            ],
            [
              -76.985499,
              39.826603
            ],
            [
              -76.985492,
              39.826603
            ]
          ],
          [
            [
              -76.986128,
              39.826687
            ],
            [
              -76.986136,
              39.826687
            ],
            [
              -76.986136,
              39.826693
            ],
            [
              -76.986128,
              39.826693
            ],
            [
              -76.986128,
              39.826687
            ]
          ],
          [
            [
              -76.986167,
              39.827017
            ],
            [
              -76.986167,
              39.827011
            ]
          ],
          [
            [
              -76.986167,
              39.827011
            ],
            [
              -76.986178,
              39.827011
            ]
          ],
          [
            [
              -76.986178,
              39.827011
            ],
            [
              -76.986178,
              39.827017
            ]
          ],
          [
            [
              -76.986178,
              39.827017
            ],
            [
              -76.986167,
              39.827017
            ]
          ],
          [
            [
              -76.986171,
              39.827017
            ],
            [
              -76.986171,
              39.827011
            ]
          ],
          [
            [
              -76.986167,
              39.827011
            ],
            [
              -76.986167,
              39.827005
            ]
          ],
          [
            [
              -76.986167,
              39.827005
            ],
            [
              -76.986178,
              39.827005
            ]
          ],
          [
            [
              -76.986178,
              39.827005
            ],
            [
              -76.986178,
              39.827011
            ]
          ],
          [
            [
              -76.986178,
              39.827011
            ],
            [
              -76.986167,
              39.827011
            ]
          ],
          [
            [
              -76.986171,
              39.827011
            ],
            [
              -76.986171,
              39.827005
            ]
          ],
          [
            [
              -76.986167,
              39.827017
            ],
            [
              -76.986167,
              39.827011
            ]
          ],
          [
            [
              -76.986167,
              39.827011
            ],
            [
              -76.986155,
              39.827011
            ]
          ],
          [
            [
              -76.986155,
              39.827011
            ],
            [
              -76.986155,
              39.827017
            ]
          ],
          [
            [
              -76.986155,
              39.827017
            ],
            [
              -76.986167,
              39.827017
            ]
          ],
          [
            [
              -76.986162,
              39.827017
            ],
            [
              -76.986162,
              39.827011
            ]
          ],
          [
            [
              -76.986167,
              39.82703
            ],
            [
              -76.986167,
              39.827024
            ]
          ],
          [
            [
              -76.986167,
              39.827024
            ],
            [
              -76.986155,
              39.827024
            ]
          ],
          [
            [
              -76.986155,
              39.827024
            ],
            [
              -76.986155,
              39.82703
            ]
          ],
          [
            [
              -76.986155,
              39.82703
            ],
            [
              -76.986167,
              39.82703
            ]
          ],
          [
            [
              -76.986162,
              39.82703
            ],
            [
              -76.986162,
              39.827024
            ]
          ],
          [
            [
              -76.986177,
              39.82703
            ],
            [
              -76.986177,
              39.827041
            ]
          ],
          [
            [
              -76.986177,
              39.827041
            ],
            [
              -76.986167,
              39.827041
            ]
          ],
          [
            [
              -76.986167,
              39.827041
            ],
            [
              -76.986167,
              39.82703
            ]
          ],
          [
            [
              -76.986167,
              39.82703
            ],
            [
              -76.986177,
              39.82703
            ]
          ],
          [
            [
              -76.986177,
              39.827035
            ],
            [
              -76.986167,
              39.827035
            ]
          ],
          [
            [
              -76.986896,
              39.826678
            ],
            [
              -76.98688,
              39.826678
            ]
          ],
          [
            [
              -76.98688,
              39.826678
            ],
            [
              -76.986896,
              39.826678
            ]
          ],
          [
            [
              -76.986896,
              39.826678
            ],
            [
              -76.986896,
              39.826679
            ]
          ],
          [
            [
              -76.986896,
              39.826679
            ],
            [
              -76.986897,
              39.826679
            ],
            [
              -76.986897,
              39.826678
            ],
            [
              -76.986896,
              39.826678
            ]
          ],
          [
            [
              -76.986896,
              39.826678
            ],
            [
              -76.986897,
              39.826678
            ]
          ],
          [
            [
              -76.986896,
              39.826678
            ],
            [
              -76.986897,
              39.826678
            ]
          ],
          [
            [
              -76.986881,
              39.826678
            ],
            [
              -76.986881,
              39.826679
            ],
            [
              -76.98688,
              39.826679
            ]
          ],
          [
            [
              -76.98688,
              39.826679
            ],
            [
              -76.986879,
              39.826679
            ],
            [
              -76.986879,
              39.826678
            ],
            [
              -76.98688,
              39.826678
            ]
          ],
          [
            [
              -76.98688,
              39.826678
            ],
            [
              -76.986881,
              39.826678
            ]
          ],
          [
            [
              -76.98688,
              39.826678
            ],
            [
              -76.986879,
              39.826678
            ]
          ],
          [
            [
              -76.98688,
              39.826678
            ],
            [
              -76.986879,
              39.826678
            ]
          ],
          [
            [
              -76.986896,
              39.826678
            ],
            [
              -76.986896,
              39.826679
            ]
          ],
          [
            [
              -76.98688,
              39.826678
            ],
            [
              -76.98688,
              39.826679
            ]
          ],
          [
            [
              -76.986896,
              39.826687
            ],
            [
              -76.98688,
              39.826687
            ]
          ],
          [
            [
              -76.98688,
              39.826687
            ],
            [
              -76.986896,
              39.826687
            ]
          ],
          [
            [
              -76.986896,
              39.826687
            ],
            [
              -76.986896,
              39.826688
            ]
          ],
          [
            [
              -76.986896,
              39.826688
            ],
            [
              -76.986897,
              39.826688
            ],
            [
              -76.986897,
              39.826687
            ],
            [
              -76.986896,
              39.826687
            ]
          ],
          [
            [
              -76.986896,
              39.826687
            ],
            [
              -76.986897,
              39.826687
            ]
          ],
          [
            [
              -76.986896,
              39.826687
            ],
            [
              -76.986897,
              39.826687
            ]
          ],
          [
            [
              -76.986881,
              39.826687
            ],
            [
              -76.986881,
              39.826688
            ],
            [
              -76.98688,
              39.826688
            ]
          ],
          [
            [
              -76.98688,
              39.826688
            ],
            [
              -76.986879,
              39.826688
            ],
            [
              -76.986879,
              39.826687
            ],
            [
              -76.98688,
              39.826687
            ]
          ],
          [
            [
              -76.98688,
              39.826687
            ],
            [
              -76.986881,
              39.826687
            ]
          ],
          [
            [
              -76.98688,
              39.826687
            ],
            [
              -76.986879,
              39.826687
            ]
          ],
          [
            [
              -76.98688,
              39.826687
            ],
            [
              -76.986879,
              39.826687
            ]
          ],
          [
            [
              -76.986896,
              39.826687
            ],
            [
              -76.986896,
              39.826688
            ]
          ],
          [
            [
              -76.98688,
              39.826687
            ],
            [
              -76.98688,
              39.826688
            ]
          ],
          [
            [
              -76.986578,
              39.82688
            ],
            [
              -76.986578,
              39.826883
            ]
          ],
          [
            [
              -76.986578,
              39.826883
            ],
            [
              -76.986592,
              39.826883
            ]
          ],
          [
            [
              -76.986592,
              39.826883
            ],
            [
              -76.986592,
              39.82688
            ]
          ],
          [
            [
              -76.986592,
              39.82688
            ],
            [
              -76.986578,
              39.82688
            ]
          ],
          [
            [
              -76.986578,
              39.826882
            ],
            [
              -76.986592,
              39.826882
            ]
          ],
          [
            [
              -76.986848,
              39.826672
            ],
            [
              -76.986848,
              39.826674
            ],
            [
              -76.98684,
              39.826674
            ],
            [
              -76.98684,
              39.826672
            ],
            [
              -76.986848,
              39.826672
            ]
          ],
          [
            [
              -76.986847,
              39.826672
            ],
            [
              -76.986847,
              39.826671
            ],
            [
              -76.986841,
              39.826671
            ],
            [
              -76.986841,
              39.826672
            ]
          ],
          [
            [
              -76.986847,
              39.826674
            ],
            [
              -76.986847,
              39.826675
            ],
            [
              -76.986841,
              39.826675
            ],
            [
              -76.986841,
              39.826674
            ]
          ],
          [
            [
              -76.986251,
              39.826845
            ],
            [
              -76.986247,
              39.826845
            ],
            [
              -76.986247,
              39.826843
            ],
            [
              -76.986251,
              39.826843
            ],
            [
              -76.986251,
              39.826845
            ]
          ],
          [
            [
              -76.986082,
              39.82694
            ],
            [
              -76.986087,
              39.82694
            ],
            [
              -76.986087,
              39.826942
            ],
            [
              -76.986082,
              39.826942
            ],
            [
              -76.986082,
              39.82694
            ]
          ],
          [
            [
              -76.985844,
              39.827194
            ],
            [
              -76.985833,
              39.827194
            ],
            [
              -76.985832,
              39.827194
            ],
            [
              -76.985833,
              39.827194
            ],
            [
              -76.985844,
              39.827194
            ]
          ],
          [
            [
              -76.985844,
              39.827198
            ],
            [
              -76.985833,
              39.827198
            ],
            [
              -76.985832,
              39.827198
            ],
            [
              -76.985832,
              39.827197
            ],
            [
              -76.985833,
              39.827197
            ],
            [
              -76.985844,
              39.827197
            ]
          ],
          [
            [
              -76.985852,
              39.827194
            ],
            [
              -76.985852,
              39.827193
            ],
            [
              -76.985844,
              39.827193
            ],
            [
              -76.985844,
              39.827194
            ]
          ],
          [
            [
              -76.985852,
              39.827194
            ],
            [
              -76.985852,
              39.827193
            ],
            [
              -76.985853,
              39.827193
            ],
            [
              -76.985863,
              39.827193
            ],
            [
              -76.985865,
              39.827194
            ],
            [
              -76.985865,
              39.827197
            ],
            [
              -76.985865,
              39.827198
            ],
            [
              -76.985863,
              39.827198
            ],
            [
              -76.985853,
              39.827198
            ],
            [
              -76.985852,
              39.827198
            ]
          ],
          [
            [
              -76.985844,
              39.827198
            ],
            [
              -76.985844,
              39.827199
            ],
            [
              -76.985852,
              39.827199
            ],
            [
              -76.985852,
              39.827198
            ]
          ],
          [
            [
              -76.985844,
              39.827194
            ],
            [
              -76.985844,
              39.827197
            ]
          ],
          [
            [
              -76.985844,
              39.827201
            ],
            [
              -76.985833,
              39.827201
            ],
            [
              -76.985832,
              39.827201
            ],
            [
              -76.985833,
              39.827201
            ],
            [
              -76.985844,
              39.827201
            ]
          ],
          [
            [
              -76.985844,
              39.827205
            ],
            [
              -76.985833,
              39.827205
            ],
            [
              -76.985832,
              39.827205
            ],
            [
              -76.985832,
              39.827204
            ],
            [
              -76.985833,
              39.827204
            ],
            [
              -76.985844,
              39.827204
            ]
          ],
          [
            [
              -76.985852,
              39.8272
            ],
            [
              -76.985844,
              39.8272
            ],
            [
              -76.985844,
              39.827201
            ]
          ],
          [
            [
              -76.985852,
              39.8272
            ],
            [
              -76.985853,
              39.8272
            ],
            [
              -76.985863,
              39.8272
            ],
            [
              -76.985865,
              39.827201
            ],
            [
              -76.985865,
              39.827204
            ],
            [
              -76.985863,
              39.827205
            ],
            [
              -76.985853,
              39.827205
            ],
            [
              -76.985852,
              39.827205
            ]
          ],
          [
            [
              -76.985844,
              39.827205
            ],
            [
              -76.985844,
              39.827206
            ],
            [
              -76.985852,
              39.827206
            ],
            [
              -76.985852,
              39.827205
            ]
          ],
          [
            [
              -76.985844,
              39.827201
            ],
            [
              -76.985844,
              39.827204
            ]
          ],
          [
            [
              -76.985855,
              39.827191
            ],
            [
              -76.985864,
              39.827191
            ]
          ],
          [
            [
              -76.985864,
              39.827185
            ],
            [
              -76.985855,
              39.827185
            ]
          ],
          [
            [
              -76.985855,
              39.827191
            ],
            [
              -76.985855,
              39.827192
            ]
          ],
          [
            [
              -76.985855,
              39.827185
            ],
            [
              -76.985846,
              39.827185
            ]
          ],
          [
            [
              -76.985855,
              39.827192
            ],
            [
              -76.985846,
              39.827192
            ]
          ],
          [
            [
              -76.985846,
              39.827191
            ],
            [
              -76.985846,
              39.827192
            ]
          ],
          [
            [
              -76.98585,
              39.827186
            ],
            [
              -76.985839,
              39.827186
            ],
            [
              -76.985839,
              39.827187
            ],
            [
              -76.98585,
              39.827187
            ]
          ],
          [
            [
              -76.98585,
              39.82719
            ],
            [
              -76.985839,
              39.82719
            ],
            [
              -76.98585,
              39.82719
            ]
          ],
          [
            [
              -76.98585,
              39.82719
            ],
            [
              -76.98585,
              39.827187
            ]
          ],
          [
            [
              -76.98585,
              39.827186
            ],
            [
              -76.98585,
              39.827185
            ],
            [
              -76.985846,
              39.827185
            ]
          ],
          [
            [
              -76.98585,
              39.82719
            ],
            [
              -76.98585,
              39.827191
            ],
            [
              -76.985846,
              39.827191
            ]
          ],
          [
            [
              -76.985855,
              39.827183
            ],
            [
              -76.985864,
              39.827183
            ]
          ],
          [
            [
              -76.985864,
              39.827177
            ],
            [
              -76.985855,
              39.827177
            ]
          ],
          [
            [
              -76.985855,
              39.827183
            ],
            [
              -76.985855,
              39.827184
            ]
          ],
          [
            [
              -76.985855,
              39.827176
            ],
            [
              -76.985846,
              39.827176
            ]
          ],
          [
            [
              -76.985855,
              39.827184
            ],
            [
              -76.985846,
              39.827184
            ]
          ],
          [
            [
              -76.985846,
              39.827183
            ],
            [
              -76.985846,
              39.827184
            ]
          ],
          [
            [
              -76.98585,
              39.827178
            ],
            [
              -76.985839,
              39.827178
            ],
            [
              -76.985839,
              39.827179
            ],
            [
              -76.98585,
              39.827179
            ]
          ],
          [
            [
              -76.98585,
              39.827182
            ],
            [
              -76.985839,
              39.827182
            ],
            [
              -76.98585,
              39.827182
            ]
          ],
          [
            [
              -76.98585,
              39.827182
            ],
            [
              -76.98585,
              39.827179
            ]
          ],
          [
            [
              -76.98585,
              39.827178
            ],
            [
              -76.98585,
              39.827177
            ],
            [
              -76.985846,
              39.827177
            ]
          ],
          [
            [
              -76.98585,
              39.827182
            ],
            [
              -76.98585,
              39.827183
            ],
            [
              -76.985846,
              39.827183
            ]
          ],
          [
            [
              -76.985855,
              39.827176
            ],
            [
              -76.985855,
              39.827177
            ]
          ],
          [
            [
              -76.985699,
              39.827235
            ],
            [
              -76.985692,
              39.827235
            ],
            [
              -76.985692,
              39.827243
            ],
            [
              -76.985722,
              39.827243
            ],
            [
              -76.985722,
              39.827235
            ],
            [
              -76.985716,
              39.827235
            ]
          ],
          [
            [
              -76.985699,
              39.827239
            ],
            [
              -76.985699,
              39.827241
            ],
            [
              -76.985716,
              39.827241
            ],
            [
              -76.985716,
              39.827235
            ]
          ],
          [
            [
              -76.985697,
              39.827237
            ],
            [
              -76.985697,
              39.827239
            ],
            [
              -76.985699,
              39.827239
            ]
          ],
          [
            [
              -76.985697,
              39.827237
            ],
            [
              -76.985699,
              39.827237
            ]
          ],
          [
            [
              -76.985715,
              39.827235
            ],
            [
              -76.985715,
              39.827228
            ]
          ],
          [
            [
              -76.985716,
              39.827235
            ],
            [
              -76.985716,
              39.827228
            ]
          ],
          [
            [
              -76.985716,
              39.827228
            ],
            [
              -76.985715,
              39.827228
            ]
          ],
          [
            [
              -76.985716,
              39.827235
            ],
            [
              -76.985699,
              39.827235
            ],
            [
              -76.985699,
              39.827237
            ]
          ],
          [
            [
              -76.985838,
              39.827227
            ],
            [
              -76.985838,
              39.827234
            ],
            [
              -76.985829,
              39.827234
            ],
            [
              -76.985829,
              39.827227
            ],
            [
              -76.985838,
              39.827227
            ]
          ],
          [
            [
              -76.985833,
              39.82723
            ],
            [
              -76.985836,
              39.827228
            ],
            [
              -76.985833,
              39.827227
            ],
            [
              -76.98583,
              39.827228
            ],
            [
              -76.985833,
              39.82723
            ]
          ],
          [
            [
              -76.986928,
              39.827034
            ],
            [
              -76.986928,
              39.827041
            ],
            [
              -76.986938,
              39.827041
            ],
            [
              -76.986938,
              39.827034
            ],
            [
              -76.986928,
              39.827034
            ]
          ],
          [
            [
              -76.985932,
              39.826876
            ],
            [
              -76.985925,
              39.826876
            ],
            [
              -76.985925,
              39.826877
            ],
            [
              -76.985932,
              39.826877
            ],
            [
              -76.985932,
              39.826876
            ]
          ],
          [
            [
              -76.986124,
              39.827069
            ],
            [
              -76.986124,
              39.827064
            ]
          ],
          [
            [
              -76.986124,
              39.827064
            ],
            [
              -76.986132,
              39.827064
            ]
          ],
          [
            [
              -76.98612,
              39.827069
            ],
            [
              -76.98612,
              39.827064
            ]
          ],
          [
            [
              -76.98612,
              39.827064
            ],
            [
              -76.986112,
              39.827064
            ]
          ],
          [
            [
              -76.986132,
              39.827064
            ],
            [
              -76.986124,
              39.827064
            ]
          ],
          [
            [
              -76.986124,
              39.827064
            ],
            [
              -76.986124,
              39.827059
            ]
          ],
          [
            [
              -76.986124,
              39.827059
            ],
            [
              -76.986132,
              39.827059
            ]
          ],
          [
            [
              -76.986112,
              39.827064
            ],
            [
              -76.98612,
              39.827064
            ]
          ],
          [
            [
              -76.98612,
              39.827064
            ],
            [
              -76.98612,
              39.827059
            ]
          ],
          [
            [
              -76.98612,
              39.827059
            ],
            [
              -76.986112,
              39.827059
            ]
          ],
          [
            [
              -76.986132,
              39.827059
            ],
            [
              -76.986124,
              39.827059
            ]
          ],
          [
            [
              -76.986124,
              39.827059
            ],
            [
              -76.986124,
              39.827054
            ]
          ],
          [
            [
              -76.986124,
              39.827054
            ],
            [
              -76.986132,
              39.827054
            ]
          ],
          [
            [
              -76.986112,
              39.827059
            ],
            [
              -76.98612,
              39.827059
            ]
          ],
          [
            [
              -76.98612,
              39.827059
            ],
            [
              -76.98612,
              39.827054
            ]
          ],
          [
            [
              -76.98612,
              39.827054
            ],
            [
              -76.986112,
              39.827054
            ]
          ],
          [
            [
              -76.986132,
              39.827053
            ],
            [
              -76.986124,
              39.827053
            ]
          ],
          [
            [
              -76.986124,
              39.827053
            ],
            [
              -76.986124,
              39.827048
            ]
          ],
          [
            [
              -76.986124,
              39.827048
            ],
            [
              -76.986132,
              39.827048
            ]
          ],
          [
            [
              -76.986112,
              39.827053
            ],
            [
              -76.98612,
              39.827053
            ]
          ],
          [
            [
              -76.98612,
              39.827053
            ],
            [
              -76.98612,
              39.827048
            ]
          ],
          [
            [
              -76.98612,
              39.827048
            ],
            [
              -76.986112,
              39.827048
            ]
          ],
          [
            [
              -76.986132,
              39.827048
            ],
            [
              -76.986124,
              39.827048
            ]
          ],
          [
            [
              -76.986124,
              39.827048
            ],
            [
              -76.986124,
              39.827043
            ]
          ],
          [
            [
              -76.986124,
              39.827043
            ],
            [
              -76.986132,
              39.827043
            ]
          ],
          [
            [
              -76.986112,
              39.827048
            ],
            [
              -76.98612,
              39.827048
            ]
          ],
          [
            [
              -76.98612,
              39.827048
            ],
            [
              -76.98612,
              39.827043
            ]
          ],
          [
            [
              -76.98612,
              39.827043
            ],
            [
              -76.986112,
              39.827043
            ]
          ],
          [
            [
              -76.986132,
              39.827043
            ],
            [
              -76.986124,
              39.827043
            ]
          ],
          [
            [
              -76.986124,
              39.827043
            ],
            [
              -76.986124,
              39.827038
            ]
          ],
          [
            [
              -76.986124,
              39.827038
            ],
            [
              -76.986132,
              39.827038
            ]
          ],
          [
            [
              -76.986112,
              39.827043
            ],
            [
              -76.98612,
              39.827043
            ]
          ],
          [
            [
              -76.98612,
              39.827043
            ],
            [
              -76.98612,
              39.827038
            ]
          ],
          [
            [
              -76.98612,
              39.827038
            ],
            [
              -76.986112,
              39.827038
            ]
          ],
          [
            [
              -76.986132,
              39.827038
            ],
            [
              -76.986124,
              39.827038
            ]
          ],
          [
            [
              -76.986124,
              39.827038
            ],
            [
              -76.986124,
              39.827033
            ]
          ],
          [
            [
              -76.986124,
              39.827033
            ],
            [
              -76.986132,
              39.827033
            ]
          ],
          [
            [
              -76.986112,
              39.827038
            ],
            [
              -76.98612,
              39.827038
            ]
          ],
          [
            [
              -76.98612,
              39.827038
            ],
            [
              -76.98612,
              39.827033
            ]
          ],
          [
            [
              -76.98612,
              39.827033
            ],
            [
              -76.986112,
              39.827033
            ]
          ],
          [
            [
              -76.986132,
              39.827033
            ],
            [
              -76.986124,
              39.827033
            ]
          ],
          [
            [
              -76.986124,
              39.827033
            ],
            [
              -76.986124,
              39.827028
            ]
          ],
          [
            [
              -76.986124,
              39.827028
            ],
            [
              -76.986132,
              39.827028
            ]
          ],
          [
            [
              -76.986112,
              39.827033
            ],
            [
              -76.98612,
              39.827033
            ]
          ],
          [
            [
              -76.98612,
              39.827033
            ],
            [
              -76.98612,
              39.827028
            ]
          ],
          [
            [
              -76.98612,
              39.827028
            ],
            [
              -76.986112,
              39.827028
            ]
          ],
          [
            [
              -76.986132,
              39.827027
            ],
            [
              -76.986124,
              39.827027
            ]
          ],
          [
            [
              -76.986124,
              39.827027
            ],
            [
              -76.986124,
              39.827022
            ]
          ],
          [
            [
              -76.986124,
              39.827022
            ],
            [
              -76.986132,
              39.827022
            ]
          ],
          [
            [
              -76.986112,
              39.827027
            ],
            [
              -76.98612,
              39.827027
            ]
          ],
          [
            [
              -76.98612,
              39.827027
            ],
            [
              -76.98612,
              39.827022
            ]
          ],
          [
            [
              -76.98612,
              39.827022
            ],
            [
              -76.986112,
              39.827022
            ]
          ],
          [
            [
              -76.986132,
              39.827022
            ],
            [
              -76.986124,
              39.827022
            ]
          ],
          [
            [
              -76.986124,
              39.827022
            ],
            [
              -76.986124,
              39.827017
            ]
          ],
          [
            [
              -76.986124,
              39.827017
            ],
            [
              -76.986132,
              39.827017
            ]
          ],
          [
            [
              -76.986112,
              39.827022
            ],
            [
              -76.98612,
              39.827022
            ]
          ],
          [
            [
              -76.98612,
              39.827022
            ],
            [
              -76.98612,
              39.827017
            ]
          ],
          [
            [
              -76.98612,
              39.827017
            ],
            [
              -76.986112,
              39.827017
            ]
          ],
          [
            [
              -76.986124,
              39.827012
            ],
            [
              -76.986124,
              39.827017
            ]
          ],
          [
            [
              -76.986124,
              39.827017
            ],
            [
              -76.986132,
              39.827017
            ]
          ],
          [
            [
              -76.98612,
              39.827012
            ],
            [
              -76.98612,
              39.827017
            ]
          ],
          [
            [
              -76.98612,
              39.827017
            ],
            [
              -76.986112,
              39.827017
            ]
          ],
          [
            [
              -76.986132,
              39.827069
            ],
            [
              -76.986112,
              39.827069
            ]
          ],
          [
            [
              -76.986112,
              39.827069
            ],
            [
              -76.986112,
              39.827012
            ]
          ],
          [
            [
              -76.986112,
              39.827012
            ],
            [
              -76.986132,
              39.827012
            ]
          ],
          [
            [
              -76.986132,
              39.827012
            ],
            [
              -76.986132,
              39.827069
            ]
          ],
          [
            [
              -76.9866,
              39.826861
            ],
            [
              -76.9866,
              39.826857
            ],
            [
              -76.986602,
              39.826857
            ],
            [
              -76.986602,
              39.826861
            ],
            [
              -76.9866,
              39.826861
            ]
          ],
          [
            [
              -76.986009,
              39.82698
            ],
            [
              -76.986002,
              39.82698
            ],
            [
              -76.986002,
              39.826981
            ],
            [
              -76.986009,
              39.826981
            ],
            [
              -76.986009,
              39.82698
            ]
          ],
          [
            [
              -76.98626,
              39.826845
            ],
            [
              -76.986265,
              39.826845
            ],
            [
              -76.986265,
              39.826843
            ],
            [
              -76.98626,
              39.826843
            ],
            [
              -76.98626,
              39.826845
            ]
          ],
          [
            [
              -76.985494,
              39.826598
            ],
            [
              -76.985499,
              39.826598
            ],
            [
              -76.985499,
              39.826603
            ],
            [
              -76.985494,
              39.826603
            ],
            [
              -76.985494,
              39.826598
            ]
          ],
          [
            [
              -76.985497,
              39.826603
            ],
            [
              -76.985498,
              39.826603
            ],
            [
              -76.985497,
              39.826603
            ]
          ],
          [
            [
              -76.985495,
              39.826596
            ],
            [
              -76.985498,
              39.826596
            ],
            [
              -76.985498,
              39.826598
            ],
            [
              -76.985494,
              39.826598
            ],
            [
              -76.985494,
              39.826596
            ],
            [
              -76.985495,
              39.826596
            ]
          ],
          [
            [
              -76.985473,
              39.826857
            ],
            [
              -76.985488,
              39.826857
            ],
            [
              -76.985488,
              39.82686
            ],
            [
              -76.985473,
              39.82686
            ],
            [
              -76.985473,
              39.826857
            ]
          ],
          [
            [
              -76.985473,
              39.826854
            ],
            [
              -76.985473,
              39.826857
            ],
            [
              -76.985473,
              39.826854
            ]
          ],
          [
            [
              -76.985487,
              39.826854
            ],
            [
              -76.985488,
              39.826854
            ],
            [
              -76.985488,
              39.826857
            ],
            [
              -76.985487,
              39.826857
            ],
            [
              -76.985487,
              39.826854
            ]
          ],
          [
            [
              -76.985473,
              39.826857
            ],
            [
              -76.985487,
              39.826857
            ]
          ],
          [
            [
              -76.985487,
              39.826854
            ],
            [
              -76.985473,
              39.826854
            ]
          ],
          [
            [
              -76.985494,
              39.826618
            ],
            [
              -76.9855,
              39.826618
            ],
            [
              -76.9855,
              39.826619
            ],
            [
              -76.985494,
              39.826619
            ],
            [
              -76.985494,
              39.826618
            ]
          ],
          [
            [
              -76.98591,
              39.826995
            ],
            [
              -76.985906,
              39.826995
            ],
            [
              -76.985906,
              39.826993
            ],
            [
              -76.98591,
              39.826993
            ],
            [
              -76.98591,
              39.826995
            ]
          ],
          [
            [
              -76.986978,
              39.826918
            ],
            [
              -76.986972,
              39.826918
            ],
            [
              -76.986972,
              39.826914
            ],
            [
              -76.986978,
              39.826914
            ],
            [
              -76.986978,
              39.826918
            ]
          ],
          [
            [
              -76.986978,
              39.826976
            ],
            [
              -76.986972,
              39.826976
            ],
            [
              -76.986972,
              39.826973
            ],
            [
              -76.986978,
              39.826973
            ],
            [
              -76.986978,
              39.826976
            ]
          ],
          [
            [
              -76.985928,
              39.826918
            ],
            [
              -76.985932,
              39.826918
            ],
            [
              -76.985932,
              39.82692
            ],
            [
              -76.985928,
              39.82692
            ],
            [
              -76.985928,
              39.826918
            ]
          ],
          [
            [
              -76.985527,
              39.827132
            ],
            [
              -76.985517,
              39.827132
            ],
            [
              -76.985517,
              39.827136
            ],
            [
              -76.985527,
              39.827136
            ],
            [
              -76.985527,
              39.827132
            ]
          ],
          [
            [
              -76.985997,
              39.826915
            ],
            [
              -76.985997,
              39.826909
            ]
          ],
          [
            [
              -76.986005,
              39.826909
            ],
            [
              -76.986005,
              39.826915
            ]
          ],
          [
            [
              -76.985998,
              39.826915
            ],
            [
              -76.985998,
              39.826909
            ]
          ],
          [
            [
              -76.985997,
              39.826909
            ],
            [
              -76.986005,
              39.826909
            ]
          ],
          [
            [
              -76.985997,
              39.826915
            ],
            [
              -76.986005,
              39.826915
            ]
          ],
          [
            [
              -76.985997,
              39.826939
            ],
            [
              -76.985997,
              39.826933
            ]
          ],
          [
            [
              -76.986005,
              39.826933
            ],
            [
              -76.986005,
              39.826939
            ]
          ],
          [
            [
              -76.985998,
              39.826939
            ],
            [
              -76.985998,
              39.826933
            ]
          ],
          [
            [
              -76.985997,
              39.826933
            ],
            [
              -76.986005,
              39.826933
            ]
          ],
          [
            [
              -76.985997,
              39.826939
            ],
            [
              -76.986005,
              39.826939
            ]
          ],
          [
            [
              -76.986004,
              39.826926
            ],
            [
              -76.98599,
              39.826926
            ]
          ],
          [
            [
              -76.98599,
              39.826922
            ],
            [
              -76.986004,
              39.826922
            ]
          ],
          [
            [
              -76.986004,
              39.826926
            ],
            [
              -76.98599,
              39.826926
            ]
          ],
          [
            [
              -76.98599,
              39.826926
            ],
            [
              -76.98599,
              39.826922
            ]
          ],
          [
            [
              -76.986004,
              39.826926
            ],
            [
              -76.986004,
              39.826922
            ]
          ],
          [
            [
              -76.985983,
              39.826884
            ],
            [
              -76.985969,
              39.826884
            ]
          ],
          [
            [
              -76.985969,
              39.826881
            ],
            [
              -76.985983,
              39.826881
            ]
          ],
          [
            [
              -76.985983,
              39.826884
            ],
            [
              -76.985969,
              39.826884
            ]
          ],
          [
            [
              -76.985969,
              39.826884
            ],
            [
              -76.985969,
              39.826881
            ]
          ],
          [
            [
              -76.985983,
              39.826884
            ],
            [
              -76.985983,
              39.826881
            ]
          ],
          [
            [
              -76.985997,
              39.826912
            ],
            [
              -76.985983,
              39.826912
            ]
          ],
          [
            [
              -76.985983,
              39.826908
            ],
            [
              -76.985997,
              39.826908
            ]
          ],
          [
            [
              -76.985997,
              39.826912
            ],
            [
              -76.985983,
              39.826912
            ]
          ],
          [
            [
              -76.985983,
              39.826912
            ],
            [
              -76.985983,
              39.826908
            ]
          ],
          [
            [
              -76.985997,
              39.826912
            ],
            [
              -76.985997,
              39.826908
            ]
          ],
          [
            [
              -76.985997,
              39.826898
            ],
            [
              -76.985983,
              39.826898
            ]
          ],
          [
            [
              -76.985983,
              39.826902
            ],
            [
              -76.985997,
              39.826902
            ]
          ],
          [
            [
              -76.985997,
              39.826898
            ],
            [
              -76.985983,
              39.826898
            ]
          ],
          [
            [
              -76.985983,
              39.826898
            ],
            [
              -76.985983,
              39.826902
            ]
          ],
          [
            [
              -76.985997,
              39.826898
            ],
            [
              -76.985997,
              39.826902
            ]
          ],
          [
            [
              -76.985983,
              39.826898
            ],
            [
              -76.985969,
              39.826898
            ]
          ],
          [
            [
              -76.985969,
              39.826894
            ],
            [
              -76.985983,
              39.826894
            ]
          ],
          [
            [
              -76.985983,
              39.826898
            ],
            [
              -76.985969,
              39.826898
            ]
          ],
          [
            [
              -76.985969,
              39.826898
            ],
            [
              -76.985969,
              39.826894
            ]
          ],
          [
            [
              -76.985983,
              39.826898
            ],
            [
              -76.985983,
              39.826894
            ]
          ],
          [
            [
              -76.985997,
              39.826912
            ],
            [
              -76.985983,
              39.826912
            ]
          ],
          [
            [
              -76.985983,
              39.826916
            ],
            [
              -76.985997,
              39.826916
            ]
          ],
          [
            [
              -76.985997,
              39.826912
            ],
            [
              -76.985983,
              39.826912
            ]
          ],
          [
            [
              -76.985983,
              39.826912
            ],
            [
              -76.985983,
              39.826916
            ]
          ],
          [
            [
              -76.985997,
              39.826912
            ],
            [
              -76.985997,
              39.826916
            ]
          ],
          [
            [
              -76.985997,
              39.826901
            ],
            [
              -76.985997,
              39.826895
            ]
          ],
          [
            [
              -76.986005,
              39.826895
            ],
            [
              -76.986005,
              39.826901
            ]
          ],
          [
            [
              -76.985998,
              39.826901
            ],
            [
              -76.985998,
              39.826895
            ]
          ],
          [
            [
              -76.985997,
              39.826895
            ],
            [
              -76.986005,
              39.826895
            ]
          ],
          [
            [
              -76.985997,
              39.826901
            ],
            [
              -76.986005,
              39.826901
            ]
          ],
          [
            [
              -76.985969,
              39.826909
            ],
            [
              -76.985969,
              39.826915
            ]
          ],
          [
            [
              -76.985962,
              39.826915
            ],
            [
              -76.985962,
              39.826909
            ]
          ],
          [
            [
              -76.985969,
              39.826909
            ],
            [
              -76.985969,
              39.826915
            ]
          ],
          [
            [
              -76.985969,
              39.826915
            ],
            [
              -76.985962,
              39.826915
            ]
          ],
          [
            [
              -76.985969,
              39.826909
            ],
            [
              -76.985962,
              39.826909
            ]
          ],
          [
            [
              -76.985983,
              39.826912
            ],
            [
              -76.985969,
              39.826912
            ]
          ],
          [
            [
              -76.985969,
              39.826916
            ],
            [
              -76.985983,
              39.826916
            ]
          ],
          [
            [
              -76.985983,
              39.826912
            ],
            [
              -76.985969,
              39.826912
            ]
          ],
          [
            [
              -76.985969,
              39.826912
            ],
            [
              -76.985969,
              39.826916
            ]
          ],
          [
            [
              -76.985983,
              39.826912
            ],
            [
              -76.985983,
              39.826916
            ]
          ],
          [
            [
              -76.985983,
              39.826898
            ],
            [
              -76.985969,
              39.826898
            ]
          ],
          [
            [
              -76.985969,
              39.826902
            ],
            [
              -76.985983,
              39.826902
            ]
          ],
          [
            [
              -76.985983,
              39.826898
            ],
            [
              -76.985969,
              39.826898
            ]
          ],
          [
            [
              -76.985969,
              39.826898
            ],
            [
              -76.985969,
              39.826902
            ]
          ],
          [
            [
              -76.985983,
              39.826898
            ],
            [
              -76.985983,
              39.826902
            ]
          ],
          [
            [
              -76.985997,
              39.826939
            ],
            [
              -76.985997,
              39.826933
            ]
          ],
          [
            [
              -76.98599,
              39.826933
            ],
            [
              -76.98599,
              39.826939
            ]
          ],
          [
            [
              -76.985997,
              39.826939
            ],
            [
              -76.985997,
              39.826933
            ]
          ],
          [
            [
              -76.985997,
              39.826933
            ],
            [
              -76.98599,
              39.826933
            ]
          ],
          [
            [
              -76.985997,
              39.826939
            ],
            [
              -76.98599,
              39.826939
            ]
          ],
          [
            [
              -76.985997,
              39.826884
            ],
            [
              -76.985983,
              39.826884
            ]
          ],
          [
            [
              -76.985983,
              39.826881
            ],
            [
              -76.985997,
              39.826881
            ]
          ],
          [
            [
              -76.985997,
              39.826884
            ],
            [
              -76.985983,
              39.826884
            ]
          ],
          [
            [
              -76.985983,
              39.826884
            ],
            [
              -76.985983,
              39.826881
            ]
          ],
          [
            [
              -76.985997,
              39.826884
            ],
            [
              -76.985997,
              39.826881
            ]
          ],
          [
            [
              -76.985983,
              39.826884
            ],
            [
              -76.985969,
              39.826884
            ]
          ],
          [
            [
              -76.985969,
              39.826888
            ],
            [
              -76.985983,
              39.826888
            ]
          ],
          [
            [
              -76.985983,
              39.826884
            ],
            [
              -76.985969,
              39.826884
            ]
          ],
          [
            [
              -76.985969,
              39.826884
            ],
            [
              -76.985969,
              39.826888
            ]
          ],
          [
            [
              -76.985983,
              39.826884
            ],
            [
              -76.985983,
              39.826888
            ]
          ],
          [
            [
              -76.985997,
              39.826888
            ],
            [
              -76.985997,
              39.826881
            ]
          ],
          [
            [
              -76.986005,
              39.826881
            ],
            [
              -76.986005,
              39.826888
            ]
          ],
          [
            [
              -76.985998,
              39.826888
            ],
            [
              -76.985998,
              39.826881
            ]
          ],
          [
            [
              -76.985997,
              39.826881
            ],
            [
              -76.986005,
              39.826881
            ]
          ],
          [
            [
              -76.985997,
              39.826888
            ],
            [
              -76.986005,
              39.826888
            ]
          ],
          [
            [
              -76.985969,
              39.826895
            ],
            [
              -76.985969,
              39.826901
            ]
          ],
          [
            [
              -76.985962,
              39.826901
            ],
            [
              -76.985962,
              39.826895
            ]
          ],
          [
            [
              -76.985969,
              39.826895
            ],
            [
              -76.985969,
              39.826901
            ]
          ],
          [
            [
              -76.985969,
              39.826901
            ],
            [
              -76.985962,
              39.826901
            ]
          ],
          [
            [
              -76.985969,
              39.826895
            ],
            [
              -76.985962,
              39.826895
            ]
          ],
          [
            [
              -76.985997,
              39.826884
            ],
            [
              -76.985983,
              39.826884
            ]
          ],
          [
            [
              -76.985983,
              39.826888
            ],
            [
              -76.985997,
              39.826888
            ]
          ],
          [
            [
              -76.985997,
              39.826884
            ],
            [
              -76.985983,
              39.826884
            ]
          ],
          [
            [
              -76.985983,
              39.826884
            ],
            [
              -76.985983,
              39.826888
            ]
          ],
          [
            [
              -76.985997,
              39.826884
            ],
            [
              -76.985997,
              39.826888
            ]
          ],
          [
            [
              -76.985969,
              39.826881
            ],
            [
              -76.985969,
              39.826888
            ]
          ],
          [
            [
              -76.985962,
              39.826888
            ],
            [
              -76.985962,
              39.826881
            ]
          ],
          [
            [
              -76.985969,
              39.826881
            ],
            [
              -76.985969,
              39.826888
            ]
          ],
          [
            [
              -76.985969,
              39.826888
            ],
            [
              -76.985962,
              39.826888
            ]
          ],
          [
            [
              -76.985969,
              39.826881
            ],
            [
              -76.985962,
              39.826881
            ]
          ],
          [
            [
              -76.986897,
              39.826629
            ],
            [
              -76.98689,
              39.826629
            ]
          ],
          [
            [
              -76.98689,
              39.826629
            ],
            [
              -76.98689,
              39.826625
            ]
          ],
          [
            [
              -76.98689,
              39.826625
            ],
            [
              -76.986897,
              39.826625
            ]
          ],
          [
            [
              -76.986897,
              39.826625
            ],
            [
              -76.986897,
              39.826629
            ]
          ],
          [
            [
              -76.985997,
              39.826933
            ],
            [
              -76.985997,
              39.826926
            ]
          ],
          [
            [
              -76.98599,
              39.826926
            ],
            [
              -76.98599,
              39.826933
            ]
          ],
          [
            [
              -76.985997,
              39.826933
            ],
            [
              -76.985997,
              39.826926
            ]
          ],
          [
            [
              -76.985997,
              39.826926
            ],
            [
              -76.98599,
              39.826926
            ]
          ],
          [
            [
              -76.985997,
              39.826933
            ],
            [
              -76.98599,
              39.826933
            ]
          ],
          [
            [
              -76.985997,
              39.826933
            ],
            [
              -76.985997,
              39.826926
            ]
          ],
          [
            [
              -76.986005,
              39.826926
            ],
            [
              -76.986005,
              39.826933
            ]
          ],
          [
            [
              -76.985998,
              39.826933
            ],
            [
              -76.985998,
              39.826926
            ]
          ],
          [
            [
              -76.985997,
              39.826926
            ],
            [
              -76.986005,
              39.826926
            ]
          ],
          [
            [
              -76.985997,
              39.826933
            ],
            [
              -76.986005,
              39.826933
            ]
          ],
          [
            [
              -76.986876,
              39.826629
            ],
            [
              -76.986869,
              39.826629
            ]
          ],
          [
            [
              -76.986869,
              39.826629
            ],
            [
              -76.986869,
              39.826625
            ]
          ],
          [
            [
              -76.986869,
              39.826625
            ],
            [
              -76.986876,
              39.826625
            ]
          ],
          [
            [
              -76.986876,
              39.826625
            ],
            [
              -76.986876,
              39.826629
            ]
          ],
          [
            [
              -76.986876,
              39.826629
            ],
            [
              -76.98689,
              39.826629
            ],
            [
              -76.98689,
              39.826626
            ],
            [
              -76.986876,
              39.826626
            ],
            [
              -76.986876,
              39.826629
            ]
          ],
          [
            [
              -76.986003,
              39.826945
            ],
            [
              -76.986003,
              39.826939
            ],
            [
              -76.985992,
              39.826939
            ],
            [
              -76.985992,
              39.826945
            ],
            [
              -76.986003,
              39.826945
            ]
          ],
          [
            [
              -76.985997,
              39.826898
            ],
            [
              -76.985983,
              39.826898
            ]
          ],
          [
            [
              -76.985983,
              39.826894
            ],
            [
              -76.985997,
              39.826894
            ]
          ],
          [
            [
              -76.985997,
              39.826898
            ],
            [
              -76.985983,
              39.826898
            ]
          ],
          [
            [
              -76.985983,
              39.826898
            ],
            [
              -76.985983,
              39.826894
            ]
          ],
          [
            [
              -76.985997,
              39.826898
            ],
            [
              -76.985997,
              39.826894
            ]
          ],
          [
            [
              -76.985983,
              39.826912
            ],
            [
              -76.985969,
              39.826912
            ]
          ],
          [
            [
              -76.985969,
              39.826908
            ],
            [
              -76.985983,
              39.826908
            ]
          ],
          [
            [
              -76.985983,
              39.826912
            ],
            [
              -76.985969,
              39.826912
            ]
          ],
          [
            [
              -76.985969,
              39.826912
            ],
            [
              -76.985969,
              39.826908
            ]
          ],
          [
            [
              -76.985983,
              39.826912
            ],
            [
              -76.985983,
              39.826908
            ]
          ],
          [
            [
              -76.986009,
              39.82705
            ],
            [
              -76.986002,
              39.82705
            ],
            [
              -76.986002,
              39.827048
            ],
            [
              -76.986009,
              39.827048
            ],
            [
              -76.986009,
              39.82705
            ]
          ],
          [
            [
              -76.986009,
              39.827038
            ],
            [
              -76.986002,
              39.827038
            ],
            [
              -76.986002,
              39.82704
            ],
            [
              -76.986009,
              39.82704
            ],
            [
              -76.986009,
              39.827038
            ]
          ],
          [
            [
              -76.986646,
              39.826626
            ],
            [
              -76.986639,
              39.826626
            ],
            [
              -76.986639,
              39.826627
            ],
            [
              -76.986646,
              39.826627
            ],
            [
              -76.986646,
              39.826626
            ]
          ],
          [
            [
              -76.985511,
              39.826614
            ],
            [
              -76.985511,
              39.826607
            ]
          ],
          [
            [
              -76.985511,
              39.826607
            ],
            [
              -76.985516,
              39.826607
            ]
          ],
          [
            [
              -76.985516,
              39.826607
            ],
            [
              -76.985516,
              39.826614
            ]
          ],
          [
            [
              -76.985516,
              39.826609
            ],
            [
              -76.985511,
              39.826609
            ]
          ],
          [
            [
              -76.985516,
              39.826612
            ],
            [
              -76.985511,
              39.826612
            ]
          ],
          [
            [
              -76.985516,
              39.826614
            ],
            [
              -76.985511,
              39.826614
            ]
          ],
          [
            [
              -76.985844,
              39.827051
            ],
            [
              -76.985837,
              39.827051
            ],
            [
              -76.985837,
              39.827047
            ],
            [
              -76.985844,
              39.827047
            ],
            [
              -76.985844,
              39.827051
            ]
          ],
          [
            [
              -76.986496,
              39.827025
            ],
            [
              -76.986496,
              39.827028
            ],
            [
              -76.986502,
              39.827028
            ],
            [
              -76.986502,
              39.827025
            ],
            [
              -76.986496,
              39.827025
            ]
          ],
          [
            [
              -76.98688,
              39.826861
            ],
            [
              -76.986887,
              39.826861
            ],
            [
              -76.986887,
              39.826854
            ],
            [
              -76.98688,
              39.826854
            ],
            [
              -76.98688,
              39.826861
            ]
          ],
          [
            [
              -76.98688,
              39.826855
            ],
            [
              -76.986887,
              39.826855
            ]
          ],
          [
            [
              -76.98688,
              39.82686
            ],
            [
              -76.986887,
              39.82686
            ]
          ],
          [
            [
              -76.98688,
              39.826855
            ],
            [
              -76.98688,
              39.82686
            ]
          ],
          [
            [
              -76.986887,
              39.82686
            ],
            [
              -76.986887,
              39.826855
            ]
          ],
          [
            [
              -76.98698,
              39.826861
            ],
            [
              -76.986972,
              39.826861
            ],
            [
              -76.986972,
              39.826854
            ],
            [
              -76.98698,
              39.826854
            ],
            [
              -76.98698,
              39.826861
            ]
          ],
          [
            [
              -76.98698,
              39.826855
            ],
            [
              -76.986972,
              39.826855
            ]
          ],
          [
            [
              -76.98698,
              39.826861
            ],
            [
              -76.986972,
              39.826861
            ]
          ],
          [
            [
              -76.98698,
              39.826855
            ],
            [
              -76.98698,
              39.826861
            ]
          ],
          [
            [
              -76.986972,
              39.826861
            ],
            [
              -76.986972,
              39.826855
            ]
          ],
          [
            [
              -76.986134,
              39.826693
            ],
            [
              -76.986141,
              39.826693
            ]
          ],
          [
            [
              -76.986111,
              39.826695
            ],
            [
              -76.986104,
              39.826695
            ]
          ],
          [
            [
              -76.986104,
              39.826672
            ],
            [
              -76.986107,
              39.826671
            ]
          ],
          [
            [
              -76.986107,
              39.826671
            ],
            [
              -76.986112,
              39.826673
            ]
          ],
          [
            [
              -76.986164,
              39.826673
            ],
            [
              -76.986169,
              39.826671
            ]
          ],
          [
            [
              -76.98613,
              39.826674
            ],
            [
              -76.986138,
              39.826674
            ]
          ],
          [
            [
              -76.986138,
              39.826678
            ],
            [
              -76.98613,
              39.826678
            ]
          ],
          [
            [
              -76.986108,
              39.826704
            ],
            [
              -76.986105,
              39.826703
            ]
          ],
          [
            [
              -76.986105,
              39.826703
            ],
            [
              -76.986105,
              39.826695
            ]
          ],
          [
            [
              -76.986105,
              39.826695
            ],
            [
              -76.986104,
              39.826695
            ]
          ],
          [
            [
              -76.986104,
              39.826695
            ],
            [
              -76.986104,
              39.826703
            ]
          ],
          [
            [
              -76.986104,
              39.826703
            ],
            [
              -76.986108,
              39.826704
            ]
          ],
          [
            [
              -76.986108,
              39.826704
            ],
            [
              -76.986129,
              39.826704
            ]
          ],
          [
            [
              -76.98614,
              39.826704
            ],
            [
              -76.986161,
              39.826704
            ]
          ],
          [
            [
              -76.986161,
              39.826704
            ],
            [
              -76.986164,
              39.826703
            ]
          ],
          [
            [
              -76.986139,
              39.826693
            ],
            [
              -76.986136,
              39.826693
            ]
          ],
          [
            [
              -76.986136,
              39.826693
            ],
            [
              -76.986136,
              39.826686
            ]
          ],
          [
            [
              -76.986111,
              39.826673
            ],
            [
              -76.986111,
              39.82669
            ]
          ],
          [
            [
              -76.986111,
              39.82669
            ],
            [
              -76.986111,
              39.826673
            ]
          ],
          [
            [
              -76.986145,
              39.826686
            ],
            [
              -76.986145,
              39.826678
            ]
          ],
          [
            [
              -76.98613,
              39.826686
            ],
            [
              -76.986145,
              39.826686
            ]
          ],
          [
            [
              -76.986106,
              39.826691
            ],
            [
              -76.986106,
              39.82669
            ]
          ],
          [
            [
              -76.986104,
              39.826695
            ],
            [
              -76.986104,
              39.82669
            ]
          ],
          [
            [
              -76.986164,
              39.826703
            ],
            [
              -76.986164,
              39.826673
            ]
          ],
          [
            [
              -76.986171,
              39.826673
            ],
            [
              -76.986164,
              39.826673
            ]
          ],
          [
            [
              -76.986145,
              39.826678
            ],
            [
              -76.98613,
              39.826678
            ]
          ],
          [
            [
              -76.986138,
              39.826678
            ],
            [
              -76.986138,
              39.826674
            ]
          ],
          [
            [
              -76.986105,
              39.826691
            ],
            [
              -76.986106,
              39.826691
            ]
          ],
          [
            [
              -76.986155,
              39.826664
            ],
            [
              -76.986164,
              39.826668
            ]
          ],
          [
            [
              -76.986171,
              39.826672
            ],
            [
              -76.986171,
              39.826673
            ]
          ],
          [
            [
              -76.986139,
              39.826679
            ],
            [
              -76.986138,
              39.826679
            ]
          ],
          [
            [
              -76.986121,
              39.826664
            ],
            [
              -76.986155,
              39.826664
            ]
          ],
          [
            [
              -76.986104,
              39.82669
            ],
            [
              -76.986111,
              39.82669
            ]
          ],
          [
            [
              -76.986129,
              39.826704
            ],
            [
              -76.986108,
              39.826704
            ]
          ],
          [
            [
              -76.986164,
              39.826703
            ],
            [
              -76.986161,
              39.826704
            ]
          ],
          [
            [
              -76.986104,
              39.826673
            ],
            [
              -76.986104,
              39.826672
            ]
          ],
          [
            [
              -76.986138,
              39.826679
            ],
            [
              -76.986139,
              39.826679
            ]
          ],
          [
            [
              -76.986138,
              39.826674
            ],
            [
              -76.986138,
              39.826678
            ]
          ],
          [
            [
              -76.986138,
              39.826674
            ],
            [
              -76.986146,
              39.826674
            ]
          ],
          [
            [
              -76.986164,
              39.826673
            ],
            [
              -76.986164,
              39.826703
            ]
          ],
          [
            [
              -76.986151,
              39.826667
            ],
            [
              -76.986124,
              39.826667
            ]
          ],
          [
            [
              -76.986139,
              39.826686
            ],
            [
              -76.986139,
              39.826693
            ]
          ],
          [
            [
              -76.986141,
              39.826693
            ],
            [
              -76.986141,
              39.826697
            ]
          ],
          [
            [
              -76.986112,
              39.826673
            ],
            [
              -76.986111,
              39.826673
            ]
          ],
          [
            [
              -76.986124,
              39.826667
            ],
            [
              -76.986116,
              39.826671
            ]
          ],
          [
            [
              -76.986146,
              39.826678
            ],
            [
              -76.986138,
              39.826678
            ]
          ],
          [
            [
              -76.986159,
              39.826671
            ],
            [
              -76.986151,
              39.826667
            ]
          ],
          [
            [
              -76.986105,
              39.82669
            ],
            [
              -76.986105,
              39.826691
            ]
          ],
          [
            [
              -76.986111,
              39.826673
            ],
            [
              -76.986104,
              39.826673
            ]
          ],
          [
            [
              -76.986111,
              39.826668
            ],
            [
              -76.986121,
              39.826664
            ]
          ],
          [
            [
              -76.98613,
              39.826678
            ],
            [
              -76.986146,
              39.826678
            ]
          ],
          [
            [
              -76.986146,
              39.826674
            ],
            [
              -76.98613,
              39.826674
            ]
          ],
          [
            [
              -76.986106,
              39.82669
            ],
            [
              -76.986105,
              39.82669
            ]
          ],
          [
            [
              -76.986164,
              39.826668
            ],
            [
              -76.986159,
              39.826671
            ]
          ],
          [
            [
              -76.986134,
              39.826697
            ],
            [
              -76.986134,
              39.826693
            ]
          ],
          [
            [
              -76.986141,
              39.826697
            ],
            [
              -76.986134,
              39.826697
            ]
          ],
          [
            [
              -76.986111,
              39.82669
            ],
            [
              -76.986111,
              39.826695
            ]
          ],
          [
            [
              -76.98613,
              39.826678
            ],
            [
              -76.98613,
              39.826686
            ]
          ],
          [
            [
              -76.986161,
              39.826704
            ],
            [
              -76.98614,
              39.826704
            ]
          ],
          [
            [
              -76.986116,
              39.826671
            ],
            [
              -76.986111,
              39.826668
            ]
          ],
          [
            [
              -76.986169,
              39.826671
            ],
            [
              -76.986171,
              39.826672
            ]
          ],
          [
            [
              -76.986136,
              39.826686
            ],
            [
              -76.986139,
              39.826686
            ]
          ],
          [
            [
              -76.986213,
              39.826913
            ],
            [
              -76.986213,
              39.82688
            ]
          ],
          [
            [
              -76.986213,
              39.82688
            ],
            [
              -76.986179,
              39.82688
            ]
          ],
          [
            [
              -76.986179,
              39.82688
            ],
            [
              -76.986179,
              39.826913
            ]
          ],
          [
            [
              -76.986179,
              39.826913
            ],
            [
              -76.986213,
              39.826913
            ]
          ],
          [
            [
              -76.986214,
              39.826882
            ],
            [
              -76.986178,
              39.826882
            ]
          ],
          [
            [
              -76.986208,
              39.8269
            ],
            [
              -76.986208,
              39.826893
            ]
          ],
          [
            [
              -76.986179,
              39.826909
            ],
            [
              -76.986179,
              39.826913
            ]
          ],
          [
            [
              -76.986179,
              39.826913
            ],
            [
              -76.986213,
              39.826913
            ]
          ],
          [
            [
              -76.986213,
              39.826913
            ],
            [
              -76.986213,
              39.826909
            ]
          ],
          [
            [
              -76.986178,
              39.82688
            ],
            [
              -76.986214,
              39.82688
            ],
            [
              -76.986214,
              39.826886
            ],
            [
              -76.986178,
              39.826886
            ],
            [
              -76.986178,
              39.82688
            ]
          ],
          [
            [
              -76.986182,
              39.826893
            ],
            [
              -76.986208,
              39.826893
            ],
            [
              -76.986215,
              39.826893
            ],
            [
              -76.986215,
              39.826901
            ],
            [
              -76.986208,
              39.826901
            ],
            [
              -76.986208,
              39.8269
            ],
            [
              -76.986182,
              39.8269
            ],
            [
              -76.986182,
              39.826893
            ]
          ],
          [
            [
              -76.986178,
              39.826908
            ],
            [
              -76.986179,
              39.826908
            ],
            [
              -76.986179,
              39.826909
            ],
            [
              -76.986213,
              39.826909
            ],
            [
              -76.986213,
              39.826908
            ],
            [
              -76.986215,
              39.826908
            ],
            [
              -76.986215,
              39.826913
            ],
            [
              -76.986178,
              39.826913
            ],
            [
              -76.986178,
              39.826908
            ]
          ],
          [
            [
              -76.986337,
              39.826719
            ],
            [
              -76.986337,
              39.826723
            ],
            [
              -76.986342,
              39.826723
            ],
            [
              -76.986342,
              39.826719
            ],
            [
              -76.986337,
              39.826719
            ]
          ],
          [
            [
              -76.986337,
              39.826719
            ],
            [
              -76.986337,
              39.826722
            ],
            [
              -76.986342,
              39.826722
            ],
            [
              -76.986342,
              39.826719
            ],
            [
              -76.986337,
              39.826719
            ]
          ],
          [
            [
              -76.986342,
              39.826722
            ],
            [
              -76.986342,
              39.826723
            ],
            [
              -76.986342,
              39.826722
            ]
          ],
          [
            [
              -76.986337,
              39.826719
            ],
            [
              -76.986342,
              39.826719
            ],
            [
              -76.986342,
              39.82672
            ],
            [
              -76.986337,
              39.82672
            ],
            [
              -76.986342,
              39.82672
            ],
            [
              -76.986337,
              39.82672
            ],
            [
              -76.986337,
              39.826721
            ],
            [
              -76.986342,
              39.826721
            ],
            [
              -76.986337,
              39.826721
            ],
            [
              -76.986337,
              39.826722
            ],
            [
              -76.986342,
              39.826722
            ],
            [
              -76.986337,
              39.826722
            ],
            [
              -76.986342,
              39.826722
            ],
            [
              -76.986337,
              39.826722
            ],
            [
              -76.986342,
              39.826722
            ],
            [
              -76.986337,
              39.826722
            ],
            [
              -76.986342,
              39.826722
            ],
            [
              -76.986337,
              39.826722
            ],
            [
              -76.986337,
              39.826721
            ],
            [
              -76.986342,
              39.826721
            ],
            [
              -76.986337,
              39.826721
            ],
            [
              -76.986337,
              39.82672
            ],
            [
              -76.986342,
              39.82672
            ],
            [
              -76.986337,
              39.82672
            ],
            [
              -76.986342,
              39.82672
            ],
            [
              -76.986342,
              39.826719
            ],
            [
              -76.986337,
              39.826719
            ]
          ],
          [
            [
              -76.98665,
              39.826862
            ],
            [
              -76.98665,
              39.826858
            ],
            [
              -76.986652,
              39.826858
            ],
            [
              -76.986652,
              39.826862
            ],
            [
              -76.98665,
              39.826862
            ]
          ],
          [
            [
              -76.985903,
              39.826811
            ],
            [
              -76.985897,
              39.826811
            ],
            [
              -76.985897,
              39.826807
            ],
            [
              -76.985903,
              39.826807
            ],
            [
              -76.985903,
              39.826811
            ]
          ],
          [
            [
              -76.985879,
              39.826752
            ],
            [
              -76.985866,
              39.826752
            ],
            [
              -76.985866,
              39.826751
            ],
            [
              -76.985879,
              39.826751
            ],
            [
              -76.985879,
              39.826752
            ]
          ],
          [
            [
              -76.985879,
              39.826751
            ],
            [
              -76.985866,
              39.826751
            ]
          ],
          [
            [
              -76.98634,
              39.826861
            ],
            [
              -76.98634,
              39.826857
            ],
            [
              -76.986342,
              39.826857
            ],
            [
              -76.986342,
              39.826861
            ],
            [
              -76.98634,
              39.826861
            ]
          ],
          [
            [
              -76.986677,
              39.826657
            ],
            [
              -76.986677,
              39.82666
            ],
            [
              -76.986675,
              39.82666
            ],
            [
              -76.986675,
              39.826657
            ],
            [
              -76.986677,
              39.826657
            ]
          ],
          [
            [
              -76.986258,
              39.826597
            ],
            [
              -76.986271,
              39.826597
            ],
            [
              -76.986271,
              39.826594
            ],
            [
              -76.986258,
              39.826594
            ],
            [
              -76.986258,
              39.826597
            ]
          ],
          [
            [
              -76.986733,
              39.826657
            ],
            [
              -76.986733,
              39.82666
            ],
            [
              -76.986731,
              39.82666
            ],
            [
              -76.986731,
              39.826657
            ],
            [
              -76.986733,
              39.826657
            ]
          ],
          [
            [
              -76.986149,
              39.826861
            ],
            [
              -76.986149,
              39.826858
            ],
            [
              -76.986151,
              39.826858
            ],
            [
              -76.986151,
              39.826861
            ],
            [
              -76.986149,
              39.826861
            ]
          ],
          [
            [
              -76.986099,
              39.826861
            ],
            [
              -76.986099,
              39.826858
            ],
            [
              -76.986101,
              39.826858
            ],
            [
              -76.986101,
              39.826861
            ],
            [
              -76.986099,
              39.826861
            ]
          ],
          [
            [
              -76.986504,
              39.826861
            ],
            [
              -76.986504,
              39.826858
            ],
            [
              -76.986506,
              39.826858
            ],
            [
              -76.986506,
              39.826861
            ],
            [
              -76.986504,
              39.826861
            ]
          ],
          [
            [
              -76.9867,
              39.826861
            ],
            [
              -76.9867,
              39.826858
            ],
            [
              -76.986702,
              39.826858
            ],
            [
              -76.986702,
              39.826861
            ],
            [
              -76.9867,
              39.826861
            ]
          ],
          [
            [
              -76.986009,
              39.827005
            ],
            [
              -76.986002,
              39.827005
            ],
            [
              -76.986002,
              39.827006
            ],
            [
              -76.986009,
              39.827006
            ],
            [
              -76.986009,
              39.827005
            ]
          ],
          [
            [
              -76.986551,
              39.826862
            ],
            [
              -76.986551,
              39.826858
            ],
            [
              -76.986553,
              39.826858
            ],
            [
              -76.986553,
              39.826862
            ],
            [
              -76.986551,
              39.826862
            ]
          ],
          [
            [
              -76.986939,
              39.82688
            ],
            [
              -76.986941,
              39.82688
            ]
          ],
          [
            [
              -76.986941,
              39.82688
            ],
            [
              -76.986941,
              39.826886
            ]
          ],
          [
            [
              -76.986941,
              39.826886
            ],
            [
              -76.986939,
              39.826886
            ]
          ],
          [
            [
              -76.986939,
              39.82688
            ],
            [
              -76.986939,
              39.826886
            ]
          ],
          [
            [
              -76.986786,
              39.826913
            ],
            [
              -76.986788,
              39.826913
            ]
          ],
          [
            [
              -76.986788,
              39.826913
            ],
            [
              -76.986788,
              39.826919
            ]
          ],
          [
            [
              -76.986788,
              39.826919
            ],
            [
              -76.986786,
              39.826919
            ]
          ],
          [
            [
              -76.986786,
              39.826913
            ],
            [
              -76.986786,
              39.826919
            ]
          ],
          [
            [
              -76.985879,
              39.826736
            ],
            [
              -76.985879,
              39.826737
            ]
          ],
          [
            [
              -76.985879,
              39.826737
            ],
            [
              -76.985867,
              39.826737
            ]
          ],
          [
            [
              -76.985867,
              39.826737
            ],
            [
              -76.985867,
              39.826736
            ]
          ],
          [
            [
              -76.985879,
              39.826736
            ],
            [
              -76.985867,
              39.826736
            ]
          ],
          [
            [
              -76.986002,
              39.826844
            ],
            [
              -76.986002,
              39.826845
            ]
          ],
          [
            [
              -76.986002,
              39.826845
            ],
            [
              -76.98599,
              39.826845
            ]
          ],
          [
            [
              -76.98599,
              39.826845
            ],
            [
              -76.98599,
              39.826844
            ]
          ],
          [
            [
              -76.986002,
              39.826844
            ],
            [
              -76.98599,
              39.826844
            ]
          ],
          [
            [
              -76.985879,
              39.826764
            ],
            [
              -76.985879,
              39.826765
            ]
          ],
          [
            [
              -76.985879,
              39.826765
            ],
            [
              -76.985867,
              39.826765
            ]
          ],
          [
            [
              -76.985867,
              39.826765
            ],
            [
              -76.985867,
              39.826764
            ]
          ],
          [
            [
              -76.985879,
              39.826764
            ],
            [
              -76.985867,
              39.826764
            ]
          ],
          [
            [
              -76.985707,
              39.82679
            ],
            [
              -76.985707,
              39.826791
            ]
          ],
          [
            [
              -76.985707,
              39.826791
            ],
            [
              -76.985719,
              39.826791
            ]
          ],
          [
            [
              -76.985719,
              39.826791
            ],
            [
              -76.985719,
              39.82679
            ]
          ],
          [
            [
              -76.985707,
              39.82679
            ],
            [
              -76.985719,
              39.82679
            ]
          ],
          [
            [
              -76.986615,
              39.82688
            ],
            [
              -76.986617,
              39.82688
            ]
          ],
          [
            [
              -76.986617,
              39.82688
            ],
            [
              -76.986617,
              39.826886
            ]
          ],
          [
            [
              -76.986617,
              39.826886
            ],
            [
              -76.986615,
              39.826886
            ]
          ],
          [
            [
              -76.986615,
              39.82688
            ],
            [
              -76.986615,
              39.826886
            ]
          ],
          [
            [
              -76.986731,
              39.826913
            ],
            [
              -76.986733,
              39.826913
            ]
          ],
          [
            [
              -76.986733,
              39.826913
            ],
            [
              -76.986733,
              39.826919
            ]
          ],
          [
            [
              -76.986733,
              39.826919
            ],
            [
              -76.986731,
              39.826919
            ]
          ],
          [
            [
              -76.986731,
              39.826913
            ],
            [
              -76.986731,
              39.826919
            ]
          ],
          [
            [
              -76.986292,
              39.82688
            ],
            [
              -76.986293,
              39.82688
            ]
          ],
          [
            [
              -76.986293,
              39.82688
            ],
            [
              -76.986293,
              39.826886
            ]
          ],
          [
            [
              -76.986293,
              39.826886
            ],
            [
              -76.986292,
              39.826886
            ]
          ],
          [
            [
              -76.986292,
              39.82688
            ],
            [
              -76.986292,
              39.826886
            ]
          ],
          [
            [
              -76.986394,
              39.826657
            ],
            [
              -76.986396,
              39.826657
            ]
          ],
          [
            [
              -76.986396,
              39.826657
            ],
            [
              -76.986396,
              39.826663
            ]
          ],
          [
            [
              -76.986396,
              39.826663
            ],
            [
              -76.986394,
              39.826663
            ]
          ],
          [
            [
              -76.986394,
              39.826657
            ],
            [
              -76.986394,
              39.826663
            ]
          ],
          [
            [
              -76.986104,
              39.826932
            ],
            [
              -76.986122,
              39.826932
            ],
            [
              -76.986122,
              39.82693
            ],
            [
              -76.986104,
              39.82693
            ],
            [
              -76.986104,
              39.826932
            ]
          ],
          [
            [
              -76.986085,
              39.82694
            ],
            [
              -76.986085,
              39.826936
            ],
            [
              -76.986084,
              39.826936
            ],
            [
              -76.986083,
              39.826936
            ],
            [
              -76.986072,
              39.826936
            ],
            [
              -76.986071,
              39.826936
            ],
            [
              -76.986071,
              39.82694
            ]
          ],
          [
            [
              -76.986088,
              39.82694
            ],
            [
              -76.986088,
              39.826943
            ],
            [
              -76.986067,
              39.826943
            ],
            [
              -76.986067,
              39.82694
            ],
            [
              -76.986088,
              39.82694
            ]
          ],
          [
            [
              -76.986053,
              39.826884
            ],
            [
              -76.986053,
              39.82693
            ]
          ],
          [
            [
              -76.986053,
              39.82693
            ],
            [
              -76.986035,
              39.82693
            ]
          ],
          [
            [
              -76.986035,
              39.82693
            ],
            [
              -76.986035,
              39.826884
            ]
          ],
          [
            [
              -76.986035,
              39.826884
            ],
            [
              -76.986053,
              39.826884
            ]
          ],
          [
            [
              -76.986045,
              39.826887
            ],
            [
              -76.986045,
              39.82693
            ]
          ],
          [
            [
              -76.986053,
              39.826889
            ],
            [
              -76.986045,
              39.826889
            ]
          ],
          [
            [
              -76.986053,
              39.826897
            ],
            [
              -76.986045,
              39.826897
            ]
          ],
          [
            [
              -76.986053,
              39.826905
            ],
            [
              -76.986045,
              39.826905
            ]
          ],
          [
            [
              -76.986053,
              39.826914
            ],
            [
              -76.986045,
              39.826914
            ]
          ],
          [
            [
              -76.986053,
              39.826922
            ],
            [
              -76.986045,
              39.826922
            ]
          ],
          [
            [
              -76.986053,
              39.826909
            ],
            [
              -76.986045,
              39.826909
            ]
          ],
          [
            [
              -76.986053,
              39.826918
            ],
            [
              -76.986045,
              39.826918
            ]
          ],
          [
            [
              -76.986053,
              39.826926
            ],
            [
              -76.986045,
              39.826926
            ]
          ],
          [
            [
              -76.986053,
              39.826901
            ],
            [
              -76.986045,
              39.826901
            ]
          ],
          [
            [
              -76.986053,
              39.826893
            ],
            [
              -76.986045,
              39.826893
            ]
          ],
          [
            [
              -76.986043,
              39.826887
            ],
            [
              -76.986043,
              39.82693
            ]
          ],
          [
            [
              -76.986035,
              39.826889
            ],
            [
              -76.986043,
              39.826889
            ]
          ],
          [
            [
              -76.986035,
              39.826897
            ],
            [
              -76.986043,
              39.826897
            ]
          ],
          [
            [
              -76.986035,
              39.826905
            ],
            [
              -76.986043,
              39.826905
            ]
          ],
          [
            [
              -76.986035,
              39.826914
            ],
            [
              -76.986043,
              39.826914
            ]
          ],
          [
            [
              -76.986035,
              39.826922
            ],
            [
              -76.986043,
              39.826922
            ]
          ],
          [
            [
              -76.986035,
              39.826909
            ],
            [
              -76.986043,
              39.826909
            ]
          ],
          [
            [
              -76.986035,
              39.826918
            ],
            [
              -76.986043,
              39.826918
            ]
          ],
          [
            [
              -76.986035,
              39.826926
            ],
            [
              -76.986043,
              39.826926
            ]
          ],
          [
            [
              -76.986035,
              39.826901
            ],
            [
              -76.986043,
              39.826901
            ]
          ],
          [
            [
              -76.986035,
              39.826893
            ],
            [
              -76.986043,
              39.826893
            ]
          ],
          [
            [
              -76.986122,
              39.826884
            ],
            [
              -76.986105,
              39.826884
            ]
          ],
          [
            [
              -76.986105,
              39.826884
            ],
            [
              -76.986122,
              39.826884
            ]
          ],
          [
            [
              -76.986122,
              39.826884
            ],
            [
              -76.986105,
              39.826884
            ]
          ],
          [
            [
              -76.986105,
              39.826884
            ],
            [
              -76.986105,
              39.826879
            ]
          ],
          [
            [
              -76.986105,
              39.826879
            ],
            [
              -76.986122,
              39.826879
            ]
          ],
          [
            [
              -76.986122,
              39.826879
            ],
            [
              -76.986122,
              39.826884
            ]
          ],
          [
            [
              -76.986113,
              39.826879
            ],
            [
              -76.986113,
              39.826884
            ]
          ],
          [
            [
              -76.986036,
              39.826933
            ],
            [
              -76.986043,
              39.826933
            ],
            [
              -76.986043,
              39.82693
            ],
            [
              -76.986036,
              39.82693
            ],
            [
              -76.986036,
              39.826933
            ]
          ],
          [
            [
              -76.98647,
              39.826887
            ],
            [
              -76.98647,
              39.826921
            ]
          ],
          [
            [
              -76.986462,
              39.826887
            ],
            [
              -76.986462,
              39.826921
            ]
          ],
          [
            [
              -76.986461,
              39.826887
            ],
            [
              -76.986461,
              39.826921
            ]
          ],
          [
            [
              -76.986468,
              39.826883
            ],
            [
              -76.986468,
              39.826887
            ]
          ],
          [
            [
              -76.986468,
              39.826887
            ],
            [
              -76.986454,
              39.826887
            ]
          ],
          [
            [
              -76.986454,
              39.826887
            ],
            [
              -76.986461,
              39.826887
            ]
          ],
          [
            [
              -76.986452,
              39.826887
            ],
            [
              -76.986452,
              39.826921
            ]
          ],
          [
            [
              -76.98647,
              39.826887
            ],
            [
              -76.986468,
              39.826887
            ]
          ],
          [
            [
              -76.986454,
              39.826887
            ],
            [
              -76.986452,
              39.826887
            ]
          ],
          [
            [
              -76.986462,
              39.826887
            ],
            [
              -76.986468,
              39.826887
            ]
          ],
          [
            [
              -76.986454,
              39.826883
            ],
            [
              -76.986454,
              39.826887
            ]
          ],
          [
            [
              -76.986468,
              39.826883
            ],
            [
              -76.986454,
              39.826883
            ]
          ],
          [
            [
              -76.986455,
              39.826887
            ],
            [
              -76.986454,
              39.826887
            ]
          ],
          [
            [
              -76.986462,
              39.826921
            ],
            [
              -76.986461,
              39.826921
            ]
          ],
          [
            [
              -76.986462,
              39.826921
            ],
            [
              -76.98647,
              39.826921
            ]
          ],
          [
            [
              -76.986461,
              39.826921
            ],
            [
              -76.986452,
              39.826921
            ]
          ],
          [
            [
              -76.986464,
              39.826921
            ],
            [
              -76.986462,
              39.826921
            ]
          ],
          [
            [
              -76.986464,
              39.826921
            ],
            [
              -76.986462,
              39.826921
            ]
          ],
          [
            [
              -76.986459,
              39.826921
            ],
            [
              -76.986461,
              39.826921
            ]
          ],
          [
            [
              -76.986459,
              39.826921
            ],
            [
              -76.986461,
              39.826921
            ]
          ],
          [
            [
              -76.986461,
              39.826894
            ],
            [
              -76.98646,
              39.826894
            ]
          ],
          [
            [
              -76.98646,
              39.826894
            ],
            [
              -76.986461,
              39.826894
            ]
          ],
          [
            [
              -76.986461,
              39.826901
            ],
            [
              -76.98646,
              39.826901
            ]
          ],
          [
            [
              -76.98646,
              39.826901
            ],
            [
              -76.986461,
              39.826901
            ]
          ],
          [
            [
              -76.986462,
              39.826894
            ],
            [
              -76.986463,
              39.826894
            ]
          ],
          [
            [
              -76.986463,
              39.826894
            ],
            [
              -76.986462,
              39.826894
            ]
          ],
          [
            [
              -76.986462,
              39.826901
            ],
            [
              -76.986463,
              39.826901
            ]
          ],
          [
            [
              -76.986463,
              39.826901
            ],
            [
              -76.986462,
              39.826901
            ]
          ],
          [
            [
              -76.986461,
              39.826914
            ],
            [
              -76.98646,
              39.826914
            ]
          ],
          [
            [
              -76.98646,
              39.826914
            ],
            [
              -76.986461,
              39.826914
            ]
          ],
          [
            [
              -76.986462,
              39.826914
            ],
            [
              -76.986463,
              39.826914
            ]
          ],
          [
            [
              -76.986463,
              39.826914
            ],
            [
              -76.986462,
              39.826914
            ]
          ],
          [
            [
              -76.986461,
              39.826907
            ],
            [
              -76.98646,
              39.826907
            ]
          ],
          [
            [
              -76.98646,
              39.826907
            ],
            [
              -76.986461,
              39.826907
            ]
          ],
          [
            [
              -76.986462,
              39.826907
            ],
            [
              -76.986463,
              39.826907
            ]
          ],
          [
            [
              -76.986463,
              39.826907
            ],
            [
              -76.986462,
              39.826907
            ]
          ],
          [
            [
              -76.986088,
              39.82693
            ],
            [
              -76.986081,
              39.82693
            ]
          ],
          [
            [
              -76.986088,
              39.826932
            ],
            [
              -76.986081,
              39.826932
            ]
          ],
          [
            [
              -76.986088,
              39.826933
            ],
            [
              -76.986081,
              39.826933
            ]
          ],
          [
            [
              -76.986081,
              39.826934
            ],
            [
              -76.986088,
              39.826934
            ],
            [
              -76.986088,
              39.82693
            ],
            [
              -76.986081,
              39.82693
            ],
            [
              -76.986081,
              39.826934
            ]
          ],
          [
            [
              -76.985503,
              39.826603
            ],
            [
              -76.985504,
              39.826603
            ]
          ],
          [
            [
              -76.985501,
              39.826603
            ],
            [
              -76.985502,
              39.826603
            ]
          ],
          [
            [
              -76.985503,
              39.826603
            ],
            [
              -76.985504,
              39.826603
            ]
          ],
          [
            [
              -76.985503,
              39.826603
            ],
            [
              -76.985504,
              39.826603
            ]
          ],
          [
            [
              -76.985503,
              39.826603
            ],
            [
              -76.985504,
              39.826603
            ]
          ],
          [
            [
              -76.985504,
              39.826603
            ],
            [
              -76.985503,
              39.826603
            ]
          ],
          [
            [
              -76.985503,
              39.826603
            ],
            [
              -76.985502,
              39.826603
            ]
          ],
          [
            [
              -76.985501,
              39.826603
            ],
            [
              -76.985505,
              39.826603
            ],
            [
              -76.985505,
              39.826605
            ],
            [
              -76.985501,
              39.826605
            ],
            [
              -76.985501,
              39.826603
            ]
          ],
          [
            [
              -76.985501,
              39.826603
            ],
            [
              -76.985505,
              39.826603
            ]
          ],
          [
            [
              -76.986529,
              39.826844
            ],
            [
              -76.986529,
              39.826856
            ],
            [
              -76.986528,
              39.826856
            ],
            [
              -76.986528,
              39.826844
            ],
            [
              -76.986529,
              39.826844
            ]
          ],
          [
            [
              -76.986555,
              39.82701
            ],
            [
              -76.986555,
              39.827015
            ],
            [
              -76.986562,
              39.827015
            ],
            [
              -76.986562,
              39.82701
            ],
            [
              -76.986555,
              39.82701
            ]
          ],
          [
            [
              -76.986093,
              39.826953
            ],
            [
              -76.986093,
              39.826976
            ]
          ],
          [
            [
              -76.986093,
              39.826976
            ],
            [
              -76.986077,
              39.826976
            ]
          ],
          [
            [
              -76.986077,
              39.826976
            ],
            [
              -76.986077,
              39.826953
            ]
          ],
          [
            [
              -76.986077,
              39.826953
            ],
            [
              -76.986093,
              39.826953
            ]
          ],
          [
            [
              -76.986085,
              39.826958
            ],
            [
              -76.986093,
              39.826958
            ]
          ],
          [
            [
              -76.986085,
              39.826962
            ],
            [
              -76.986093,
              39.826962
            ]
          ],
          [
            [
              -76.986085,
              39.826956
            ],
            [
              -76.986085,
              39.826976
            ]
          ],
          [
            [
              -76.986085,
              39.826967
            ],
            [
              -76.986093,
              39.826967
            ]
          ],
          [
            [
              -76.986085,
              39.826971
            ],
            [
              -76.986093,
              39.826971
            ]
          ],
          [
            [
              -76.986085,
              39.826958
            ],
            [
              -76.986077,
              39.826958
            ]
          ],
          [
            [
              -76.986085,
              39.826962
            ],
            [
              -76.986077,
              39.826962
            ]
          ],
          [
            [
              -76.986085,
              39.826956
            ],
            [
              -76.986085,
              39.826976
            ]
          ],
          [
            [
              -76.986085,
              39.826967
            ],
            [
              -76.986077,
              39.826967
            ]
          ],
          [
            [
              -76.986085,
              39.826971
            ],
            [
              -76.986077,
              39.826971
            ]
          ],
          [
            [
              -76.986105,
              39.826695
            ],
            [
              -76.986113,
              39.826695
            ],
            [
              -76.986113,
              39.826701
            ],
            [
              -76.986105,
              39.826701
            ],
            [
              -76.986105,
              39.826695
            ]
          ],
          [
            [
              -76.985611,
              39.826698
            ],
            [
              -76.985598,
              39.826698
            ]
          ],
          [
            [
              -76.985598,
              39.826698
            ],
            [
              -76.985598,
              39.826703
            ]
          ],
          [
            [
              -76.985598,
              39.826703
            ],
            [
              -76.985611,
              39.826703
            ]
          ],
          [
            [
              -76.985611,
              39.826703
            ],
            [
              -76.985611,
              39.826698
            ]
          ],
          [
            [
              -76.985453,
              39.826979
            ],
            [
              -76.985453,
              39.826984
            ],
            [
              -76.985458,
              39.826984
            ],
            [
              -76.985458,
              39.826979
            ],
            [
              -76.985453,
              39.826979
            ]
          ],
          [
            [
              -76.985458,
              39.82698
            ],
            [
              -76.985453,
              39.82698
            ]
          ],
          [
            [
              -76.986515,
              39.8269
            ],
            [
              -76.98652,
              39.8269
            ],
            [
              -76.98652,
              39.826902
            ],
            [
              -76.986515,
              39.826902
            ],
            [
              -76.986515,
              39.8269
            ]
          ],
          [
            [
              -76.986106,
              39.826691
            ],
            [
              -76.986104,
              39.826691
            ],
            [
              -76.986104,
              39.826694
            ],
            [
              -76.986106,
              39.826694
            ]
          ],
          [
            [
              -76.986109,
              39.826691
            ],
            [
              -76.986109,
              39.826694
            ],
            [
              -76.986105,
              39.826694
            ],
            [
              -76.986105,
              39.826691
            ],
            [
              -76.986109,
              39.826691
            ]
          ],
          [
            [
              -76.98629,
              39.826632
            ],
            [
              -76.986304,
              39.826632
            ]
          ],
          [
            [
              -76.986304,
              39.826632
            ],
            [
              -76.986304,
              39.826635
            ]
          ],
          [
            [
              -76.986304,
              39.826635
            ],
            [
              -76.98629,
              39.826635
            ]
          ],
          [
            [
              -76.98629,
              39.826635
            ],
            [
              -76.98629,
              39.826632
            ]
          ],
          [
            [
              -76.986253,
              39.826632
            ],
            [
              -76.986267,
              39.826632
            ]
          ],
          [
            [
              -76.986267,
              39.826632
            ],
            [
              -76.986267,
              39.826635
            ]
          ],
          [
            [
              -76.986267,
              39.826635
            ],
            [
              -76.986253,
              39.826635
            ]
          ],
          [
            [
              -76.986253,
              39.826635
            ],
            [
              -76.986253,
              39.826632
            ]
          ],
          [
            [
              -76.98633,
              39.826628
            ],
            [
              -76.98633,
              39.826632
            ]
          ],
          [
            [
              -76.98633,
              39.826632
            ],
            [
              -76.986326,
              39.826632
            ]
          ],
          [
            [
              -76.986326,
              39.826632
            ],
            [
              -76.986326,
              39.826628
            ]
          ],
          [
            [
              -76.986326,
              39.826628
            ],
            [
              -76.98633,
              39.826628
            ]
          ],
          [
            [
              -76.98633,
              39.826618
            ],
            [
              -76.98633,
              39.826622
            ]
          ],
          [
            [
              -76.98633,
              39.826622
            ],
            [
              -76.986326,
              39.826622
            ]
          ],
          [
            [
              -76.986326,
              39.826622
            ],
            [
              -76.986326,
              39.826618
            ]
          ],
          [
            [
              -76.986326,
              39.826618
            ],
            [
              -76.98633,
              39.826618
            ]
          ],
          [
            [
              -76.986423,
              39.826628
            ],
            [
              -76.986423,
              39.826632
            ]
          ],
          [
            [
              -76.986423,
              39.826632
            ],
            [
              -76.986428,
              39.826632
            ]
          ],
          [
            [
              -76.986428,
              39.826632
            ],
            [
              -76.986428,
              39.826628
            ]
          ],
          [
            [
              -76.986428,
              39.826628
            ],
            [
              -76.986423,
              39.826628
            ]
          ],
          [
            [
              -76.986423,
              39.826618
            ],
            [
              -76.986423,
              39.826622
            ]
          ],
          [
            [
              -76.986423,
              39.826622
            ],
            [
              -76.986428,
              39.826622
            ]
          ],
          [
            [
              -76.986428,
              39.826622
            ],
            [
              -76.986428,
              39.826618
            ]
          ],
          [
            [
              -76.986428,
              39.826618
            ],
            [
              -76.986423,
              39.826618
            ]
          ],
          [
            [
              -76.986382,
              39.826618
            ],
            [
              -76.986382,
              39.826622
            ]
          ],
          [
            [
              -76.986382,
              39.826622
            ],
            [
              -76.986378,
              39.826622
            ]
          ],
          [
            [
              -76.986378,
              39.826622
            ],
            [
              -76.986378,
              39.826618
            ]
          ],
          [
            [
              -76.986378,
              39.826618
            ],
            [
              -76.986382,
              39.826618
            ]
          ],
          [
            [
              -76.986265,
              39.826629
            ],
            [
              -76.986265,
              39.826632
            ]
          ],
          [
            [
              -76.986265,
              39.826632
            ],
            [
              -76.986261,
              39.826632
            ]
          ],
          [
            [
              -76.986261,
              39.826632
            ],
            [
              -76.986261,
              39.826629
            ]
          ],
          [
            [
              -76.986261,
              39.826629
            ],
            [
              -76.986265,
              39.826629
            ]
          ],
          [
            [
              -76.98546,
              39.827071
            ],
            [
              -76.98546,
              39.827075
            ],
            [
              -76.985453,
              39.827075
            ],
            [
              -76.985453,
              39.827071
            ],
            [
              -76.98546,
              39.827071
            ]
          ],
          [
            [
              -76.985473,
              39.826701
            ],
            [
              -76.985488,
              39.826701
            ],
            [
              -76.985488,
              39.826704
            ],
            [
              -76.985473,
              39.826704
            ],
            [
              -76.985473,
              39.826701
            ]
          ],
          [
            [
              -76.985473,
              39.826698
            ],
            [
              -76.985473,
              39.826701
            ],
            [
              -76.985473,
              39.826698
            ]
          ],
          [
            [
              -76.985488,
              39.826698
            ],
            [
              -76.985488,
              39.826701
            ],
            [
              -76.985488,
              39.826698
            ]
          ],
          [
            [
              -76.985473,
              39.826701
            ],
            [
              -76.985488,
              39.826701
            ]
          ],
          [
            [
              -76.985488,
              39.826698
            ],
            [
              -76.985473,
              39.826698
            ]
          ],
          [
            [
              -76.986271,
              39.826813
            ],
            [
              -76.986271,
              39.826816
            ],
            [
              -76.986265,
              39.826816
            ],
            [
              -76.986265,
              39.826813
            ],
            [
              -76.986271,
              39.826813
            ]
          ],
          [
            [
              -76.986503,
              39.826902
            ],
            [
              -76.986506,
              39.826902
            ]
          ],
          [
            [
              -76.986519,
              39.826902
            ],
            [
              -76.986516,
              39.826902
            ]
          ],
          [
            [
              -76.986504,
              39.826898
            ],
            [
              -76.986518,
              39.826898
            ]
          ],
          [
            [
              -76.986504,
              39.826898
            ],
            [
              -76.986504,
              39.826891
            ],
            [
              -76.986504,
              39.82689
            ],
            [
              -76.986505,
              39.82689
            ],
            [
              -76.986506,
              39.82689
            ],
            [
              -76.986507,
              39.82689
            ],
            [
              -76.986515,
              39.82689
            ],
            [
              -76.986516,
              39.82689
            ],
            [
              -76.986517,
              39.82689
            ],
            [
              -76.986518,
              39.82689
            ],
            [
              -76.986518,
              39.826891
            ],
            [
              -76.986518,
              39.826898
            ],
            [
              -76.986521,
              39.826898
            ],
            [
              -76.986521,
              39.826902
            ],
            [
              -76.986501,
              39.826902
            ],
            [
              -76.986501,
              39.826898
            ],
            [
              -76.986504,
              39.826898
            ]
          ],
          [
            [
              -76.986105,
              39.826964
            ],
            [
              -76.986105,
              39.82697
            ],
            [
              -76.986112,
              39.82697
            ],
            [
              -76.986112,
              39.826964
            ],
            [
              -76.986105,
              39.826964
            ]
          ],
          [
            [
              -76.986562,
              39.826939
            ],
            [
              -76.986562,
              39.826945
            ],
            [
              -76.986554,
              39.826945
            ],
            [
              -76.986554,
              39.826939
            ],
            [
              -76.986562,
              39.826939
            ]
          ],
          [
            [
              -76.987018,
              39.827022
            ],
            [
              -76.987018,
              39.827025
            ],
            [
              -76.987012,
              39.827025
            ],
            [
              -76.987012,
              39.827022
            ],
            [
              -76.987018,
              39.827022
            ]
          ],
          [
            [
              -76.98649,
              39.826605
            ],
            [
              -76.986497,
              39.826605
            ],
            [
              -76.986497,
              39.826606
            ],
            [
              -76.98649,
              39.826606
            ],
            [
              -76.98649,
              39.826605
            ]
          ],
          [
            [
              -76.986712,
              39.826621
            ],
            [
              -76.986712,
              39.826625
            ],
            [
              -76.986715,
              39.826625
            ],
            [
              -76.986715,
              39.826621
            ],
            [
              -76.986712,
              39.826621
            ]
          ],
          [
            [
              -76.986252,
              39.827046
            ],
            [
              -76.986248,
              39.827045
            ]
          ],
          [
            [
              -76.986248,
              39.827045
            ],
            [
              -76.986248,
              39.82703
            ]
          ],
          [
            [
              -76.986251,
              39.827027
            ],
            [
              -76.986252,
              39.827027
            ]
          ],
          [
            [
              -76.986251,
              39.827025
            ],
            [
              -76.986252,
              39.827025
            ]
          ],
          [
            [
              -76.986251,
              39.827022
            ],
            [
              -76.986252,
              39.827022
            ]
          ],
          [
            [
              -76.986251,
              39.82702
            ],
            [
              -76.986252,
              39.82702
            ]
          ],
          [
            [
              -76.986251,
              39.827017
            ],
            [
              -76.986252,
              39.827017
            ]
          ],
          [
            [
              -76.986251,
              39.827013
            ],
            [
              -76.986252,
              39.827013
            ]
          ],
          [
            [
              -76.986251,
              39.827015
            ],
            [
              -76.986252,
              39.827015
            ]
          ],
          [
            [
              -76.986251,
              39.82701
            ],
            [
              -76.986252,
              39.82701
            ]
          ],
          [
            [
              -76.986251,
              39.827008
            ],
            [
              -76.986252,
              39.827008
            ]
          ],
          [
            [
              -76.986251,
              39.827003
            ],
            [
              -76.986252,
              39.827003
            ]
          ],
          [
            [
              -76.986251,
              39.827
            ],
            [
              -76.986252,
              39.827
            ]
          ],
          [
            [
              -76.986251,
              39.826998
            ],
            [
              -76.986252,
              39.826998
            ]
          ],
          [
            [
              -76.986251,
              39.826996
            ],
            [
              -76.986252,
              39.826996
            ]
          ],
          [
            [
              -76.986251,
              39.826993
            ],
            [
              -76.986252,
              39.826993
            ]
          ],
          [
            [
              -76.986251,
              39.827005
            ],
            [
              -76.986252,
              39.827005
            ]
          ],
          [
            [
              -76.986251,
              39.827048
            ],
            [
              -76.986244,
              39.827048
            ]
          ],
          [
            [
              -76.986244,
              39.827048
            ],
            [
              -76.986244,
              39.826993
            ]
          ],
          [
            [
              -76.986252,
              39.82701
            ],
            [
              -76.986252,
              39.827048
            ]
          ],
          [
            [
              -76.986251,
              39.826991
            ],
            [
              -76.986251,
              39.82701
            ]
          ],
          [
            [
              -76.986251,
              39.82701
            ],
            [
              -76.986251,
              39.827048
            ]
          ],
          [
            [
              -76.986251,
              39.827048
            ],
            [
              -76.986252,
              39.827048
            ]
          ],
          [
            [
              -76.986252,
              39.826991
            ],
            [
              -76.986251,
              39.826991
            ]
          ],
          [
            [
              -76.986252,
              39.82701
            ],
            [
              -76.986252,
              39.826991
            ]
          ],
          [
            [
              -76.986479,
              39.826636
            ],
            [
              -76.986479,
              39.826633
            ],
            [
              -76.986477,
              39.826633
            ],
            [
              -76.986477,
              39.826636
            ],
            [
              -76.986479,
              39.826636
            ]
          ],
          [
            [
              -76.985707,
              39.826805
            ],
            [
              -76.985719,
              39.826805
            ],
            [
              -76.985719,
              39.826804
            ],
            [
              -76.985707,
              39.826804
            ],
            [
              -76.985707,
              39.826805
            ]
          ],
          [
            [
              -76.986712,
              39.826607
            ],
            [
              -76.986712,
              39.82661
            ],
            [
              -76.986715,
              39.82661
            ],
            [
              -76.986715,
              39.826607
            ],
            [
              -76.986712,
              39.826607
            ]
          ],
          [
            [
              -76.986233,
              39.827058
            ],
            [
              -76.986233,
              39.827062
            ]
          ],
          [
            [
              -76.986227,
              39.827058
            ],
            [
              -76.986227,
              39.827061
            ]
          ],
          [
            [
              -76.98618,
              39.827058
            ],
            [
              -76.98618,
              39.827061
            ]
          ],
          [
            [
              -76.986174,
              39.827058
            ],
            [
              -76.986174,
              39.827062
            ]
          ],
          [
            [
              -76.986227,
              39.827061
            ],
            [
              -76.98618,
              39.827061
            ]
          ],
          [
            [
              -76.98618,
              39.827058
            ],
            [
              -76.986181,
              39.827058
            ]
          ],
          [
            [
              -76.986181,
              39.827058
            ],
            [
              -76.986186,
              39.827061
            ]
          ],
          [
            [
              -76.986186,
              39.827061
            ],
            [
              -76.986191,
              39.827058
            ]
          ],
          [
            [
              -76.986191,
              39.827058
            ],
            [
              -76.986193,
              39.827058
            ]
          ],
          [
            [
              -76.986193,
              39.827058
            ],
            [
              -76.986198,
              39.827061
            ]
          ],
          [
            [
              -76.986198,
              39.827061
            ],
            [
              -76.9862,
              39.827059
            ]
          ],
          [
            [
              -76.9862,
              39.827059
            ],
            [
              -76.986203,
              39.827058
            ]
          ],
          [
            [
              -76.986203,
              39.827058
            ],
            [
              -76.986204,
              39.827058
            ]
          ],
          [
            [
              -76.986204,
              39.827058
            ],
            [
              -76.98621,
              39.827061
            ]
          ],
          [
            [
              -76.98621,
              39.827061
            ],
            [
              -76.986215,
              39.827058
            ]
          ],
          [
            [
              -76.986215,
              39.827058
            ],
            [
              -76.986216,
              39.827058
            ]
          ],
          [
            [
              -76.986216,
              39.827058
            ],
            [
              -76.986221,
              39.827061
            ]
          ],
          [
            [
              -76.986221,
              39.827061
            ],
            [
              -76.986226,
              39.827058
            ]
          ],
          [
            [
              -76.986226,
              39.827058
            ],
            [
              -76.986227,
              39.827058
            ]
          ],
          [
            [
              -76.986227,
              39.827058
            ],
            [
              -76.986245,
              39.827058
            ]
          ],
          [
            [
              -76.986245,
              39.827058
            ],
            [
              -76.986246,
              39.827058
            ]
          ],
          [
            [
              -76.986246,
              39.827058
            ],
            [
              -76.986246,
              39.827062
            ]
          ],
          [
            [
              -76.986246,
              39.827062
            ],
            [
              -76.986233,
              39.827062
            ]
          ],
          [
            [
              -76.986233,
              39.827062
            ],
            [
              -76.986227,
              39.827062
            ]
          ],
          [
            [
              -76.986227,
              39.827062
            ],
            [
              -76.986227,
              39.827061
            ]
          ],
          [
            [
              -76.986227,
              39.827061
            ],
            [
              -76.98618,
              39.827061
            ]
          ],
          [
            [
              -76.98618,
              39.827061
            ],
            [
              -76.98618,
              39.827062
            ]
          ],
          [
            [
              -76.98618,
              39.827062
            ],
            [
              -76.986174,
              39.827062
            ]
          ],
          [
            [
              -76.986174,
              39.827062
            ],
            [
              -76.986162,
              39.827062
            ]
          ],
          [
            [
              -76.986162,
              39.827062
            ],
            [
              -76.986162,
              39.827058
            ]
          ],
          [
            [
              -76.986162,
              39.827058
            ],
            [
              -76.98618,
              39.827058
            ]
          ],
          [
            [
              -76.986162,
              39.827058
            ],
            [
              -76.986162,
              39.827057
            ]
          ],
          [
            [
              -76.986162,
              39.827057
            ],
            [
              -76.986246,
              39.827057
            ]
          ],
          [
            [
              -76.986246,
              39.827057
            ],
            [
              -76.986246,
              39.827058
            ]
          ],
          [
            [
              -76.986295,
              39.826835
            ],
            [
              -76.986295,
              39.826861
            ]
          ],
          [
            [
              -76.986295,
              39.826861
            ],
            [
              -76.986282,
              39.826861
            ]
          ],
          [
            [
              -76.986282,
              39.826861
            ],
            [
              -76.986282,
              39.826835
            ]
          ],
          [
            [
              -76.986282,
              39.826835
            ],
            [
              -76.986295,
              39.826835
            ]
          ],
          [
            [
              -76.986295,
              39.826839
            ],
            [
              -76.986295,
              39.826859
            ]
          ],
          [
            [
              -76.986282,
              39.826859
            ],
            [
              -76.986282,
              39.826839
            ]
          ],
          [
            [
              -76.986282,
              39.826839
            ],
            [
              -76.986295,
              39.826839
            ]
          ],
          [
            [
              -76.986282,
              39.826859
            ],
            [
              -76.986295,
              39.826859
            ]
          ],
          [
            [
              -76.986712,
              39.826625
            ],
            [
              -76.986712,
              39.826628
            ],
            [
              -76.986715,
              39.826628
            ],
            [
              -76.986715,
              39.826625
            ],
            [
              -76.986712,
              39.826625
            ]
          ],
          [
            [
              -76.986158,
              39.826939
            ],
            [
              -76.986158,
              39.826972
            ]
          ],
          [
            [
              -76.986158,
              39.826972
            ],
            [
              -76.986108,
              39.826972
            ]
          ],
          [
            [
              -76.986108,
              39.826972
            ],
            [
              -76.986108,
              39.826962
            ]
          ],
          [
            [
              -76.986108,
              39.826962
            ],
            [
              -76.986136,
              39.826962
            ]
          ],
          [
            [
              -76.986136,
              39.826962
            ],
            [
              -76.986136,
              39.826939
            ]
          ],
          [
            [
              -76.986136,
              39.826939
            ],
            [
              -76.986158,
              39.826939
            ]
          ],
          [
            [
              -76.986112,
              39.826967
            ],
            [
              -76.986146,
              39.826967
            ]
          ],
          [
            [
              -76.986146,
              39.826967
            ],
            [
              -76.986146,
              39.82694
            ]
          ],
          [
            [
              -76.986146,
              39.82694
            ],
            [
              -76.986147,
              39.82694
            ]
          ],
          [
            [
              -76.986147,
              39.82694
            ],
            [
              -76.986147,
              39.826967
            ]
          ],
          [
            [
              -76.986147,
              39.826967
            ],
            [
              -76.986156,
              39.826967
            ]
          ],
          [
            [
              -76.986156,
              39.826967
            ],
            [
              -76.986112,
              39.826967
            ]
          ],
          [
            [
              -76.986113,
              39.826967
            ],
            [
              -76.986113,
              39.826971
            ]
          ],
          [
            [
              -76.986129,
              39.826946
            ],
            [
              -76.986117,
              39.826946
            ]
          ],
          [
            [
              -76.986146,
              39.826944
            ],
            [
              -76.986139,
              39.826944
            ]
          ],
          [
            [
              -76.986155,
              39.826967
            ],
            [
              -76.986155,
              39.826944
            ]
          ],
          [
            [
              -76.986117,
              39.826946
            ],
            [
              -76.986117,
              39.826957
            ]
          ],
          [
            [
              -76.986117,
              39.826957
            ],
            [
              -76.986129,
              39.826957
            ]
          ],
          [
            [
              -76.986129,
              39.826957
            ],
            [
              -76.986129,
              39.826946
            ]
          ],
          [
            [
              -76.986113,
              39.826971
            ],
            [
              -76.986146,
              39.826971
            ]
          ],
          [
            [
              -76.986146,
              39.826971
            ],
            [
              -76.986146,
              39.826967
            ]
          ],
          [
            [
              -76.986155,
              39.826944
            ],
            [
              -76.986147,
              39.826944
            ]
          ],
          [
            [
              -76.986113,
              39.826963
            ],
            [
              -76.986113,
              39.826967
            ]
          ],
          [
            [
              -76.986139,
              39.826963
            ],
            [
              -76.986113,
              39.826963
            ]
          ],
          [
            [
              -76.986139,
              39.826944
            ],
            [
              -76.986139,
              39.826963
            ]
          ],
          [
            [
              -76.986795,
              39.826608
            ],
            [
              -76.986783,
              39.826608
            ]
          ],
          [
            [
              -76.986783,
              39.826608
            ],
            [
              -76.986783,
              39.826605
            ]
          ],
          [
            [
              -76.986783,
              39.826605
            ],
            [
              -76.986795,
              39.826605
            ]
          ],
          [
            [
              -76.986795,
              39.826605
            ],
            [
              -76.986795,
              39.826608
            ]
          ],
          [
            [
              -76.986795,
              39.826607
            ],
            [
              -76.986783,
              39.826607
            ]
          ],
          [
            [
              -76.986085,
              39.826949
            ],
            [
              -76.986085,
              39.82695
            ]
          ],
          [
            [
              -76.986094,
              39.82695
            ],
            [
              -76.986075,
              39.82695
            ]
          ],
          [
            [
              -76.986094,
              39.826949
            ],
            [
              -76.986075,
              39.826949
            ],
            [
              -76.986075,
              39.826953
            ],
            [
              -76.986094,
              39.826953
            ],
            [
              -76.986094,
              39.826949
            ]
          ],
          [
            [
              -76.986254,
              39.827058
            ],
            [
              -76.986254,
              39.827057
            ],
            [
              -76.986246,
              39.827057
            ],
            [
              -76.986246,
              39.827058
            ],
            [
              -76.986254,
              39.827058
            ]
          ],
          [
            [
              -76.986502,
              39.826933
            ],
            [
              -76.986502,
              39.826939
            ],
            [
              -76.986495,
              39.826939
            ],
            [
              -76.986495,
              39.826933
            ],
            [
              -76.986502,
              39.826933
            ]
          ],
          [
            [
              -76.986421,
              39.827062
            ],
            [
              -76.986407,
              39.827062
            ],
            [
              -76.986407,
              39.827065
            ],
            [
              -76.986421,
              39.827065
            ],
            [
              -76.986421,
              39.827062
            ]
          ],
          [
            [
              -76.98688,
              39.82688
            ],
            [
              -76.98688,
              39.826883
            ],
            [
              -76.986885,
              39.826883
            ],
            [
              -76.986885,
              39.82688
            ],
            [
              -76.98688,
              39.82688
            ]
          ],
          [
            [
              -76.985879,
              39.826681
            ],
            [
              -76.985868,
              39.826681
            ],
            [
              -76.985868,
              39.826675
            ],
            [
              -76.985879,
              39.826675
            ],
            [
              -76.985879,
              39.826681
            ]
          ],
          [
            [
              -76.987018,
              39.826869
            ],
            [
              -76.987018,
              39.826872
            ],
            [
              -76.987011,
              39.826872
            ],
            [
              -76.987011,
              39.826869
            ],
            [
              -76.987018,
              39.826869
            ]
          ],
          [
            [
              -76.986534,
              39.827054
            ],
            [
              -76.986534,
              39.827057
            ],
            [
              -76.986528,
              39.827057
            ],
            [
              -76.986528,
              39.827054
            ],
            [
              -76.986534,
              39.827054
            ]
          ],
          [
            [
              -76.986285,
              39.826598
            ],
            [
              -76.986284,
              39.826598
            ],
            [
              -76.986283,
              39.826597
            ],
            [
              -76.986283,
              39.826596
            ],
            [
              -76.986284,
              39.826596
            ],
            [
              -76.986285,
              39.826596
            ],
            [
              -76.986286,
              39.826596
            ],
            [
              -76.986287,
              39.826596
            ],
            [
              -76.986288,
              39.826596
            ],
            [
              -76.986288,
              39.826597
            ],
            [
              -76.986287,
              39.826598
            ],
            [
              -76.986286,
              39.826598
            ],
            [
              -76.986285,
              39.826598
            ]
          ],
          [
            [
              -76.986528,
              39.826843
            ],
            [
              -76.986528,
              39.826857
            ],
            [
              -76.986505,
              39.826857
            ],
            [
              -76.986505,
              39.826843
            ],
            [
              -76.986528,
              39.826843
            ]
          ],
          [
            [
              -76.985383,
              39.826598
            ],
            [
              -76.985378,
              39.826598
            ],
            [
              -76.985378,
              39.826603
            ],
            [
              -76.985383,
              39.826603
            ],
            [
              -76.985383,
              39.826598
            ]
          ],
          [
            [
              -76.98538,
              39.826603
            ],
            [
              -76.985379,
              39.826603
            ],
            [
              -76.98538,
              39.826603
            ]
          ],
          [
            [
              -76.985382,
              39.826596
            ],
            [
              -76.985379,
              39.826596
            ],
            [
              -76.985379,
              39.826598
            ],
            [
              -76.985382,
              39.826598
            ],
            [
              -76.985382,
              39.826596
            ]
          ],
          [
            [
              -76.986697,
              39.826608
            ],
            [
              -76.986685,
              39.826608
            ]
          ],
          [
            [
              -76.986685,
              39.826608
            ],
            [
              -76.986685,
              39.826605
            ]
          ],
          [
            [
              -76.986685,
              39.826605
            ],
            [
              -76.986697,
              39.826605
            ]
          ],
          [
            [
              -76.986697,
              39.826605
            ],
            [
              -76.986697,
              39.826608
            ]
          ],
          [
            [
              -76.986697,
              39.826607
            ],
            [
              -76.986685,
              39.826607
            ]
          ],
          [
            [
              -76.986574,
              39.826951
            ],
            [
              -76.986553,
              39.826951
            ],
            [
              -76.986553,
              39.826952
            ],
            [
              -76.986574,
              39.826952
            ],
            [
              -76.986574,
              39.826951
            ]
          ],
          [
            [
              -76.986574,
              39.826981
            ],
            [
              -76.986553,
              39.826981
            ],
            [
              -76.986574,
              39.826981
            ]
          ],
          [
            [
              -76.986574,
              39.826946
            ],
            [
              -76.986553,
              39.826946
            ],
            [
              -76.986553,
              39.826947
            ],
            [
              -76.986574,
              39.826947
            ],
            [
              -76.986574,
              39.826946
            ]
          ],
          [
            [
              -76.986574,
              39.827
            ],
            [
              -76.986553,
              39.827
            ],
            [
              -76.986574,
              39.827
            ]
          ],
          [
            [
              -76.986574,
              39.826971
            ],
            [
              -76.986553,
              39.826971
            ],
            [
              -76.986574,
              39.826971
            ]
          ],
          [
            [
              -76.986574,
              39.826976
            ],
            [
              -76.986553,
              39.826976
            ],
            [
              -76.986574,
              39.826976
            ]
          ],
          [
            [
              -76.986574,
              39.826961
            ],
            [
              -76.986553,
              39.826961
            ],
            [
              -76.986574,
              39.826961
            ]
          ],
          [
            [
              -76.986574,
              39.826995
            ],
            [
              -76.986553,
              39.826995
            ],
            [
              -76.986574,
              39.826995
            ]
          ],
          [
            [
              -76.986574,
              39.82699
            ],
            [
              -76.986553,
              39.82699
            ],
            [
              -76.986574,
              39.82699
            ]
          ],
          [
            [
              -76.986574,
              39.82701
            ],
            [
              -76.986553,
              39.82701
            ],
            [
              -76.986574,
              39.82701
            ]
          ],
          [
            [
              -76.986574,
              39.826966
            ],
            [
              -76.986553,
              39.826966
            ],
            [
              -76.986574,
              39.826966
            ]
          ],
          [
            [
              -76.986574,
              39.827005
            ],
            [
              -76.986553,
              39.827005
            ],
            [
              -76.986574,
              39.827005
            ]
          ],
          [
            [
              -76.986574,
              39.826985
            ],
            [
              -76.986553,
              39.826985
            ],
            [
              -76.986574,
              39.826985
            ]
          ],
          [
            [
              -76.986446,
              39.826936
            ],
            [
              -76.986446,
              39.826937
            ],
            [
              -76.986447,
              39.826937
            ],
            [
              -76.986447,
              39.826936
            ]
          ],
          [
            [
              -76.986445,
              39.826936
            ],
            [
              -76.986445,
              39.826935
            ]
          ],
          [
            [
              -76.986448,
              39.826933
            ],
            [
              -76.986448,
              39.826937
            ]
          ],
          [
            [
              -76.986448,
              39.826933
            ],
            [
              -76.986447,
              39.826933
            ],
            [
              -76.986446,
              39.826933
            ],
            [
              -76.986445,
              39.826933
            ],
            [
              -76.986445,
              39.826934
            ],
            [
              -76.986446,
              39.826934
            ],
            [
              -76.986446,
              39.826935
            ],
            [
              -76.986445,
              39.826935
            ],
            [
              -76.986445,
              39.826936
            ],
            [
              -76.986446,
              39.826936
            ],
            [
              -76.986446,
              39.826937
            ],
            [
              -76.986447,
              39.826937
            ],
            [
              -76.986447,
              39.826936
            ],
            [
              -76.986448,
              39.826936
            ],
            [
              -76.986448,
              39.826933
            ]
          ],
          [
            [
              -76.986534,
              39.826939
            ],
            [
              -76.986534,
              39.826943
            ],
            [
              -76.986528,
              39.826943
            ],
            [
              -76.986528,
              39.826939
            ],
            [
              -76.986534,
              39.826939
            ]
          ],
          [
            [
              -76.986783,
              39.826634
            ],
            [
              -76.986795,
              39.826634
            ]
          ],
          [
            [
              -76.986795,
              39.826634
            ],
            [
              -76.986795,
              39.826636
            ]
          ],
          [
            [
              -76.986795,
              39.826636
            ],
            [
              -76.986783,
              39.826636
            ]
          ],
          [
            [
              -76.986783,
              39.826636
            ],
            [
              -76.986783,
              39.826634
            ]
          ],
          [
            [
              -76.986783,
              39.826635
            ],
            [
              -76.986795,
              39.826635
            ]
          ],
          [
            [
              -76.986087,
              39.826884
            ],
            [
              -76.98607,
              39.826884
            ]
          ],
          [
            [
              -76.98607,
              39.826884
            ],
            [
              -76.986087,
              39.826884
            ]
          ],
          [
            [
              -76.986079,
              39.826879
            ],
            [
              -76.986079,
              39.826884
            ]
          ],
          [
            [
              -76.986087,
              39.826884
            ],
            [
              -76.986087,
              39.826879
            ]
          ],
          [
            [
              -76.986087,
              39.826879
            ],
            [
              -76.98607,
              39.826879
            ]
          ],
          [
            [
              -76.98607,
              39.826879
            ],
            [
              -76.98607,
              39.826884
            ]
          ],
          [
            [
              -76.986053,
              39.826884
            ],
            [
              -76.986035,
              39.826884
            ]
          ],
          [
            [
              -76.986035,
              39.826884
            ],
            [
              -76.986053,
              39.826884
            ]
          ],
          [
            [
              -76.986053,
              39.826884
            ],
            [
              -76.986035,
              39.826884
            ]
          ],
          [
            [
              -76.986035,
              39.826884
            ],
            [
              -76.986035,
              39.826879
            ]
          ],
          [
            [
              -76.986035,
              39.826879
            ],
            [
              -76.986053,
              39.826879
            ]
          ],
          [
            [
              -76.986053,
              39.826879
            ],
            [
              -76.986053,
              39.826884
            ]
          ],
          [
            [
              -76.986044,
              39.826879
            ],
            [
              -76.986044,
              39.826884
            ]
          ],
          [
            [
              -76.986685,
              39.826634
            ],
            [
              -76.986697,
              39.826634
            ]
          ],
          [
            [
              -76.986697,
              39.826634
            ],
            [
              -76.986697,
              39.826636
            ]
          ],
          [
            [
              -76.986697,
              39.826636
            ],
            [
              -76.986685,
              39.826636
            ]
          ],
          [
            [
              -76.986685,
              39.826636
            ],
            [
              -76.986685,
              39.826634
            ]
          ],
          [
            [
              -76.986685,
              39.826635
            ],
            [
              -76.986697,
              39.826635
            ]
          ],
          [
            [
              -76.986698,
              39.826608
            ],
            [
              -76.986698,
              39.826634
            ]
          ],
          [
            [
              -76.986698,
              39.826634
            ],
            [
              -76.986684,
              39.826634
            ]
          ],
          [
            [
              -76.986684,
              39.826634
            ],
            [
              -76.986684,
              39.826608
            ]
          ],
          [
            [
              -76.986684,
              39.826608
            ],
            [
              -76.986698,
              39.826608
            ]
          ],
          [
            [
              -76.986691,
              39.826608
            ],
            [
              -76.986691,
              39.826634
            ]
          ],
          [
            [
              -76.986691,
              39.826608
            ],
            [
              -76.986691,
              39.826634
            ]
          ],
          [
            [
              -76.986684,
              39.826628
            ],
            [
              -76.986698,
              39.826628
            ]
          ],
          [
            [
              -76.986684,
              39.826621
            ],
            [
              -76.986698,
              39.826621
            ]
          ],
          [
            [
              -76.986684,
              39.826614
            ],
            [
              -76.986698,
              39.826614
            ]
          ],
          [
            [
              -76.986198,
              39.826657
            ],
            [
              -76.986198,
              39.82666
            ],
            [
              -76.9862,
              39.82666
            ],
            [
              -76.9862,
              39.826657
            ],
            [
              -76.986198,
              39.826657
            ]
          ],
          [
            [
              -76.985447,
              39.826602
            ],
            [
              -76.985438,
              39.826602
            ],
            [
              -76.985438,
              39.826606
            ],
            [
              -76.985447,
              39.826606
            ],
            [
              -76.985447,
              39.826602
            ]
          ],
          [
            [
              -76.985887,
              39.827051
            ],
            [
              -76.985881,
              39.827051
            ],
            [
              -76.985881,
              39.827047
            ],
            [
              -76.985887,
              39.827047
            ],
            [
              -76.985887,
              39.827051
            ]
          ],
          [
            [
              -76.986167,
              39.82703
            ],
            [
              -76.986167,
              39.827024
            ]
          ],
          [
            [
              -76.986167,
              39.827024
            ],
            [
              -76.986178,
              39.827024
            ]
          ],
          [
            [
              -76.986178,
              39.827024
            ],
            [
              -76.986178,
              39.82703
            ]
          ],
          [
            [
              -76.986178,
              39.82703
            ],
            [
              -76.986167,
              39.82703
            ]
          ],
          [
            [
              -76.986171,
              39.82703
            ],
            [
              -76.986171,
              39.827024
            ]
          ],
          [
            [
              -76.986207,
              39.827001
            ],
            [
              -76.986207,
              39.827
            ]
          ],
          [
            [
              -76.986207,
              39.827001
            ],
            [
              -76.986207,
              39.827
            ]
          ],
          [
            [
              -76.986201,
              39.826999
            ],
            [
              -76.986213,
              39.826991
            ]
          ],
          [
            [
              -76.986214,
              39.826991
            ],
            [
              -76.986222,
              39.826994
            ]
          ],
          [
            [
              -76.986223,
              39.826995
            ],
            [
              -76.98621,
              39.827003
            ]
          ],
          [
            [
              -76.98621,
              39.827003
            ],
            [
              -76.986201,
              39.826999
            ]
          ],
          [
            [
              -76.986521,
              39.82691
            ],
            [
              -76.986501,
              39.82691
            ],
            [
              -76.986501,
              39.826913
            ],
            [
              -76.986501,
              39.826914
            ],
            [
              -76.986521,
              39.826914
            ],
            [
              -76.986521,
              39.826913
            ],
            [
              -76.986521,
              39.82691
            ]
          ],
          [
            [
              -76.986502,
              39.82691
            ],
            [
              -76.986507,
              39.82691
            ]
          ],
          [
            [
              -76.98652,
              39.82691
            ],
            [
              -76.986515,
              39.82691
            ]
          ],
          [
            [
              -76.986088,
              39.826884
            ],
            [
              -76.986088,
              39.82693
            ]
          ],
          [
            [
              -76.986088,
              39.82693
            ],
            [
              -76.98607,
              39.82693
            ]
          ],
          [
            [
              -76.98607,
              39.82693
            ],
            [
              -76.98607,
              39.826884
            ]
          ],
          [
            [
              -76.98607,
              39.826884
            ],
            [
              -76.986088,
              39.826884
            ]
          ],
          [
            [
              -76.986079,
              39.826887
            ],
            [
              -76.986079,
              39.82693
            ]
          ],
          [
            [
              -76.986088,
              39.826889
            ],
            [
              -76.986079,
              39.826889
            ]
          ],
          [
            [
              -76.986088,
              39.826897
            ],
            [
              -76.986079,
              39.826897
            ]
          ],
          [
            [
              -76.986088,
              39.826905
            ],
            [
              -76.986079,
              39.826905
            ]
          ],
          [
            [
              -76.986088,
              39.826914
            ],
            [
              -76.986079,
              39.826914
            ]
          ],
          [
            [
              -76.986088,
              39.826922
            ],
            [
              -76.986079,
              39.826922
            ]
          ],
          [
            [
              -76.986088,
              39.826909
            ],
            [
              -76.986079,
              39.826909
            ]
          ],
          [
            [
              -76.986088,
              39.826918
            ],
            [
              -76.986079,
              39.826918
            ]
          ],
          [
            [
              -76.986088,
              39.826926
            ],
            [
              -76.986079,
              39.826926
            ]
          ],
          [
            [
              -76.986088,
              39.826901
            ],
            [
              -76.986079,
              39.826901
            ]
          ],
          [
            [
              -76.986088,
              39.826893
            ],
            [
              -76.986079,
              39.826893
            ]
          ],
          [
            [
              -76.986078,
              39.826887
            ],
            [
              -76.986078,
              39.82693
            ]
          ],
          [
            [
              -76.98607,
              39.826889
            ],
            [
              -76.986078,
              39.826889
            ]
          ],
          [
            [
              -76.98607,
              39.826897
            ],
            [
              -76.986078,
              39.826897
            ]
          ],
          [
            [
              -76.98607,
              39.826905
            ],
            [
              -76.986078,
              39.826905
            ]
          ],
          [
            [
              -76.98607,
              39.826914
            ],
            [
              -76.986078,
              39.826914
            ]
          ],
          [
            [
              -76.98607,
              39.826922
            ],
            [
              -76.986078,
              39.826922
            ]
          ],
          [
            [
              -76.98607,
              39.826909
            ],
            [
              -76.986078,
              39.826909
            ]
          ],
          [
            [
              -76.98607,
              39.826918
            ],
            [
              -76.986078,
              39.826918
            ]
          ],
          [
            [
              -76.98607,
              39.826926
            ],
            [
              -76.986078,
              39.826926
            ]
          ],
          [
            [
              -76.98607,
              39.826901
            ],
            [
              -76.986078,
              39.826901
            ]
          ],
          [
            [
              -76.98607,
              39.826893
            ],
            [
              -76.986078,
              39.826893
            ]
          ],
          [
            [
              -76.986111,
              39.827012
            ],
            [
              -76.986133,
              39.827012
            ]
          ],
          [
            [
              -76.986133,
              39.827012
            ],
            [
              -76.986133,
              39.827008
            ]
          ],
          [
            [
              -76.986133,
              39.827008
            ],
            [
              -76.986133,
              39.827012
            ]
          ],
          [
            [
              -76.986133,
              39.827012
            ],
            [
              -76.986111,
              39.827012
            ]
          ],
          [
            [
              -76.986111,
              39.827012
            ],
            [
              -76.986111,
              39.827008
            ]
          ],
          [
            [
              -76.986111,
              39.827008
            ],
            [
              -76.986111,
              39.827012
            ]
          ],
          [
            [
              -76.986133,
              39.827008
            ],
            [
              -76.986133,
              39.827006
            ]
          ],
          [
            [
              -76.986133,
              39.827006
            ],
            [
              -76.986111,
              39.827006
            ]
          ],
          [
            [
              -76.986111,
              39.827006
            ],
            [
              -76.986111,
              39.827008
            ]
          ],
          [
            [
              -76.986133,
              39.827008
            ],
            [
              -76.986133,
              39.827007
            ]
          ],
          [
            [
              -76.986133,
              39.827007
            ],
            [
              -76.986122,
              39.827007
            ]
          ],
          [
            [
              -76.986122,
              39.827007
            ],
            [
              -76.986122,
              39.827008
            ]
          ],
          [
            [
              -76.986122,
              39.827008
            ],
            [
              -76.986121,
              39.827008
            ]
          ],
          [
            [
              -76.986121,
              39.827008
            ],
            [
              -76.986121,
              39.827007
            ]
          ],
          [
            [
              -76.986121,
              39.827007
            ],
            [
              -76.986112,
              39.827007
            ]
          ],
          [
            [
              -76.986112,
              39.827007
            ],
            [
              -76.986112,
              39.827008
            ]
          ],
          [
            [
              -76.986112,
              39.827008
            ],
            [
              -76.986111,
              39.827008
            ]
          ],
          [
            [
              -76.986122,
              39.827008
            ],
            [
              -76.986122,
              39.827012
            ]
          ],
          [
            [
              -76.986112,
              39.827008
            ],
            [
              -76.986121,
              39.827008
            ]
          ],
          [
            [
              -76.986157,
              39.826884
            ],
            [
              -76.986139,
              39.826884
            ]
          ],
          [
            [
              -76.986139,
              39.826884
            ],
            [
              -76.986139,
              39.82688
            ]
          ],
          [
            [
              -76.986139,
              39.82688
            ],
            [
              -76.986157,
              39.82688
            ]
          ],
          [
            [
              -76.986157,
              39.82688
            ],
            [
              -76.986157,
              39.826884
            ]
          ],
          [
            [
              -76.986148,
              39.826884
            ],
            [
              -76.986148,
              39.826882
            ]
          ],
          [
            [
              -76.986585,
              39.826883
            ],
            [
              -76.986585,
              39.826891
            ]
          ],
          [
            [
              -76.986585,
              39.826891
            ],
            [
              -76.986593,
              39.826891
            ]
          ],
          [
            [
              -76.986593,
              39.826891
            ],
            [
              -76.986593,
              39.826883
            ]
          ],
          [
            [
              -76.986593,
              39.826883
            ],
            [
              -76.986585,
              39.826883
            ]
          ],
          [
            [
              -76.986585,
              39.826883
            ],
            [
              -76.986585,
              39.826891
            ]
          ],
          [
            [
              -76.986585,
              39.826891
            ],
            [
              -76.986576,
              39.826891
            ]
          ],
          [
            [
              -76.986576,
              39.826891
            ],
            [
              -76.986576,
              39.826883
            ]
          ],
          [
            [
              -76.986576,
              39.826883
            ],
            [
              -76.986585,
              39.826883
            ]
          ],
          [
            [
              -76.986585,
              39.826907
            ],
            [
              -76.986585,
              39.826915
            ]
          ],
          [
            [
              -76.986585,
              39.826915
            ],
            [
              -76.986576,
              39.826915
            ]
          ],
          [
            [
              -76.986576,
              39.826915
            ],
            [
              -76.986576,
              39.826907
            ]
          ],
          [
            [
              -76.986576,
              39.826907
            ],
            [
              -76.986585,
              39.826907
            ]
          ],
          [
            [
              -76.986585,
              39.826907
            ],
            [
              -76.986585,
              39.826915
            ]
          ],
          [
            [
              -76.986585,
              39.826915
            ],
            [
              -76.986593,
              39.826915
            ]
          ],
          [
            [
              -76.986593,
              39.826915
            ],
            [
              -76.986593,
              39.826907
            ]
          ],
          [
            [
              -76.986593,
              39.826907
            ],
            [
              -76.986585,
              39.826907
            ]
          ],
          [
            [
              -76.986593,
              39.826907
            ],
            [
              -76.986593,
              39.826915
            ]
          ],
          [
            [
              -76.986593,
              39.826915
            ],
            [
              -76.986585,
              39.826915
            ]
          ],
          [
            [
              -76.986585,
              39.826915
            ],
            [
              -76.986585,
              39.826907
            ]
          ],
          [
            [
              -76.986585,
              39.826907
            ],
            [
              -76.986593,
              39.826907
            ]
          ],
          [
            [
              -76.986576,
              39.826907
            ],
            [
              -76.986576,
              39.826915
            ]
          ],
          [
            [
              -76.986576,
              39.826915
            ],
            [
              -76.986585,
              39.826915
            ]
          ],
          [
            [
              -76.986585,
              39.826915
            ],
            [
              -76.986585,
              39.826907
            ]
          ],
          [
            [
              -76.986585,
              39.826907
            ],
            [
              -76.986576,
              39.826907
            ]
          ],
          [
            [
              -76.986585,
              39.826891
            ],
            [
              -76.986585,
              39.826899
            ]
          ],
          [
            [
              -76.986585,
              39.826899
            ],
            [
              -76.986593,
              39.826899
            ]
          ],
          [
            [
              -76.986593,
              39.826899
            ],
            [
              -76.986593,
              39.826891
            ]
          ],
          [
            [
              -76.986593,
              39.826891
            ],
            [
              -76.986585,
              39.826891
            ]
          ],
          [
            [
              -76.986585,
              39.826891
            ],
            [
              -76.986585,
              39.826899
            ]
          ],
          [
            [
              -76.986585,
              39.826899
            ],
            [
              -76.986576,
              39.826899
            ]
          ],
          [
            [
              -76.986576,
              39.826899
            ],
            [
              -76.986576,
              39.826891
            ]
          ],
          [
            [
              -76.986576,
              39.826891
            ],
            [
              -76.986585,
              39.826891
            ]
          ],
          [
            [
              -76.986896,
              39.826619
            ],
            [
              -76.986896,
              39.826625
            ]
          ],
          [
            [
              -76.986896,
              39.826625
            ],
            [
              -76.98689,
              39.826625
            ]
          ],
          [
            [
              -76.98689,
              39.826625
            ],
            [
              -76.98689,
              39.826619
            ]
          ],
          [
            [
              -76.98689,
              39.826619
            ],
            [
              -76.986896,
              39.826619
            ]
          ],
          [
            [
              -76.987033,
              39.826617
            ],
            [
              -76.987033,
              39.826613
            ],
            [
              -76.987026,
              39.826613
            ],
            [
              -76.987026,
              39.826617
            ],
            [
              -76.987033,
              39.826617
            ]
          ],
          [
            [
              -76.986167,
              39.827024
            ],
            [
              -76.986167,
              39.827017
            ]
          ],
          [
            [
              -76.986167,
              39.827017
            ],
            [
              -76.986155,
              39.827017
            ]
          ],
          [
            [
              -76.986155,
              39.827017
            ],
            [
              -76.986155,
              39.827024
            ]
          ],
          [
            [
              -76.986155,
              39.827024
            ],
            [
              -76.986167,
              39.827024
            ]
          ],
          [
            [
              -76.986162,
              39.827024
            ],
            [
              -76.986162,
              39.827017
            ]
          ],
          [
            [
              -76.986157,
              39.82703
            ],
            [
              -76.986157,
              39.827041
            ]
          ],
          [
            [
              -76.986157,
              39.827041
            ],
            [
              -76.986167,
              39.827041
            ]
          ],
          [
            [
              -76.986167,
              39.827041
            ],
            [
              -76.986167,
              39.82703
            ]
          ],
          [
            [
              -76.986167,
              39.82703
            ],
            [
              -76.986157,
              39.82703
            ]
          ],
          [
            [
              -76.986157,
              39.827035
            ],
            [
              -76.986167,
              39.827035
            ]
          ],
          [
            [
              -76.985535,
              39.826698
            ],
            [
              -76.985522,
              39.826698
            ]
          ],
          [
            [
              -76.985522,
              39.826698
            ],
            [
              -76.985522,
              39.826703
            ]
          ],
          [
            [
              -76.985522,
              39.826703
            ],
            [
              -76.985535,
              39.826703
            ]
          ],
          [
            [
              -76.985535,
              39.826703
            ],
            [
              -76.985535,
              39.826698
            ]
          ],
          [
            [
              -76.985569,
              39.826698
            ],
            [
              -76.985556,
              39.826698
            ]
          ],
          [
            [
              -76.985556,
              39.826698
            ],
            [
              -76.985556,
              39.826703
            ]
          ],
          [
            [
              -76.985556,
              39.826703
            ],
            [
              -76.985569,
              39.826703
            ]
          ],
          [
            [
              -76.985569,
              39.826703
            ],
            [
              -76.985569,
              39.826698
            ]
          ],
          [
            [
              -76.985447,
              39.826698
            ],
            [
              -76.985434,
              39.826698
            ]
          ],
          [
            [
              -76.985434,
              39.826698
            ],
            [
              -76.985434,
              39.826703
            ]
          ],
          [
            [
              -76.985434,
              39.826703
            ],
            [
              -76.985447,
              39.826703
            ]
          ],
          [
            [
              -76.985447,
              39.826703
            ],
            [
              -76.985447,
              39.826698
            ]
          ],
          [
            [
              -76.985581,
              39.826769
            ],
            [
              -76.985569,
              39.826769
            ]
          ],
          [
            [
              -76.985569,
              39.826769
            ],
            [
              -76.985569,
              39.826773
            ]
          ],
          [
            [
              -76.985569,
              39.826773
            ],
            [
              -76.985581,
              39.826773
            ]
          ],
          [
            [
              -76.985581,
              39.826773
            ],
            [
              -76.985581,
              39.826769
            ]
          ],
          [
            [
              -76.985624,
              39.826769
            ],
            [
              -76.985611,
              39.826769
            ]
          ],
          [
            [
              -76.985611,
              39.826769
            ],
            [
              -76.985611,
              39.826773
            ]
          ],
          [
            [
              -76.985611,
              39.826773
            ],
            [
              -76.985624,
              39.826773
            ]
          ],
          [
            [
              -76.985624,
              39.826773
            ],
            [
              -76.985624,
              39.826769
            ]
          ],
          [
            [
              -76.985623,
              39.826698
            ],
            [
              -76.985611,
              39.826698
            ]
          ],
          [
            [
              -76.985611,
              39.826698
            ],
            [
              -76.985611,
              39.826703
            ]
          ],
          [
            [
              -76.985611,
              39.826703
            ],
            [
              -76.985623,
              39.826703
            ]
          ],
          [
            [
              -76.985623,
              39.826703
            ],
            [
              -76.985623,
              39.826698
            ]
          ],
          [
            [
              -76.986098,
              39.826712
            ],
            [
              -76.986098,
              39.826717
            ],
            [
              -76.986101,
              39.826717
            ],
            [
              -76.986101,
              39.826712
            ],
            [
              -76.986098,
              39.826712
            ]
          ],
          [
            [
              -76.986534,
              39.827041
            ],
            [
              -76.986534,
              39.827044
            ],
            [
              -76.986528,
              39.827044
            ],
            [
              -76.986528,
              39.827041
            ],
            [
              -76.986534,
              39.827041
            ]
          ],
          [
            [
              -76.986338,
              39.826632
            ],
            [
              -76.986338,
              39.826635
            ],
            [
              -76.986335,
              39.826635
            ],
            [
              -76.986335,
              39.826632
            ],
            [
              -76.986338,
              39.826632
            ]
          ],
          [
            [
              -76.985491,
              39.826979
            ],
            [
              -76.985491,
              39.826982
            ],
            [
              -76.985497,
              39.826982
            ],
            [
              -76.985497,
              39.826979
            ],
            [
              -76.985491,
              39.826979
            ]
          ],
          [
            [
              -76.985488,
              39.82698
            ],
            [
              -76.985484,
              39.82698
            ]
          ],
          [
            [
              -76.98543,
              39.826602
            ],
            [
              -76.985438,
              39.826602
            ],
            [
              -76.985438,
              39.826606
            ],
            [
              -76.98543,
              39.826606
            ],
            [
              -76.98543,
              39.826602
            ]
          ],
          [
            [
              -76.985378,
              39.826602
            ],
            [
              -76.985369,
              39.826602
            ],
            [
              -76.985369,
              39.826606
            ],
            [
              -76.985378,
              39.826606
            ],
            [
              -76.985378,
              39.826602
            ]
          ],
          [
            [
              -76.985499,
              39.826602
            ],
            [
              -76.985507,
              39.826602
            ],
            [
              -76.985507,
              39.826606
            ],
            [
              -76.985499,
              39.826606
            ],
            [
              -76.985499,
              39.826602
            ]
          ],
          [
            [
              -76.987025,
              39.826608
            ],
            [
              -76.987025,
              39.826609
            ]
          ],
          [
            [
              -76.987033,
              39.82661
            ],
            [
              -76.987025,
              39.82661
            ],
            [
              -76.987025,
              39.826608
            ],
            [
              -76.987033,
              39.826608
            ],
            [
              -76.987033,
              39.82661
            ]
          ],
          [
            [
              -76.987025,
              39.826608
            ],
            [
              -76.987033,
              39.826608
            ],
            [
              -76.987033,
              39.82661
            ],
            [
              -76.987025,
              39.82661
            ]
          ],
          [
            [
              -76.987025,
              39.826611
            ],
            [
              -76.987025,
              39.826612
            ]
          ],
          [
            [
              -76.987033,
              39.826612
            ],
            [
              -76.987025,
              39.826612
            ],
            [
              -76.987025,
              39.82661
            ],
            [
              -76.987033,
              39.82661
            ],
            [
              -76.987033,
              39.826612
            ]
          ],
          [
            [
              -76.987025,
              39.82661
            ],
            [
              -76.987033,
              39.82661
            ],
            [
              -76.987033,
              39.826612
            ],
            [
              -76.987025,
              39.826612
            ]
          ],
          [
            [
              -76.986952,
              39.826618
            ],
            [
              -76.986953,
              39.826618
            ]
          ],
          [
            [
              -76.986952,
              39.826618
            ],
            [
              -76.986953,
              39.826618
            ]
          ],
          [
            [
              -76.986955,
              39.826618
            ],
            [
              -76.986956,
              39.826618
            ]
          ],
          [
            [
              -76.986955,
              39.826618
            ],
            [
              -76.986956,
              39.826618
            ]
          ],
          [
            [
              -76.986955,
              39.826618
            ],
            [
              -76.986956,
              39.826618
            ]
          ],
          [
            [
              -76.986955,
              39.826618
            ],
            [
              -76.986956,
              39.826618
            ]
          ],
          [
            [
              -76.986955,
              39.826618
            ],
            [
              -76.986956,
              39.826618
            ]
          ],
          [
            [
              -76.986953,
              39.826618
            ],
            [
              -76.986952,
              39.826618
            ]
          ],
          [
            [
              -76.986952,
              39.826617
            ],
            [
              -76.986956,
              39.826617
            ],
            [
              -76.986956,
              39.826618
            ],
            [
              -76.986956,
              39.82662
            ],
            [
              -76.986952,
              39.82662
            ],
            [
              -76.986952,
              39.826618
            ],
            [
              -76.986952,
              39.826617
            ]
          ],
          [
            [
              -76.986952,
              39.826618
            ],
            [
              -76.986956,
              39.826618
            ]
          ],
          [
            [
              -76.985434,
              39.826603
            ],
            [
              -76.985435,
              39.826603
            ]
          ],
          [
            [
              -76.985433,
              39.826603
            ],
            [
              -76.985434,
              39.826603
            ]
          ],
          [
            [
              -76.985434,
              39.826603
            ],
            [
              -76.985435,
              39.826603
            ]
          ],
          [
            [
              -76.985434,
              39.826603
            ],
            [
              -76.985435,
              39.826603
            ]
          ],
          [
            [
              -76.985433,
              39.826603
            ],
            [
              -76.985434,
              39.826603
            ]
          ],
          [
            [
              -76.985434,
              39.826603
            ],
            [
              -76.985435,
              39.826603
            ]
          ],
          [
            [
              -76.985435,
              39.826603
            ],
            [
              -76.985434,
              39.826603
            ]
          ],
          [
            [
              -76.985434,
              39.826603
            ],
            [
              -76.985433,
              39.826603
            ]
          ],
          [
            [
              -76.985432,
              39.826603
            ],
            [
              -76.985436,
              39.826603
            ],
            [
              -76.985436,
              39.826605
            ],
            [
              -76.985432,
              39.826605
            ],
            [
              -76.985432,
              39.826603
            ]
          ],
          [
            [
              -76.985432,
              39.826603
            ],
            [
              -76.985436,
              39.826603
            ]
          ],
          [
            [
              -76.986393,
              39.826709
            ],
            [
              -76.986393,
              39.826707
            ],
            [
              -76.986396,
              39.826707
            ],
            [
              -76.986396,
              39.826709
            ],
            [
              -76.986393,
              39.826709
            ]
          ],
          [
            [
              -76.986977,
              39.826886
            ],
            [
              -76.986977,
              39.82688
            ],
            [
              -76.986972,
              39.82688
            ],
            [
              -76.986972,
              39.826886
            ],
            [
              -76.986977,
              39.826886
            ]
          ],
          [
            [
              -76.986151,
              39.826712
            ],
            [
              -76.986151,
              39.826717
            ],
            [
              -76.986147,
              39.826717
            ],
            [
              -76.986147,
              39.826712
            ],
            [
              -76.986151,
              39.826712
            ]
          ],
          [
            [
              -76.986219,
              39.826657
            ],
            [
              -76.986219,
              39.826661
            ],
            [
              -76.986219,
              39.826657
            ]
          ],
          [
            [
              -76.985375,
              39.82662
            ],
            [
              -76.985375,
              39.826613
            ],
            [
              -76.985383,
              39.826613
            ],
            [
              -76.985383,
              39.82662
            ],
            [
              -76.985375,
              39.82662
            ]
          ],
          [
            [
              -76.986893,
              39.826657
            ],
            [
              -76.986887,
              39.826657
            ],
            [
              -76.986887,
              39.826655
            ],
            [
              -76.986893,
              39.826655
            ],
            [
              -76.986893,
              39.826657
            ]
          ],
          [
            [
              -76.98659,
              39.826933
            ],
            [
              -76.98659,
              39.826938
            ],
            [
              -76.986597,
              39.826938
            ],
            [
              -76.986597,
              39.826933
            ],
            [
              -76.98659,
              39.826933
            ]
          ],
          [
            [
              -76.986413,
              39.826835
            ],
            [
              -76.986418,
              39.826835
            ],
            [
              -76.986418,
              39.826838
            ],
            [
              -76.986413,
              39.826838
            ],
            [
              -76.986413,
              39.826835
            ]
          ],
          [
            [
              -76.986422,
              39.826723
            ],
            [
              -76.986408,
              39.826723
            ],
            [
              -76.986408,
              39.826721
            ],
            [
              -76.986422,
              39.826721
            ],
            [
              -76.986422,
              39.826723
            ]
          ],
          [
            [
              -76.986208,
              39.827022
            ],
            [
              -76.986207,
              39.827022
            ]
          ],
          [
            [
              -76.986207,
              39.827023
            ],
            [
              -76.986208,
              39.827022
            ]
          ],
          [
            [
              -76.986207,
              39.827023
            ],
            [
              -76.986207,
              39.827022
            ]
          ],
          [
            [
              -76.986201,
              39.827021
            ],
            [
              -76.986213,
              39.827013
            ]
          ],
          [
            [
              -76.986214,
              39.827013
            ],
            [
              -76.986222,
              39.827016
            ]
          ],
          [
            [
              -76.986222,
              39.827016
            ],
            [
              -76.986211,
              39.827025
            ]
          ],
          [
            [
              -76.986211,
              39.827025
            ],
            [
              -76.986201,
              39.827021
            ]
          ],
          [
            [
              -76.986113,
              39.826963
            ],
            [
              -76.986113,
              39.826967
            ],
            [
              -76.986146,
              39.826967
            ],
            [
              -76.986146,
              39.826944
            ],
            [
              -76.986139,
              39.826944
            ],
            [
              -76.986139,
              39.826963
            ],
            [
              -76.986113,
              39.826963
            ]
          ],
          [
            [
              -76.986148,
              39.826905
            ],
            [
              -76.986148,
              39.826887
            ]
          ],
          [
            [
              -76.986156,
              39.826888
            ],
            [
              -76.98614,
              39.826888
            ]
          ],
          [
            [
              -76.986156,
              39.826905
            ],
            [
              -76.98614,
              39.826905
            ]
          ],
          [
            [
              -76.98614,
              39.826905
            ],
            [
              -76.98614,
              39.826884
            ]
          ],
          [
            [
              -76.98614,
              39.826884
            ],
            [
              -76.986156,
              39.826884
            ]
          ],
          [
            [
              -76.986156,
              39.826884
            ],
            [
              -76.986156,
              39.826905
            ]
          ],
          [
            [
              -76.986156,
              39.826891
            ],
            [
              -76.98614,
              39.826891
            ]
          ],
          [
            [
              -76.986156,
              39.826895
            ],
            [
              -76.98614,
              39.826895
            ]
          ],
          [
            [
              -76.986156,
              39.826898
            ],
            [
              -76.98614,
              39.826898
            ]
          ],
          [
            [
              -76.986156,
              39.826902
            ],
            [
              -76.98614,
              39.826902
            ]
          ],
          [
            [
              -76.986148,
              39.826923
            ],
            [
              -76.986148,
              39.826908
            ]
          ],
          [
            [
              -76.986156,
              39.826909
            ],
            [
              -76.98614,
              39.826909
            ]
          ],
          [
            [
              -76.986156,
              39.826923
            ],
            [
              -76.98614,
              39.826923
            ]
          ],
          [
            [
              -76.98614,
              39.826923
            ],
            [
              -76.98614,
              39.826905
            ]
          ],
          [
            [
              -76.98614,
              39.826905
            ],
            [
              -76.986156,
              39.826905
            ]
          ],
          [
            [
              -76.986156,
              39.826905
            ],
            [
              -76.986156,
              39.826923
            ]
          ],
          [
            [
              -76.986156,
              39.826912
            ],
            [
              -76.98614,
              39.826912
            ]
          ],
          [
            [
              -76.986156,
              39.826916
            ],
            [
              -76.98614,
              39.826916
            ]
          ],
          [
            [
              -76.986156,
              39.826919
            ],
            [
              -76.98614,
              39.826919
            ]
          ],
          [
            [
              -76.986124,
              39.826982
            ],
            [
              -76.986124,
              39.826999
            ]
          ],
          [
            [
              -76.986124,
              39.826999
            ],
            [
              -76.986109,
              39.826999
            ]
          ],
          [
            [
              -76.986109,
              39.826999
            ],
            [
              -76.986109,
              39.826982
            ]
          ],
          [
            [
              -76.986109,
              39.826982
            ],
            [
              -76.986124,
              39.826982
            ]
          ],
          [
            [
              -76.986117,
              39.826986
            ],
            [
              -76.986124,
              39.826986
            ]
          ],
          [
            [
              -76.986117,
              39.82699
            ],
            [
              -76.986124,
              39.82699
            ]
          ],
          [
            [
              -76.986117,
              39.826983
            ],
            [
              -76.986117,
              39.826999
            ]
          ],
          [
            [
              -76.986117,
              39.826995
            ],
            [
              -76.986124,
              39.826995
            ]
          ],
          [
            [
              -76.986116,
              39.826986
            ],
            [
              -76.986109,
              39.826986
            ]
          ],
          [
            [
              -76.986116,
              39.82699
            ],
            [
              -76.986109,
              39.82699
            ]
          ],
          [
            [
              -76.986116,
              39.826983
            ],
            [
              -76.986116,
              39.826999
            ]
          ],
          [
            [
              -76.986116,
              39.826995
            ],
            [
              -76.986109,
              39.826995
            ]
          ],
          [
            [
              -76.986089,
              39.826982
            ],
            [
              -76.986089,
              39.826999
            ]
          ],
          [
            [
              -76.986089,
              39.826999
            ],
            [
              -76.986074,
              39.826999
            ]
          ],
          [
            [
              -76.986074,
              39.826999
            ],
            [
              -76.986074,
              39.826982
            ]
          ],
          [
            [
              -76.986074,
              39.826982
            ],
            [
              -76.986089,
              39.826982
            ]
          ],
          [
            [
              -76.986082,
              39.826986
            ],
            [
              -76.986089,
              39.826986
            ]
          ],
          [
            [
              -76.986082,
              39.82699
            ],
            [
              -76.986089,
              39.82699
            ]
          ],
          [
            [
              -76.986082,
              39.826983
            ],
            [
              -76.986082,
              39.826999
            ]
          ],
          [
            [
              -76.986082,
              39.826995
            ],
            [
              -76.986089,
              39.826995
            ]
          ],
          [
            [
              -76.986081,
              39.826986
            ],
            [
              -76.986074,
              39.826986
            ]
          ],
          [
            [
              -76.986081,
              39.82699
            ],
            [
              -76.986074,
              39.82699
            ]
          ],
          [
            [
              -76.986081,
              39.826983
            ],
            [
              -76.986081,
              39.826999
            ]
          ],
          [
            [
              -76.986081,
              39.826995
            ],
            [
              -76.986074,
              39.826995
            ]
          ],
          [
            [
              -76.986049,
              39.827069
            ],
            [
              -76.986049,
              39.827064
            ]
          ],
          [
            [
              -76.986049,
              39.827064
            ],
            [
              -76.986057,
              39.827064
            ]
          ],
          [
            [
              -76.986045,
              39.827069
            ],
            [
              -76.986045,
              39.827064
            ]
          ],
          [
            [
              -76.986045,
              39.827064
            ],
            [
              -76.986037,
              39.827064
            ]
          ],
          [
            [
              -76.986057,
              39.827064
            ],
            [
              -76.986049,
              39.827064
            ]
          ],
          [
            [
              -76.986049,
              39.827064
            ],
            [
              -76.986049,
              39.827059
            ]
          ],
          [
            [
              -76.986049,
              39.827059
            ],
            [
              -76.986057,
              39.827059
            ]
          ],
          [
            [
              -76.986037,
              39.827064
            ],
            [
              -76.986045,
              39.827064
            ]
          ],
          [
            [
              -76.986045,
              39.827064
            ],
            [
              -76.986045,
              39.827059
            ]
          ],
          [
            [
              -76.986045,
              39.827059
            ],
            [
              -76.986037,
              39.827059
            ]
          ],
          [
            [
              -76.986057,
              39.827059
            ],
            [
              -76.986049,
              39.827059
            ]
          ],
          [
            [
              -76.986049,
              39.827059
            ],
            [
              -76.986049,
              39.827054
            ]
          ],
          [
            [
              -76.986049,
              39.827054
            ],
            [
              -76.986057,
              39.827054
            ]
          ],
          [
            [
              -76.986037,
              39.827059
            ],
            [
              -76.986045,
              39.827059
            ]
          ],
          [
            [
              -76.986045,
              39.827059
            ],
            [
              -76.986045,
              39.827054
            ]
          ],
          [
            [
              -76.986045,
              39.827054
            ],
            [
              -76.986037,
              39.827054
            ]
          ],
          [
            [
              -76.986057,
              39.827053
            ],
            [
              -76.986049,
              39.827053
            ]
          ],
          [
            [
              -76.986049,
              39.827053
            ],
            [
              -76.986049,
              39.827048
            ]
          ],
          [
            [
              -76.986049,
              39.827048
            ],
            [
              -76.986057,
              39.827048
            ]
          ],
          [
            [
              -76.986037,
              39.827053
            ],
            [
              -76.986045,
              39.827053
            ]
          ],
          [
            [
              -76.986045,
              39.827053
            ],
            [
              -76.986045,
              39.827048
            ]
          ],
          [
            [
              -76.986045,
              39.827048
            ],
            [
              -76.986037,
              39.827048
            ]
          ],
          [
            [
              -76.986057,
              39.827048
            ],
            [
              -76.986049,
              39.827048
            ]
          ],
          [
            [
              -76.986049,
              39.827048
            ],
            [
              -76.986049,
              39.827043
            ]
          ],
          [
            [
              -76.986049,
              39.827043
            ],
            [
              -76.986057,
              39.827043
            ]
          ],
          [
            [
              -76.986037,
              39.827048
            ],
            [
              -76.986045,
              39.827048
            ]
          ],
          [
            [
              -76.986045,
              39.827048
            ],
            [
              -76.986045,
              39.827043
            ]
          ],
          [
            [
              -76.986045,
              39.827043
            ],
            [
              -76.986037,
              39.827043
            ]
          ],
          [
            [
              -76.986057,
              39.827043
            ],
            [
              -76.986049,
              39.827043
            ]
          ],
          [
            [
              -76.986049,
              39.827043
            ],
            [
              -76.986049,
              39.827038
            ]
          ],
          [
            [
              -76.986049,
              39.827038
            ],
            [
              -76.986057,
              39.827038
            ]
          ],
          [
            [
              -76.986037,
              39.827043
            ],
            [
              -76.986045,
              39.827043
            ]
          ],
          [
            [
              -76.986045,
              39.827043
            ],
            [
              -76.986045,
              39.827038
            ]
          ],
          [
            [
              -76.986045,
              39.827038
            ],
            [
              -76.986037,
              39.827038
            ]
          ],
          [
            [
              -76.986057,
              39.827038
            ],
            [
              -76.986049,
              39.827038
            ]
          ],
          [
            [
              -76.986049,
              39.827038
            ],
            [
              -76.986049,
              39.827033
            ]
          ],
          [
            [
              -76.986049,
              39.827033
            ],
            [
              -76.986057,
              39.827033
            ]
          ],
          [
            [
              -76.986037,
              39.827038
            ],
            [
              -76.986045,
              39.827038
            ]
          ],
          [
            [
              -76.986045,
              39.827038
            ],
            [
              -76.986045,
              39.827033
            ]
          ],
          [
            [
              -76.986045,
              39.827033
            ],
            [
              -76.986037,
              39.827033
            ]
          ],
          [
            [
              -76.986057,
              39.827033
            ],
            [
              -76.986049,
              39.827033
            ]
          ],
          [
            [
              -76.986049,
              39.827033
            ],
            [
              -76.986049,
              39.827028
            ]
          ],
          [
            [
              -76.986049,
              39.827028
            ],
            [
              -76.986057,
              39.827028
            ]
          ],
          [
            [
              -76.986037,
              39.827033
            ],
            [
              -76.986045,
              39.827033
            ]
          ],
          [
            [
              -76.986045,
              39.827033
            ],
            [
              -76.986045,
              39.827028
            ]
          ],
          [
            [
              -76.986045,
              39.827028
            ],
            [
              -76.986037,
              39.827028
            ]
          ],
          [
            [
              -76.986057,
              39.827027
            ],
            [
              -76.986049,
              39.827027
            ]
          ],
          [
            [
              -76.986049,
              39.827027
            ],
            [
              -76.986049,
              39.827022
            ]
          ],
          [
            [
              -76.986049,
              39.827022
            ],
            [
              -76.986057,
              39.827022
            ]
          ],
          [
            [
              -76.986037,
              39.827027
            ],
            [
              -76.986045,
              39.827027
            ]
          ],
          [
            [
              -76.986045,
              39.827027
            ],
            [
              -76.986045,
              39.827022
            ]
          ],
          [
            [
              -76.986045,
              39.827022
            ],
            [
              -76.986037,
              39.827022
            ]
          ],
          [
            [
              -76.986057,
              39.827022
            ],
            [
              -76.986049,
              39.827022
            ]
          ],
          [
            [
              -76.986049,
              39.827022
            ],
            [
              -76.986049,
              39.827017
            ]
          ],
          [
            [
              -76.986049,
              39.827017
            ],
            [
              -76.986057,
              39.827017
            ]
          ],
          [
            [
              -76.986037,
              39.827022
            ],
            [
              -76.986045,
              39.827022
            ]
          ],
          [
            [
              -76.986045,
              39.827022
            ],
            [
              -76.986045,
              39.827017
            ]
          ],
          [
            [
              -76.986045,
              39.827017
            ],
            [
              -76.986037,
              39.827017
            ]
          ],
          [
            [
              -76.986049,
              39.827012
            ],
            [
              -76.986049,
              39.827017
            ]
          ],
          [
            [
              -76.986049,
              39.827017
            ],
            [
              -76.986057,
              39.827017
            ]
          ],
          [
            [
              -76.986045,
              39.827012
            ],
            [
              -76.986045,
              39.827017
            ]
          ],
          [
            [
              -76.986045,
              39.827017
            ],
            [
              -76.986037,
              39.827017
            ]
          ],
          [
            [
              -76.986057,
              39.827069
            ],
            [
              -76.986037,
              39.827069
            ]
          ],
          [
            [
              -76.986037,
              39.827069
            ],
            [
              -76.986037,
              39.827012
            ]
          ],
          [
            [
              -76.986037,
              39.827012
            ],
            [
              -76.986057,
              39.827012
            ]
          ],
          [
            [
              -76.986057,
              39.827012
            ],
            [
              -76.986057,
              39.827069
            ]
          ],
          [
            [
              -76.986122,
              39.826884
            ],
            [
              -76.986122,
              39.82693
            ]
          ],
          [
            [
              -76.986122,
              39.82693
            ],
            [
              -76.986104,
              39.82693
            ]
          ],
          [
            [
              -76.986104,
              39.82693
            ],
            [
              -76.986104,
              39.826884
            ]
          ],
          [
            [
              -76.986104,
              39.826884
            ],
            [
              -76.986122,
              39.826884
            ]
          ],
          [
            [
              -76.986114,
              39.826887
            ],
            [
              -76.986114,
              39.82693
            ]
          ],
          [
            [
              -76.986122,
              39.826888
            ],
            [
              -76.986114,
              39.826888
            ]
          ],
          [
            [
              -76.986122,
              39.826897
            ],
            [
              -76.986114,
              39.826897
            ]
          ],
          [
            [
              -76.986122,
              39.826905
            ],
            [
              -76.986114,
              39.826905
            ]
          ],
          [
            [
              -76.986122,
              39.826913
            ],
            [
              -76.986114,
              39.826913
            ]
          ],
          [
            [
              -76.986122,
              39.826922
            ],
            [
              -76.986114,
              39.826922
            ]
          ],
          [
            [
              -76.986122,
              39.826909
            ],
            [
              -76.986114,
              39.826909
            ]
          ],
          [
            [
              -76.986122,
              39.826918
            ],
            [
              -76.986114,
              39.826918
            ]
          ],
          [
            [
              -76.986122,
              39.826926
            ],
            [
              -76.986114,
              39.826926
            ]
          ],
          [
            [
              -76.986122,
              39.826901
            ],
            [
              -76.986114,
              39.826901
            ]
          ],
          [
            [
              -76.986122,
              39.826893
            ],
            [
              -76.986114,
              39.826893
            ]
          ],
          [
            [
              -76.986113,
              39.826887
            ],
            [
              -76.986113,
              39.82693
            ]
          ],
          [
            [
              -76.986104,
              39.826888
            ],
            [
              -76.986113,
              39.826888
            ]
          ],
          [
            [
              -76.986104,
              39.826897
            ],
            [
              -76.986113,
              39.826897
            ]
          ],
          [
            [
              -76.986104,
              39.826905
            ],
            [
              -76.986113,
              39.826905
            ]
          ],
          [
            [
              -76.986104,
              39.826913
            ],
            [
              -76.986113,
              39.826913
            ]
          ],
          [
            [
              -76.986104,
              39.826922
            ],
            [
              -76.986113,
              39.826922
            ]
          ],
          [
            [
              -76.986104,
              39.826909
            ],
            [
              -76.986113,
              39.826909
            ]
          ],
          [
            [
              -76.986104,
              39.826918
            ],
            [
              -76.986113,
              39.826918
            ]
          ],
          [
            [
              -76.986104,
              39.826926
            ],
            [
              -76.986113,
              39.826926
            ]
          ],
          [
            [
              -76.986104,
              39.826901
            ],
            [
              -76.986113,
              39.826901
            ]
          ],
          [
            [
              -76.986104,
              39.826893
            ],
            [
              -76.986113,
              39.826893
            ]
          ],
          [
            [
              -76.986157,
              39.826923
            ],
            [
              -76.986139,
              39.826923
            ]
          ],
          [
            [
              -76.986139,
              39.826923
            ],
            [
              -76.986139,
              39.826927
            ]
          ],
          [
            [
              -76.986139,
              39.826927
            ],
            [
              -76.986157,
              39.826927
            ]
          ],
          [
            [
              -76.986157,
              39.826927
            ],
            [
              -76.986157,
              39.826923
            ]
          ],
          [
            [
              -76.986148,
              39.826923
            ],
            [
              -76.986148,
              39.826925
            ]
          ],
          [
            [
              -76.986146,
              39.826682
            ],
            [
              -76.986146,
              39.826686
            ],
            [
              -76.986138,
              39.826686
            ],
            [
              -76.986138,
              39.826682
            ],
            [
              -76.986146,
              39.826682
            ]
          ],
          [
            [
              -76.986138,
              39.826682
            ],
            [
              -76.986138,
              39.826686
            ],
            [
              -76.986129,
              39.826686
            ],
            [
              -76.986129,
              39.826682
            ],
            [
              -76.986138,
              39.826682
            ]
          ],
          [
            [
              -76.986146,
              39.826679
            ],
            [
              -76.986146,
              39.826682
            ],
            [
              -76.986138,
              39.826682
            ],
            [
              -76.986138,
              39.826679
            ],
            [
              -76.986146,
              39.826679
            ]
          ],
          [
            [
              -76.986161,
              39.8267
            ],
            [
              -76.986161,
              39.826704
            ],
            [
              -76.986148,
              39.826704
            ],
            [
              -76.986148,
              39.8267
            ],
            [
              -76.986161,
              39.8267
            ]
          ],
          [
            [
              -76.986139,
              39.826687
            ],
            [
              -76.986147,
              39.826687
            ],
            [
              -76.986147,
              39.826693
            ],
            [
              -76.986139,
              39.826693
            ],
            [
              -76.986139,
              39.826687
            ]
          ],
          [
            [
              -76.98599,
              39.826589
            ],
            [
              -76.985972,
              39.826589
            ],
            [
              -76.985972,
              39.826592
            ],
            [
              -76.98599,
              39.826592
            ],
            [
              -76.98599,
              39.826589
            ]
          ],
          [
            [
              -76.986167,
              39.826999
            ],
            [
              -76.986167,
              39.827005
            ]
          ],
          [
            [
              -76.986167,
              39.827005
            ],
            [
              -76.986178,
              39.827005
            ]
          ],
          [
            [
              -76.986178,
              39.827005
            ],
            [
              -76.986178,
              39.826999
            ]
          ],
          [
            [
              -76.986178,
              39.826999
            ],
            [
              -76.986167,
              39.826999
            ]
          ],
          [
            [
              -76.986171,
              39.826999
            ],
            [
              -76.986171,
              39.827005
            ]
          ],
          [
            [
              -76.986167,
              39.826999
            ],
            [
              -76.986167,
              39.827005
            ]
          ],
          [
            [
              -76.986167,
              39.827005
            ],
            [
              -76.986155,
              39.827005
            ]
          ],
          [
            [
              -76.986155,
              39.827005
            ],
            [
              -76.986155,
              39.826999
            ]
          ],
          [
            [
              -76.986155,
              39.826999
            ],
            [
              -76.986167,
              39.826999
            ]
          ],
          [
            [
              -76.986162,
              39.826999
            ],
            [
              -76.986162,
              39.827005
            ]
          ],
          [
            [
              -76.986167,
              39.827011
            ],
            [
              -76.986167,
              39.827005
            ]
          ],
          [
            [
              -76.986167,
              39.827005
            ],
            [
              -76.986155,
              39.827005
            ]
          ],
          [
            [
              -76.986155,
              39.827005
            ],
            [
              -76.986155,
              39.827011
            ]
          ],
          [
            [
              -76.986155,
              39.827011
            ],
            [
              -76.986167,
              39.827011
            ]
          ],
          [
            [
              -76.986162,
              39.827011
            ],
            [
              -76.986162,
              39.827005
            ]
          ],
          [
            [
              -76.986896,
              39.826692
            ],
            [
              -76.98688,
              39.826692
            ]
          ],
          [
            [
              -76.98688,
              39.826693
            ],
            [
              -76.986896,
              39.826693
            ]
          ],
          [
            [
              -76.986896,
              39.826693
            ],
            [
              -76.986896,
              39.826692
            ]
          ],
          [
            [
              -76.986896,
              39.826693
            ],
            [
              -76.986897,
              39.826693
            ],
            [
              -76.986897,
              39.826692
            ],
            [
              -76.986896,
              39.826692
            ]
          ],
          [
            [
              -76.986896,
              39.826692
            ],
            [
              -76.986897,
              39.826692
            ]
          ],
          [
            [
              -76.986896,
              39.826693
            ],
            [
              -76.986897,
              39.826693
            ]
          ],
          [
            [
              -76.98688,
              39.826693
            ],
            [
              -76.98688,
              39.826692
            ]
          ],
          [
            [
              -76.986881,
              39.826693
            ],
            [
              -76.98688,
              39.826693
            ]
          ],
          [
            [
              -76.98688,
              39.826693
            ],
            [
              -76.986879,
              39.826693
            ],
            [
              -76.986879,
              39.826692
            ],
            [
              -76.98688,
              39.826692
            ]
          ],
          [
            [
              -76.98688,
              39.826692
            ],
            [
              -76.986881,
              39.826692
            ]
          ],
          [
            [
              -76.98688,
              39.826692
            ],
            [
              -76.986879,
              39.826692
            ]
          ],
          [
            [
              -76.98688,
              39.826693
            ],
            [
              -76.986879,
              39.826693
            ]
          ],
          [
            [
              -76.986896,
              39.826692
            ],
            [
              -76.986896,
              39.826693
            ]
          ],
          [
            [
              -76.98688,
              39.826692
            ],
            [
              -76.98688,
              39.826693
            ]
          ],
          [
            [
              -76.986896,
              39.826701
            ],
            [
              -76.98688,
              39.826701
            ]
          ],
          [
            [
              -76.98688,
              39.826701
            ],
            [
              -76.986896,
              39.826701
            ]
          ],
          [
            [
              -76.986896,
              39.826701
            ],
            [
              -76.986896,
              39.826702
            ]
          ],
          [
            [
              -76.986896,
              39.826702
            ],
            [
              -76.986897,
              39.826702
            ],
            [
              -76.986897,
              39.826701
            ],
            [
              -76.986896,
              39.826701
            ]
          ],
          [
            [
              -76.986896,
              39.826701
            ],
            [
              -76.986897,
              39.826701
            ]
          ],
          [
            [
              -76.986896,
              39.826701
            ],
            [
              -76.986897,
              39.826701
            ]
          ],
          [
            [
              -76.986881,
              39.826701
            ],
            [
              -76.986881,
              39.826702
            ],
            [
              -76.98688,
              39.826702
            ]
          ],
          [
            [
              -76.98688,
              39.826702
            ],
            [
              -76.986879,
              39.826702
            ],
            [
              -76.986879,
              39.826701
            ],
            [
              -76.98688,
              39.826701
            ]
          ],
          [
            [
              -76.98688,
              39.826701
            ],
            [
              -76.986881,
              39.826701
            ]
          ],
          [
            [
              -76.98688,
              39.826701
            ],
            [
              -76.986879,
              39.826701
            ]
          ],
          [
            [
              -76.98688,
              39.826701
            ],
            [
              -76.986879,
              39.826701
            ]
          ],
          [
            [
              -76.986896,
              39.826701
            ],
            [
              -76.986896,
              39.826702
            ]
          ],
          [
            [
              -76.98688,
              39.826701
            ],
            [
              -76.98688,
              39.826702
            ]
          ],
          [
            [
              -76.986773,
              39.826614
            ],
            [
              -76.986773,
              39.82661
            ],
            [
              -76.986771,
              39.82661
            ],
            [
              -76.986771,
              39.826614
            ],
            [
              -76.986773,
              39.826614
            ]
          ],
          [
            [
              -76.986773,
              39.82661
            ],
            [
              -76.986773,
              39.826607
            ],
            [
              -76.986771,
              39.826607
            ],
            [
              -76.986771,
              39.82661
            ],
            [
              -76.986773,
              39.82661
            ]
          ],
          [
            [
              -76.98649,
              39.826617
            ],
            [
              -76.986497,
              39.826617
            ],
            [
              -76.986497,
              39.826616
            ],
            [
              -76.98649,
              39.826616
            ],
            [
              -76.98649,
              39.826617
            ]
          ],
          [
            [
              -76.986578,
              39.826917
            ],
            [
              -76.986578,
              39.826915
            ]
          ],
          [
            [
              -76.986578,
              39.826915
            ],
            [
              -76.986592,
              39.826915
            ]
          ],
          [
            [
              -76.986592,
              39.826915
            ],
            [
              -76.986592,
              39.826917
            ]
          ],
          [
            [
              -76.986592,
              39.826917
            ],
            [
              -76.986578,
              39.826917
            ]
          ],
          [
            [
              -76.986578,
              39.826915
            ],
            [
              -76.986592,
              39.826915
            ]
          ],
          [
            [
              -76.985535,
              39.826769
            ],
            [
              -76.985522,
              39.826769
            ]
          ],
          [
            [
              -76.985522,
              39.826769
            ],
            [
              -76.985522,
              39.826773
            ]
          ],
          [
            [
              -76.985522,
              39.826773
            ],
            [
              -76.985535,
              39.826773
            ]
          ],
          [
            [
              -76.985535,
              39.826773
            ],
            [
              -76.985535,
              39.826769
            ]
          ],
          [
            [
              -76.985581,
              39.826698
            ],
            [
              -76.985569,
              39.826698
            ]
          ],
          [
            [
              -76.985569,
              39.826698
            ],
            [
              -76.985569,
              39.826703
            ]
          ],
          [
            [
              -76.985569,
              39.826703
            ],
            [
              -76.985581,
              39.826703
            ]
          ],
          [
            [
              -76.985581,
              39.826703
            ],
            [
              -76.985581,
              39.826698
            ]
          ],
          [
            [
              -76.986218,
              39.82673
            ],
            [
              -76.986218,
              39.826733
            ],
            [
              -76.986223,
              39.826733
            ],
            [
              -76.986223,
              39.82673
            ],
            [
              -76.986218,
              39.82673
            ]
          ],
          [
            [
              -76.986219,
              39.82673
            ],
            [
              -76.986219,
              39.826733
            ]
          ],
          [
            [
              -76.986252,
              39.826991
            ],
            [
              -76.986251,
              39.826991
            ],
            [
              -76.986251,
              39.827031
            ],
            [
              -76.986248,
              39.82703
            ],
            [
              -76.986248,
              39.827045
            ],
            [
              -76.986251,
              39.827046
            ],
            [
              -76.986251,
              39.827048
            ],
            [
              -76.986252,
              39.827048
            ],
            [
              -76.986252,
              39.826991
            ]
          ],
          [
            [
              -76.986181,
              39.826966
            ],
            [
              -76.986218,
              39.826966
            ],
            [
              -76.986218,
              39.826969
            ],
            [
              -76.986217,
              39.826969
            ],
            [
              -76.986216,
              39.826969
            ],
            [
              -76.986191,
              39.826969
            ],
            [
              -76.98619,
              39.826969
            ],
            [
              -76.98619,
              39.826968
            ],
            [
              -76.98619,
              39.82697
            ],
            [
              -76.986181,
              39.82697
            ],
            [
              -76.986181,
              39.826966
            ]
          ],
          [
            [
              -76.98619,
              39.826968
            ],
            [
              -76.98619,
              39.826966
            ]
          ],
          [
            [
              -76.986181,
              39.826969
            ],
            [
              -76.986181,
              39.826966
            ]
          ],
          [
            [
              -76.986527,
              39.826924
            ],
            [
              -76.986522,
              39.826926
            ],
            [
              -76.986521,
              39.826926
            ],
            [
              -76.986516,
              39.826924
            ],
            [
              -76.986518,
              39.826921
            ],
            [
              -76.986519,
              39.826921
            ],
            [
              -76.986524,
              39.826921
            ],
            [
              -76.986525,
              39.826921
            ],
            [
              -76.986527,
              39.826924
            ]
          ],
          [
            [
              -76.986183,
              39.826969
            ],
            [
              -76.986188,
              39.826969
            ],
            [
              -76.986188,
              39.826966
            ],
            [
              -76.986183,
              39.826966
            ],
            [
              -76.986183,
              39.826969
            ]
          ],
          [
            [
              -76.985873,
              39.827208
            ],
            [
              -76.985881,
              39.827208
            ],
            [
              -76.985881,
              39.82721
            ],
            [
              -76.985873,
              39.82721
            ],
            [
              -76.985873,
              39.827208
            ]
          ],
          [
            [
              -76.987025,
              39.826606
            ],
            [
              -76.987025,
              39.826607
            ]
          ],
          [
            [
              -76.987033,
              39.826608
            ],
            [
              -76.987025,
              39.826608
            ],
            [
              -76.987025,
              39.826605
            ],
            [
              -76.987033,
              39.826605
            ],
            [
              -76.987033,
              39.826608
            ]
          ],
          [
            [
              -76.987025,
              39.826605
            ],
            [
              -76.987033,
              39.826605
            ],
            [
              -76.987033,
              39.826608
            ],
            [
              -76.987025,
              39.826608
            ]
          ],
          [
            [
              -76.985445,
              39.826603
            ],
            [
              -76.985444,
              39.826603
            ]
          ],
          [
            [
              -76.985444,
              39.826603
            ],
            [
              -76.985443,
              39.826603
            ]
          ],
          [
            [
              -76.985443,
              39.826603
            ],
            [
              -76.985442,
              39.826603
            ]
          ],
          [
            [
              -76.985445,
              39.826603
            ],
            [
              -76.985444,
              39.826603
            ]
          ],
          [
            [
              -76.985444,
              39.826603
            ],
            [
              -76.985443,
              39.826603
            ]
          ],
          [
            [
              -76.985444,
              39.826603
            ],
            [
              -76.985443,
              39.826603
            ]
          ],
          [
            [
              -76.985445,
              39.826603
            ],
            [
              -76.985444,
              39.826603
            ]
          ],
          [
            [
              -76.985443,
              39.826603
            ],
            [
              -76.985444,
              39.826603
            ]
          ],
          [
            [
              -76.985444,
              39.826603
            ],
            [
              -76.985445,
              39.826603
            ]
          ],
          [
            [
              -76.985444,
              39.826603
            ],
            [
              -76.985445,
              39.826603
            ]
          ],
          [
            [
              -76.985444,
              39.826603
            ],
            [
              -76.985445,
              39.826603
            ]
          ],
          [
            [
              -76.985445,
              39.826603
            ],
            [
              -76.985441,
              39.826603
            ],
            [
              -76.985441,
              39.826605
            ],
            [
              -76.985445,
              39.826605
            ],
            [
              -76.985445,
              39.826603
            ]
          ],
          [
            [
              -76.985445,
              39.826603
            ],
            [
              -76.985441,
              39.826603
            ]
          ],
          [
            [
              -76.985376,
              39.826603
            ],
            [
              -76.985375,
              39.826603
            ]
          ],
          [
            [
              -76.985374,
              39.826603
            ],
            [
              -76.985373,
              39.826603
            ]
          ],
          [
            [
              -76.985375,
              39.826603
            ],
            [
              -76.985374,
              39.826603
            ]
          ],
          [
            [
              -76.985374,
              39.826603
            ],
            [
              -76.985373,
              39.826603
            ]
          ],
          [
            [
              -76.985376,
              39.826603
            ],
            [
              -76.985375,
              39.826603
            ]
          ],
          [
            [
              -76.985375,
              39.826603
            ],
            [
              -76.985374,
              39.826603
            ]
          ],
          [
            [
              -76.985374,
              39.826603
            ],
            [
              -76.985373,
              39.826603
            ]
          ],
          [
            [
              -76.985374,
              39.826603
            ],
            [
              -76.985373,
              39.826603
            ]
          ],
          [
            [
              -76.985375,
              39.826603
            ],
            [
              -76.985374,
              39.826603
            ]
          ],
          [
            [
              -76.985376,
              39.826603
            ],
            [
              -76.985375,
              39.826603
            ]
          ],
          [
            [
              -76.985374,
              39.826603
            ],
            [
              -76.985375,
              39.826603
            ]
          ],
          [
            [
              -76.985375,
              39.826603
            ],
            [
              -76.985376,
              39.826603
            ]
          ],
          [
            [
              -76.985375,
              39.826603
            ],
            [
              -76.985376,
              39.826603
            ]
          ],
          [
            [
              -76.985375,
              39.826603
            ],
            [
              -76.985376,
              39.826603
            ]
          ],
          [
            [
              -76.985376,
              39.826603
            ],
            [
              -76.985372,
              39.826603
            ],
            [
              -76.985372,
              39.826605
            ],
            [
              -76.985376,
              39.826605
            ],
            [
              -76.985376,
              39.826603
            ]
          ],
          [
            [
              -76.985376,
              39.826603
            ],
            [
              -76.985372,
              39.826603
            ]
          ],
          [
            [
              -76.986528,
              39.827064
            ],
            [
              -76.986528,
              39.82706
            ],
            [
              -76.986528,
              39.827064
            ]
          ],
          [
            [
              -76.986945,
              39.826594
            ],
            [
              -76.986957,
              39.826594
            ],
            [
              -76.986957,
              39.826597
            ],
            [
              -76.986945,
              39.826597
            ],
            [
              -76.986945,
              39.826594
            ]
          ],
          [
            [
              -76.986976,
              39.826661
            ],
            [
              -76.986969,
              39.826661
            ],
            [
              -76.986969,
              39.826656
            ],
            [
              -76.986976,
              39.826656
            ],
            [
              -76.986976,
              39.826661
            ]
          ],
          [
            [
              -76.986976,
              39.826661
            ],
            [
              -76.986976,
              39.826662
            ],
            [
              -76.986969,
              39.826662
            ],
            [
              -76.986969,
              39.826661
            ]
          ],
          [
            [
              -76.986976,
              39.826656
            ],
            [
              -76.986969,
              39.826656
            ]
          ],
          [
            [
              -76.98694,
              39.826661
            ],
            [
              -76.986932,
              39.826661
            ],
            [
              -76.986932,
              39.826656
            ],
            [
              -76.98694,
              39.826656
            ],
            [
              -76.98694,
              39.826661
            ]
          ],
          [
            [
              -76.98694,
              39.826661
            ],
            [
              -76.98694,
              39.826662
            ],
            [
              -76.986932,
              39.826662
            ],
            [
              -76.986932,
              39.826661
            ]
          ],
          [
            [
              -76.98694,
              39.826656
            ],
            [
              -76.986932,
              39.826656
            ]
          ],
          [
            [
              -76.986507,
              39.8269
            ],
            [
              -76.986502,
              39.8269
            ],
            [
              -76.986502,
              39.826902
            ],
            [
              -76.986507,
              39.826902
            ],
            [
              -76.986507,
              39.8269
            ]
          ],
          [
            [
              -76.986975,
              39.826619
            ],
            [
              -76.986975,
              39.82662
            ],
            [
              -76.986981,
              39.82662
            ],
            [
              -76.986981,
              39.826619
            ]
          ],
          [
            [
              -76.986976,
              39.826618
            ],
            [
              -76.98698,
              39.826618
            ],
            [
              -76.98698,
              39.82662
            ],
            [
              -76.986976,
              39.82662
            ],
            [
              -76.986976,
              39.826618
            ]
          ],
          [
            [
              -76.987002,
              39.826619
            ],
            [
              -76.987002,
              39.82662
            ],
            [
              -76.987009,
              39.82662
            ],
            [
              -76.987009,
              39.826619
            ]
          ],
          [
            [
              -76.987003,
              39.826618
            ],
            [
              -76.987008,
              39.826618
            ],
            [
              -76.987008,
              39.82662
            ],
            [
              -76.987003,
              39.82662
            ],
            [
              -76.987003,
              39.826618
            ]
          ],
          [
            [
              -76.986548,
              39.827074
            ],
            [
              -76.986493,
              39.827074
            ],
            [
              -76.986493,
              39.827079
            ],
            [
              -76.986548,
              39.827079
            ],
            [
              -76.986548,
              39.827074
            ]
          ],
          [
            [
              -76.986244,
              39.82699
            ],
            [
              -76.986252,
              39.82699
            ],
            [
              -76.986253,
              39.826991
            ],
            [
              -76.986253,
              39.827048
            ],
            [
              -76.986252,
              39.827049
            ],
            [
              -76.986244,
              39.827049
            ],
            [
              -76.986244,
              39.827048
            ],
            [
              -76.986252,
              39.827048
            ],
            [
              -76.986252,
              39.826991
            ],
            [
              -76.986244,
              39.826991
            ],
            [
              -76.986244,
              39.82699
            ]
          ],
          [
            [
              -76.985932,
              39.826892
            ],
            [
              -76.985924,
              39.826892
            ],
            [
              -76.985932,
              39.826892
            ]
          ],
          [
            [
              -76.985473,
              39.826772
            ],
            [
              -76.985488,
              39.826772
            ],
            [
              -76.985488,
              39.826774
            ],
            [
              -76.985473,
              39.826774
            ],
            [
              -76.985473,
              39.826772
            ]
          ],
          [
            [
              -76.985473,
              39.826769
            ],
            [
              -76.985473,
              39.826772
            ],
            [
              -76.985473,
              39.826769
            ]
          ],
          [
            [
              -76.985487,
              39.826769
            ],
            [
              -76.985488,
              39.826769
            ],
            [
              -76.985488,
              39.826772
            ],
            [
              -76.985487,
              39.826772
            ],
            [
              -76.985487,
              39.826769
            ]
          ],
          [
            [
              -76.985473,
              39.826772
            ],
            [
              -76.985487,
              39.826772
            ]
          ],
          [
            [
              -76.985487,
              39.826769
            ],
            [
              -76.985473,
              39.826769
            ]
          ],
          [
            [
              -76.986505,
              39.826844
            ],
            [
              -76.986505,
              39.826857
            ]
          ],
          [
            [
              -76.986505,
              39.826844
            ],
            [
              -76.98651,
              39.826844
            ]
          ],
          [
            [
              -76.98651,
              39.826857
            ],
            [
              -76.986505,
              39.826857
            ]
          ],
          [
            [
              -76.98651,
              39.826845
            ],
            [
              -76.986511,
              39.826845
            ]
          ],
          [
            [
              -76.986511,
              39.826845
            ],
            [
              -76.986511,
              39.826846
            ]
          ],
          [
            [
              -76.986511,
              39.826846
            ],
            [
              -76.98651,
              39.826846
            ]
          ],
          [
            [
              -76.98651,
              39.826846
            ],
            [
              -76.986515,
              39.826846
            ]
          ],
          [
            [
              -76.986515,
              39.826846
            ],
            [
              -76.986513,
              39.826846
            ]
          ],
          [
            [
              -76.986513,
              39.826846
            ],
            [
              -76.986513,
              39.826845
            ]
          ],
          [
            [
              -76.986513,
              39.826845
            ],
            [
              -76.986515,
              39.826845
            ]
          ],
          [
            [
              -76.986515,
              39.826845
            ],
            [
              -76.98651,
              39.826845
            ]
          ],
          [
            [
              -76.98651,
              39.826847
            ],
            [
              -76.98651,
              39.826848
            ]
          ],
          [
            [
              -76.98651,
              39.826848
            ],
            [
              -76.986511,
              39.826848
            ]
          ],
          [
            [
              -76.986511,
              39.826848
            ],
            [
              -76.98651,
              39.826848
            ]
          ],
          [
            [
              -76.98651,
              39.826848
            ],
            [
              -76.98651,
              39.826849
            ]
          ],
          [
            [
              -76.98651,
              39.826849
            ],
            [
              -76.986515,
              39.826849
            ]
          ],
          [
            [
              -76.986515,
              39.826849
            ],
            [
              -76.986515,
              39.826848
            ]
          ],
          [
            [
              -76.986515,
              39.826848
            ],
            [
              -76.986513,
              39.826848
            ]
          ],
          [
            [
              -76.986513,
              39.826848
            ],
            [
              -76.986515,
              39.826848
            ]
          ],
          [
            [
              -76.986515,
              39.826848
            ],
            [
              -76.986515,
              39.826847
            ]
          ],
          [
            [
              -76.986515,
              39.826847
            ],
            [
              -76.98651,
              39.826847
            ]
          ],
          [
            [
              -76.98651,
              39.82685
            ],
            [
              -76.986511,
              39.82685
            ]
          ],
          [
            [
              -76.986511,
              39.82685
            ],
            [
              -76.98651,
              39.82685
            ]
          ],
          [
            [
              -76.98651,
              39.82685
            ],
            [
              -76.98651,
              39.826851
            ]
          ],
          [
            [
              -76.98651,
              39.826851
            ],
            [
              -76.986515,
              39.826851
            ]
          ],
          [
            [
              -76.986515,
              39.826851
            ],
            [
              -76.986515,
              39.82685
            ]
          ],
          [
            [
              -76.986515,
              39.82685
            ],
            [
              -76.986513,
              39.82685
            ]
          ],
          [
            [
              -76.986513,
              39.82685
            ],
            [
              -76.986515,
              39.82685
            ]
          ],
          [
            [
              -76.986515,
              39.82685
            ],
            [
              -76.98651,
              39.82685
            ]
          ],
          [
            [
              -76.98651,
              39.826852
            ],
            [
              -76.986511,
              39.826852
            ]
          ],
          [
            [
              -76.986511,
              39.826852
            ],
            [
              -76.986511,
              39.826853
            ]
          ],
          [
            [
              -76.986511,
              39.826853
            ],
            [
              -76.98651,
              39.826853
            ]
          ],
          [
            [
              -76.98651,
              39.826853
            ],
            [
              -76.986515,
              39.826853
            ]
          ],
          [
            [
              -76.986515,
              39.826853
            ],
            [
              -76.986513,
              39.826853
            ]
          ],
          [
            [
              -76.986513,
              39.826853
            ],
            [
              -76.986513,
              39.826852
            ]
          ],
          [
            [
              -76.986513,
              39.826852
            ],
            [
              -76.986515,
              39.826852
            ]
          ],
          [
            [
              -76.986515,
              39.826852
            ],
            [
              -76.98651,
              39.826852
            ]
          ],
          [
            [
              -76.98651,
              39.826854
            ],
            [
              -76.986511,
              39.826854
            ]
          ],
          [
            [
              -76.986511,
              39.826854
            ],
            [
              -76.986511,
              39.826855
            ]
          ],
          [
            [
              -76.986511,
              39.826855
            ],
            [
              -76.98651,
              39.826855
            ]
          ],
          [
            [
              -76.98651,
              39.826855
            ],
            [
              -76.986515,
              39.826855
            ]
          ],
          [
            [
              -76.986515,
              39.826855
            ],
            [
              -76.986513,
              39.826855
            ]
          ],
          [
            [
              -76.986513,
              39.826855
            ],
            [
              -76.986513,
              39.826854
            ]
          ],
          [
            [
              -76.986513,
              39.826854
            ],
            [
              -76.986515,
              39.826854
            ]
          ],
          [
            [
              -76.986515,
              39.826854
            ],
            [
              -76.98651,
              39.826854
            ]
          ],
          [
            [
              -76.986512,
              39.826846
            ],
            [
              -76.986512,
              39.826847
            ]
          ],
          [
            [
              -76.986512,
              39.826849
            ],
            [
              -76.986512,
              39.82685
            ]
          ],
          [
            [
              -76.986512,
              39.826851
            ],
            [
              -76.986512,
              39.826852
            ]
          ],
          [
            [
              -76.986512,
              39.826853
            ],
            [
              -76.986512,
              39.826854
            ]
          ],
          [
            [
              -76.986512,
              39.826855
            ],
            [
              -76.986512,
              39.826856
            ]
          ],
          [
            [
              -76.986512,
              39.826846
            ],
            [
              -76.986512,
              39.826847
            ]
          ],
          [
            [
              -76.986512,
              39.826849
            ],
            [
              -76.986512,
              39.82685
            ]
          ],
          [
            [
              -76.986512,
              39.826851
            ],
            [
              -76.986512,
              39.826852
            ]
          ],
          [
            [
              -76.986512,
              39.826853
            ],
            [
              -76.986512,
              39.826854
            ]
          ],
          [
            [
              -76.986512,
              39.826855
            ],
            [
              -76.986512,
              39.826856
            ]
          ],
          [
            [
              -76.986527,
              39.826844
            ],
            [
              -76.986523,
              39.826844
            ]
          ],
          [
            [
              -76.986523,
              39.826844
            ],
            [
              -76.986523,
              39.826843
            ]
          ],
          [
            [
              -76.986523,
              39.826843
            ],
            [
              -76.98651,
              39.826843
            ]
          ],
          [
            [
              -76.98651,
              39.826843
            ],
            [
              -76.98651,
              39.826845
            ]
          ],
          [
            [
              -76.98651,
              39.826845
            ],
            [
              -76.986523,
              39.826845
            ]
          ],
          [
            [
              -76.986523,
              39.826845
            ],
            [
              -76.986523,
              39.826844
            ]
          ],
          [
            [
              -76.986523,
              39.826844
            ],
            [
              -76.986525,
              39.826844
            ]
          ],
          [
            [
              -76.986525,
              39.826844
            ],
            [
              -76.986525,
              39.826856
            ]
          ],
          [
            [
              -76.986525,
              39.826856
            ],
            [
              -76.986523,
              39.826856
            ]
          ],
          [
            [
              -76.986523,
              39.826856
            ],
            [
              -76.98651,
              39.826856
            ]
          ],
          [
            [
              -76.98651,
              39.826856
            ],
            [
              -76.98651,
              39.826857
            ]
          ],
          [
            [
              -76.98651,
              39.826857
            ],
            [
              -76.986523,
              39.826857
            ]
          ],
          [
            [
              -76.986523,
              39.826857
            ],
            [
              -76.986527,
              39.826857
            ]
          ],
          [
            [
              -76.986527,
              39.826857
            ],
            [
              -76.986527,
              39.826853
            ]
          ],
          [
            [
              -76.986527,
              39.826853
            ],
            [
              -76.986528,
              39.826853
            ]
          ],
          [
            [
              -76.986528,
              39.826853
            ],
            [
              -76.986527,
              39.826853
            ]
          ],
          [
            [
              -76.986527,
              39.826853
            ],
            [
              -76.986527,
              39.826847
            ]
          ],
          [
            [
              -76.986527,
              39.826847
            ],
            [
              -76.986528,
              39.826847
            ]
          ],
          [
            [
              -76.986528,
              39.826847
            ],
            [
              -76.986527,
              39.826847
            ]
          ],
          [
            [
              -76.986527,
              39.826847
            ],
            [
              -76.986527,
              39.826844
            ]
          ],
          [
            [
              -76.986627,
              39.827074
            ],
            [
              -76.986565,
              39.827074
            ],
            [
              -76.986565,
              39.827079
            ],
            [
              -76.986627,
              39.827079
            ],
            [
              -76.986627,
              39.827074
            ]
          ],
          [
            [
              -76.985454,
              39.826603
            ],
            [
              -76.985454,
              39.826607
            ],
            [
              -76.985447,
              39.826607
            ],
            [
              -76.985447,
              39.826603
            ],
            [
              -76.985454,
              39.826603
            ]
          ],
          [
            [
              -76.986171,
              39.826673
            ],
            [
              -76.986164,
              39.826673
            ],
            [
              -76.986169,
              39.826671
            ],
            [
              -76.986171,
              39.826672
            ],
            [
              -76.986171,
              39.826673
            ]
          ],
          [
            [
              -76.986957,
              39.826617
            ],
            [
              -76.986971,
              39.826617
            ],
            [
              -76.986985,
              39.826617
            ],
            [
              -76.986999,
              39.826617
            ],
            [
              -76.987033,
              39.826617
            ],
            [
              -76.987033,
              39.826621
            ],
            [
              -76.986999,
              39.826621
            ],
            [
              -76.986985,
              39.826621
            ],
            [
              -76.986971,
              39.826621
            ],
            [
              -76.986957,
              39.826621
            ],
            [
              -76.986957,
              39.826617
            ]
          ],
          [
            [
              -76.986971,
              39.826617
            ],
            [
              -76.986971,
              39.826621
            ]
          ],
          [
            [
              -76.986999,
              39.826617
            ],
            [
              -76.986999,
              39.826621
            ]
          ],
          [
            [
              -76.986985,
              39.826617
            ],
            [
              -76.986985,
              39.826621
            ]
          ],
          [
            [
              -76.986946,
              39.826613
            ],
            [
              -76.986949,
              39.826613
            ],
            [
              -76.986949,
              39.826614
            ],
            [
              -76.986945,
              39.826614
            ],
            [
              -76.986945,
              39.826613
            ],
            [
              -76.986946,
              39.826613
            ]
          ],
          [
            [
              -76.986959,
              39.826621
            ],
            [
              -76.986944,
              39.826621
            ],
            [
              -76.986944,
              39.826614
            ],
            [
              -76.98695,
              39.826614
            ],
            [
              -76.98695,
              39.826617
            ]
          ],
          [
            [
              -76.986957,
              39.826621
            ],
            [
              -76.986957,
              39.826617
            ],
            [
              -76.98695,
              39.826617
            ]
          ],
          [
            [
              -76.986949,
              39.826615
            ],
            [
              -76.986949,
              39.826616
            ],
            [
              -76.986945,
              39.826616
            ],
            [
              -76.986945,
              39.826615
            ],
            [
              -76.986949,
              39.826615
            ]
          ],
          [
            [
              -76.98695,
              39.826617
            ],
            [
              -76.98695,
              39.826621
            ]
          ],
          [
            [
              -76.98695,
              39.826621
            ],
            [
              -76.986957,
              39.826621
            ]
          ],
          [
            [
              -76.987013,
              39.826617
            ],
            [
              -76.987013,
              39.826621
            ]
          ],
          [
            [
              -76.98646,
              39.826635
            ],
            [
              -76.986457,
              39.826635
            ]
          ],
          [
            [
              -76.98646,
              39.826634
            ],
            [
              -76.986457,
              39.826634
            ]
          ],
          [
            [
              -76.98646,
              39.826636
            ],
            [
              -76.98646,
              39.826633
            ]
          ],
          [
            [
              -76.98646,
              39.826634
            ],
            [
              -76.986457,
              39.826634
            ]
          ],
          [
            [
              -76.986461,
              39.826636
            ],
            [
              -76.986461,
              39.826633
            ],
            [
              -76.986456,
              39.826633
            ],
            [
              -76.986456,
              39.826636
            ],
            [
              -76.986461,
              39.826636
            ]
          ],
          [
            [
              -76.986457,
              39.826635
            ],
            [
              -76.986457,
              39.826634
            ]
          ],
          [
            [
              -76.986457,
              39.826633
            ],
            [
              -76.986457,
              39.826634
            ]
          ],
          [
            [
              -76.986528,
              39.826771
            ],
            [
              -76.986528,
              39.826774
            ],
            [
              -76.986533,
              39.826774
            ],
            [
              -76.986533,
              39.826771
            ],
            [
              -76.986528,
              39.826771
            ]
          ],
          [
            [
              -76.986529,
              39.826771
            ],
            [
              -76.986529,
              39.826774
            ]
          ],
          [
            [
              -76.986045,
              39.82693
            ],
            [
              -76.986052,
              39.82693
            ]
          ],
          [
            [
              -76.986045,
              39.826932
            ],
            [
              -76.986052,
              39.826932
            ]
          ],
          [
            [
              -76.986045,
              39.826933
            ],
            [
              -76.986052,
              39.826933
            ]
          ],
          [
            [
              -76.986052,
              39.826934
            ],
            [
              -76.986045,
              39.826934
            ],
            [
              -76.986045,
              39.82693
            ],
            [
              -76.986052,
              39.82693
            ],
            [
              -76.986052,
              39.826934
            ]
          ],
          [
            [
              -76.986079,
              39.826856
            ],
            [
              -76.98608,
              39.826856
            ],
            [
              -76.98608,
              39.826861
            ],
            [
              -76.986074,
              39.826861
            ],
            [
              -76.986074,
              39.826856
            ],
            [
              -76.986075,
              39.826856
            ],
            [
              -76.986075,
              39.826855
            ],
            [
              -76.986079,
              39.826855
            ],
            [
              -76.986079,
              39.826856
            ]
          ],
          [
            [
              -76.986075,
              39.826856
            ],
            [
              -76.986079,
              39.826856
            ]
          ],
          [
            [
              -76.986075,
              39.827002
            ],
            [
              -76.986089,
              39.827002
            ],
            [
              -76.986089,
              39.826999
            ],
            [
              -76.986075,
              39.826999
            ],
            [
              -76.986075,
              39.827002
            ]
          ],
          [
            [
              -76.986075,
              39.827001
            ],
            [
              -76.986075,
              39.827
            ]
          ],
          [
            [
              -76.986089,
              39.827001
            ],
            [
              -76.986088,
              39.827001
            ],
            [
              -76.986088,
              39.827
            ]
          ],
          [
            [
              -76.986075,
              39.827
            ],
            [
              -76.986088,
              39.827
            ]
          ],
          [
            [
              -76.985747,
              39.826877
            ],
            [
              -76.98574,
              39.826877
            ],
            [
              -76.98574,
              39.826875
            ],
            [
              -76.985747,
              39.826875
            ],
            [
              -76.985747,
              39.826877
            ]
          ],
          [
            [
              -76.985871,
              39.826803
            ],
            [
              -76.985875,
              39.826803
            ],
            [
              -76.985875,
              39.826805
            ],
            [
              -76.985871,
              39.826805
            ],
            [
              -76.985871,
              39.826803
            ]
          ],
          [
            [
              -76.986896,
              39.826673
            ],
            [
              -76.98688,
              39.826673
            ]
          ],
          [
            [
              -76.98688,
              39.826673
            ],
            [
              -76.986896,
              39.826673
            ]
          ],
          [
            [
              -76.986896,
              39.826673
            ],
            [
              -76.986897,
              39.826673
            ],
            [
              -76.986897,
              39.826672
            ],
            [
              -76.986896,
              39.826672
            ]
          ],
          [
            [
              -76.986896,
              39.826672
            ],
            [
              -76.986896,
              39.826673
            ]
          ],
          [
            [
              -76.986896,
              39.826673
            ],
            [
              -76.986897,
              39.826673
            ]
          ],
          [
            [
              -76.986896,
              39.826673
            ],
            [
              -76.986897,
              39.826673
            ]
          ],
          [
            [
              -76.986881,
              39.826673
            ],
            [
              -76.98688,
              39.826673
            ]
          ],
          [
            [
              -76.98688,
              39.826673
            ],
            [
              -76.986879,
              39.826673
            ],
            [
              -76.986879,
              39.826672
            ],
            [
              -76.98688,
              39.826672
            ]
          ],
          [
            [
              -76.98688,
              39.826672
            ],
            [
              -76.986881,
              39.826672
            ],
            [
              -76.986881,
              39.826673
            ]
          ],
          [
            [
              -76.98688,
              39.826673
            ],
            [
              -76.986879,
              39.826673
            ]
          ],
          [
            [
              -76.98688,
              39.826673
            ],
            [
              -76.986879,
              39.826673
            ]
          ],
          [
            [
              -76.986896,
              39.826672
            ],
            [
              -76.986896,
              39.826673
            ]
          ],
          [
            [
              -76.98688,
              39.826672
            ],
            [
              -76.98688,
              39.826673
            ]
          ],
          [
            [
              -76.98632,
              39.826835
            ],
            [
              -76.98632,
              39.826861
            ]
          ],
          [
            [
              -76.98632,
              39.826861
            ],
            [
              -76.986307,
              39.826861
            ]
          ],
          [
            [
              -76.986307,
              39.826861
            ],
            [
              -76.986307,
              39.826835
            ]
          ],
          [
            [
              -76.986307,
              39.826835
            ],
            [
              -76.98632,
              39.826835
            ]
          ],
          [
            [
              -76.98632,
              39.826839
            ],
            [
              -76.98632,
              39.826859
            ]
          ],
          [
            [
              -76.986307,
              39.826859
            ],
            [
              -76.986307,
              39.826839
            ]
          ],
          [
            [
              -76.986307,
              39.826839
            ],
            [
              -76.98632,
              39.826839
            ]
          ],
          [
            [
              -76.986307,
              39.826859
            ],
            [
              -76.98632,
              39.826859
            ]
          ],
          [
            [
              -76.986367,
              39.826622
            ],
            [
              -76.986367,
              39.826625
            ],
            [
              -76.98637,
              39.826625
            ],
            [
              -76.98637,
              39.826622
            ],
            [
              -76.986367,
              39.826622
            ]
          ],
          [
            [
              -76.985569,
              39.826769
            ],
            [
              -76.985556,
              39.826769
            ]
          ],
          [
            [
              -76.985556,
              39.826769
            ],
            [
              -76.985556,
              39.826773
            ]
          ],
          [
            [
              -76.985556,
              39.826773
            ],
            [
              -76.985569,
              39.826773
            ]
          ],
          [
            [
              -76.985569,
              39.826773
            ],
            [
              -76.985569,
              39.826769
            ]
          ],
          [
            [
              -76.986325,
              39.826632
            ],
            [
              -76.986325,
              39.826635
            ],
            [
              -76.986327,
              39.826635
            ],
            [
              -76.986327,
              39.826632
            ],
            [
              -76.986325,
              39.826632
            ]
          ],
          [
            [
              -76.986419,
              39.826632
            ],
            [
              -76.986419,
              39.826635
            ],
            [
              -76.986421,
              39.826635
            ],
            [
              -76.986421,
              39.826632
            ],
            [
              -76.986419,
              39.826632
            ]
          ],
          [
            [
              -76.986009,
              39.827064
            ],
            [
              -76.986002,
              39.827064
            ],
            [
              -76.986002,
              39.827063
            ],
            [
              -76.986009,
              39.827063
            ],
            [
              -76.986009,
              39.827064
            ]
          ],
          [
            [
              -76.986252,
              39.826858
            ],
            [
              -76.98626,
              39.826858
            ],
            [
              -76.98626,
              39.826855
            ],
            [
              -76.986252,
              39.826855
            ],
            [
              -76.986252,
              39.826858
            ]
          ],
          [
            [
              -76.986788,
              39.826782
            ],
            [
              -76.986788,
              39.826785
            ],
            [
              -76.986792,
              39.826785
            ],
            [
              -76.986792,
              39.826782
            ],
            [
              -76.986788,
              39.826782
            ]
          ]
        ]
      },
      "properties": {
        "stroke-width": "0.5"
      }
    },
    {
      "type": "Feature",
      "geometry": {
        "type": "Point",
        "coordinates": [
          -76.986136,
          39.82671
        ]
      },
      "properties": {
        "type": "A",
        "name": "3",
        "orientation": 0
      }
    },
    {
      "type": "Feature",
      "geometry": {
        "type": "Point",
        "coordinates": [
          -76.985383,
          39.827026
        ]
      },
      "properties": {
        "type": "A",
        "name": "GC SIDE WALL",
        "orientation": 0
      }
    },
    {
      "type": "Feature",
      "geometry": {
        "type": "Point",
        "coordinates": [
          -76.985631,
          39.82702
        ]
      },
      "properties": {
        "type": "A",
        "name": "GC SIDE WALL",
        "orientation": 0
      }
    },
    {
      "type": "Feature",
      "geometry": {
        "type": "Point",
        "coordinates": [
          -76.985632,
          39.826607
        ]
      },
      "properties": {
        "type": "A",
        "name": "GC SIDE WALL",
        "orientation": 0
      }
    },
    {
      "type": "Feature",
      "geometry": {
        "type": "Point",
        "coordinates": [
          -76.986376,
          39.826652
        ]
      },
      "properties": {
        "type": "A",
        "name": "8",
        "orientation": 0
      }
    },
    {
      "type": "Feature",
      "geometry": {
        "type": "Point",
        "coordinates": [
          -76.986831,
          39.826644
        ]
      },
      "properties": {
        "type": "A",
        "name": "PF01DZ",
        "orientation": 0
      }
    },
    {
      "type": "Feature",
      "geometry": {
        "type": "Point",
        "coordinates": [
          -76.985977,
          39.826607
        ]
      },
      "properties": {
        "type": "A",
        "name": "19",
        "orientation": 0
      }
    },
    {
      "type": "Feature",
      "geometry": {
        "type": "Point",
        "coordinates": [
          -76.986016,
          39.826948
        ]
      },
      "properties": {
        "type": "A",
        "name": "31",
        "orientation": 0
      }
    },
    {
      "type": "Feature",
      "geometry": {
        "type": "Point",
        "coordinates": [
          -76.986038,
          39.826654
        ]
      },
      "properties": {
        "type": "A",
        "name": "1",
        "orientation": 0
      }
    },
    {
      "type": "Feature",
      "geometry": {
        "type": "Point",
        "coordinates": [
          -76.986091,
          39.826654
        ]
      },
      "properties": {
        "type": "A",
        "name": "2",
        "orientation": 0
      }
    },
    {
      "type": "Feature",
      "geometry": {
        "type": "Point",
        "coordinates": [
          -76.986186,
          39.826654
        ]
      },
      "properties": {
        "type": "A",
        "name": "4",
        "orientation": 0
      }
    },
    {
      "type": "Feature",
      "geometry": {
        "type": "Point",
        "coordinates": [
          -76.986233,
          39.826654
        ]
      },
      "properties": {
        "type": "A",
        "name": "5",
        "orientation": 0
      }
    },
    {
      "type": "Feature",
      "geometry": {
        "type": "Point",
        "coordinates": [
          -76.986279,
          39.826654
        ]
      },
      "properties": {
        "type": "A",
        "name": "6",
        "orientation": 0
      }
    },
    {
      "type": "Feature",
      "geometry": {
        "type": "Point",
        "coordinates": [
          -76.986327,
          39.826654
        ]
      },
      "properties": {
        "type": "A",
        "name": "7",
        "orientation": 0
      }
    },
    {
      "type": "Feature",
      "geometry": {
        "type": "Point",
        "coordinates": [
          -76.986437,
          39.826654
        ]
      },
      "properties": {
        "type": "A",
        "name": "9",
        "orientation": 0
      }
    },
    {
      "type": "Feature",
      "geometry": {
        "type": "Point",
        "coordinates": [
          -76.986492,
          39.826654
        ]
      },
      "properties": {
        "type": "A",
        "name": "10",
        "orientation": 0
      }
    },
    {
      "type": "Feature",
      "geometry": {
        "type": "Point",
        "coordinates": [
          -76.986541,
          39.826654
        ]
      },
      "properties": {
        "type": "A",
        "name": "11",
        "orientation": 0
      }
    },
    {
      "type": "Feature",
      "geometry": {
        "type": "Point",
        "coordinates": [
          -76.986588,
          39.826654
        ]
      },
      "properties": {
        "type": "A",
        "name": "12",
        "orientation": 0
      }
    },
    {
      "type": "Feature",
      "geometry": {
        "type": "Point",
        "coordinates": [
          -76.986638,
          39.826654
        ]
      },
      "properties": {
        "type": "A",
        "name": "13",
        "orientation": 0
      }
    },
    {
      "type": "Feature",
      "geometry": {
        "type": "Point",
        "coordinates": [
          -76.986689,
          39.826654
        ]
      },
      "properties": {
        "type": "A",
        "name": "14",
        "orientation": 0
      }
    },
    {
      "type": "Feature",
      "geometry": {
        "type": "Point",
        "coordinates": [
          -76.986746,
          39.826654
        ]
      },
      "properties": {
        "type": "A",
        "name": "15",
        "orientation": 0
      }
    },
    {
      "type": "Feature",
      "geometry": {
        "type": "Point",
        "coordinates": [
          -76.986825,
          39.826654
        ]
      },
      "properties": {
        "type": "A",
        "name": "16",
        "orientation": 0
      }
    },
    {
      "type": "Feature",
      "geometry": {
        "type": "Point",
        "coordinates": [
          -76.985886,
          39.826675
        ]
      },
      "properties": {
        "type": "A",
        "name": "21",
        "orientation": 0
      }
    },
    {
      "type": "Feature",
      "geometry": {
        "type": "Point",
        "coordinates": [
          -76.985885,
          39.826702
        ]
      },
      "properties": {
        "type": "A",
        "name": "22",
        "orientation": 0
      }
    },
    {
      "type": "Feature",
      "geometry": {
        "type": "Point",
        "coordinates": [
          -76.985886,
          39.82673
        ]
      },
      "properties": {
        "type": "A",
        "name": "23",
        "orientation": 0
      }
    },
    {
      "type": "Feature",
      "geometry": {
        "type": "Point",
        "coordinates": [
          -76.985886,
          39.826758
        ]
      },
      "properties": {
        "type": "A",
        "name": "24",
        "orientation": 0
      }
    },
    {
      "type": "Feature",
      "geometry": {
        "type": "Point",
        "coordinates": [
          -76.985885,
          39.826784
        ]
      },
      "properties": {
        "type": "A",
        "name": "25",
        "orientation": 0
      }
    },
    {
      "type": "Feature",
      "geometry": {
        "type": "Point",
        "coordinates": [
          -76.986015,
          39.826814
        ]
      },
      "properties": {
        "type": "A",
        "name": "26",
        "orientation": 0
      }
    },
    {
      "type": "Feature",
      "geometry": {
        "type": "Point",
        "coordinates": [
          -76.986015,
          39.826837
        ]
      },
      "properties": {
        "type": "A",
        "name": "27",
        "orientation": 0
      }
    },
    {
      "type": "Feature",
      "geometry": {
        "type": "Point",
        "coordinates": [
          -76.986015,
          39.826862
        ]
      },
      "properties": {
        "type": "A",
        "name": "28",
        "orientation": 0
      }
    },
    {
      "type": "Feature",
      "geometry": {
        "type": "Point",
        "coordinates": [
          -76.985941,
          39.826899
        ]
      },
      "properties": {
        "type": "A",
        "name": "29",
        "orientation": 0
      }
    },
    {
      "type": "Feature",
      "geometry": {
        "type": "Point",
        "coordinates": [
          -76.986015,
          39.826924
        ]
      },
      "properties": {
        "type": "A",
        "name": "30",
        "orientation": 0
      }
    },
    {
      "type": "Feature",
      "geometry": {
        "type": "Point",
        "coordinates": [
          -76.986016,
          39.826974
        ]
      },
      "properties": {
        "type": "A",
        "name": "32",
        "orientation": 0
      }
    },
    {
      "type": "Feature",
      "geometry": {
        "type": "Point",
        "coordinates": [
          -76.986015,
          39.826999
        ]
      },
      "properties": {
        "type": "A",
        "name": "33",
        "orientation": 0
      }
    },
    {
      "type": "Feature",
      "geometry": {
        "type": "Point",
        "coordinates": [
          -76.986015,
          39.827023
        ]
      },
      "properties": {
        "type": "A",
        "name": "34",
        "orientation": 0
      }
    },
    {
      "type": "Feature",
      "geometry": {
        "type": "Point",
        "coordinates": [
          -76.986015,
          39.827044
        ]
      },
      "properties": {
        "type": "A",
        "name": "35",
        "orientation": 0
      }
    },
    {
      "type": "Feature",
      "geometry": {
        "type": "Point",
        "coordinates": [
          -76.986016,
          39.82707
        ]
      },
      "properties": {
        "type": "A",
        "name": "36",
        "orientation": 0
      }
    },
    {
      "type": "Feature",
      "geometry": {
        "type": "Point",
        "coordinates": [
          -76.98628,
          39.826877
        ]
      },
      "properties": {
        "type": "A",
        "name": "37",
        "orientation": 0
      }
    },
    {
      "type": "Feature",
      "geometry": {
        "type": "Point",
        "coordinates": [
          -76.986332,
          39.826877
        ]
      },
      "properties": {
        "type": "A",
        "name": "38",
        "orientation": 0
      }
    },
    {
      "type": "Feature",
      "geometry": {
        "type": "Point",
        "coordinates": [
          -76.986383,
          39.826877
        ]
      },
      "properties": {
        "type": "A",
        "name": "39",
        "orientation": 0
      }
    },
    {
      "type": "Feature",
      "geometry": {
        "type": "Point",
        "coordinates": [
          -76.986436,
          39.826877
        ]
      },
      "properties": {
        "type": "A",
        "name": "40",
        "orientation": 0
      }
    },
    {
      "type": "Feature",
      "geometry": {
        "type": "Point",
        "coordinates": [
          -76.986488,
          39.826929
        ]
      },
      "properties": {
        "type": "A",
        "name": "41",
        "orientation": 0
      }
    },
    {
      "type": "Feature",
      "geometry": {
        "type": "Point",
        "coordinates": [
          -76.986546,
          39.826929
        ]
      },
      "properties": {
        "type": "A",
        "name": "42",
        "orientation": 0
      }
    },
    {
      "type": "Feature",
      "geometry": {
        "type": "Point",
        "coordinates": [
          -76.986606,
          39.826877
        ]
      },
      "properties": {
        "type": "A",
        "name": "43",
        "orientation": 0
      }
    },
    {
      "type": "Feature",
      "geometry": {
        "type": "Point",
        "coordinates": [
          -76.986659,
          39.826877
        ]
      },
      "properties": {
        "type": "A",
        "name": "44",
        "orientation": 0
      }
    },
    {
      "type": "Feature",
      "geometry": {
        "type": "Point",
        "coordinates": [
          -76.986726,
          39.826877
        ]
      },
      "properties": {
        "type": "A",
        "name": "45",
        "orientation": 0
      }
    },
    {
      "type": "Feature",
      "geometry": {
        "type": "Point",
        "coordinates": [
          -76.986829,
          39.826877
        ]
      },
      "properties": {
        "type": "A",
        "name": "47",
        "orientation": 0
      }
    },
    {
      "type": "Feature",
      "geometry": {
        "type": "Point",
        "coordinates": [
          -76.986914,
          39.826877
        ]
      },
      "properties": {
        "type": "A",
        "name": "48",
        "orientation": 0
      }
    },
    {
      "type": "Feature",
      "geometry": {
        "type": "Point",
        "coordinates": [
          -76.986494,
          39.826621
        ]
      },
      "properties": {
        "type": "A",
        "name": "62",
        "orientation": 0
      }
    },
    {
      "type": "Feature",
      "geometry": {
        "type": "Point",
        "coordinates": [
          -76.986447,
          39.826641
        ]
      },
      "properties": {
        "type": "A",
        "name": "60",
        "orientation": 0
      }
    },
    {
      "type": "Feature",
      "geometry": {
        "type": "Point",
        "coordinates": [
          -76.986702,
          39.826641
        ]
      },
      "properties": {
        "type": "A",
        "name": "65",
        "orientation": 0
      }
    },
    {
      "type": "Feature",
      "geometry": {
        "type": "Point",
        "coordinates": [
          -76.986704,
          39.826631
        ]
      },
      "properties": {
        "type": "A",
        "name": "67",
        "orientation": 0
      }
    },
    {
      "type": "Feature",
      "geometry": {
        "type": "Point",
        "coordinates": [
          -76.986776,
          39.826641
        ]
      },
      "properties": {
        "type": "A",
        "name": "68",
        "orientation": 0
      }
    },
    {
      "type": "Feature",
      "geometry": {
        "type": "Point",
        "coordinates": [
          -76.986801,
          39.826641
        ]
      },
      "properties": {
        "type": "A",
        "name": "69",
        "orientation": 0
      }
    },
    {
      "type": "Feature",
      "geometry": {
        "type": "Point",
        "coordinates": [
          -76.986959,
          39.827067
        ]
      },
      "properties": {
        "type": "A",
        "name": "BACK WALL",
        "orientation": 0
      }
    },
    {
      "type": "Feature",
      "geometry": {
        "type": "Point",
        "coordinates": [
          -76.986721,
          39.827073
        ]
      },
      "properties": {
        "type": "A",
        "name": "BACK WALL",
        "orientation": 0
      }
    },
    {
      "type": "Feature",
      "geometry": {
        "type": "Point",
        "coordinates": [
          -76.986233,
          39.827077
        ]
      },
      "properties": {
        "type": "A",
        "name": "BACK WALL",
        "orientation": 0
      }
    },
    {
      "type": "Feature",
      "geometry": {
        "type": "Point",
        "coordinates": [
          -76.985549,
          39.826974
        ]
      },
      "properties": {
        "type": "A",
        "name": "GC2",
        "orientation": 0
      }
    },
    {
      "type": "Feature",
      "geometry": {
        "type": "Point",
        "coordinates": [
          -76.985501,
          39.827148
        ]
      },
      "properties": {
        "type": "A",
        "name": "GC BACK WALL",
        "orientation": 0
      }
    },
    {
      "type": "Feature",
      "geometry": {
        "type": "Point",
        "coordinates": [
          -76.985635,
          39.826747
        ]
      },
      "properties": {
        "type": "A",
        "name": "GC SIDE WALL",
        "orientation": 0
      }
    },
    {
      "type": "Feature",
      "geometry": {
        "type": "Point",
        "coordinates": [
          -76.985692,
          39.82676
        ]
      },
      "properties": {
        "type": "A",
        "name": "SIDE WALL",
        "orientation": 0
      }
    },
    {
      "type": "Feature",
      "geometry": {
        "type": "Point",
        "coordinates": [
          -76.985474,
          39.826974
        ]
      },
      "properties": {
        "type": "A",
        "name": "GC3",
        "orientation": 0
      }
    },
    {
      "type": "Feature",
      "geometry": {
        "type": "Point",
        "coordinates": [
          -76.986774,
          39.826877
        ]
      },
      "properties": {
        "type": "A",
        "name": "46",
        "orientation": 0
      }
    },
    {
      "type": "Feature",
      "geometry": {
        "type": "Point",
        "coordinates": [
          -76.987004,
          39.826764
        ]
      },
      "properties": {
        "type": "A",
        "name": "SIDE WALL",
        "orientation": 0
      }
    },
    {
      "type": "Feature",
      "geometry": {
        "type": "Point",
        "coordinates": [
          -76.987003,
          39.826973
        ]
      },
      "properties": {
        "type": "A",
        "name": "SIDE WALL",
        "orientation": 0
      }
    },
    {
      "type": "Feature",
      "geometry": {
        "type": "Point",
        "coordinates": [
          -76.98668,
          39.826644
        ]
      },
      "properties": {
        "type": "A",
        "name": "64",
        "orientation": 0
      }
    },
    {
      "type": "Feature",
      "geometry": {
        "type": "Point",
        "coordinates": [
          -76.986704,
          39.826618
        ]
      },
      "properties": {
        "type": "A",
        "name": "66",
        "orientation": 0
      }
    },
    {
      "type": "Feature",
      "geometry": {
        "type": "Point",
        "coordinates": [
          -76.985387,
          39.826778
        ]
      },
      "properties": {
        "type": "A",
        "name": "GC SIDE WALL",
        "orientation": 0
      }
    },
    {
      "type": "Feature",
      "geometry": {
        "type": "Point",
        "coordinates": [
          -76.985696,
          39.826987
        ]
      },
      "properties": {
        "type": "A",
        "name": "SIDE WALL",
        "orientation": 0
      }
    },
    {
      "type": "Feature",
      "geometry": {
        "type": "Point",
        "coordinates": [
          -76.986486,
          39.826641
        ]
      },
      "properties": {
        "type": "A",
        "name": "61",
        "orientation": 0
      }
    },
    {
      "type": "Feature",
      "geometry": {
        "type": "Point",
        "coordinates": [
          -76.986495,
          39.826639
        ]
      },
      "properties": {
        "type": "A",
        "name": "63",
        "orientation": 0
      }
    },
    {
      "type": "Feature",
      "geometry": {
        "type": "Point",
        "coordinates": [
          -76.986991,
          39.826877
        ]
      },
      "properties": {
        "type": "A",
        "name": "49",
        "orientation": 0
      }
    },
    {
      "type": "Feature",
      "geometry": {
        "type": "Point",
        "coordinates": [
          -76.986993,
          39.826654
        ]
      },
      "properties": {
        "type": "A",
        "name": "18",
        "orientation": 0
      }
    },
    {
      "type": "Feature",
      "geometry": {
        "type": "Point",
        "coordinates": [
          -76.985619,
          39.826975
        ]
      },
      "properties": {
        "type": "A",
        "name": "GC1",
        "orientation": 0
      }
    },
    {
      "type": "Feature",
      "geometry": {
        "type": "Point",
        "coordinates": [
          -76.985405,
          39.826977
        ]
      },
      "properties": {
        "type": "A",
        "name": "GC4",
        "orientation": 0
      }
    },
    {
      "type": "Feature",
      "geometry": {
        "type": "Point",
        "coordinates": [
          -76.986455,
          39.826605
        ]
      },
      "properties": {
        "type": "A",
        "name": "59",
        "orientation": 0
      }
    },
    {
      "type": "Feature",
      "geometry": {
        "type": "Point",
        "coordinates": [
          -76.986915,
          39.826654
        ]
      },
      "properties": {
        "type": "A",
        "name": "17",
        "orientation": 0
      }
    },
    {
      "type": "Feature",
      "geometry": {
        "type": "Point",
        "coordinates": [
          -76.986024,
          39.826948
        ]
      },
      "properties": {
        "type": "A",
        "name": "31",
        "orientation": 0
      }
    }
  ]
}